# bed packing_256x256x256_r16_phi0.60_s3.npz N=256 R=16.0 kind=gauge-exact rot=1 rotf=0 rotw=1.0 wallw=0.5 dt=600.0 steps=4000
   step     k_cell/R2     k_face/R2     m1_rms     m2_rms    dk_cell        dm1
     50 -7.0802698e-03 -6.7430540e-03  1.158e+00  1.954e+00                       dP=           |P|=7.071e+01
    500 -7.1981634e+32 -6.9534827e+32  1.183e+00  1.994e+00  -7.20e+32  +2.46e-02 dP= 5.403e+36 |P|=5.403e+36
   1000 -4.1226170e+71 -3.9824806e+71  1.183e+00  1.994e+00  -4.12e+71  -1.64e-14 dP= 3.094e+75 |P|=3.094e+75
   1500 -2.3611538e+110 -2.2808932e+110  1.183e+00  1.994e+00 -2.36e+110  +1.78e-15 dP=1.772e+114 |P|=1.772e+114
   2000 1.8616939e+148 1.8432161e+148  0.000e+00  2.901e+00 +1.86e+148  -1.18e+00 dP=1.930e+151 |P|=1.930e+151
peclet::flow CutcellMG::solvePCG: preconditioner produced non-finite z; returning zero correction
peclet::flow CutcellMG::solvePCG: preconditioner produced non-finite z; returning zero correction
peclet::flow CutcellMG::solvePCG: preconditioner produced non-finite z; returning zero correction
peclet::flow CutcellMG::solvePCG: preconditioner produced non-finite z; returning zero correction
peclet::flow CutcellMG::solvePCG: preconditioner produced non-finite z; returning zero correction
peclet::flow CutcellMG::solvePCG: preconditioner produced non-finite z; returning zero correction
peclet::flow CutcellMG::solvePCG: preconditioner produced non-finite z; returning zero correction
peclet::flow CutcellMG::solvePCG: preconditioner produced non-finite z; returning zero correction
peclet::flow CutcellMG::solvePCG: preconditioner produced non-finite z; returning zero correction
peclet::flow CutcellMG::solvePCG: preconditioner produced non-finite z; returning zero correction
peclet::flow CutcellMG::solvePCG: preconditioner produced non-finite z; returning zero correction
peclet::flow CutcellMG::solvePCG: preconditioner produced non-finite z; returning zero correction
peclet::flow CutcellMG::solvePCG: preconditioner produced non-finite z; returning zero correction
peclet::flow CutcellMG::solvePCG: preconditioner produced non-finite z; returning zero correction
peclet::flow CutcellMG::solvePCG: preconditioner produced non-finite z; returning zero correction
peclet::flow CutcellMG::solvePCG: preconditioner produced non-finite z; returning zero correction
peclet::flow CutcellMG::solvePCG: preconditioner produced non-finite z; returning zero correction
peclet::flow CutcellMG::solvePCG: preconditioner produced non-finite z; returning zero correction
peclet::flow CutcellMG::solvePCG: preconditioner produced non-finite z; returning zero correction
peclet::flow CutcellMG::solvePCG: preconditioner produced non-finite z; returning zero correction
peclet::flow CutcellMG::solvePCG: preconditioner produced non-finite z; returning zero correction
peclet::flow CutcellMG::solvePCG: preconditioner produced non-finite z; returning zero correction
peclet::flow CutcellMG::solvePCG: preconditioner produced non-finite z; returning zero correction
peclet::flow CutcellMG::solvePCG: preconditioner produced non-finite z; returning zero correction
peclet::flow CutcellMG::solvePCG: preconditioner produced non-finite z; returning zero correction
peclet::flow CutcellMG::solvePCG: preconditioner produced non-finite z; returning zero correction
peclet::flow CutcellMG::solvePCG: preconditioner produced non-finite z; returning zero correction
peclet::flow CutcellMG::solvePCG: preconditioner produced non-finite z; returning zero correction
peclet::flow CutcellMG::solvePCG: preconditioner produced non-finite z; returning zero correction
peclet::flow CutcellMG::solvePCG: preconditioner produced non-finite z; returning zero correction
peclet::flow CutcellMG::solvePCG: preconditioner produced non-finite z; returning zero correction
peclet::flow CutcellMG::solvePCG: preconditioner produced non-finite z; returning zero correction
peclet::flow CutcellMG::solvePCG: preconditioner produced non-finite z; returning zero correction
peclet::flow CutcellMG::solvePCG: preconditioner produced non-finite z; returning zero correction
peclet::flow CutcellMG::solvePCG: preconditioner produced non-finite z; returning zero correction
peclet::flow CutcellMG::solvePCG: preconditioner produced non-finite z; returning zero correction
peclet::flow CutcellMG::solvePCG: preconditioner produced non-finite z; returning zero correction
peclet::flow CutcellMG::solvePCG: preconditioner produced non-finite z; returning zero correction
peclet::flow CutcellMG::solvePCG: preconditioner produced non-finite z; returning zero correction
peclet::flow CutcellMG::solvePCG: preconditioner produced non-finite z; returning zero correction
peclet::flow CutcellMG::solvePCG: preconditioner produced non-finite z; returning zero correction
peclet::flow CutcellMG::solvePCG: preconditioner produced non-finite z; returning zero correction
peclet::flow CutcellMG::solvePCG: preconditioner produced non-finite z; returning zero correction
peclet::flow CutcellMG::solvePCG: preconditioner produced non-finite z; returning zero correction
peclet::flow CutcellMG::solvePCG: preconditioner produced non-finite z; returning zero correction
peclet::flow CutcellMG::solvePCG: preconditioner produced non-finite z; returning zero correction
peclet::flow CutcellMG::solvePCG: preconditioner produced non-finite z; returning zero correction
peclet::flow CutcellMG::solvePCG: preconditioner produced non-finite z; returning zero correction
peclet::flow CutcellMG::solvePCG: preconditioner produced non-finite z; returning zero correction
peclet::flow CutcellMG::solvePCG: preconditioner produced non-finite z; returning zero correction
peclet::flow CutcellMG::solvePCG: preconditioner produced non-finite z; returning zero correction
peclet::flow CutcellMG::solvePCG: preconditioner produced non-finite z; returning zero correction
peclet::flow CutcellMG::solvePCG: preconditioner produced non-finite z; returning zero correction
peclet::flow CutcellMG::solvePCG: preconditioner produced non-finite z; returning zero correction
peclet::flow CutcellMG::solvePCG: preconditioner produced non-finite z; returning zero correction
peclet::flow CutcellMG::solvePCG: preconditioner produced non-finite z; returning zero correction
peclet::flow CutcellMG::solvePCG: preconditioner produced non-finite z; returning zero correction
peclet::flow CutcellMG::solvePCG: preconditioner produced non-finite z; returning zero correction
peclet::flow CutcellMG::solvePCG: preconditioner produced non-finite z; returning zero correction
peclet::flow CutcellMG::solvePCG: preconditioner produced non-finite z; returning zero correction
peclet::flow CutcellMG::solvePCG: preconditioner produced non-finite z; returning zero correction
peclet::flow CutcellMG::solvePCG: preconditioner produced non-finite z; returning zero correction
peclet::flow CutcellMG::solvePCG: preconditioner produced non-finite z; returning zero correction
peclet::flow CutcellMG::solvePCG: preconditioner produced non-finite z; returning zero correction
peclet::flow CutcellMG::solvePCG: preconditioner produced non-finite z; returning zero correction
peclet::flow CutcellMG::solvePCG: preconditioner produced non-finite z; returning zero correction
peclet::flow CutcellMG::solvePCG: preconditioner produced non-finite z; returning zero correction
peclet::flow CutcellMG::solvePCG: preconditioner produced non-finite z; returning zero correction
peclet::flow CutcellMG::solvePCG: preconditioner produced non-finite z; returning zero correction
peclet::flow CutcellMG::solvePCG: preconditioner produced non-finite z; returning zero correction
peclet::flow CutcellMG::solvePCG: preconditioner produced non-finite z; returning zero correction
peclet::flow CutcellMG::solvePCG: preconditioner produced non-finite z; returning zero correction
peclet::flow CutcellMG::solvePCG: preconditioner produced non-finite z; returning zero correction
peclet::flow CutcellMG::solvePCG: preconditioner produced non-finite z; returning zero correction
peclet::flow CutcellMG::solvePCG: preconditioner produced non-finite z; returning zero correction
peclet::flow CutcellMG::solvePCG: preconditioner produced non-finite z; returning zero correction
peclet::flow CutcellMG::solvePCG: preconditioner produced non-finite z; returning zero correction
peclet::flow CutcellMG::solvePCG: preconditioner produced non-finite z; returning zero correction
peclet::flow CutcellMG::solvePCG: preconditioner produced non-finite z; returning zero correction
peclet::flow CutcellMG::solvePCG: preconditioner produced non-finite z; returning zero correction
peclet::flow CutcellMG::solvePCG: preconditioner produced non-finite z; returning zero correction
peclet::flow CutcellMG::solvePCG: preconditioner produced non-finite z; returning zero correction
peclet::flow CutcellMG::solvePCG: preconditioner produced non-finite z; returning zero correction
peclet::flow CutcellMG::solvePCG: preconditioner produced non-finite z; returning zero correction
peclet::flow CutcellMG::solvePCG: preconditioner produced non-finite z; returning zero correction
peclet::flow CutcellMG::solvePCG: preconditioner produced non-finite z; returning zero correction
peclet::flow CutcellMG::solvePCG: preconditioner produced non-finite z; returning zero correction
peclet::flow CutcellMG::solvePCG: preconditioner produced non-finite z; returning zero correction
peclet::flow CutcellMG::solvePCG: preconditioner produced non-finite z; returning zero correction
peclet::flow CutcellMG::solvePCG: preconditioner produced non-finite z; returning zero correction
peclet::flow CutcellMG::solvePCG: preconditioner produced non-finite z; returning zero correction
peclet::flow CutcellMG::solvePCG: preconditioner produced non-finite z; returning zero correction
peclet::flow CutcellMG::solvePCG: preconditioner produced non-finite z; returning zero correction
peclet::flow CutcellMG::solvePCG: preconditioner produced non-finite z; returning zero correction
peclet::flow CutcellMG::solvePCG: preconditioner produced non-finite z; returning zero correction
peclet::flow CutcellMG::solvePCG: preconditioner produced non-finite z; returning zero correction
peclet::flow CutcellMG::solvePCG: preconditioner produced non-finite z; returning zero correction
peclet::flow CutcellMG::solvePCG: preconditioner produced non-finite z; returning zero correction
peclet::flow CutcellMG::solvePCG: preconditioner produced non-finite z; returning zero correction
peclet::flow CutcellMG::solvePCG: preconditioner produced non-finite z; returning zero correction
peclet::flow CutcellMG::solvePCG: preconditioner produced non-finite z; returning zero correction
peclet::flow CutcellMG::solvePCG: preconditioner produced non-finite z; returning zero correction
peclet::flow CutcellMG::solvePCG: preconditioner produced non-finite z; returning zero correction
peclet::flow CutcellMG::solvePCG: preconditioner produced non-finite z; returning zero correction
peclet::flow CutcellMG::solvePCG: preconditioner produced non-finite z; returning zero correction
peclet::flow CutcellMG::solvePCG: preconditioner produced non-finite z; returning zero correction
peclet::flow CutcellMG::solvePCG: preconditioner produced non-finite z; returning zero correction
peclet::flow CutcellMG::solvePCG: preconditioner produced non-finite z; returning zero correction
peclet::flow CutcellMG::solvePCG: preconditioner produced non-finite z; returning zero correction
peclet::flow CutcellMG::solvePCG: preconditioner produced non-finite z; returning zero correction
peclet::flow CutcellMG::solvePCG: preconditioner produced non-finite z; returning zero correction
peclet::flow CutcellMG::solvePCG: preconditioner produced non-finite z; returning zero correction
peclet::flow CutcellMG::solvePCG: preconditioner produced non-finite z; returning zero correction
peclet::flow CutcellMG::solvePCG: preconditioner produced non-finite z; returning zero correction
peclet::flow CutcellMG::solvePCG: preconditioner produced non-finite z; returning zero correction
peclet::flow CutcellMG::solvePCG: preconditioner produced non-finite z; returning zero correction
peclet::flow CutcellMG::solvePCG: preconditioner produced non-finite z; returning zero correction
peclet::flow CutcellMG::solvePCG: preconditioner produced non-finite z; returning zero correction
peclet::flow CutcellMG::solvePCG: preconditioner produced non-finite z; returning zero correction
peclet::flow CutcellMG::solvePCG: preconditioner produced non-finite z; returning zero correction
peclet::flow CutcellMG::solvePCG: preconditioner produced non-finite z; returning zero correction
peclet::flow CutcellMG::solvePCG: preconditioner produced non-finite z; returning zero correction
peclet::flow CutcellMG::solvePCG: preconditioner produced non-finite z; returning zero correction
peclet::flow CutcellMG::solvePCG: preconditioner produced non-finite z; returning zero correction
peclet::flow CutcellMG::solvePCG: preconditioner produced non-finite z; returning zero correction
peclet::flow CutcellMG::solvePCG: preconditioner produced non-finite z; returning zero correction
peclet::flow CutcellMG::solvePCG: preconditioner produced non-finite z; returning zero correction
peclet::flow CutcellMG::solvePCG: preconditioner produced non-finite z; returning zero correction
peclet::flow CutcellMG::solvePCG: preconditioner produced non-finite z; returning zero correction
peclet::flow CutcellMG::solvePCG: preconditioner produced non-finite z; returning zero correction
peclet::flow CutcellMG::solvePCG: preconditioner produced non-finite z; returning zero correction
peclet::flow CutcellMG::solvePCG: preconditioner produced non-finite z; returning zero correction
peclet::flow CutcellMG::solvePCG: preconditioner produced non-finite z; returning zero correction
peclet::flow CutcellMG::solvePCG: preconditioner produced non-finite z; returning zero correction
peclet::flow CutcellMG::solvePCG: preconditioner produced non-finite z; returning zero correction
peclet::flow CutcellMG::solvePCG: preconditioner produced non-finite z; returning zero correction
peclet::flow CutcellMG::solvePCG: preconditioner produced non-finite z; returning zero correction
peclet::flow CutcellMG::solvePCG: preconditioner produced non-finite z; returning zero correction
peclet::flow CutcellMG::solvePCG: preconditioner produced non-finite z; returning zero correction
peclet::flow CutcellMG::solvePCG: preconditioner produced non-finite z; returning zero correction
peclet::flow CutcellMG::solvePCG: preconditioner produced non-finite z; returning zero correction
peclet::flow CutcellMG::solvePCG: preconditioner produced non-finite z; returning zero correction
peclet::flow CutcellMG::solvePCG: preconditioner produced non-finite z; returning zero correction
peclet::flow CutcellMG::solvePCG: preconditioner produced non-finite z; returning zero correction
peclet::flow CutcellMG::solvePCG: preconditioner produced non-finite z; returning zero correction
peclet::flow CutcellMG::solvePCG: preconditioner produced non-finite z; returning zero correction
peclet::flow CutcellMG::solvePCG: preconditioner produced non-finite z; returning zero correction
peclet::flow CutcellMG::solvePCG: preconditioner produced non-finite z; returning zero correction
peclet::flow CutcellMG::solvePCG: preconditioner produced non-finite z; returning zero correction
peclet::flow CutcellMG::solvePCG: preconditioner produced non-finite z; returning zero correction
peclet::flow CutcellMG::solvePCG: preconditioner produced non-finite z; returning zero correction
peclet::flow CutcellMG::solvePCG: preconditioner produced non-finite z; returning zero correction
peclet::flow CutcellMG::solvePCG: preconditioner produced non-finite z; returning zero correction
peclet::flow CutcellMG::solvePCG: preconditioner produced non-finite z; returning zero correction
peclet::flow CutcellMG::solvePCG: preconditioner produced non-finite z; returning zero correction
peclet::flow CutcellMG::solvePCG: preconditioner produced non-finite z; returning zero correction
peclet::flow CutcellMG::solvePCG: preconditioner produced non-finite z; returning zero correction
peclet::flow CutcellMG::solvePCG: preconditioner produced non-finite z; returning zero correction
peclet::flow CutcellMG::solvePCG: preconditioner produced non-finite z; returning zero correction
peclet::flow CutcellMG::solvePCG: preconditioner produced non-finite z; returning zero correction
peclet::flow CutcellMG::solvePCG: preconditioner produced non-finite z; returning zero correction
peclet::flow CutcellMG::solvePCG: preconditioner produced non-finite z; returning zero correction
peclet::flow CutcellMG::solvePCG: preconditioner produced non-finite z; returning zero correction
peclet::flow CutcellMG::solvePCG: preconditioner produced non-finite z; returning zero correction
peclet::flow CutcellMG::solvePCG: preconditioner produced non-finite z; returning zero correction
peclet::flow CutcellMG::solvePCG: preconditioner produced non-finite z; returning zero correction
peclet::flow CutcellMG::solvePCG: preconditioner produced non-finite z; returning zero correction
peclet::flow CutcellMG::solvePCG: preconditioner produced non-finite z; returning zero correction
peclet::flow CutcellMG::solvePCG: preconditioner produced non-finite z; returning zero correction
peclet::flow CutcellMG::solvePCG: preconditioner produced non-finite z; returning zero correction
peclet::flow CutcellMG::solvePCG: preconditioner produced non-finite z; returning zero correction
peclet::flow CutcellMG::solvePCG: preconditioner produced non-finite z; returning zero correction
peclet::flow CutcellMG::solvePCG: preconditioner produced non-finite z; returning zero correction
peclet::flow CutcellMG::solvePCG: preconditioner produced non-finite z; returning zero correction
peclet::flow CutcellMG::solvePCG: preconditioner produced non-finite z; returning zero correction
peclet::flow CutcellMG::solvePCG: preconditioner produced non-finite z; returning zero correction
peclet::flow CutcellMG::solvePCG: preconditioner produced non-finite z; returning zero correction
peclet::flow CutcellMG::solvePCG: preconditioner produced non-finite z; returning zero correction
peclet::flow CutcellMG::solvePCG: preconditioner produced non-finite z; returning zero correction
peclet::flow CutcellMG::solvePCG: preconditioner produced non-finite z; returning zero correction
peclet::flow CutcellMG::solvePCG: preconditioner produced non-finite z; returning zero correction
peclet::flow CutcellMG::solvePCG: preconditioner produced non-finite z; returning zero correction
peclet::flow CutcellMG::solvePCG: preconditioner produced non-finite z; returning zero correction
peclet::flow CutcellMG::solvePCG: preconditioner produced non-finite z; returning zero correction
peclet::flow CutcellMG::solvePCG: preconditioner produced non-finite z; returning zero correction
peclet::flow CutcellMG::solvePCG: preconditioner produced non-finite z; returning zero correction
peclet::flow CutcellMG::solvePCG: preconditioner produced non-finite z; returning zero correction
peclet::flow CutcellMG::solvePCG: preconditioner produced non-finite z; returning zero correction
peclet::flow CutcellMG::solvePCG: preconditioner produced non-finite z; returning zero correction
peclet::flow CutcellMG::solvePCG: preconditioner produced non-finite z; returning zero correction
peclet::flow CutcellMG::solvePCG: preconditioner produced non-finite z; returning zero correction
peclet::flow CutcellMG::solvePCG: preconditioner produced non-finite z; returning zero correction
peclet::flow CutcellMG::solvePCG: preconditioner produced non-finite z; returning zero correction
peclet::flow CutcellMG::solvePCG: preconditioner produced non-finite z; returning zero correction
peclet::flow CutcellMG::solvePCG: preconditioner produced non-finite z; returning zero correction
peclet::flow CutcellMG::solvePCG: preconditioner produced non-finite z; returning zero correction
peclet::flow CutcellMG::solvePCG: preconditioner produced non-finite z; returning zero correction
peclet::flow CutcellMG::solvePCG: preconditioner produced non-finite z; returning zero correction
peclet::flow CutcellMG::solvePCG: preconditioner produced non-finite z; returning zero correction
peclet::flow CutcellMG::solvePCG: preconditioner produced non-finite z; returning zero correction
peclet::flow CutcellMG::solvePCG: preconditioner produced non-finite z; returning zero correction
peclet::flow CutcellMG::solvePCG: preconditioner produced non-finite z; returning zero correction
peclet::flow CutcellMG::solvePCG: preconditioner produced non-finite z; returning zero correction
peclet::flow CutcellMG::solvePCG: preconditioner produced non-finite z; returning zero correction
peclet::flow CutcellMG::solvePCG: preconditioner produced non-finite z; returning zero correction
peclet::flow CutcellMG::solvePCG: preconditioner produced non-finite z; returning zero correction
peclet::flow CutcellMG::solvePCG: preconditioner produced non-finite z; returning zero correction
peclet::flow CutcellMG::solvePCG: preconditioner produced non-finite z; returning zero correction
peclet::flow CutcellMG::solvePCG: preconditioner produced non-finite z; returning zero correction
peclet::flow CutcellMG::solvePCG: preconditioner produced non-finite z; returning zero correction
peclet::flow CutcellMG::solvePCG: preconditioner produced non-finite z; returning zero correction
peclet::flow CutcellMG::solvePCG: preconditioner produced non-finite z; returning zero correction
peclet::flow CutcellMG::solvePCG: preconditioner produced non-finite z; returning zero correction
peclet::flow CutcellMG::solvePCG: preconditioner produced non-finite z; returning zero correction
peclet::flow CutcellMG::solvePCG: preconditioner produced non-finite z; returning zero correction
peclet::flow CutcellMG::solvePCG: preconditioner produced non-finite z; returning zero correction
peclet::flow CutcellMG::solvePCG: preconditioner produced non-finite z; returning zero correction
peclet::flow CutcellMG::solvePCG: preconditioner produced non-finite z; returning zero correction
peclet::flow CutcellMG::solvePCG: preconditioner produced non-finite z; returning zero correction
peclet::flow CutcellMG::solvePCG: preconditioner produced non-finite z; returning zero correction
peclet::flow CutcellMG::solvePCG: preconditioner produced non-finite z; returning zero correction
peclet::flow CutcellMG::solvePCG: preconditioner produced non-finite z; returning zero correction
peclet::flow CutcellMG::solvePCG: preconditioner produced non-finite z; returning zero correction
peclet::flow CutcellMG::solvePCG: preconditioner produced non-finite z; returning zero correction
peclet::flow CutcellMG::solvePCG: preconditioner produced non-finite z; returning zero correction
peclet::flow CutcellMG::solvePCG: preconditioner produced non-finite z; returning zero correction
peclet::flow CutcellMG::solvePCG: preconditioner produced non-finite z; returning zero correction
peclet::flow CutcellMG::solvePCG: preconditioner produced non-finite z; returning zero correction
peclet::flow CutcellMG::solvePCG: preconditioner produced non-finite z; returning zero correction
peclet::flow CutcellMG::solvePCG: preconditioner produced non-finite z; returning zero correction
peclet::flow CutcellMG::solvePCG: preconditioner produced non-finite z; returning zero correction
peclet::flow CutcellMG::solvePCG: preconditioner produced non-finite z; returning zero correction
peclet::flow CutcellMG::solvePCG: preconditioner produced non-finite z; returning zero correction
peclet::flow CutcellMG::solvePCG: preconditioner produced non-finite z; returning zero correction
peclet::flow CutcellMG::solvePCG: preconditioner produced non-finite z; returning zero correction
peclet::flow CutcellMG::solvePCG: preconditioner produced non-finite z; returning zero correction
peclet::flow CutcellMG::solvePCG: preconditioner produced non-finite z; returning zero correction
peclet::flow CutcellMG::solvePCG: preconditioner produced non-finite z; returning zero correction
peclet::flow CutcellMG::solvePCG: preconditioner produced non-finite z; returning zero correction
peclet::flow CutcellMG::solvePCG: preconditioner produced non-finite z; returning zero correction
peclet::flow CutcellMG::solvePCG: preconditioner produced non-finite z; returning zero correction
peclet::flow CutcellMG::solvePCG: preconditioner produced non-finite z; returning zero correction
peclet::flow CutcellMG::solvePCG: preconditioner produced non-finite z; returning zero correction
peclet::flow CutcellMG::solvePCG: preconditioner produced non-finite z; returning zero correction
peclet::flow CutcellMG::solvePCG: preconditioner produced non-finite z; returning zero correction
peclet::flow CutcellMG::solvePCG: preconditioner produced non-finite z; returning zero correction
peclet::flow CutcellMG::solvePCG: preconditioner produced non-finite z; returning zero correction
peclet::flow CutcellMG::solvePCG: preconditioner produced non-finite z; returning zero correction
peclet::flow CutcellMG::solvePCG: preconditioner produced non-finite z; returning zero correction
peclet::flow CutcellMG::solvePCG: preconditioner produced non-finite z; returning zero correction
peclet::flow CutcellMG::solvePCG: preconditioner produced non-finite z; returning zero correction
peclet::flow CutcellMG::solvePCG: preconditioner produced non-finite z; returning zero correction
peclet::flow CutcellMG::solvePCG: preconditioner produced non-finite z; returning zero correction
peclet::flow CutcellMG::solvePCG: preconditioner produced non-finite z; returning zero correction
peclet::flow CutcellMG::solvePCG: preconditioner produced non-finite z; returning zero correction
peclet::flow CutcellMG::solvePCG: preconditioner produced non-finite z; returning zero correction
peclet::flow CutcellMG::solvePCG: preconditioner produced non-finite z; returning zero correction
peclet::flow CutcellMG::solvePCG: preconditioner produced non-finite z; returning zero correction
peclet::flow CutcellMG::solvePCG: preconditioner produced non-finite z; returning zero correction
peclet::flow CutcellMG::solvePCG: preconditioner produced non-finite z; returning zero correction
peclet::flow CutcellMG::solvePCG: preconditioner produced non-finite z; returning zero correction
peclet::flow CutcellMG::solvePCG: preconditioner produced non-finite z; returning zero correction
peclet::flow CutcellMG::solvePCG: preconditioner produced non-finite z; returning zero correction
peclet::flow CutcellMG::solvePCG: preconditioner produced non-finite z; returning zero correction
peclet::flow CutcellMG::solvePCG: preconditioner produced non-finite z; returning zero correction
peclet::flow CutcellMG::solvePCG: preconditioner produced non-finite z; returning zero correction
peclet::flow CutcellMG::solvePCG: preconditioner produced non-finite z; returning zero correction
peclet::flow CutcellMG::solvePCG: preconditioner produced non-finite z; returning zero correction
peclet::flow CutcellMG::solvePCG: preconditioner produced non-finite z; returning zero correction
peclet::flow CutcellMG::solvePCG: preconditioner produced non-finite z; returning zero correction
peclet::flow CutcellMG::solvePCG: preconditioner produced non-finite z; returning zero correction
peclet::flow CutcellMG::solvePCG: preconditioner produced non-finite z; returning zero correction
peclet::flow CutcellMG::solvePCG: preconditioner produced non-finite z; returning zero correction
peclet::flow CutcellMG::solvePCG: preconditioner produced non-finite z; returning zero correction
peclet::flow CutcellMG::solvePCG: preconditioner produced non-finite z; returning zero correction
peclet::flow CutcellMG::solvePCG: preconditioner produced non-finite z; returning zero correction
peclet::flow CutcellMG::solvePCG: preconditioner produced non-finite z; returning zero correction
peclet::flow CutcellMG::solvePCG: preconditioner produced non-finite z; returning zero correction
peclet::flow CutcellMG::solvePCG: preconditioner produced non-finite z; returning zero correction
peclet::flow CutcellMG::solvePCG: preconditioner produced non-finite z; returning zero correction
peclet::flow CutcellMG::solvePCG: preconditioner produced non-finite z; returning zero correction
peclet::flow CutcellMG::solvePCG: preconditioner produced non-finite z; returning zero correction
peclet::flow CutcellMG::solvePCG: preconditioner produced non-finite z; returning zero correction
peclet::flow CutcellMG::solvePCG: preconditioner produced non-finite z; returning zero correction
peclet::flow CutcellMG::solvePCG: preconditioner produced non-finite z; returning zero correction
peclet::flow CutcellMG::solvePCG: preconditioner produced non-finite z; returning zero correction
peclet::flow CutcellMG::solvePCG: preconditioner produced non-finite z; returning zero correction
peclet::flow CutcellMG::solvePCG: preconditioner produced non-finite z; returning zero correction
peclet::flow CutcellMG::solvePCG: preconditioner produced non-finite z; returning zero correction
peclet::flow CutcellMG::solvePCG: preconditioner produced non-finite z; returning zero correction
peclet::flow CutcellMG::solvePCG: preconditioner produced non-finite z; returning zero correction
peclet::flow CutcellMG::solvePCG: preconditioner produced non-finite z; returning zero correction
peclet::flow CutcellMG::solvePCG: preconditioner produced non-finite z; returning zero correction
peclet::flow CutcellMG::solvePCG: preconditioner produced non-finite z; returning zero correction
peclet::flow CutcellMG::solvePCG: preconditioner produced non-finite z; returning zero correction
peclet::flow CutcellMG::solvePCG: preconditioner produced non-finite z; returning zero correction
peclet::flow CutcellMG::solvePCG: preconditioner produced non-finite z; returning zero correction
peclet::flow CutcellMG::solvePCG: preconditioner produced non-finite z; returning zero correction
peclet::flow CutcellMG::solvePCG: preconditioner produced non-finite z; returning zero correction
peclet::flow CutcellMG::solvePCG: preconditioner produced non-finite z; returning zero correction
peclet::flow CutcellMG::solvePCG: preconditioner produced non-finite z; returning zero correction
peclet::flow CutcellMG::solvePCG: preconditioner produced non-finite z; returning zero correction
peclet::flow CutcellMG::solvePCG: preconditioner produced non-finite z; returning zero correction
peclet::flow CutcellMG::solvePCG: preconditioner produced non-finite z; returning zero correction
peclet::flow CutcellMG::solvePCG: preconditioner produced non-finite z; returning zero correction
peclet::flow CutcellMG::solvePCG: preconditioner produced non-finite z; returning zero correction
peclet::flow CutcellMG::solvePCG: preconditioner produced non-finite z; returning zero correction
peclet::flow CutcellMG::solvePCG: preconditioner produced non-finite z; returning zero correction
peclet::flow CutcellMG::solvePCG: preconditioner produced non-finite z; returning zero correction
peclet::flow CutcellMG::solvePCG: preconditioner produced non-finite z; returning zero correction
peclet::flow CutcellMG::solvePCG: preconditioner produced non-finite z; returning zero correction
peclet::flow CutcellMG::solvePCG: preconditioner produced non-finite z; returning zero correction
peclet::flow CutcellMG::solvePCG: preconditioner produced non-finite z; returning zero correction
peclet::flow CutcellMG::solvePCG: preconditioner produced non-finite z; returning zero correction
peclet::flow CutcellMG::solvePCG: preconditioner produced non-finite z; returning zero correction
peclet::flow CutcellMG::solvePCG: preconditioner produced non-finite z; returning zero correction
peclet::flow CutcellMG::solvePCG: preconditioner produced non-finite z; returning zero correction
peclet::flow CutcellMG::solvePCG: preconditioner produced non-finite z; returning zero correction
peclet::flow CutcellMG::solvePCG: preconditioner produced non-finite z; returning zero correction
peclet::flow CutcellMG::solvePCG: preconditioner produced non-finite z; returning zero correction
peclet::flow CutcellMG::solvePCG: preconditioner produced non-finite z; returning zero correction
peclet::flow CutcellMG::solvePCG: preconditioner produced non-finite z; returning zero correction
peclet::flow CutcellMG::solvePCG: preconditioner produced non-finite z; returning zero correction
peclet::flow CutcellMG::solvePCG: preconditioner produced non-finite z; returning zero correction
peclet::flow CutcellMG::solvePCG: preconditioner produced non-finite z; returning zero correction
peclet::flow CutcellMG::solvePCG: preconditioner produced non-finite z; returning zero correction
peclet::flow CutcellMG::solvePCG: preconditioner produced non-finite z; returning zero correction
peclet::flow CutcellMG::solvePCG: preconditioner produced non-finite z; returning zero correction
peclet::flow CutcellMG::solvePCG: preconditioner produced non-finite z; returning zero correction
peclet::flow CutcellMG::solvePCG: preconditioner produced non-finite z; returning zero correction
peclet::flow CutcellMG::solvePCG: preconditioner produced non-finite z; returning zero correction
peclet::flow CutcellMG::solvePCG: preconditioner produced non-finite z; returning zero correction
peclet::flow CutcellMG::solvePCG: preconditioner produced non-finite z; returning zero correction
peclet::flow CutcellMG::solvePCG: preconditioner produced non-finite z; returning zero correction
peclet::flow CutcellMG::solvePCG: preconditioner produced non-finite z; returning zero correction
peclet::flow CutcellMG::solvePCG: preconditioner produced non-finite z; returning zero correction
peclet::flow CutcellMG::solvePCG: preconditioner produced non-finite z; returning zero correction
peclet::flow CutcellMG::solvePCG: preconditioner produced non-finite z; returning zero correction
peclet::flow CutcellMG::solvePCG: preconditioner produced non-finite z; returning zero correction
peclet::flow CutcellMG::solvePCG: preconditioner produced non-finite z; returning zero correction
peclet::flow CutcellMG::solvePCG: preconditioner produced non-finite z; returning zero correction
peclet::flow CutcellMG::solvePCG: preconditioner produced non-finite z; returning zero correction
peclet::flow CutcellMG::solvePCG: preconditioner produced non-finite z; returning zero correction
peclet::flow CutcellMG::solvePCG: preconditioner produced non-finite z; returning zero correction
peclet::flow CutcellMG::solvePCG: preconditioner produced non-finite z; returning zero correction
peclet::flow CutcellMG::solvePCG: preconditioner produced non-finite z; returning zero correction
peclet::flow CutcellMG::solvePCG: preconditioner produced non-finite z; returning zero correction
peclet::flow CutcellMG::solvePCG: preconditioner produced non-finite z; returning zero correction
peclet::flow CutcellMG::solvePCG: preconditioner produced non-finite z; returning zero correction
peclet::flow CutcellMG::solvePCG: preconditioner produced non-finite z; returning zero correction
peclet::flow CutcellMG::solvePCG: preconditioner produced non-finite z; returning zero correction
peclet::flow CutcellMG::solvePCG: preconditioner produced non-finite z; returning zero correction
peclet::flow CutcellMG::solvePCG: preconditioner produced non-finite z; returning zero correction
peclet::flow CutcellMG::solvePCG: preconditioner produced non-finite z; returning zero correction
peclet::flow CutcellMG::solvePCG: preconditioner produced non-finite z; returning zero correction
peclet::flow CutcellMG::solvePCG: preconditioner produced non-finite z; returning zero correction
peclet::flow CutcellMG::solvePCG: preconditioner produced non-finite z; returning zero correction
peclet::flow CutcellMG::solvePCG: preconditioner produced non-finite z; returning zero correction
peclet::flow CutcellMG::solvePCG: preconditioner produced non-finite z; returning zero correction
peclet::flow CutcellMG::solvePCG: preconditioner produced non-finite z; returning zero correction
peclet::flow CutcellMG::solvePCG: preconditioner produced non-finite z; returning zero correction
peclet::flow CutcellMG::solvePCG: preconditioner produced non-finite z; returning zero correction
peclet::flow CutcellMG::solvePCG: preconditioner produced non-finite z; returning zero correction
peclet::flow CutcellMG::solvePCG: preconditioner produced non-finite z; returning zero correction
peclet::flow CutcellMG::solvePCG: preconditioner produced non-finite z; returning zero correction
peclet::flow CutcellMG::solvePCG: preconditioner produced non-finite z; returning zero correction
peclet::flow CutcellMG::solvePCG: preconditioner produced non-finite z; returning zero correction
peclet::flow CutcellMG::solvePCG: preconditioner produced non-finite z; returning zero correction
peclet::flow CutcellMG::solvePCG: preconditioner produced non-finite z; returning zero correction
peclet::flow CutcellMG::solvePCG: preconditioner produced non-finite z; returning zero correction
peclet::flow CutcellMG::solvePCG: preconditioner produced non-finite z; returning zero correction
peclet::flow CutcellMG::solvePCG: preconditioner produced non-finite z; returning zero correction
peclet::flow CutcellMG::solvePCG: preconditioner produced non-finite z; returning zero correction
peclet::flow CutcellMG::solvePCG: preconditioner produced non-finite z; returning zero correction
peclet::flow CutcellMG::solvePCG: preconditioner produced non-finite z; returning zero correction
peclet::flow CutcellMG::solvePCG: preconditioner produced non-finite z; returning zero correction
peclet::flow Cut   2500 2.9693961e+148 2.9438405e+148  0.000e+00  2.119e+00 +1.11e+148  +0.00e+00 dP=1.173e+156 |P|=1.173e+156
cellMG::solvePCG: preconditioner produced non-finite z; returning zero correction
peclet::flow CutcellMG::solvePCG: preconditioner produced non-finite z; returning zero correction
peclet::flow CutcellMG::solvePCG: preconditioner produced non-finite z; returning zero correction
peclet::flow CutcellMG::solvePCG: preconditioner produced non-finite z; returning zero correction
peclet::flow CutcellMG::solvePCG: preconditioner produced non-finite z; returning zero correction
peclet::flow CutcellMG::solvePCG: preconditioner produced non-finite z; returning zero correction
peclet::flow CutcellMG::solvePCG: preconditioner produced non-finite z; returning zero correction
peclet::flow CutcellMG::solvePCG: preconditioner produced non-finite z; returning zero correction
peclet::flow CutcellMG::solvePCG: preconditioner produced non-finite z; returning zero correction
peclet::flow CutcellMG::solvePCG: preconditioner produced non-finite z; returning zero correction
peclet::flow CutcellMG::solvePCG: preconditioner produced non-finite z; returning zero correction
peclet::flow CutcellMG::solvePCG: preconditioner produced non-finite z; returning zero correction
peclet::flow CutcellMG::solvePCG: preconditioner produced non-finite z; returning zero correction
peclet::flow CutcellMG::solvePCG: preconditioner produced non-finite z; returning zero correction
peclet::flow CutcellMG::solvePCG: preconditioner produced non-finite z; returning zero correction
peclet::flow CutcellMG::solvePCG: preconditioner produced non-finite z; returning zero correction
peclet::flow CutcellMG::solvePCG: preconditioner produced non-finite z; returning zero correction
peclet::flow CutcellMG::solvePCG: preconditioner produced non-finite z; returning zero correction
peclet::flow CutcellMG::solvePCG: preconditioner produced non-finite z; returning zero correction
peclet::flow CutcellMG::solvePCG: preconditioner produced non-finite z; returning zero correction
peclet::flow CutcellMG::solvePCG: preconditioner produced non-finite z; returning zero correction
peclet::flow CutcellMG::solvePCG: preconditioner produced non-finite z; returning zero correction
peclet::flow CutcellMG::solvePCG: preconditioner produced non-finite z; returning zero correction
peclet::flow CutcellMG::solvePCG: preconditioner produced non-finite z; returning zero correction
peclet::flow CutcellMG::solvePCG: preconditioner produced non-finite z; returning zero correction
peclet::flow CutcellMG::solvePCG: preconditioner produced non-finite z; returning zero correction
peclet::flow CutcellMG::solvePCG: preconditioner produced non-finite z; returning zero correction
peclet::flow CutcellMG::solvePCG: preconditioner produced non-finite z; returning zero correction
peclet::flow CutcellMG::solvePCG: preconditioner produced non-finite z; returning zero correction
peclet::flow CutcellMG::solvePCG: preconditioner produced non-finite z; returning zero correction
peclet::flow CutcellMG::solvePCG: preconditioner produced non-finite z; returning zero correction
peclet::flow CutcellMG::solvePCG: preconditioner produced non-finite z; returning zero correction
peclet::flow CutcellMG::solvePCG: preconditioner produced non-finite z; returning zero correction
peclet::flow CutcellMG::solvePCG: preconditioner produced non-finite z; returning zero correction
peclet::flow CutcellMG::solvePCG: preconditioner produced non-finite z; returning zero correction
peclet::flow CutcellMG::solvePCG: preconditioner produced non-finite z; returning zero correction
peclet::flow CutcellMG::solvePCG: preconditioner produced non-finite z; returning zero correction
peclet::flow CutcellMG::solvePCG: preconditioner produced non-finite z; returning zero correction
peclet::flow CutcellMG::solvePCG: preconditioner produced non-finite z; returning zero correction
peclet::flow CutcellMG::solvePCG: preconditioner produced non-finite z; returning zero correction
peclet::flow CutcellMG::solvePCG: preconditioner produced non-finite z; returning zero correction
peclet::flow CutcellMG::solvePCG: preconditioner produced non-finite z; returning zero correction
peclet::flow CutcellMG::solvePCG: preconditioner produced non-finite z; returning zero correction
peclet::flow CutcellMG::solvePCG: preconditioner produced non-finite z; returning zero correction
peclet::flow CutcellMG::solvePCG: preconditioner produced non-finite z; returning zero correction
peclet::flow CutcellMG::solvePCG: preconditioner produced non-finite z; returning zero correction
peclet::flow CutcellMG::solvePCG: preconditioner produced non-finite z; returning zero correction
peclet::flow CutcellMG::solvePCG: preconditioner produced non-finite z; returning zero correction
peclet::flow CutcellMG::solvePCG: preconditioner produced non-finite z; returning zero correction
peclet::flow CutcellMG::solvePCG: preconditioner produced non-finite z; returning zero correction
peclet::flow CutcellMG::solvePCG: preconditioner produced non-finite z; returning zero correction
peclet::flow CutcellMG::solvePCG: preconditioner produced non-finite z; returning zero correction
peclet::flow CutcellMG::solvePCG: preconditioner produced non-finite z; returning zero correction
peclet::flow CutcellMG::solvePCG: preconditioner produced non-finite z; returning zero correction
peclet::flow CutcellMG::solvePCG: preconditioner produced non-finite z; returning zero correction
peclet::flow CutcellMG::solvePCG: preconditioner produced non-finite z; returning zero correction
peclet::flow CutcellMG::solvePCG: preconditioner produced non-finite z; returning zero correction
peclet::flow CutcellMG::solvePCG: preconditioner produced non-finite z; returning zero correction
peclet::flow CutcellMG::solvePCG: preconditioner produced non-finite z; returning zero correction
peclet::flow CutcellMG::solvePCG: preconditioner produced non-finite z; returning zero correction
peclet::flow CutcellMG::solvePCG: preconditioner produced non-finite z; returning zero correction
peclet::flow CutcellMG::solvePCG: preconditioner produced non-finite z; returning zero correction
peclet::flow CutcellMG::solvePCG: preconditioner produced non-finite z; returning zero correction
peclet::flow CutcellMG::solvePCG: preconditioner produced non-finite z; returning zero correction
peclet::flow CutcellMG::solvePCG: preconditioner produced non-finite z; returning zero correction
peclet::flow CutcellMG::solvePCG: preconditioner produced non-finite z; returning zero correction
peclet::flow CutcellMG::solvePCG: preconditioner produced non-finite z; returning zero correction
peclet::flow CutcellMG::solvePCG: preconditioner produced non-finite z; returning zero correction
peclet::flow CutcellMG::solvePCG: preconditioner produced non-finite z; returning zero correction
peclet::flow CutcellMG::solvePCG: preconditioner produced non-finite z; returning zero correction
peclet::flow CutcellMG::solvePCG: preconditioner produced non-finite z; returning zero correction
peclet::flow CutcellMG::solvePCG: preconditioner produced non-finite z; returning zero correction
peclet::flow CutcellMG::solvePCG: preconditioner produced non-finite z; returning zero correction
peclet::flow CutcellMG::solvePCG: preconditioner produced non-finite z; returning zero correction
peclet::flow CutcellMG::solvePCG: preconditioner produced non-finite z; returning zero correction
peclet::flow CutcellMG::solvePCG: preconditioner produced non-finite z; returning zero correction
peclet::flow CutcellMG::solvePCG: preconditioner produced non-finite z; returning zero correction
peclet::flow CutcellMG::solvePCG: preconditioner produced non-finite z; returning zero correction
peclet::flow CutcellMG::solvePCG: preconditioner produced non-finite z; returning zero correction
peclet::flow CutcellMG::solvePCG: preconditioner produced non-finite z; returning zero correction
peclet::flow CutcellMG::solvePCG: preconditioner produced non-finite z; returning zero correction
peclet::flow CutcellMG::solvePCG: preconditioner produced non-finite z; returning zero correction
peclet::flow CutcellMG::solvePCG: preconditioner produced non-finite z; returning zero correction
peclet::flow CutcellMG::solvePCG: preconditioner produced non-finite z; returning zero correction
peclet::flow CutcellMG::solvePCG: preconditioner produced non-finite z; returning zero correction
peclet::flow CutcellMG::solvePCG: preconditioner produced non-finite z; returning zero correction
peclet::flow CutcellMG::solvePCG: preconditioner produced non-finite z; returning zero correction
peclet::flow CutcellMG::solvePCG: preconditioner produced non-finite z; returning zero correction
peclet::flow CutcellMG::solvePCG: preconditioner produced non-finite z; returning zero correction
peclet::flow CutcellMG::solvePCG: preconditioner produced non-finite z; returning zero correction
peclet::flow CutcellMG::solvePCG: preconditioner produced non-finite z; returning zero correction
peclet::flow CutcellMG::solvePCG: preconditioner produced non-finite z; returning zero correction
peclet::flow CutcellMG::solvePCG: preconditioner produced non-finite z; returning zero correction
peclet::flow CutcellMG::solvePCG: preconditioner produced non-finite z; returning zero correction
peclet::flow CutcellMG::solvePCG: preconditioner produced non-finite z; returning zero correction
peclet::flow CutcellMG::solvePCG: preconditioner produced non-finite z; returning zero correction
peclet::flow CutcellMG::solvePCG: preconditioner produced non-finite z; returning zero correction
peclet::flow CutcellMG::solvePCG: preconditioner produced non-finite z; returning zero correction
peclet::flow CutcellMG::solvePCG: preconditioner produced non-finite z; returning zero correction
peclet::flow CutcellMG::solvePCG: preconditioner produced non-finite z; returning zero correction
peclet::flow CutcellMG::solvePCG: preconditioner produced non-finite z; returning zero correction
peclet::flow CutcellMG::solvePCG: preconditioner produced non-finite z; returning zero correction
peclet::flow CutcellMG::solvePCG: preconditioner produced non-finite z; returning zero correction
peclet::flow CutcellMG::solvePCG: preconditioner produced non-finite z; returning zero correction
peclet::flow CutcellMG::solvePCG: preconditioner produced non-finite z; returning zero correction
peclet::flow CutcellMG::solvePCG: preconditioner produced non-finite z; returning zero correction
peclet::flow CutcellMG::solvePCG: preconditioner produced non-finite z; returning zero correction
peclet::flow CutcellMG::solvePCG: preconditioner produced non-finite z; returning zero correction
peclet::flow CutcellMG::solvePCG: preconditioner produced non-finite z; returning zero correction
peclet::flow CutcellMG::solvePCG: preconditioner produced non-finite z; returning zero correction
peclet::flow CutcellMG::solvePCG: preconditioner produced non-finite z; returning zero correction
peclet::flow CutcellMG::solvePCG: preconditioner produced non-finite z; returning zero correction
peclet::flow CutcellMG::solvePCG: preconditioner produced non-finite z; returning zero correction
peclet::flow CutcellMG::solvePCG: preconditioner produced non-finite z; returning zero correction
peclet::flow CutcellMG::solvePCG: preconditioner produced non-finite z; returning zero correction
peclet::flow CutcellMG::solvePCG: preconditioner produced non-finite z; returning zero correction
peclet::flow CutcellMG::solvePCG: preconditioner produced non-finite z; returning zero correction
peclet::flow CutcellMG::solvePCG: preconditioner produced non-finite z; returning zero correction
peclet::flow CutcellMG::solvePCG: preconditioner produced non-finite z; returning zero correction
peclet::flow CutcellMG::solvePCG: preconditioner produced non-finite z; returning zero correction
peclet::flow CutcellMG::solvePCG: preconditioner produced non-finite z; returning zero correction
peclet::flow CutcellMG::solvePCG: preconditioner produced non-finite z; returning zero correction
peclet::flow CutcellMG::solvePCG: preconditioner produced non-finite z; returning zero correction
peclet::flow CutcellMG::solvePCG: preconditioner produced non-finite z; returning zero correction
peclet::flow CutcellMG::solvePCG: preconditioner produced non-finite z; returning zero correction
peclet::flow CutcellMG::solvePCG: preconditioner produced non-finite z; returning zero correction
peclet::flow CutcellMG::solvePCG: preconditioner produced non-finite z; returning zero correction
peclet::flow CutcellMG::solvePCG: preconditioner produced non-finite z; returning zero correction
peclet::flow CutcellMG::solvePCG: preconditioner produced non-finite z; returning zero correction
peclet::flow CutcellMG::solvePCG: preconditioner produced non-finite z; returning zero correction
peclet::flow CutcellMG::solvePCG: preconditioner produced non-finite z; returning zero correction
peclet::flow CutcellMG::solvePCG: preconditioner produced non-finite z; returning zero correction
peclet::flow CutcellMG::solvePCG: preconditioner produced non-finite z; returning zero correction
peclet::flow CutcellMG::solvePCG: preconditioner produced non-finite z; returning zero correction
peclet::flow CutcellMG::solvePCG: preconditioner produced non-finite z; returning zero correction
peclet::flow CutcellMG::solvePCG: preconditioner produced non-finite z; returning zero correction
peclet::flow CutcellMG::solvePCG: preconditioner produced non-finite z; returning zero correction
peclet::flow CutcellMG::solvePCG: preconditioner produced non-finite z; returning zero correction
peclet::flow CutcellMG::solvePCG: preconditioner produced non-finite z; returning zero correction
peclet::flow CutcellMG::solvePCG: preconditioner produced non-finite z; returning zero correction
peclet::flow CutcellMG::solvePCG: preconditioner produced non-finite z; returning zero correction
peclet::flow CutcellMG::solvePCG: preconditioner produced non-finite z; returning zero correction
peclet::flow CutcellMG::solvePCG: preconditioner produced non-finite z; returning zero correction
peclet::flow CutcellMG::solvePCG: preconditioner produced non-finite z; returning zero correction
peclet::flow CutcellMG::solvePCG: preconditioner produced non-finite z; returning zero correction
peclet::flow CutcellMG::solvePCG: preconditioner produced non-finite z; returning zero correction
peclet::flow CutcellMG::solvePCG: preconditioner produced non-finite z; returning zero correction
peclet::flow CutcellMG::solvePCG: preconditioner produced non-finite z; returning zero correction
peclet::flow CutcellMG::solvePCG: preconditioner produced non-finite z; returning zero correction
peclet::flow CutcellMG::solvePCG: preconditioner produced non-finite z; returning zero correction
peclet::flow CutcellMG::solvePCG: preconditioner produced non-finite z; returning zero correction
peclet::flow CutcellMG::solvePCG: preconditioner produced non-finite z; returning zero correction
peclet::flow CutcellMG::solvePCG: preconditioner produced non-finite z; returning zero correction
peclet::flow CutcellMG::solvePCG: preconditioner produced non-finite z; returning zero correction
peclet::flow CutcellMG::solvePCG: preconditioner produced non-finite z; returning zero correction
peclet::flow CutcellMG::solvePCG: preconditioner produced non-finite z; returning zero correction
peclet::flow CutcellMG::solvePCG: preconditioner produced non-finite z; returning zero correction
peclet::flow CutcellMG::solvePCG: preconditioner produced non-finite z; returning zero correction
peclet::flow CutcellMG::solvePCG: preconditioner produced non-finite z; returning zero correction
peclet::flow CutcellMG::solvePCG: preconditioner produced non-finite z; returning zero correction
peclet::flow CutcellMG::solvePCG: preconditioner produced non-finite z; returning zero correction
peclet::flow CutcellMG::solvePCG: preconditioner produced non-finite z; returning zero correction
peclet::flow CutcellMG::solvePCG: preconditioner produced non-finite z; returning zero correction
peclet::flow CutcellMG::solvePCG: preconditioner produced non-finite z; returning zero correction
peclet::flow CutcellMG::solvePCG: preconditioner produced non-finite z; returning zero correction
peclet::flow CutcellMG::solvePCG: preconditioner produced non-finite z; returning zero correction
peclet::flow CutcellMG::solvePCG: preconditioner produced non-finite z; returning zero correction
peclet::flow CutcellMG::solvePCG: preconditioner produced non-finite z; returning zero correction
peclet::flow CutcellMG::solvePCG: preconditioner produced non-finite z; returning zero correction
peclet::flow CutcellMG::solvePCG: preconditioner produced non-finite z; returning zero correction
peclet::flow CutcellMG::solvePCG: preconditioner produced non-finite z; returning zero correction
peclet::flow CutcellMG::solvePCG: preconditioner produced non-finite z; returning zero correction
peclet::flow CutcellMG::solvePCG: preconditioner produced non-finite z; returning zero correction
peclet::flow CutcellMG::solvePCG: preconditioner produced non-finite z; returning zero correction
peclet::flow CutcellMG::solvePCG: preconditioner produced non-finite z; returning zero correction
peclet::flow CutcellMG::solvePCG: preconditioner produced non-finite z; returning zero correction
peclet::flow CutcellMG::solvePCG: preconditioner produced non-finite z; returning zero correction
peclet::flow CutcellMG::solvePCG: preconditioner produced non-finite z; returning zero correction
peclet::flow CutcellMG::solvePCG: preconditioner produced non-finite z; returning zero correction
peclet::flow CutcellMG::solvePCG: preconditioner produced non-finite z; returning zero correction
peclet::flow CutcellMG::solvePCG: preconditioner produced non-finite z; returning zero correction
peclet::flow CutcellMG::solvePCG: preconditioner produced non-finite z; returning zero correction
peclet::flow CutcellMG::solvePCG: preconditioner produced non-finite z; returning zero correction
peclet::flow CutcellMG::solvePCG: preconditioner produced non-finite z; returning zero correction
peclet::flow CutcellMG::solvePCG: preconditioner produced non-finite z; returning zero correction
peclet::flow CutcellMG::solvePCG: preconditioner produced non-finite z; returning zero correction
peclet::flow CutcellMG::solvePCG: preconditioner produced non-finite z; returning zero correction
peclet::flow CutcellMG::solvePCG: preconditioner produced non-finite z; returning zero correction
peclet::flow CutcellMG::solvePCG: preconditioner produced non-finite z; returning zero correction
peclet::flow CutcellMG::solvePCG: preconditioner produced non-finite z; returning zero correction
peclet::flow CutcellMG::solvePCG: preconditioner produced non-finite z; returning zero correction
peclet::flow CutcellMG::solvePCG: preconditioner produced non-finite z; returning zero correction
peclet::flow CutcellMG::solvePCG: preconditioner produced non-finite z; returning zero correction
peclet::flow CutcellMG::solvePCG: preconditioner produced non-finite z; returning zero correction
peclet::flow CutcellMG::solvePCG: preconditioner produced non-finite z; returning zero correction
peclet::flow CutcellMG::solvePCG: preconditioner produced non-finite z; returning zero correction
peclet::flow CutcellMG::solvePCG: preconditioner produced non-finite z; returning zero correction
peclet::flow CutcellMG::solvePCG: preconditioner produced non-finite z; returning zero correction
peclet::flow CutcellMG::solvePCG: preconditioner produced non-finite z; returning zero correction
peclet::flow CutcellMG::solvePCG: preconditioner produced non-finite z; returning zero correction
peclet::flow CutcellMG::solvePCG: preconditioner produced non-finite z; returning zero correction
peclet::flow CutcellMG::solvePCG: preconditioner produced non-finite z; returning zero correction
peclet::flow CutcellMG::solvePCG: preconditioner produced non-finite z; returning zero correction
peclet::flow CutcellMG::solvePCG: preconditioner produced non-finite z; returning zero correction
peclet::flow CutcellMG::solvePCG: preconditioner produced non-finite z; returning zero correction
peclet::flow CutcellMG::solvePCG: preconditioner produced non-finite z; returning zero correction
peclet::flow CutcellMG::solvePCG: preconditioner produced non-finite z; returning zero correction
peclet::flow CutcellMG::solvePCG: preconditioner produced non-finite z; returning zero correction
peclet::flow CutcellMG::solvePCG: preconditioner produced non-finite z; returning zero correction
peclet::flow CutcellMG::solvePCG: preconditioner produced non-finite z; returning zero correction
peclet::flow CutcellMG::solvePCG: preconditioner produced non-finite z; returning zero correction
peclet::flow CutcellMG::solvePCG: preconditioner produced non-finite z; returning zero correction
peclet::flow CutcellMG::solvePCG: preconditioner produced non-finite z; returning zero correction
peclet::flow CutcellMG::solvePCG: preconditioner produced non-finite z; returning zero correction
peclet::flow CutcellMG::solvePCG: preconditioner produced non-finite z; returning zero correction
peclet::flow CutcellMG::solvePCG: preconditioner produced non-finite z; returning zero correction
peclet::flow CutcellMG::solvePCG: preconditioner produced non-finite z; returning zero correction
peclet::flow CutcellMG::solvePCG: preconditioner produced non-finite z; returning zero correction
peclet::flow CutcellMG::solvePCG: preconditioner produced non-finite z; returning zero correction
peclet::flow CutcellMG::solvePCG: preconditioner produced non-finite z; returning zero correction
peclet::flow CutcellMG::solvePCG: preconditioner produced non-finite z; returning zero correction
peclet::flow CutcellMG::solvePCG: preconditioner produced non-finite z; returning zero correction
peclet::flow CutcellMG::solvePCG: preconditioner produced non-finite z; returning zero correction
peclet::flow CutcellMG::solvePCG: preconditioner produced non-finite z; returning zero correction
peclet::flow CutcellMG::solvePCG: preconditioner produced non-finite z; returning zero correction
peclet::flow CutcellMG::solvePCG: preconditioner produced non-finite z; returning zero correction
peclet::flow CutcellMG::solvePCG: preconditioner produced non-finite z; returning zero correction
peclet::flow CutcellMG::solvePCG: preconditioner produced non-finite z; returning zero correction
peclet::flow CutcellMG::solvePCG: preconditioner produced non-finite z; returning zero correction
peclet::flow CutcellMG::solvePCG: preconditioner produced non-finite z; returning zero correction
peclet::flow CutcellMG::solvePCG: preconditioner produced non-finite z; returning zero correction
peclet::flow CutcellMG::solvePCG: preconditioner produced non-finite z; returning zero correction
peclet::flow CutcellMG::solvePCG: preconditioner produced non-finite z; returning zero correction
peclet::flow CutcellMG::solvePCG: preconditioner produced non-finite z; returning zero correction
peclet::flow CutcellMG::solvePCG: preconditioner produced non-finite z; returning zero correction
peclet::flow CutcellMG::solvePCG: preconditioner produced non-finite z; returning zero correction
peclet::flow CutcellMG::solvePCG: preconditioner produced non-finite z; returning zero correction
peclet::flow CutcellMG::solvePCG: preconditioner produced non-finite z; returning zero correction
peclet::flow CutcellMG::solvePCG: preconditioner produced non-finite z; returning zero correction
peclet::flow CutcellMG::solvePCG: preconditioner produced non-finite z; returning zero correction
peclet::flow CutcellMG::solvePCG: preconditioner produced non-finite z; returning zero correction
peclet::flow CutcellMG::solvePCG: preconditioner produced non-finite z; returning zero correction
peclet::flow CutcellMG::solvePCG: preconditioner produced non-finite z; returning zero correction
peclet::flow CutcellMG::solvePCG: preconditioner produced non-finite z; returning zero correction
peclet::flow CutcellMG::solvePCG: preconditioner produced non-finite z; returning zero correction
peclet::flow CutcellMG::solvePCG: preconditioner produced non-finite z; returning zero correction
peclet::flow CutcellMG::solvePCG: preconditioner produced non-finite z; returning zero correction
peclet::flow CutcellMG::solvePCG: preconditioner produced non-finite z; returning zero correction
peclet::flow CutcellMG::solvePCG: preconditioner produced non-finite z; returning zero correction
peclet::flow CutcellMG::solvePCG: preconditioner produced non-finite z; returning zero correction
peclet::flow CutcellMG::solvePCG: preconditioner produced non-finite z; returning zero correction
peclet::flow CutcellMG::solvePCG: preconditioner produced non-finite z; returning zero correction
peclet::flow CutcellMG::solvePCG: preconditioner produced non-finite z; returning zero correction
peclet::flow CutcellMG::solvePCG: preconditioner produced non-finite z; returning zero correction
peclet::flow CutcellMG::solvePCG: preconditioner produced non-finite z; returning zero correction
peclet::flow CutcellMG::solvePCG: preconditioner produced non-finite z; returning zero correction
peclet::flow CutcellMG::solvePCG: preconditioner produced non-finite z; returning zero correction
peclet::flow CutcellMG::solvePCG: preconditioner produced non-finite z; returning zero correction
peclet::flow CutcellMG::solvePCG: preconditioner produced non-finite z; returning zero correction
peclet::flow CutcellMG::solvePCG: preconditioner produced non-finite z; returning zero correction
peclet::flow CutcellMG::solvePCG: preconditioner produced non-finite z; returning zero correction
peclet::flow CutcellMG::solvePCG: preconditioner produced non-finite z; returning zero correction
peclet::flow CutcellMG::solvePCG: preconditioner produced non-finite z; returning zero correction
peclet::flow CutcellMG::solvePCG: preconditioner produced non-finite z; returning zero correction
peclet::flow CutcellMG::solvePCG: preconditioner produced non-finite z; returning zero correction
peclet::flow CutcellMG::solvePCG: preconditioner produced non-finite z; returning zero correction
peclet::flow CutcellMG::solvePCG: preconditioner produced non-finite z; returning zero correction
peclet::flow CutcellMG::solvePCG: preconditioner produced non-finite z; returning zero correction
peclet::flow CutcellMG::solvePCG: preconditioner produced non-finite z; returning zero correction
peclet::flow CutcellMG::solvePCG: preconditioner produced non-finite z; returning zero correction
peclet::flow CutcellMG::solvePCG: preconditioner produced non-finite z; returning zero correction
peclet::flow CutcellMG::solvePCG: preconditioner produced non-finite z; returning zero correction
peclet::flow CutcellMG::solvePCG: preconditioner produced non-finite z; returning zero correction
peclet::flow CutcellMG::solvePCG: preconditioner produced non-finite z; returning zero correction
peclet::flow CutcellMG::solvePCG: preconditioner produced non-finite z; returning zero correction
peclet::flow CutcellMG::solvePCG: preconditioner produced non-finite z; returning zero correction
peclet::flow CutcellMG::solvePCG: preconditioner produced non-finite z; returning zero correction
peclet::flow CutcellMG::solvePCG: preconditioner produced non-finite z; returning zero correction
peclet::flow CutcellMG::solvePCG: preconditioner produced non-finite z; returning zero correction
peclet::flow CutcellMG::solvePCG: preconditioner produced non-finite z; returning zero correction
peclet::flow CutcellMG::solvePCG: preconditioner produced non-finite z; returning zero correction
peclet::flow CutcellMG::solvePCG: preconditioner produced non-finite z; returning zero correction
peclet::flow CutcellMG::solvePCG: preconditioner produced non-finite z; returning zero correction
peclet::flow CutcellMG::solvePCG: preconditioner produced non-finite z; returning zero correction
peclet::flow CutcellMG::solvePCG: preconditioner produced non-finite z; returning zero correction
peclet::flow CutcellMG::solvePCG: preconditioner produced non-finite z; returning zero correction
peclet::flow CutcellMG::solvePCG: preconditioner produced non-finite z; returning zero correction
peclet::flow CutcellMG::solvePCG: preconditioner produced non-finite z; returning zero correction
peclet::flow CutcellMG::solvePCG: preconditioner produced non-finite z; returning zero correction
peclet::flow CutcellMG::solvePCG: preconditioner produced non-finite z; returning zero correction
peclet::flow CutcellMG::solvePCG: preconditioner produced non-finite z; returning zero correction
peclet::flow CutcellMG::solvePCG: preconditioner produced non-finite z; returning zero correction
peclet::flow CutcellMG::solvePCG: preconditioner produced non-finite z; returning zero correction
peclet::flow CutcellMG::solvePCG: preconditioner produced non-finite z; returning zero correction
peclet::flow CutcellMG::solvePCG: preconditioner produced non-finite z; returning zero correction
peclet::flow CutcellMG::solvePCG: preconditioner produced non-finite z; returning zero correction
peclet::flow CutcellMG::solvePCG: preconditioner produced non-finite z; returning zero correction
peclet::flow CutcellMG::solvePCG: preconditioner produced non-finite z; returning zero correction
peclet::flow CutcellMG::solvePCG: preconditioner produced non-finite z; returning zero correction
peclet::flow CutcellMG::solvePCG: preconditioner produced non-finite z; returning zero correction
peclet::flow CutcellMG::solvePCG: preconditioner produced non-finite z; returning zero correction
peclet::flow CutcellMG::solvePCG: preconditioner produced non-finite z; returning zero correction
peclet::flow CutcellMG::solvePCG: preconditioner produced non-finite z; returning zero correction
peclet::flow CutcellMG::solvePCG: preconditioner produced non-finite z; returning zero correction
peclet::flow CutcellMG::solvePCG: preconditioner produced non-finite z; returning zero correction
peclet::flow CutcellMG::solvePCG: preconditioner produced non-finite z; returning zero correction
peclet::flow CutcellMG::solvePCG: preconditioner produced non-finite z; returning zero correction
peclet::flow CutcellMG::solvePCG: preconditioner produced non-finite z; returning zero correction
peclet::flow CutcellMG::solvePCG: preconditioner produced non-finite z; returning zero correction
peclet::flow CutcellMG::solvePCG: preconditioner produced non-finite z; returning zero correction
peclet::flow CutcellMG::solvePCG: preconditioner produced non-finite z; returning zero correction
peclet::flow CutcellMG::solvePCG: preconditioner produced non-finite z; returning zero correction
peclet::flow CutcellMG::solvePCG: preconditioner produced non-finite z; returning zero correction
peclet::flow CutcellMG::solvePCG: preconditioner produced non-finite z; returning zero correction
peclet::flow CutcellMG::solvePCG: preconditioner produced non-finite z; returning zero correction
peclet::flow CutcellMG::solvePCG: preconditioner produced non-finite z; returning zero correction
peclet::flow CutcellMG::solvePCG: preconditioner produced non-finite z; returning zero correction
peclet::flow CutcellMG::solvePCG: preconditioner produced non-finite z; returning zero correction
peclet::flow CutcellMG::solvePCG: preconditioner produced non-finite z; returning zero correction
peclet::flow CutcellMG::solvePCG: preconditioner produced non-finite z; returning zero correction
peclet::flow CutcellMG::solvePCG: preconditioner produced non-finite z; returning zero correction
peclet::flow CutcellMG::solvePCG: preconditioner produced non-finite z; returning zero correction
peclet::flow CutcellMG::solvePCG: preconditioner produced non-finite z; returning zero correction
peclet::flow CutcellMG::solvePCG: preconditioner produced non-finite z; returning zero correction
peclet::flow CutcellMG::solvePCG: preconditioner produced non-finite z; returning zero correction
peclet::flow CutcellMG::solvePCG: preconditioner produced non-finite z; returning zero correction
peclet::flow CutcellMG::solvePCG: preconditioner produced non-finite z; returning zero correction
peclet::flow CutcellMG::solvePCG: preconditioner produced non-finite z; returning zero correction
peclet::flow CutcellMG::solvePCG: preconditioner produced non-finite z; returning zero correction
peclet::flow CutcellMG::solvePCG: preconditioner produced non-finite z; returning zero correction
peclet::flow CutcellMG::solvePCG: preconditioner produced non-finite z; returning zero correction
peclet::flow CutcellMG::solvePCG: preconditioner produced non-finite z; returning zero correction
peclet::flow CutcellMG::solvePCG: preconditioner produced non-finite z; returning zero correction
peclet::flow CutcellMG::solvePCG: preconditioner produced non-finite z; returning zero correction
peclet::flow CutcellMG::solvePCG: preconditioner produced non-finite z; returning zero correction
peclet::flow CutcellMG::solvePCG: preconditioner produced non-finite z; returning zero correction
peclet::flow CutcellMG::solvePCG: preconditioner produced non-finite z; returning zero correction
peclet::flow CutcellMG::solvePCG: preconditioner produced non-finite z; returning zero correction
peclet::flow CutcellMG::solvePCG: preconditioner produced non-finite z; returning zero correction
peclet::flow CutcellMG::solvePCG: preconditioner produced non-finite z; returning zero correction
peclet::flow CutcellMG::solvePCG: preconditioner produced non-finite z; returning zero correction
peclet::flow CutcellMG::solvePCG: preconditioner produced non-finite z; returning zero correction
peclet::flow CutcellMG::solvePCG: preconditioner produced non-finite z; returning zero correction
peclet::flow CutcellMG::solvePCG: preconditioner produced non-finite z; returning zero correction
peclet::flow CutcellMG::solvePCG: preconditioner produced non-finite z; returning zero correction
peclet::flow CutcellMG::solvePCG: preconditioner produced non-finite z; returning zero correction
peclet::flow CutcellMG::solvePCG: preconditioner produced non-finite z; returning zero correction
peclet::flow CutcellMG::solvePCG: preconditioner produced non-finite z; returning zero correction
peclet::flow CutcellMG::solvePCG: preconditioner produced non-finite z; returning zero correction
peclet::flow CutcellMG::solvePCG: preconditioner produced non-finite z; returning zero correction
peclet::flow CutcellMG::solvePCG: preconditioner produced non-finite z; returning zero correction
peclet::flow CutcellMG::solvePCG: preconditioner produced non-finite z; returning zero correction
peclet::flow CutcellMG::solvePCG: preconditioner produced non-finite z; returning zero correction
peclet::flow CutcellMG::solvePCG: preconditioner produced non-finite z; returning zero correction
peclet::flow CutcellMG::solvePCG: preconditioner produced non-finite z; returning zero correction
peclet::flow CutcellMG::solvePCG: preconditioner produced non-finite z; returning zero correction
peclet::flow CutcellMG::solvePCG: preconditioner produced non-finite z; returning zero correction
peclet::flow CutcellMG::solvePCG: preconditioner produced non-finite z; returning zero correction
peclet::flow CutcellMG::solvePCG: preconditioner produced non-finite z; returning zero correction
peclet::flow CutcellMG::solvePCG: preconditioner produced non-finite z; returning zero correction
peclet::flow CutcellMG::solvePCG: preconditioner produced non-finite z; returning zero correction
peclet::flow CutcellMG::solvePCG: preconditioner produced non-finite z; returning zero correction
peclet::flow CutcellMG::solvePCG: preconditioner produced non-finite z; returning zero correction
peclet::flow CutcellMG::solvePCG: preconditioner produced non-finite z; returning zero correction
peclet::flow CutcellMG::solvePCG: preconditioner produced non-finite z; returning zero correction
peclet::flow CutcellMG::solvePCG: preconditioner produced non-finite z; returning zero correction
peclet::flow CutcellMG::solvePCG: preconditioner produced non-finite z; returning zero correction
peclet::flow CutcellMG::solvePCG: preconditioner produced non-finite z; returning zero correction
peclet::flow CutcellMG::solvePCG: preconditioner produced non-finite z; returning zero correction
peclet::flow CutcellMG::solvePCG: preconditioner produced non-finite z; returning zero correction
peclet::flow CutcellMG::solvePCG: preconditioner produced non-finite z; returning zero correction
peclet::flow CutcellMG::solvePCG: preconditioner produced non-finite z; returning zero correction
peclet::flow CutcellMG::solvePCG: preconditioner produced non-finite z; returning zero correction
peclet::flow CutcellMG::solvePCG: preconditioner produced non-finite z; returning zero correction
peclet::flow CutcellMG::solvePCG: preconditioner produced non-finite z; returning zero correction
peclet::flow CutcellMG::solvePCG: preconditioner produced non-finite z; returning zero correction
peclet::flow CutcellMG::solvePCG   3000 -2.6300042e+148 -2.6075545e+148  0.000e+00  2.292e+00 -5.60e+148  +0.00e+00 dP=9.983e+152 |P|=1.174e+156
: preconditioner produced non-finite z; returning zero correction
peclet::flow CutcellMG::solvePCG: preconditioner produced non-finite z; returning zero correction
peclet::flow CutcellMG::solvePCG: preconditioner produced non-finite z; returning zero correction
peclet::flow CutcellMG::solvePCG: preconditioner produced non-finite z; returning zero correction
peclet::flow CutcellMG::solvePCG: preconditioner produced non-finite z; returning zero correction
peclet::flow CutcellMG::solvePCG: preconditioner produced non-finite z; returning zero correction
peclet::flow CutcellMG::solvePCG: preconditioner produced non-finite z; returning zero correction
peclet::flow CutcellMG::solvePCG: preconditioner produced non-finite z; returning zero correction
peclet::flow CutcellMG::solvePCG: preconditioner produced non-finite z; returning zero correction
peclet::flow CutcellMG::solvePCG: preconditioner produced non-finite z; returning zero correction
peclet::flow CutcellMG::solvePCG: preconditioner produced non-finite z; returning zero correction
peclet::flow CutcellMG::solvePCG: preconditioner produced non-finite z; returning zero correction
peclet::flow CutcellMG::solvePCG: preconditioner produced non-finite z; returning zero correction
peclet::flow CutcellMG::solvePCG: preconditioner produced non-finite z; returning zero correction
peclet::flow CutcellMG::solvePCG: preconditioner produced non-finite z; returning zero correction
peclet::flow CutcellMG::solvePCG: preconditioner produced non-finite z; returning zero correction
peclet::flow CutcellMG::solvePCG: preconditioner produced non-finite z; returning zero correction
peclet::flow CutcellMG::solvePCG: preconditioner produced non-finite z; returning zero correction
peclet::flow CutcellMG::solvePCG: preconditioner produced non-finite z; returning zero correction
peclet::flow CutcellMG::solvePCG: preconditioner produced non-finite z; returning zero correction
peclet::flow CutcellMG::solvePCG: preconditioner produced non-finite z; returning zero correction
peclet::flow CutcellMG::solvePCG: preconditioner produced non-finite z; returning zero correction
peclet::flow CutcellMG::solvePCG: preconditioner produced non-finite z; returning zero correction
peclet::flow CutcellMG::solvePCG: preconditioner produced non-finite z; returning zero correction
peclet::flow CutcellMG::solvePCG: preconditioner produced non-finite z; returning zero correction
peclet::flow CutcellMG::solvePCG: preconditioner produced non-finite z; returning zero correction
peclet::flow CutcellMG::solvePCG: preconditioner produced non-finite z; returning zero correction
peclet::flow CutcellMG::solvePCG: preconditioner produced non-finite z; returning zero correction
peclet::flow CutcellMG::solvePCG: preconditioner produced non-finite z; returning zero correction
peclet::flow CutcellMG::solvePCG: preconditioner produced non-finite z; returning zero correction
peclet::flow CutcellMG::solvePCG: preconditioner produced non-finite z; returning zero correction
peclet::flow CutcellMG::solvePCG: preconditioner produced non-finite z; returning zero correction
peclet::flow CutcellMG::solvePCG: preconditioner produced non-finite z; returning zero correction
peclet::flow CutcellMG::solvePCG: preconditioner produced non-finite z; returning zero correction
peclet::flow CutcellMG::solvePCG: preconditioner produced non-finite z; returning zero correction
peclet::flow CutcellMG::solvePCG: preconditioner produced non-finite z; returning zero correction
peclet::flow CutcellMG::solvePCG: preconditioner produced non-finite z; returning zero correction
peclet::flow CutcellMG::solvePCG: preconditioner produced non-finite z; returning zero correction
peclet::flow CutcellMG::solvePCG: preconditioner produced non-finite z; returning zero correction
peclet::flow CutcellMG::solvePCG: preconditioner produced non-finite z; returning zero correction
peclet::flow CutcellMG::solvePCG: preconditioner produced non-finite z; returning zero correction
peclet::flow CutcellMG::solvePCG: preconditioner produced non-finite z; returning zero correction
peclet::flow CutcellMG::solvePCG: preconditioner produced non-finite z; returning zero correction
peclet::flow CutcellMG::solvePCG: preconditioner produced non-finite z; returning zero correction
peclet::flow CutcellMG::solvePCG: preconditioner produced non-finite z; returning zero correction
peclet::flow CutcellMG::solvePCG: preconditioner produced non-finite z; returning zero correction
peclet::flow CutcellMG::solvePCG: preconditioner produced non-finite z; returning zero correction
peclet::flow CutcellMG::solvePCG: preconditioner produced non-finite z; returning zero correction
peclet::flow CutcellMG::solvePCG: preconditioner produced non-finite z; returning zero correction
peclet::flow CutcellMG::solvePCG: preconditioner produced non-finite z; returning zero correction
peclet::flow CutcellMG::solvePCG: preconditioner produced non-finite z; returning zero correction
peclet::flow CutcellMG::solvePCG: preconditioner produced non-finite z; returning zero correction
peclet::flow CutcellMG::solvePCG: preconditioner produced non-finite z; returning zero correction
peclet::flow CutcellMG::solvePCG: preconditioner produced non-finite z; returning zero correction
peclet::flow CutcellMG::solvePCG: preconditioner produced non-finite z; returning zero correction
peclet::flow CutcellMG::solvePCG: preconditioner produced non-finite z; returning zero correction
peclet::flow CutcellMG::solvePCG: preconditioner produced non-finite z; returning zero correction
peclet::flow CutcellMG::solvePCG: preconditioner produced non-finite z; returning zero correction
peclet::flow CutcellMG::solvePCG: preconditioner produced non-finite z; returning zero correction
peclet::flow CutcellMG::solvePCG: preconditioner produced non-finite z; returning zero correction
peclet::flow CutcellMG::solvePCG: preconditioner produced non-finite z; returning zero correction
peclet::flow CutcellMG::solvePCG: preconditioner produced non-finite z; returning zero correction
peclet::flow CutcellMG::solvePCG: preconditioner produced non-finite z; returning zero correction
peclet::flow CutcellMG::solvePCG: preconditioner produced non-finite z; returning zero correction
peclet::flow CutcellMG::solvePCG: preconditioner produced non-finite z; returning zero correction
peclet::flow CutcellMG::solvePCG: preconditioner produced non-finite z; returning zero correction
peclet::flow CutcellMG::solvePCG: preconditioner produced non-finite z; returning zero correction
peclet::flow CutcellMG::solvePCG: preconditioner produced non-finite z; returning zero correction
peclet::flow CutcellMG::solvePCG: preconditioner produced non-finite z; returning zero correction
peclet::flow CutcellMG::solvePCG: preconditioner produced non-finite z; returning zero correction
peclet::flow CutcellMG::solvePCG: preconditioner produced non-finite z; returning zero correction
peclet::flow CutcellMG::solvePCG: preconditioner produced non-finite z; returning zero correction
peclet::flow CutcellMG::solvePCG: preconditioner produced non-finite z; returning zero correction
peclet::flow CutcellMG::solvePCG: preconditioner produced non-finite z; returning zero correction
peclet::flow CutcellMG::solvePCG: preconditioner produced non-finite z; returning zero correction
peclet::flow CutcellMG::solvePCG: preconditioner produced non-finite z; returning zero correction
peclet::flow CutcellMG::solvePCG: preconditioner produced non-finite z; returning zero correction
peclet::flow CutcellMG::solvePCG: preconditioner produced non-finite z; returning zero correction
peclet::flow CutcellMG::solvePCG: preconditioner produced non-finite z; returning zero correction
peclet::flow CutcellMG::solvePCG: preconditioner produced non-finite z; returning zero correction
peclet::flow CutcellMG::solvePCG: preconditioner produced non-finite z; returning zero correction
peclet::flow CutcellMG::solvePCG: preconditioner produced non-finite z; returning zero correction
peclet::flow CutcellMG::solvePCG: preconditioner produced non-finite z; returning zero correction
peclet::flow CutcellMG::solvePCG: preconditioner produced non-finite z; returning zero correction
peclet::flow CutcellMG::solvePCG: preconditioner produced non-finite z; returning zero correction
peclet::flow CutcellMG::solvePCG: preconditioner produced non-finite z; returning zero correction
peclet::flow CutcellMG::solvePCG: preconditioner produced non-finite z; returning zero correction
peclet::flow CutcellMG::solvePCG: preconditioner produced non-finite z; returning zero correction
peclet::flow CutcellMG::solvePCG: preconditioner produced non-finite z; returning zero correction
peclet::flow CutcellMG::solvePCG: preconditioner produced non-finite z; returning zero correction
peclet::flow CutcellMG::solvePCG: preconditioner produced non-finite z; returning zero correction
peclet::flow CutcellMG::solvePCG: preconditioner produced non-finite z; returning zero correction
peclet::flow CutcellMG::solvePCG: preconditioner produced non-finite z; returning zero correction
peclet::flow CutcellMG::solvePCG: preconditioner produced non-finite z; returning zero correction
peclet::flow CutcellMG::solvePCG: preconditioner produced non-finite z; returning zero correction
peclet::flow CutcellMG::solvePCG: preconditioner produced non-finite z; returning zero correction
peclet::flow CutcellMG::solvePCG: preconditioner produced non-finite z; returning zero correction
peclet::flow CutcellMG::solvePCG: preconditioner produced non-finite z; returning zero correction
peclet::flow CutcellMG::solvePCG: preconditioner produced non-finite z; returning zero correction
peclet::flow CutcellMG::solvePCG: preconditioner produced non-finite z; returning zero correction
peclet::flow CutcellMG::solvePCG: preconditioner produced non-finite z; returning zero correction
peclet::flow CutcellMG::solvePCG: preconditioner produced non-finite z; returning zero correction
peclet::flow CutcellMG::solvePCG: preconditioner produced non-finite z; returning zero correction
peclet::flow CutcellMG::solvePCG: preconditioner produced non-finite z; returning zero correction
peclet::flow CutcellMG::solvePCG: preconditioner produced non-finite z; returning zero correction
peclet::flow CutcellMG::solvePCG: preconditioner produced non-finite z; returning zero correction
peclet::flow CutcellMG::solvePCG: preconditioner produced non-finite z; returning zero correction
peclet::flow CutcellMG::solvePCG: preconditioner produced non-finite z; returning zero correction
peclet::flow CutcellMG::solvePCG: preconditioner produced non-finite z; returning zero correction
peclet::flow CutcellMG::solvePCG: preconditioner produced non-finite z; returning zero correction
peclet::flow CutcellMG::solvePCG: preconditioner produced non-finite z; returning zero correction
peclet::flow CutcellMG::solvePCG: preconditioner produced non-finite z; returning zero correction
peclet::flow CutcellMG::solvePCG: preconditioner produced non-finite z; returning zero correction
peclet::flow CutcellMG::solvePCG: preconditioner produced non-finite z; returning zero correction
peclet::flow CutcellMG::solvePCG: preconditioner produced non-finite z; returning zero correction
peclet::flow CutcellMG::solvePCG: preconditioner produced non-finite z; returning zero correction
peclet::flow CutcellMG::solvePCG: preconditioner produced non-finite z; returning zero correction
peclet::flow CutcellMG::solvePCG: preconditioner produced non-finite z; returning zero correction
peclet::flow CutcellMG::solvePCG: preconditioner produced non-finite z; returning zero correction
peclet::flow CutcellMG::solvePCG: preconditioner produced non-finite z; returning zero correction
peclet::flow CutcellMG::solvePCG: preconditioner produced non-finite z; returning zero correction
peclet::flow CutcellMG::solvePCG: preconditioner produced non-finite z; returning zero correction
peclet::flow CutcellMG::solvePCG: preconditioner produced non-finite z; returning zero correction
peclet::flow CutcellMG::solvePCG: preconditioner produced non-finite z; returning zero correction
peclet::flow CutcellMG::solvePCG: preconditioner produced non-finite z; returning zero correction
peclet::flow CutcellMG::solvePCG: preconditioner produced non-finite z; returning zero correction
peclet::flow CutcellMG::solvePCG: preconditioner produced non-finite z; returning zero correction
peclet::flow CutcellMG::solvePCG: preconditioner produced non-finite z; returning zero correction
peclet::flow CutcellMG::solvePCG: preconditioner produced non-finite z; returning zero correction
peclet::flow CutcellMG::solvePCG: preconditioner produced non-finite z; returning zero correction
peclet::flow CutcellMG::solvePCG: preconditioner produced non-finite z; returning zero correction
peclet::flow CutcellMG::solvePCG: preconditioner produced non-finite z; returning zero correction
peclet::flow CutcellMG::solvePCG: preconditioner produced non-finite z; returning zero correction
peclet::flow CutcellMG::solvePCG: preconditioner produced non-finite z; returning zero correction
peclet::flow CutcellMG::solvePCG: preconditioner produced non-finite z; returning zero correction
peclet::flow CutcellMG::solvePCG: preconditioner produced non-finite z; returning zero correction
peclet::flow CutcellMG::solvePCG: preconditioner produced non-finite z; returning zero correction
peclet::flow CutcellMG::solvePCG: preconditioner produced non-finite z; returning zero correction
peclet::flow CutcellMG::solvePCG: preconditioner produced non-finite z; returning zero correction
peclet::flow CutcellMG::solvePCG: preconditioner produced non-finite z; returning zero correction
peclet::flow CutcellMG::solvePCG: preconditioner produced non-finite z; returning zero correction
peclet::flow CutcellMG::solvePCG: preconditioner produced non-finite z; returning zero correction
peclet::flow CutcellMG::solvePCG: preconditioner produced non-finite z; returning zero correction
peclet::flow CutcellMG::solvePCG: preconditioner produced non-finite z; returning zero correction
peclet::flow CutcellMG::solvePCG: preconditioner produced non-finite z; returning zero correction
peclet::flow CutcellMG::solvePCG: preconditioner produced non-finite z; returning zero correction
peclet::flow CutcellMG::solvePCG: preconditioner produced non-finite z; returning zero correction
peclet::flow CutcellMG::solvePCG: preconditioner produced non-finite z; returning zero correction
peclet::flow CutcellMG::solvePCG: preconditioner produced non-finite z; returning zero correction
peclet::flow CutcellMG::solvePCG: preconditioner produced non-finite z; returning zero correction
peclet::flow CutcellMG::solvePCG: preconditioner produced non-finite z; returning zero correction
peclet::flow CutcellMG::solvePCG: preconditioner produced non-finite z; returning zero correction
peclet::flow CutcellMG::solvePCG: preconditioner produced non-finite z; returning zero correction
peclet::flow CutcellMG::solvePCG: preconditioner produced non-finite z; returning zero correction
peclet::flow CutcellMG::solvePCG: preconditioner produced non-finite z; returning zero correction
peclet::flow CutcellMG::solvePCG: preconditioner produced non-finite z; returning zero correction
peclet::flow CutcellMG::solvePCG: preconditioner produced non-finite z; returning zero correction
peclet::flow CutcellMG::solvePCG: preconditioner produced non-finite z; returning zero correction
peclet::flow CutcellMG::solvePCG: preconditioner produced non-finite z; returning zero correction
peclet::flow CutcellMG::solvePCG: preconditioner produced non-finite z; returning zero correction
peclet::flow CutcellMG::solvePCG: preconditioner produced non-finite z; returning zero correction
peclet::flow CutcellMG::solvePCG: preconditioner produced non-finite z; returning zero correction
peclet::flow CutcellMG::solvePCG: preconditioner produced non-finite z; returning zero correction
peclet::flow CutcellMG::solvePCG: preconditioner produced non-finite z; returning zero correction
peclet::flow CutcellMG::solvePCG: preconditioner produced non-finite z; returning zero correction
peclet::flow CutcellMG::solvePCG: preconditioner produced non-finite z; returning zero correction
peclet::flow CutcellMG::solvePCG: preconditioner produced non-finite z; returning zero correction
peclet::flow CutcellMG::solvePCG: preconditioner produced non-finite z; returning zero correction
peclet::flow CutcellMG::solvePCG: preconditioner produced non-finite z; returning zero correction
peclet::flow CutcellMG::solvePCG: preconditioner produced non-finite z; returning zero correction
peclet::flow CutcellMG::solvePCG: preconditioner produced non-finite z; returning zero correction
peclet::flow CutcellMG::solvePCG: preconditioner produced non-finite z; returning zero correction
peclet::flow CutcellMG::solvePCG: preconditioner produced non-finite z; returning zero correction
peclet::flow CutcellMG::solvePCG: preconditioner produced non-finite z; returning zero correction
peclet::flow CutcellMG::solvePCG: preconditioner produced non-finite z; returning zero correction
peclet::flow CutcellMG::solvePCG: preconditioner produced non-finite z; returning zero correction
peclet::flow CutcellMG::solvePCG: preconditioner produced non-finite z; returning zero correction
peclet::flow CutcellMG::solvePCG: preconditioner produced non-finite z; returning zero correction
peclet::flow CutcellMG::solvePCG: preconditioner produced non-finite z; returning zero correction
peclet::flow CutcellMG::solvePCG: preconditioner produced non-finite z; returning zero correction
peclet::flow CutcellMG::solvePCG: preconditioner produced non-finite z; returning zero correction
peclet::flow CutcellMG::solvePCG: preconditioner produced non-finite z; returning zero correction
peclet::flow CutcellMG::solvePCG: preconditioner produced non-finite z; returning zero correction
peclet::flow CutcellMG::solvePCG: preconditioner produced non-finite z; returning zero correction
peclet::flow CutcellMG::solvePCG: preconditioner produced non-finite z; returning zero correction
peclet::flow CutcellMG::solvePCG: preconditioner produced non-finite z; returning zero correction
peclet::flow CutcellMG::solvePCG: preconditioner produced non-finite z; returning zero correction
peclet::flow CutcellMG::solvePCG: preconditioner produced non-finite z; returning zero correction
peclet::flow CutcellMG::solvePCG: preconditioner produced non-finite z; returning zero correction
peclet::flow CutcellMG::solvePCG: preconditioner produced non-finite z; returning zero correction
peclet::flow CutcellMG::solvePCG: preconditioner produced non-finite z; returning zero correction
peclet::flow CutcellMG::solvePCG: preconditioner produced non-finite z; returning zero correction
peclet::flow CutcellMG::solvePCG: preconditioner produced non-finite z; returning zero correction
peclet::flow CutcellMG::solvePCG: preconditioner produced non-finite z; returning zero correction
peclet::flow CutcellMG::solvePCG: preconditioner produced non-finite z; returning zero correction
peclet::flow CutcellMG::solvePCG: preconditioner produced non-finite z; returning zero correction
peclet::flow CutcellMG::solvePCG: preconditioner produced non-finite z; returning zero correction
peclet::flow CutcellMG::solvePCG: preconditioner produced non-finite z; returning zero correction
peclet::flow CutcellMG::solvePCG: preconditioner produced non-finite z; returning zero correction
peclet::flow CutcellMG::solvePCG: preconditioner produced non-finite z; returning zero correction
peclet::flow CutcellMG::solvePCG: preconditioner produced non-finite z; returning zero correction
peclet::flow CutcellMG::solvePCG: preconditioner produced non-finite z; returning zero correction
peclet::flow CutcellMG::solvePCG: preconditioner produced non-finite z; returning zero correction
peclet::flow CutcellMG::solvePCG: preconditioner produced non-finite z; returning zero correction
peclet::flow CutcellMG::solvePCG: preconditioner produced non-finite z; returning zero correction
peclet::flow CutcellMG::solvePCG: preconditioner produced non-finite z; returning zero correction
peclet::flow CutcellMG::solvePCG: preconditioner produced non-finite z; returning zero correction
peclet::flow CutcellMG::solvePCG: preconditioner produced non-finite z; returning zero correction
peclet::flow CutcellMG::solvePCG: preconditioner produced non-finite z; returning zero correction
peclet::flow CutcellMG::solvePCG: preconditioner produced non-finite z; returning zero correction
peclet::flow CutcellMG::solvePCG: preconditioner produced non-finite z; returning zero correction
peclet::flow CutcellMG::solvePCG: preconditioner produced non-finite z; returning zero correction
peclet::flow CutcellMG::solvePCG: preconditioner produced non-finite z; returning zero correction
peclet::flow CutcellMG::solvePCG: preconditioner produced non-finite z; returning zero correction
peclet::flow CutcellMG::solvePCG: preconditioner produced non-finite z; returning zero correction
peclet::flow CutcellMG::solvePCG: preconditioner produced non-finite z; returning zero correction
peclet::flow CutcellMG::solvePCG: preconditioner produced non-finite z; returning zero correction
peclet::flow CutcellMG::solvePCG: preconditioner produced non-finite z; returning zero correction
peclet::flow CutcellMG::solvePCG: preconditioner produced non-finite z; returning zero correction
peclet::flow CutcellMG::solvePCG: preconditioner produced non-finite z; returning zero correction
peclet::flow CutcellMG::solvePCG: preconditioner produced non-finite z; returning zero correction
peclet::flow CutcellMG::solvePCG: preconditioner produced non-finite z; returning zero correction
peclet::flow CutcellMG::solvePCG: preconditioner produced non-finite z; returning zero correction
peclet::flow CutcellMG::solvePCG: preconditioner produced non-finite z; returning zero correction
peclet::flow CutcellMG::solvePCG: preconditioner produced non-finite z; returning zero correction
peclet::flow CutcellMG::solvePCG: preconditioner produced non-finite z; returning zero correction
peclet::flow CutcellMG::solvePCG: preconditioner produced non-finite z; returning zero correction
peclet::flow CutcellMG::solvePCG: preconditioner produced non-finite z; returning zero correction
peclet::flow CutcellMG::solvePCG: preconditioner produced non-finite z; returning zero correction
peclet::flow CutcellMG::solvePCG: preconditioner produced non-finite z; returning zero correction
peclet::flow CutcellMG::solvePCG: preconditioner produced non-finite z; returning zero correction
peclet::flow CutcellMG::solvePCG: preconditioner produced non-finite z; returning zero correction
peclet::flow CutcellMG::solvePCG: preconditioner produced non-finite z; returning zero correction
peclet::flow CutcellMG::solvePCG: preconditioner produced non-finite z; returning zero correction
peclet::flow CutcellMG::solvePCG: preconditioner produced non-finite z; returning zero correction
peclet::flow CutcellMG::solvePCG: preconditioner produced non-finite z; returning zero correction
peclet::flow CutcellMG::solvePCG: preconditioner produced non-finite z; returning zero correction
peclet::flow CutcellMG::solvePCG: preconditioner produced non-finite z; returning zero correction
peclet::flow CutcellMG::solvePCG: preconditioner produced non-finite z; returning zero correction
peclet::flow CutcellMG::solvePCG: preconditioner produced non-finite z; returning zero correction
peclet::flow CutcellMG::solvePCG: preconditioner produced non-finite z; returning zero correction
peclet::flow CutcellMG::solvePCG: preconditioner produced non-finite z; returning zero correction
peclet::flow CutcellMG::solvePCG: preconditioner produced non-finite z; returning zero correction
peclet::flow CutcellMG::solvePCG: preconditioner produced non-finite z; returning zero correction
peclet::flow CutcellMG::solvePCG: preconditioner produced non-finite z; returning zero correction
peclet::flow CutcellMG::solvePCG: preconditioner produced non-finite z; returning zero correction
peclet::flow CutcellMG::solvePCG: preconditioner produced non-finite z; returning zero correction
peclet::flow CutcellMG::solvePCG: preconditioner produced non-finite z; returning zero correction
peclet::flow CutcellMG::solvePCG: preconditioner produced non-finite z; returning zero correction
peclet::flow CutcellMG::solvePCG: preconditioner produced non-finite z; returning zero correction
peclet::flow CutcellMG::solvePCG: preconditioner produced non-finite z; returning zero correction
peclet::flow CutcellMG::solvePCG: preconditioner produced non-finite z; returning zero correction
peclet::flow CutcellMG::solvePCG: preconditioner produced non-finite z; returning zero correction
peclet::flow CutcellMG::solvePCG: preconditioner produced non-finite z; returning zero correction
peclet::flow CutcellMG::solvePCG: preconditioner produced non-finite z; returning zero correction
peclet::flow CutcellMG::solvePCG: preconditioner produced non-finite z; returning zero correction
peclet::flow CutcellMG::solvePCG: preconditioner produced non-finite z; returning zero correction
peclet::flow CutcellMG::solvePCG: preconditioner produced non-finite z; returning zero correction
peclet::flow CutcellMG::solvePCG: preconditioner produced non-finite z; returning zero correction
peclet::flow CutcellMG::solvePCG: preconditioner produced non-finite z; returning zero correction
peclet::flow CutcellMG::solvePCG: preconditioner produced non-finite z; returning zero correction
peclet::flow CutcellMG::solvePCG: preconditioner produced non-finite z; returning zero correction
peclet::flow CutcellMG::solvePCG: preconditioner produced non-finite z; returning zero correction
peclet::flow CutcellMG::solvePCG: preconditioner produced non-finite z; returning zero correction
peclet::flow CutcellMG::solvePCG: preconditioner produced non-finite z; returning zero correction
peclet::flow CutcellMG::solvePCG: preconditioner produced non-finite z; returning zero correction
peclet::flow CutcellMG::solvePCG: preconditioner produced non-finite z; returning zero correction
peclet::flow CutcellMG::solvePCG: preconditioner produced non-finite z; returning zero correction
peclet::flow CutcellMG::solvePCG: preconditioner produced non-finite z; returning zero correction
peclet::flow CutcellMG::solvePCG: preconditioner produced non-finite z; returning zero correction
peclet::flow CutcellMG::solvePCG: preconditioner produced non-finite z; returning zero correction
peclet::flow CutcellMG::solvePCG: preconditioner produced non-finite z; returning zero correction
peclet::flow CutcellMG::solvePCG: preconditioner produced non-finite z; returning zero correction
peclet::flow CutcellMG::solvePCG: preconditioner produced non-finite z; returning zero correction
peclet::flow CutcellMG::solvePCG: preconditioner produced non-finite z; returning zero correction
peclet::flow CutcellMG::solvePCG: preconditioner produced non-finite z; returning zero correction
peclet::flow CutcellMG::solvePCG: preconditioner produced non-finite z; returning zero correction
peclet::flow CutcellMG::solvePCG: preconditioner produced non-finite z; returning zero correction
peclet::flow CutcellMG::solvePCG: preconditioner produced non-finite z; returning zero correction
peclet::flow CutcellMG::solvePCG: preconditioner produced non-finite z; returning zero correction
peclet::flow CutcellMG::solvePCG: preconditioner produced non-finite z; returning zero correction
peclet::flow CutcellMG::solvePCG: preconditioner produced non-finite z; returning zero correction
peclet::flow CutcellMG::solvePCG: preconditioner produced non-finite z; returning zero correction
peclet::flow CutcellMG::solvePCG: preconditioner produced non-finite z; returning zero correction
peclet::flow CutcellMG::solvePCG: preconditioner produced non-finite z; returning zero correction
peclet::flow CutcellMG::solvePCG: preconditioner produced non-finite z; returning zero correction
peclet::flow CutcellMG::solvePCG: preconditioner produced non-finite z; returning zero correction
peclet::flow CutcellMG::solvePCG: preconditioner produced non-finite z; returning zero correction
peclet::flow CutcellMG::solvePCG: preconditioner produced non-finite z; returning zero correction
peclet::flow CutcellMG::solvePCG: preconditioner produced non-finite z; returning zero correction
peclet::flow CutcellMG::solvePCG: preconditioner produced non-finite z; returning zero correction
peclet::flow CutcellMG::solvePCG: preconditioner produced non-finite z; returning zero correction
peclet::flow CutcellMG::solvePCG: preconditioner produced non-finite z; returning zero correction
peclet::flow CutcellMG::solvePCG: preconditioner produced non-finite z; returning zero correction
peclet::flow CutcellMG::solvePCG: preconditioner produced non-finite z; returning zero correction
peclet::flow CutcellMG::solvePCG: preconditioner produced non-finite z; returning zero correction
peclet::flow CutcellMG::solvePCG: preconditioner produced non-finite z; returning zero correction
peclet::flow CutcellMG::solvePCG: preconditioner produced non-finite z; returning zero correction
peclet::flow CutcellMG::solvePCG: preconditioner produced non-finite z; returning zero correction
peclet::flow CutcellMG::solvePCG: preconditioner produced non-finite z; returning zero correction
peclet::flow CutcellMG::solvePCG: preconditioner produced non-finite z; returning zero correction
peclet::flow CutcellMG::solvePCG: preconditioner produced non-finite z; returning zero correction
peclet::flow CutcellMG::solvePCG: preconditioner produced non-finite z; returning zero correction
peclet::flow CutcellMG::solvePCG: preconditioner produced non-finite z; returning zero correction
peclet::flow CutcellMG::solvePCG: preconditioner produced non-finite z; returning zero correction
peclet::flow CutcellMG::solvePCG: preconditioner produced non-finite z; returning zero correction
peclet::flow CutcellMG::solvePCG: preconditioner produced non-finite z; returning zero correction
peclet::flow CutcellMG::solvePCG: preconditioner produced non-finite z; returning zero correction
peclet::flow CutcellMG::solvePCG: preconditioner produced non-finite z; returning zero correction
peclet::flow CutcellMG::solvePCG: preconditioner produced non-finite z; returning zero correction
peclet::flow CutcellMG::solvePCG: preconditioner produced non-finite z; returning zero correction
peclet::flow CutcellMG::solvePCG: preconditioner produced non-finite z; returning zero correction
peclet::flow CutcellMG::solvePCG: preconditioner produced non-finite z; returning zero correction
peclet::flow CutcellMG::solvePCG: preconditioner produced non-finite z; returning zero correction
peclet::flow CutcellMG::solvePCG: preconditioner produced non-finite z; returning zero correction
peclet::flow CutcellMG::solvePCG: preconditioner produced non-finite z; returning zero correction
peclet::flow CutcellMG::solvePCG: preconditioner produced non-finite z; returning zero correction
peclet::flow CutcellMG::solvePCG: preconditioner produced non-finite z; returning zero correction
peclet::flow CutcellMG::solvePCG: preconditioner produced non-finite z; returning zero correction
peclet::flow CutcellMG::solvePCG: preconditioner produced non-finite z; returning zero correction
peclet::flow CutcellMG::solvePCG: preconditioner produced non-finite z; returning zero correction
peclet::flow CutcellMG::solvePCG: preconditioner produced non-finite z; returning zero correction
peclet::flow CutcellMG::solvePCG: preconditioner produced non-finite z; returning zero correction
peclet::flow CutcellMG::solvePCG: preconditioner produced non-finite z; returning zero correction
peclet::flow CutcellMG::solvePCG: preconditioner produced non-finite z; returning zero correction
peclet::flow CutcellMG::solvePCG: preconditioner produced non-finite z; returning zero correction
peclet::flow CutcellMG::solvePCG: preconditioner produced non-finite z; returning zero correction
peclet::flow CutcellMG::solvePCG: preconditioner produced non-finite z; returning zero correction
peclet::flow CutcellMG::solvePCG: preconditioner produced non-finite z; returning zero correction
peclet::flow CutcellMG::solvePCG: preconditioner produced non-finite z; returning zero correction
peclet::flow CutcellMG::solvePCG: preconditioner produced non-finite z; returning zero correction
peclet::flow CutcellMG::solvePCG: preconditioner produced non-finite z; returning zero correction
peclet::flow CutcellMG::solvePCG: preconditioner produced non-finite z; returning zero correction
peclet::flow CutcellMG::solvePCG: preconditioner produced non-finite z; returning zero correction
peclet::flow CutcellMG::solvePCG: preconditioner produced non-finite z; returning zero correction
peclet::flow CutcellMG::solvePCG: preconditioner produced non-finite z; returning zero correction
peclet::flow CutcellMG::solvePCG: preconditioner produced non-finite z; returning zero correction
peclet::flow CutcellMG::solvePCG: preconditioner produced non-finite z; returning zero correction
peclet::flow CutcellMG::solvePCG: preconditioner produced non-finite z; returning zero correction
peclet::flow CutcellMG::solvePCG: preconditioner produced non-finite z; returning zero correction
peclet::flow CutcellMG::solvePCG: preconditioner produced non-finite z; returning zero correction
peclet::flow CutcellMG::solvePCG: preconditioner produced non-finite z; returning zero correction
peclet::flow CutcellMG::solvePCG: preconditioner produced non-finite z; returning zero correction
peclet::flow CutcellMG::solvePCG: preconditioner produced non-finite z; returning zero correction
peclet::flow CutcellMG::solvePCG: preconditioner produced non-finite z; returning zero correction
peclet::flow CutcellMG::solvePCG: preconditioner produced non-finite z; returning zero correction
peclet::flow CutcellMG::solvePCG: preconditioner produced non-finite z; returning zero correction
peclet::flow CutcellMG::solvePCG: preconditioner produced non-finite z; returning zero correction
peclet::flow CutcellMG::solvePCG: preconditioner produced non-finite z; returning zero correction
peclet::flow CutcellMG::solvePCG: preconditioner produced non-finite z; returning zero correction
peclet::flow CutcellMG::solvePCG: preconditioner produced non-finite z; returning zero correction
peclet::flow CutcellMG::solvePCG: preconditioner produced non-finite z; returning zero correction
peclet::flow CutcellMG::solvePCG: preconditioner produced non-finite z; returning zero correction
peclet::flow CutcellMG::solvePCG: preconditioner produced non-finite z; returning zero correction
peclet::flow CutcellMG::solvePCG: preconditioner produced non-finite z; returning zero correction
peclet::flow CutcellMG::solvePCG: preconditioner produced non-finite z; returning zero correction
peclet::flow CutcellMG::solvePCG: preconditioner produced non-finite z; returning zero correction
peclet::flow CutcellMG::solvePCG: preconditioner produced non-finite z; returning zero correction
peclet::flow CutcellMG::solvePCG: preconditioner produced non-finite z; returning zero correction
peclet::flow CutcellMG::solvePCG: preconditioner produced non-finite z; returning zero correction
peclet::flow CutcellMG::solvePCG: preconditioner produced non-finite z; returning zero correction
peclet::flow CutcellMG::solvePCG: preconditioner produced non-finite z; returning zero correction
peclet::flow CutcellMG::solvePCG: preconditioner produced non-finite z; returning zero correction
peclet::flow CutcellMG::solvePCG: preconditioner produced non-finite z; returning zero correction
peclet::flow CutcellMG::solvePCG: preconditioner produced non-finite z; returning zero correction
peclet::flow CutcellMG::solvePCG: preconditioner produced non-finite z; returning zero correction
peclet::flow CutcellMG::solvePCG: preconditioner produced non-finite z; returning zero correction
peclet::flow CutcellMG::solvePCG: preconditioner produced non-finite z; returning zero correction
peclet::flow CutcellMG::solvePCG: preconditioner produced non-finite z; returning zero correction
peclet::flow CutcellMG::solvePCG: preconditioner produced non-finite z; returning zero correction
peclet::flow CutcellMG::solvePCG: preconditioner produced non-finite z; returning zero correction
peclet::flow CutcellMG::solvePCG: preconditioner produced non-finite z; returning zero correction
peclet::flow CutcellMG::solvePCG: preconditioner produced non-finite z; returning zero correction
peclet::flow CutcellMG::solvePCG: preconditioner produced non-finite z; returning zero correction
peclet::flow CutcellMG::solvePCG: preconditioner produced non-finite z; returning zero correction
peclet::flow CutcellMG::solvePCG: preconditioner produced non-finite z; returning zero correction
peclet::flow CutcellMG::solvePCG: preconditioner produced non-finite z; returning zero correction
peclet::flow CutcellMG::solvePCG: preconditioner produced non-finite z; returning zero correction
peclet::flow CutcellMG::solvePCG: preconditioner produced non-finite z; returning zero correction
peclet::flow CutcellMG::solvePCG: preconditioner produced non-finite z; returning zero correction
peclet::flow CutcellMG::solvePCG: preconditioner produced non-finite z; returning zero correction
peclet::flow CutcellMG::solvePCG: preconditioner produced non-finite z; returning zero correction
peclet::flow CutcellMG::solvePCG: preconditioner produced non-finite z; returning zero correction
peclet::flow CutcellMG::solvePCG: preconditioner produced non-finite z; returning zero correction
peclet::flow CutcellMG::solvePCG: preconditioner produced non-finite z; returning zero correction
peclet::flow CutcellMG::solvePCG: preconditioner produced non-finite z; returning zero correction
peclet::flow CutcellMG::solvePCG: preconditioner produced non-finite z; returning zero correction
peclet::flow CutcellMG::solvePCG: preconditioner produced non-finite z; returning zero correction
peclet::flow CutcellMG::solvePCG: preconditioner produced non-finite z; returning zero correction
peclet::flow CutcellMG::solvePCG: preconditioner produced non-finite z; returning zero correction
peclet::flow CutcellMG::solvePCG: preconditioner produced non-finite z; returning zero correction
peclet::flow CutcellMG::solvePCG: preconditioner produced non-finite z; returning zero correction
peclet::flow CutcellMG::solvePCG: preconditioner produced non-finite z; returning zero correction
peclet::flow CutcellMG::solvePCG: preconditioner produced non-finite z; returning zero correction
peclet::flow CutcellMG::solvePCG: preconditioner produced non-finite z; returning zero correction
peclet::flow CutcellMG::solvePCG: preconditioner produced non-finite z; returning zero correction
peclet::flow CutcellMG::solvePCG: preconditioner produced non-finite z; returning zero correction
peclet::flow CutcellMG::solvePCG: preconditioner produced non-finite z; returning zero correction
peclet::flow CutcellMG::solvePCG: preconditioner produced non-finite z; returning zero correction
peclet::flow CutcellMG::solvePCG: preconditioner produced non-finite z; returning zero correction
peclet::flow CutcellMG::solvePCG: preconditioner produced non-finite z; returning zero correction
peclet::flow CutcellMG::solvePCG: preconditioner produced non-finite z; returning zero correction
peclet::flow CutcellMG::solvePCG: preconditioner produced non-finite z; returning zero correction
peclet::flow CutcellMG::solvePCG: preconditioner produced non-finite z; returning zero correction
peclet::flow CutcellMG::solvePCG: preconditioner produced non-finite z; returning zero correction
peclet::flow CutcellMG::solvePCG: preconditioner produced non-finite z; returning zero correction
peclet::flow CutcellMG::solvePCG: preconditioner produced non-finite z; returning zero correction
peclet::flow CutcellMG::solvePCG: preconditioner produced non-finite z; returning zero correction
peclet::flow CutcellMG::solvePCG: preconditioner produced non-finite z; returning zero correction
peclet::flow CutcellMG::solvePCG: preconditioner produced non-finite z; returning zero correction
peclet::flow CutcellMG::solvePCG: preconditioner produced non-finite z; returning zero correction
peclet::flow CutcellMG::solvePCG: preconditioner produced non-finite z; returning zero correction
peclet::flow CutcellMG::solvePCG: preconditioner produced non-finite z; returning zero correction
peclet::flow CutcellMG::solvePCG: preconditioner produced non-finite z; returning zero correction
peclet::flow CutcellMG::solvePCG: preconditioner produced non-finite z; returning zero correction
peclet::flow CutcellMG::solvePCG: preconditioner produced non-finite z; returning zero correction
peclet::flow CutcellMG::solvePCG: preconditioner produced non-finite z; returning zero correction
peclet::flow CutcellMG::solvePCG: preconditioner produced non-finite z; returning zero correction
peclet::flow CutcellMG::solv   3500 2.3646156e+148 2.3338543e+148  0.000e+00  3.010e+00 +4.99e+148  +0.00e+00 dP=5.073e+152 |P|=1.175e+156
ePCG: preconditioner produced non-finite z; returning zero correction
peclet::flow CutcellMG::solvePCG: preconditioner produced non-finite z; returning zero correction
peclet::flow CutcellMG::solvePCG: preconditioner produced non-finite z; returning zero correction
peclet::flow CutcellMG::solvePCG: preconditioner produced non-finite z; returning zero correction
peclet::flow CutcellMG::solvePCG: preconditioner produced non-finite z; returning zero correction
peclet::flow CutcellMG::solvePCG: preconditioner produced non-finite z; returning zero correction
peclet::flow CutcellMG::solvePCG: preconditioner produced non-finite z; returning zero correction
peclet::flow CutcellMG::solvePCG: preconditioner produced non-finite z; returning zero correction
peclet::flow CutcellMG::solvePCG: preconditioner produced non-finite z; returning zero correction
peclet::flow CutcellMG::solvePCG: preconditioner produced non-finite z; returning zero correction
peclet::flow CutcellMG::solvePCG: preconditioner produced non-finite z; returning zero correction
peclet::flow CutcellMG::solvePCG: preconditioner produced non-finite z; returning zero correction
peclet::flow CutcellMG::solvePCG: preconditioner produced non-finite z; returning zero correction
peclet::flow CutcellMG::solvePCG: preconditioner produced non-finite z; returning zero correction
peclet::flow CutcellMG::solvePCG: preconditioner produced non-finite z; returning zero correction
peclet::flow CutcellMG::solvePCG: preconditioner produced non-finite z; returning zero correction
peclet::flow CutcellMG::solvePCG: preconditioner produced non-finite z; returning zero correction
peclet::flow CutcellMG::solvePCG: preconditioner produced non-finite z; returning zero correction
peclet::flow CutcellMG::solvePCG: preconditioner produced non-finite z; returning zero correction
peclet::flow CutcellMG::solvePCG: preconditioner produced non-finite z; returning zero correction
peclet::flow CutcellMG::solvePCG: preconditioner produced non-finite z; returning zero correction
peclet::flow CutcellMG::solvePCG: preconditioner produced non-finite z; returning zero correction
peclet::flow CutcellMG::solvePCG: preconditioner produced non-finite z; returning zero correction
peclet::flow CutcellMG::solvePCG: preconditioner produced non-finite z; returning zero correction
peclet::flow CutcellMG::solvePCG: preconditioner produced non-finite z; returning zero correction
peclet::flow CutcellMG::solvePCG: preconditioner produced non-finite z; returning zero correction
peclet::flow CutcellMG::solvePCG: preconditioner produced non-finite z; returning zero correction
peclet::flow CutcellMG::solvePCG: preconditioner produced non-finite z; returning zero correction
peclet::flow CutcellMG::solvePCG: preconditioner produced non-finite z; returning zero correction
peclet::flow CutcellMG::solvePCG: preconditioner produced non-finite z; returning zero correction
peclet::flow CutcellMG::solvePCG: preconditioner produced non-finite z; returning zero correction
peclet::flow CutcellMG::solvePCG: preconditioner produced non-finite z; returning zero correction
peclet::flow CutcellMG::solvePCG: preconditioner produced non-finite z; returning zero correction
peclet::flow CutcellMG::solvePCG: preconditioner produced non-finite z; returning zero correction
peclet::flow CutcellMG::solvePCG: preconditioner produced non-finite z; returning zero correction
peclet::flow CutcellMG::solvePCG: preconditioner produced non-finite z; returning zero correction
peclet::flow CutcellMG::solvePCG: preconditioner produced non-finite z; returning zero correction
peclet::flow CutcellMG::solvePCG: preconditioner produced non-finite z; returning zero correction
peclet::flow CutcellMG::solvePCG: preconditioner produced non-finite z; returning zero correction
peclet::flow CutcellMG::solvePCG: preconditioner produced non-finite z; returning zero correction
peclet::flow CutcellMG::solvePCG: preconditioner produced non-finite z; returning zero correction
peclet::flow CutcellMG::solvePCG: preconditioner produced non-finite z; returning zero correction
peclet::flow CutcellMG::solvePCG: preconditioner produced non-finite z; returning zero correction
peclet::flow CutcellMG::solvePCG: preconditioner produced non-finite z; returning zero correction
peclet::flow CutcellMG::solvePCG: preconditioner produced non-finite z; returning zero correction
peclet::flow CutcellMG::solvePCG: preconditioner produced non-finite z; returning zero correction
peclet::flow CutcellMG::solvePCG: preconditioner produced non-finite z; returning zero correction
peclet::flow CutcellMG::solvePCG: preconditioner produced non-finite z; returning zero correction
peclet::flow CutcellMG::solvePCG: preconditioner produced non-finite z; returning zero correction
peclet::flow CutcellMG::solvePCG: preconditioner produced non-finite z; returning zero correction
peclet::flow CutcellMG::solvePCG: preconditioner produced non-finite z; returning zero correction
peclet::flow CutcellMG::solvePCG: preconditioner produced non-finite z; returning zero correction
peclet::flow CutcellMG::solvePCG: preconditioner produced non-finite z; returning zero correction
peclet::flow CutcellMG::solvePCG: preconditioner produced non-finite z; returning zero correction
peclet::flow CutcellMG::solvePCG: preconditioner produced non-finite z; returning zero correction
peclet::flow CutcellMG::solvePCG: preconditioner produced non-finite z; returning zero correction
peclet::flow CutcellMG::solvePCG: preconditioner produced non-finite z; returning zero correction
peclet::flow CutcellMG::solvePCG: preconditioner produced non-finite z; returning zero correction
peclet::flow CutcellMG::solvePCG: preconditioner produced non-finite z; returning zero correction
peclet::flow CutcellMG::solvePCG: preconditioner produced non-finite z; returning zero correction
peclet::flow CutcellMG::solvePCG: preconditioner produced non-finite z; returning zero correction
peclet::flow CutcellMG::solvePCG: preconditioner produced non-finite z; returning zero correction
peclet::flow CutcellMG::solvePCG: preconditioner produced non-finite z; returning zero correction
peclet::flow CutcellMG::solvePCG: preconditioner produced non-finite z; returning zero correction
peclet::flow CutcellMG::solvePCG: preconditioner produced non-finite z; returning zero correction
peclet::flow CutcellMG::solvePCG: preconditioner produced non-finite z; returning zero correction
peclet::flow CutcellMG::solvePCG: preconditioner produced non-finite z; returning zero correction
peclet::flow CutcellMG::solvePCG: preconditioner produced non-finite z; returning zero correction
peclet::flow CutcellMG::solvePCG: preconditioner produced non-finite z; returning zero correction
peclet::flow CutcellMG::solvePCG: preconditioner produced non-finite z; returning zero correction
peclet::flow CutcellMG::solvePCG: preconditioner produced non-finite z; returning zero correction
peclet::flow CutcellMG::solvePCG: preconditioner produced non-finite z; returning zero correction
peclet::flow CutcellMG::solvePCG: preconditioner produced non-finite z; returning zero correction
peclet::flow CutcellMG::solvePCG: preconditioner produced non-finite z; returning zero correction
peclet::flow CutcellMG::solvePCG: preconditioner produced non-finite z; returning zero correction
peclet::flow CutcellMG::solvePCG: preconditioner produced non-finite z; returning zero correction
peclet::flow CutcellMG::solvePCG: preconditioner produced non-finite z; returning zero correction
peclet::flow CutcellMG::solvePCG: preconditioner produced non-finite z; returning zero correction
peclet::flow CutcellMG::solvePCG: preconditioner produced non-finite z; returning zero correction
peclet::flow CutcellMG::solvePCG: preconditioner produced non-finite z; returning zero correction
peclet::flow CutcellMG::solvePCG: preconditioner produced non-finite z; returning zero correction
peclet::flow CutcellMG::solvePCG: preconditioner produced non-finite z; returning zero correction
peclet::flow CutcellMG::solvePCG: preconditioner produced non-finite z; returning zero correction
peclet::flow CutcellMG::solvePCG: preconditioner produced non-finite z; returning zero correction
peclet::flow CutcellMG::solvePCG: preconditioner produced non-finite z; returning zero correction
peclet::flow CutcellMG::solvePCG: preconditioner produced non-finite z; returning zero correction
peclet::flow CutcellMG::solvePCG: preconditioner produced non-finite z; returning zero correction
peclet::flow CutcellMG::solvePCG: preconditioner produced non-finite z; returning zero correction
peclet::flow CutcellMG::solvePCG: preconditioner produced non-finite z; returning zero correction
peclet::flow CutcellMG::solvePCG: preconditioner produced non-finite z; returning zero correction
peclet::flow CutcellMG::solvePCG: preconditioner produced non-finite z; returning zero correction
peclet::flow CutcellMG::solvePCG: preconditioner produced non-finite z; returning zero correction
peclet::flow CutcellMG::solvePCG: preconditioner produced non-finite z; returning zero correction
peclet::flow CutcellMG::solvePCG: preconditioner produced non-finite z; returning zero correction
peclet::flow CutcellMG::solvePCG: preconditioner produced non-finite z; returning zero correction
peclet::flow CutcellMG::solvePCG: preconditioner produced non-finite z; returning zero correction
peclet::flow CutcellMG::solvePCG: preconditioner produced non-finite z; returning zero correction
peclet::flow CutcellMG::solvePCG: preconditioner produced non-finite z; returning zero correction
peclet::flow CutcellMG::solvePCG: preconditioner produced non-finite z; returning zero correction
peclet::flow CutcellMG::solvePCG: preconditioner produced non-finite z; returning zero correction
peclet::flow CutcellMG::solvePCG: preconditioner produced non-finite z; returning zero correction
peclet::flow CutcellMG::solvePCG: preconditioner produced non-finite z; returning zero correction
peclet::flow CutcellMG::solvePCG: preconditioner produced non-finite z; returning zero correction
peclet::flow CutcellMG::solvePCG: preconditioner produced non-finite z; returning zero correction
peclet::flow CutcellMG::solvePCG: preconditioner produced non-finite z; returning zero correction
peclet::flow CutcellMG::solvePCG: preconditioner produced non-finite z; returning zero correction
peclet::flow CutcellMG::solvePCG: preconditioner produced non-finite z; returning zero correction
peclet::flow CutcellMG::solvePCG: preconditioner produced non-finite z; returning zero correction
peclet::flow CutcellMG::solvePCG: preconditioner produced non-finite z; returning zero correction
peclet::flow CutcellMG::solvePCG: preconditioner produced non-finite z; returning zero correction
peclet::flow CutcellMG::solvePCG: preconditioner produced non-finite z; returning zero correction
peclet::flow CutcellMG::solvePCG: preconditioner produced non-finite z; returning zero correction
peclet::flow CutcellMG::solvePCG: preconditioner produced non-finite z; returning zero correction
peclet::flow CutcellMG::solvePCG: preconditioner produced non-finite z; returning zero correction
peclet::flow CutcellMG::solvePCG: preconditioner produced non-finite z; returning zero correction
peclet::flow CutcellMG::solvePCG: preconditioner produced non-finite z; returning zero correction
peclet::flow CutcellMG::solvePCG: preconditioner produced non-finite z; returning zero correction
peclet::flow CutcellMG::solvePCG: preconditioner produced non-finite z; returning zero correction
peclet::flow CutcellMG::solvePCG: preconditioner produced non-finite z; returning zero correction
peclet::flow CutcellMG::solvePCG: preconditioner produced non-finite z; returning zero correction
peclet::flow CutcellMG::solvePCG: preconditioner produced non-finite z; returning zero correction
peclet::flow CutcellMG::solvePCG: preconditioner produced non-finite z; returning zero correction
peclet::flow CutcellMG::solvePCG: preconditioner produced non-finite z; returning zero correction
peclet::flow CutcellMG::solvePCG: preconditioner produced non-finite z; returning zero correction
peclet::flow CutcellMG::solvePCG: preconditioner produced non-finite z; returning zero correction
peclet::flow CutcellMG::solvePCG: preconditioner produced non-finite z; returning zero correction
peclet::flow CutcellMG::solvePCG: preconditioner produced non-finite z; returning zero correction
peclet::flow CutcellMG::solvePCG: preconditioner produced non-finite z; returning zero correction
peclet::flow CutcellMG::solvePCG: preconditioner produced non-finite z; returning zero correction
peclet::flow CutcellMG::solvePCG: preconditioner produced non-finite z; returning zero correction
peclet::flow CutcellMG::solvePCG: preconditioner produced non-finite z; returning zero correction
peclet::flow CutcellMG::solvePCG: preconditioner produced non-finite z; returning zero correction
peclet::flow CutcellMG::solvePCG: preconditioner produced non-finite z; returning zero correction
peclet::flow CutcellMG::solvePCG: preconditioner produced non-finite z; returning zero correction
peclet::flow CutcellMG::solvePCG: preconditioner produced non-finite z; returning zero correction
peclet::flow CutcellMG::solvePCG: preconditioner produced non-finite z; returning zero correction
peclet::flow CutcellMG::solvePCG: preconditioner produced non-finite z; returning zero correction
peclet::flow CutcellMG::solvePCG: preconditioner produced non-finite z; returning zero correction
peclet::flow CutcellMG::solvePCG: preconditioner produced non-finite z; returning zero correction
peclet::flow CutcellMG::solvePCG: preconditioner produced non-finite z; returning zero correction
peclet::flow CutcellMG::solvePCG: preconditioner produced non-finite z; returning zero correction
peclet::flow CutcellMG::solvePCG: preconditioner produced non-finite z; returning zero correction
peclet::flow CutcellMG::solvePCG: preconditioner produced non-finite z; returning zero correction
peclet::flow CutcellMG::solvePCG: preconditioner produced non-finite z; returning zero correction
peclet::flow CutcellMG::solvePCG: preconditioner produced non-finite z; returning zero correction
peclet::flow CutcellMG::solvePCG: preconditioner produced non-finite z; returning zero correction
peclet::flow CutcellMG::solvePCG: preconditioner produced non-finite z; returning zero correction
peclet::flow CutcellMG::solvePCG: preconditioner produced non-finite z; returning zero correction
peclet::flow CutcellMG::solvePCG: preconditioner produced non-finite z; returning zero correction
peclet::flow CutcellMG::solvePCG: preconditioner produced non-finite z; returning zero correction
peclet::flow CutcellMG::solvePCG: preconditioner produced non-finite z; returning zero correction
peclet::flow CutcellMG::solvePCG: preconditioner produced non-finite z; returning zero correction
peclet::flow CutcellMG::solvePCG: preconditioner produced non-finite z; returning zero correction
peclet::flow CutcellMG::solvePCG: preconditioner produced non-finite z; returning zero correction
peclet::flow CutcellMG::solvePCG: preconditioner produced non-finite z; returning zero correction
peclet::flow CutcellMG::solvePCG: preconditioner produced non-finite z; returning zero correction
peclet::flow CutcellMG::solvePCG: preconditioner produced non-finite z; returning zero correction
peclet::flow CutcellMG::solvePCG: preconditioner produced non-finite z; returning zero correction
peclet::flow CutcellMG::solvePCG: preconditioner produced non-finite z; returning zero correction
peclet::flow CutcellMG::solvePCG: preconditioner produced non-finite z; returning zero correction
peclet::flow CutcellMG::solvePCG: preconditioner produced non-finite z; returning zero correction
peclet::flow CutcellMG::solvePCG: preconditioner produced non-finite z; returning zero correction
peclet::flow CutcellMG::solvePCG: preconditioner produced non-finite z; returning zero correction
peclet::flow CutcellMG::solvePCG: preconditioner produced non-finite z; returning zero correction
peclet::flow CutcellMG::solvePCG: preconditioner produced non-finite z; returning zero correction
peclet::flow CutcellMG::solvePCG: preconditioner produced non-finite z; returning zero correction
peclet::flow CutcellMG::solvePCG: preconditioner produced non-finite z; returning zero correction
peclet::flow CutcellMG::solvePCG: preconditioner produced non-finite z; returning zero correction
peclet::flow CutcellMG::solvePCG: preconditioner produced non-finite z; returning zero correction
peclet::flow CutcellMG::solvePCG: preconditioner produced non-finite z; returning zero correction
peclet::flow CutcellMG::solvePCG: preconditioner produced non-finite z; returning zero correction
peclet::flow CutcellMG::solvePCG: preconditioner produced non-finite z; returning zero correction
peclet::flow CutcellMG::solvePCG: preconditioner produced non-finite z; returning zero correction
peclet::flow CutcellMG::solvePCG: preconditioner produced non-finite z; returning zero correction
peclet::flow CutcellMG::solvePCG: preconditioner produced non-finite z; returning zero correction
peclet::flow CutcellMG::solvePCG: preconditioner produced non-finite z; returning zero correction
peclet::flow CutcellMG::solvePCG: preconditioner produced non-finite z; returning zero correction
peclet::flow CutcellMG::solvePCG: preconditioner produced non-finite z; returning zero correction
peclet::flow CutcellMG::solvePCG: preconditioner produced non-finite z; returning zero correction
peclet::flow CutcellMG::solvePCG: preconditioner produced non-finite z; returning zero correction
peclet::flow CutcellMG::solvePCG: preconditioner produced non-finite z; returning zero correction
peclet::flow CutcellMG::solvePCG: preconditioner produced non-finite z; returning zero correction
peclet::flow CutcellMG::solvePCG: preconditioner produced non-finite z; returning zero correction
peclet::flow CutcellMG::solvePCG: preconditioner produced non-finite z; returning zero correction
peclet::flow CutcellMG::solvePCG: preconditioner produced non-finite z; returning zero correction
peclet::flow CutcellMG::solvePCG: preconditioner produced non-finite z; returning zero correction
peclet::flow CutcellMG::solvePCG: preconditioner produced non-finite z; returning zero correction
peclet::flow CutcellMG::solvePCG: preconditioner produced non-finite z; returning zero correction
peclet::flow CutcellMG::solvePCG: preconditioner produced non-finite z; returning zero correction
peclet::flow CutcellMG::solvePCG: preconditioner produced non-finite z; returning zero correction
peclet::flow CutcellMG::solvePCG: preconditioner produced non-finite z; returning zero correction
peclet::flow CutcellMG::solvePCG: preconditioner produced non-finite z; returning zero correction
peclet::flow CutcellMG::solvePCG: preconditioner produced non-finite z; returning zero correction
peclet::flow CutcellMG::solvePCG: preconditioner produced non-finite z; returning zero correction
peclet::flow CutcellMG::solvePCG: preconditioner produced non-finite z; returning zero correction
peclet::flow CutcellMG::solvePCG: preconditioner produced non-finite z; returning zero correction
peclet::flow CutcellMG::solvePCG: preconditioner produced non-finite z; returning zero correction
peclet::flow CutcellMG::solvePCG: preconditioner produced non-finite z; returning zero correction
peclet::flow CutcellMG::solvePCG: preconditioner produced non-finite z; returning zero correction
peclet::flow CutcellMG::solvePCG: preconditioner produced non-finite z; returning zero correction
peclet::flow CutcellMG::solvePCG: preconditioner produced non-finite z; returning zero correction
peclet::flow CutcellMG::solvePCG: preconditioner produced non-finite z; returning zero correction
peclet::flow CutcellMG::solvePCG: preconditioner produced non-finite z; returning zero correction
peclet::flow CutcellMG::solvePCG: preconditioner produced non-finite z; returning zero correction
peclet::flow CutcellMG::solvePCG: preconditioner produced non-finite z; returning zero correction
peclet::flow CutcellMG::solvePCG: preconditioner produced non-finite z; returning zero correction
peclet::flow CutcellMG::solvePCG: preconditioner produced non-finite z; returning zero correction
peclet::flow CutcellMG::solvePCG: preconditioner produced non-finite z; returning zero correction
peclet::flow CutcellMG::solvePCG: preconditioner produced non-finite z; returning zero correction
peclet::flow CutcellMG::solvePCG: preconditioner produced non-finite z; returning zero correction
peclet::flow CutcellMG::solvePCG: preconditioner produced non-finite z; returning zero correction
peclet::flow CutcellMG::solvePCG: preconditioner produced non-finite z; returning zero correction
peclet::flow CutcellMG::solvePCG: preconditioner produced non-finite z; returning zero correction
peclet::flow CutcellMG::solvePCG: preconditioner produced non-finite z; returning zero correction
peclet::flow CutcellMG::solvePCG: preconditioner produced non-finite z; returning zero correction
peclet::flow CutcellMG::solvePCG: preconditioner produced non-finite z; returning zero correction
peclet::flow CutcellMG::solvePCG: preconditioner produced non-finite z; returning zero correction
peclet::flow CutcellMG::solvePCG: preconditioner produced non-finite z; returning zero correction
peclet::flow CutcellMG::solvePCG: preconditioner produced non-finite z; returning zero correction
peclet::flow CutcellMG::solvePCG: preconditioner produced non-finite z; returning zero correction
peclet::flow CutcellMG::solvePCG: preconditioner produced non-finite z; returning zero correction
peclet::flow CutcellMG::solvePCG: preconditioner produced non-finite z; returning zero correction
peclet::flow CutcellMG::solvePCG: preconditioner produced non-finite z; returning zero correction
peclet::flow CutcellMG::solvePCG: preconditioner produced non-finite z; returning zero correction
peclet::flow CutcellMG::solvePCG: preconditioner produced non-finite z; returning zero correction
peclet::flow CutcellMG::solvePCG: preconditioner produced non-finite z; returning zero correction
peclet::flow CutcellMG::solvePCG: preconditioner produced non-finite z; returning zero correction
peclet::flow CutcellMG::solvePCG: preconditioner produced non-finite z; returning zero correction
peclet::flow CutcellMG::solvePCG: preconditioner produced non-finite z; returning zero correction
peclet::flow CutcellMG::solvePCG: preconditioner produced non-finite z; returning zero correction
peclet::flow CutcellMG::solvePCG: preconditioner produced non-finite z; returning zero correction
peclet::flow CutcellMG::solvePCG: preconditioner produced non-finite z; returning zero correction
peclet::flow CutcellMG::solvePCG: preconditioner produced non-finite z; returning zero correction
peclet::flow CutcellMG::solvePCG: preconditioner produced non-finite z; returning zero correction
peclet::flow CutcellMG::solvePCG: preconditioner produced non-finite z; returning zero correction
peclet::flow CutcellMG::solvePCG: preconditioner produced non-finite z; returning zero correction
peclet::flow CutcellMG::solvePCG: preconditioner produced non-finite z; returning zero correction
peclet::flow CutcellMG::solvePCG: preconditioner produced non-finite z; returning zero correction
peclet::flow CutcellMG::solvePCG: preconditioner produced non-finite z; returning zero correction
peclet::flow CutcellMG::solvePCG: preconditioner produced non-finite z; returning zero correction
peclet::flow CutcellMG::solvePCG: preconditioner produced non-finite z; returning zero correction
peclet::flow CutcellMG::solvePCG: preconditioner produced non-finite z; returning zero correction
peclet::flow CutcellMG::solvePCG: preconditioner produced non-finite z; returning zero correction
peclet::flow CutcellMG::solvePCG: preconditioner produced non-finite z; returning zero correction
peclet::flow CutcellMG::solvePCG: preconditioner produced non-finite z; returning zero correction
peclet::flow CutcellMG::solvePCG: preconditioner produced non-finite z; returning zero correction
peclet::flow CutcellMG::solvePCG: preconditioner produced non-finite z; returning zero correction
peclet::flow CutcellMG::solvePCG: preconditioner produced non-finite z; returning zero correction
peclet::flow CutcellMG::solvePCG: preconditioner produced non-finite z; returning zero correction
peclet::flow CutcellMG::solvePCG: preconditioner produced non-finite z; returning zero correction
peclet::flow CutcellMG::solvePCG: preconditioner produced non-finite z; returning zero correction
peclet::flow CutcellMG::solvePCG: preconditioner produced non-finite z; returning zero correction
peclet::flow CutcellMG::solvePCG: preconditioner produced non-finite z; returning zero correction
peclet::flow CutcellMG::solvePCG: preconditioner produced non-finite z; returning zero correction
peclet::flow CutcellMG::solvePCG: preconditioner produced non-finite z; returning zero correction
peclet::flow CutcellMG::solvePCG: preconditioner produced non-finite z; returning zero correction
peclet::flow CutcellMG::solvePCG: preconditioner produced non-finite z; returning zero correction
peclet::flow CutcellMG::solvePCG: preconditioner produced non-finite z; returning zero correction
peclet::flow CutcellMG::solvePCG: preconditioner produced non-finite z; returning zero correction
peclet::flow CutcellMG::solvePCG: preconditioner produced non-finite z; returning zero correction
peclet::flow CutcellMG::solvePCG: preconditioner produced non-finite z; returning zero correction
peclet::flow CutcellMG::solvePCG: preconditioner produced non-finite z; returning zero correction
peclet::flow CutcellMG::solvePCG: preconditioner produced non-finite z; returning zero correction
peclet::flow CutcellMG::solvePCG: preconditioner produced non-finite z; returning zero correction
peclet::flow CutcellMG::solvePCG: preconditioner produced non-finite z; returning zero correction
peclet::flow CutcellMG::solvePCG: preconditioner produced non-finite z; returning zero correction
peclet::flow CutcellMG::solvePCG: preconditioner produced non-finite z; returning zero correction
peclet::flow CutcellMG::solvePCG: preconditioner produced non-finite z; returning zero correction
peclet::flow CutcellMG::solvePCG: preconditioner produced non-finite z; returning zero correction
peclet::flow CutcellMG::solvePCG: preconditioner produced non-finite z; returning zero correction
peclet::flow CutcellMG::solvePCG: preconditioner produced non-finite z; returning zero correction
peclet::flow CutcellMG::solvePCG: preconditioner produced non-finite z; returning zero correction
peclet::flow CutcellMG::solvePCG: preconditioner produced non-finite z; returning zero correction
peclet::flow CutcellMG::solvePCG: preconditioner produced non-finite z; returning zero correction
peclet::flow CutcellMG::solvePCG: preconditioner produced non-finite z; returning zero correction
peclet::flow CutcellMG::solvePCG: preconditioner produced non-finite z; returning zero correction
peclet::flow CutcellMG::solvePCG: preconditioner produced non-finite z; returning zero correction
peclet::flow CutcellMG::solvePCG: preconditioner produced non-finite z; returning zero correction
peclet::flow CutcellMG::solvePCG: preconditioner produced non-finite z; returning zero correction
peclet::flow CutcellMG::solvePCG: preconditioner produced non-finite z; returning zero correction
peclet::flow CutcellMG::solvePCG: preconditioner produced non-finite z; returning zero correction
peclet::flow CutcellMG::solvePCG: preconditioner produced non-finite z; returning zero correction
peclet::flow CutcellMG::solvePCG: preconditioner produced non-finite z; returning zero correction
peclet::flow CutcellMG::solvePCG: preconditioner produced non-finite z; returning zero correction
peclet::flow CutcellMG::solvePCG: preconditioner produced non-finite z; returning zero correction
peclet::flow CutcellMG::solvePCG: preconditioner produced non-finite z; returning zero correction
peclet::flow CutcellMG::solvePCG: preconditioner produced non-finite z; returning zero correction
peclet::flow CutcellMG::solvePCG: preconditioner produced non-finite z; returning zero correction
peclet::flow CutcellMG::solvePCG: preconditioner produced non-finite z; returning zero correction
peclet::flow CutcellMG::solvePCG: preconditioner produced non-finite z; returning zero correction
peclet::flow CutcellMG::solvePCG: preconditioner produced non-finite z; returning zero correction
peclet::flow CutcellMG::solvePCG: preconditioner produced non-finite z; returning zero correction
peclet::flow CutcellMG::solvePCG: preconditioner produced non-finite z; returning zero correction
peclet::flow CutcellMG::solvePCG: preconditioner produced non-finite z; returning zero correction
peclet::flow CutcellMG::solvePCG: preconditioner produced non-finite z; returning zero correction
peclet::flow CutcellMG::solvePCG: preconditioner produced non-finite z; returning zero correction
peclet::flow CutcellMG::solvePCG: preconditioner produced non-finite z; returning zero correction
peclet::flow CutcellMG::solvePCG: preconditioner produced non-finite z; returning zero correction
peclet::flow CutcellMG::solvePCG: preconditioner produced non-finite z; returning zero correction
peclet::flow CutcellMG::solvePCG: preconditioner produced non-finite z; returning zero correction
peclet::flow CutcellMG::solvePCG: preconditioner produced non-finite z; returning zero correction
peclet::flow CutcellMG::solvePCG: preconditioner produced non-finite z; returning zero correction
peclet::flow CutcellMG::solvePCG: preconditioner produced non-finite z; returning zero correction
peclet::flow CutcellMG::solvePCG: preconditioner produced non-finite z; returning zero correction
peclet::flow CutcellMG::solvePCG: preconditioner produced non-finite z; returning zero correction
peclet::flow CutcellMG::solvePCG: preconditioner produced non-finite z; returning zero correction
peclet::flow CutcellMG::solvePCG: preconditioner produced non-finite z; returning zero correction
peclet::flow CutcellMG::solvePCG: preconditioner produced non-finite z; returning zero correction
peclet::flow CutcellMG::solvePCG: preconditioner produced non-finite z; returning zero correction
peclet::flow CutcellMG::solvePCG: preconditioner produced non-finite z; returning zero correction
peclet::flow CutcellMG::solvePCG: preconditioner produced non-finite z; returning zero correction
peclet::flow CutcellMG::solvePCG: preconditioner produced non-finite z; returning zero correction
peclet::flow CutcellMG::solvePCG: preconditioner produced non-finite z; returning zero correction
peclet::flow CutcellMG::solvePCG: preconditioner produced non-finite z; returning zero correction
peclet::flow CutcellMG::solvePCG: preconditioner produced non-finite z; returning zero correction
peclet::flow CutcellMG::solvePCG: preconditioner produced non-finite z; returning zero correction
peclet::flow CutcellMG::solvePCG: preconditioner produced non-finite z; returning zero correction
peclet::flow CutcellMG::solvePCG: preconditioner produced non-finite z; returning zero correction
peclet::flow CutcellMG::solvePCG: preconditioner produced non-finite z; returning zero correction
peclet::flow CutcellMG::solvePCG: preconditioner produced non-finite z; returning zero correction
peclet::flow CutcellMG::solvePCG: preconditioner produced non-finite z; returning zero correction
peclet::flow CutcellMG::solvePCG: preconditioner produced non-finite z; returning zero correction
peclet::flow CutcellMG::solvePCG: preconditioner produced non-finite z; returning zero correction
peclet::flow CutcellMG::solvePCG: preconditioner produced non-finite z; returning zero correction
peclet::flow CutcellMG::solvePCG: preconditioner produced non-finite z; returning zero correction
peclet::flow CutcellMG::solvePCG: preconditioner produced non-finite z; returning zero correction
peclet::flow CutcellMG::solvePCG: preconditioner produced non-finite z; returning zero correction
peclet::flow CutcellMG::solvePCG: preconditioner produced non-finite z; returning zero correction
peclet::flow CutcellMG::solvePCG: preconditioner produced non-finite z; returning zero correction
peclet::flow CutcellMG::solvePCG: preconditioner produced non-finite z; returning zero correction
peclet::flow CutcellMG::solvePCG: preconditioner produced non-finite z; returning zero correction
peclet::flow CutcellMG::solvePCG: preconditioner produced non-finite z; returning zero correction
peclet::flow CutcellMG::solvePCG: preconditioner produced non-finite z; returning zero correction
peclet::flow CutcellMG::solvePCG: preconditioner produced non-finite z; returning zero correction
peclet::flow CutcellMG::solvePCG: preconditioner produced non-finite z; returning zero correction
peclet::flow CutcellMG::solvePCG: preconditioner produced non-finite z; returning zero correction
peclet::flow CutcellMG::solvePCG: preconditioner produced non-finite z; returning zero correction
peclet::flow CutcellMG::solvePCG: preconditioner produced non-finite z; returning zero correction
peclet::flow CutcellMG::solvePCG: preconditioner produced non-finite z; returning zero correction
peclet::flow CutcellMG::solvePCG: preconditioner produced non-finite z; returning zero correction
peclet::flow CutcellMG::solvePCG: preconditioner produced non-finite z; returning zero correction
peclet::flow CutcellMG::solvePCG: preconditioner produced non-finite z; returning zero correction
peclet::flow CutcellMG::solvePCG: preconditioner produced non-finite z; returning zero correction
peclet::flow CutcellMG::solvePCG: preconditioner produced non-finite z; returning zero correction
peclet::flow CutcellMG::solvePCG: preconditioner produced non-finite z; returning zero correction
peclet::flow CutcellMG::solvePCG: preconditioner produced non-finite z; returning zero correction
peclet::flow CutcellMG::solvePCG: preconditioner produced non-finite z; returning zero correction
peclet::flow CutcellMG::solvePCG: preconditioner produced non-finite z; returning zero correction
peclet::flow CutcellMG::solvePCG: preconditioner produced non-finite z; returning zero correction
peclet::flow CutcellMG::solvePCG: preconditioner produced non-finite z; returning zero correction
peclet::flow CutcellMG::solvePCG: preconditioner produced non-finite z; returning zero correction
peclet::flow CutcellMG::solvePCG: preconditioner produced non-finite z; returning zero correction
peclet::flow CutcellMG::solvePCG: preconditioner produced non-finite z; returning zero correction
peclet::flow CutcellMG::solvePCG: preconditioner produced non-finite z; returning zero correction
peclet::flow CutcellMG::solvePCG: preconditioner produced non-finite z; returning zero correction
peclet::flow CutcellMG::solvePCG: preconditioner produced non-finite z; returning zero correction
peclet::flow CutcellMG::solvePCG: preconditioner produced non-finite z; returning zero correction
peclet::flow CutcellMG::solvePCG: preconditioner produced non-finite z; returning zero correction
peclet::flow CutcellMG::solvePCG: preconditioner produced non-finite z; returning zero correction
peclet::flow CutcellMG::solvePCG: preconditioner produced non-finite z; returning zero correction
peclet::flow CutcellMG::solvePCG: preconditioner produced non-finite z; returning zero correction
peclet::flow CutcellMG::solvePCG: preconditioner produced non-finite z; returning zero correction
peclet::flow CutcellMG::solvePCG: preconditioner produced non-finite z; returning zero correction
peclet::flow CutcellMG::solvePCG: preconditioner produced non-finite z; returning zero correction
peclet::flow CutcellMG::solvePCG: preconditioner produced non-finite z; returning zero correction
peclet::flow CutcellMG::solvePCG: preconditioner produced non-finite z; returning zero correction
peclet::flow CutcellMG::solvePCG: preconditioner produced non-finite z; returning zero correction
peclet::flow CutcellMG::solvePCG: preconditioner produced non-finite z; returning zero correction
peclet::flow CutcellMG::solvePCG: preconditioner produced non-finite z; returning zero correction
peclet::flow CutcellMG::solvePCG: preconditioner produced non-finite z; returning zero correction
peclet::flow CutcellMG::solvePCG: preconditioner produced non-finite z; returning zero correction
peclet::flow CutcellMG::solvePCG: preconditioner produced non-finite z; returning zero correction
peclet::flow CutcellMG::solvePCG: preconditioner produced non-finite z; returning zero correction
peclet::flow CutcellMG::solvePCG: preconditioner produced non-finite z; returning zero correction
peclet::flow CutcellMG::solvePCG: preconditioner produced non-finite z; returning zero correction
peclet::flow CutcellMG::solvePCG: preconditioner produced non-finite z; returning zero correction
/projects/0/prjs1022/peclet/suite/flow/.venv/lib/python3.12/site-packages/numpy/_core/_methods.py:132: RuntimeWarning: overflow encountered in reduce
  ret = umr_sum(arr, axis, dtype, out, keepdims, where=where)
peclet::flow CutcellMG::solvePCG: preconditi   4000 -2.5923998e+148 -2.5591964e+148  0.000e+00        inf -4.96e+148  +0.00e+00 dP=5.745e+152 |P|=1.175e+156
oner produced non-finite z; returning zero correction
peclet::flow CutcellMG::solvePCG: preconditioner produced non-finite z; returning zero correction
peclet::flow CutcellMG::solvePCG: preconditioner produced non-finite z; returning zero correction
peclet::flow CutcellMG::solvePCG: preconditioner produced non-finite z; returning zero correction
peclet::flow CutcellMG::solvePCG: preconditioner produced non-finite z; returning zero correction
peclet::flow CutcellMG::solvePCG: preconditioner produced non-finite z; returning zero correction
peclet::flow CutcellMG::solvePCG: preconditioner produced non-finite z; returning zero correction
peclet::flow CutcellMG::solvePCG: preconditioner produced non-finite z; returning zero correction
peclet::flow CutcellMG::solvePCG: preconditioner produced non-finite z; returning zero correction
peclet::flow CutcellMG::solvePCG: preconditioner produced non-finite z; returning zero correction
peclet::flow CutcellMG::solvePCG: preconditioner produced non-finite z; returning zero correction
peclet::flow CutcellMG::solvePCG: preconditioner produced non-finite z; returning zero correction
Kokkos allocation "cnt" is being deallocated after Kokkos::finalize was called

Backtrace:
[0x1514fd8b0505] Kokkos::Impl::save_stacktrace()
[0x1514fd89085c] Kokkos::Impl::host_abort(char const*)
[0x1514fd8b04c7] Kokkos::Impl::SharedAllocationRecord<void, void>::decrement(Kokkos::Impl::SharedAllocationRecord<void, void>*)
[0x1514fd71fa75] 
[0x1514fd77452f] 
[0x1514fd8872c5] 
[0x15153077002f] 
[0x151530844046] 
[0x15153077d5aa] 
[0x1515308600fc] 
[0x15153085f9ed] 
[0x151530849795] Py_FinalizeEx
[0x1515308578d0] Py_RunMain
[0x1515308121f7] Py_BytesMain
[0x151530298610] 
[0x1515302986c0] __libc_start_main
[0x401065] _start
srun: error: gcn150: task 0: Aborted (core dumped)
srun: Terminating StepId=25914731.0
