[cfg] global 384x384x384 = 56.6M cells  ranks=1  backend=Cuda  grid=staggered  IBM=cutcell  face_interp=9  bottom=auto  spheres=587 R=24.0 cells  phi=0.6003  levels=7  pressure=pcg(maxit=1500,rtol=1e-08,warmstart=0)  steps=0+6 then march(tol=0,max=6)
  rank 0: block 384x384x384 at [0, 0, 0]  gcn154.local.snellius.surf.nl 0000:A6:00.0
[sdf] built in 1.4s  voxel solid fraction=0.6003 (packing 0.6003)
[mg] initMpi 384x384x384 np=1 -> 7 levels (requested 7)
[mg]  L0 global  384x 384x 384  rank0 block  384x 384x 384  ratio(2,2,2)
[mg]  L1 global  192x 192x 192  rank0 block  192x 192x 192  ratio(2,2,2)
[mg]  L2 global   96x  96x  96  rank0 block   96x  96x  96  ratio(2,2,2)
[mg]  L3 global   48x  48x  48  rank0 block   48x  48x  48  ratio(2,2,2)
[mg]  L4 global   24x  24x  24  rank0 block   24x  24x  24  ratio(2,2,2)
[mg]  L5 global   12x  12x  12  rank0 block   12x  12x  12  ratio(2,2,2)
[mg]  L6 global    6x   6x   6  rank0 block    6x   6x   6  ratio(1,1,1)
[run] warmup 0 steps...
[mg] solve 0: r0=2.134915e-02 rtol=1.0e-08 (pre=2 post=2 bottom=12)
[mg]   it   1  |r|inf=2.935573e-02  r/r0=1.3750e+00
[mg]   it   2  |r|inf=5.575592e-03  r/r0=2.6116e-01
[mg]   it   3  |r|inf=1.278659e-03  r/r0=5.9893e-02
[mg]   it   4  |r|inf=7.951971e-04  r/r0=3.7247e-02
[mg]   it   5  |r|inf=5.849711e-04  r/r0=2.7400e-02
[mg]   it   6  |r|inf=2.607146e-04  r/r0=1.2212e-02
[mg]   it   7  |r|inf=1.797774e-04  r/r0=8.4208e-03
[mg]   it   8  |r|inf=1.218082e-04  r/r0=5.7055e-03
[mg]   it   9  |r|inf=9.486214e-05  r/r0=4.4434e-03
[mg]   it  10  |r|inf=8.344108e-05  r/r0=3.9084e-03
[mg]   it  11  |r|inf=5.040945e-05  r/r0=2.3612e-03
[mg]   it  12  |r|inf=3.326895e-05  r/r0=1.5583e-03
[mg]   it  13  |r|inf=3.565821e-05  r/r0=1.6702e-03
[mg]   it  14  |r|inf=2.340818e-05  r/r0=1.0964e-03
[mg]   it  15  |r|inf=2.106105e-05  r/r0=9.8651e-04
[mg]   it  16  |r|inf=1.411625e-05  r/r0=6.6121e-04
[mg]   it  17  |r|inf=8.518758e-06  r/r0=3.9902e-04
[mg]   it  18  |r|inf=4.252802e-06  r/r0=1.9920e-04
[mg]   it  19  |r|inf=3.514616e-06  r/r0=1.6463e-04
[mg]   it  20  |r|inf=2.883406e-06  r/r0=1.3506e-04
[mg]   it  21  |r|inf=1.986281e-06  r/r0=9.3038e-05
[mg]   it  22  |r|inf=1.145166e-06  r/r0=5.3640e-05
[mg]   it  23  |r|inf=1.051814e-06  r/r0=4.9267e-05
[mg]   it  24  |r|inf=1.112777e-06  r/r0=5.2123e-05
[mg]   it  25  |r|inf=4.237026e-07  r/r0=1.9846e-05
[mg]   it  26  |r|inf=7.230884e-07  r/r0=3.3870e-05
[mg]   it  27  |r|inf=6.310162e-07  r/r0=2.9557e-05
[mg]   it  28  |r|inf=3.921858e-07  r/r0=1.8370e-05
[mg]   it  29  |r|inf=5.569184e-07  r/r0=2.6086e-05
[mg]   it  30  |r|inf=1.856939e-07  r/r0=8.6980e-06
[mg]   it  31  |r|inf=3.091987e-07  r/r0=1.4483e-05
[mg]   it  32  |r|inf=1.596861e-07  r/r0=7.4797e-06
[mg]   it  33  |r|inf=1.932808e-07  r/r0=9.0533e-06
[mg]   it  34  |r|inf=1.843167e-07  r/r0=8.6334e-06
[mg]   it  35  |r|inf=1.958211e-07  r/r0=9.1723e-06
[mg]   it  36  |r|inf=1.350953e-07  r/r0=6.3279e-06
[mg]   it  37  |r|inf=1.396465e-07  r/r0=6.5411e-06
[mg]   it  38  |r|inf=8.742788e-08  r/r0=4.0951e-06
[mg]   it  39  |r|inf=1.048131e-07  r/r0=4.9095e-06
[mg]   it  40  |r|inf=4.634170e-08  r/r0=2.1707e-06
[mg]   it  41  |r|inf=5.728774e-08  r/r0=2.6834e-06
[mg]   it  42  |r|inf=3.624224e-08  r/r0=1.6976e-06
[mg]   it  43  |r|inf=2.494427e-08  r/r0=1.1684e-06
[mg]   it  44  |r|inf=3.276153e-08  r/r0=1.5346e-06
[mg]   it  45  |r|inf=2.329277e-08  r/r0=1.0910e-06
[mg]   it  46  |r|inf=2.430079e-08  r/r0=1.1383e-06
[mg]   it  47  |r|inf=2.745961e-08  r/r0=1.2862e-06
[mg]   it  48  |r|inf=2.178304e-08  r/r0=1.0203e-06
[mg]   it  49  |r|inf=1.870925e-08  r/r0=8.7635e-07
[mg]   it  50  |r|inf=2.582343e-08  r/r0=1.2096e-06
[mg]   it  51  |r|inf=1.968779e-08  r/r0=9.2218e-07
[mg]   it  52  |r|inf=1.354682e-08  r/r0=6.3454e-07
[mg]   it  53  |r|inf=1.355068e-08  r/r0=6.3472e-07
[mg]   it  54  |r|inf=1.515107e-08  r/r0=7.0968e-07
[mg]   it  55  |r|inf=1.192273e-08  r/r0=5.5846e-07
[mg]   it  56  |r|inf=8.978490e-09  r/r0=4.2055e-07
[mg]   it  57  |r|inf=6.122685e-09  r/r0=2.8679e-07
[mg]   it  58  |r|inf=8.698446e-09  r/r0=4.0744e-07
[mg]   it  59  |r|inf=7.644497e-09  r/r0=3.5807e-07
[mg]   it  60  |r|inf=6.144425e-09  r/r0=2.8781e-07
[mg]   it  61  |r|inf=5.160403e-09  r/r0=2.4171e-07
[mg]   it  62  |r|inf=3.730581e-09  r/r0=1.7474e-07
[mg]   it  63  |r|inf=5.281931e-09  r/r0=2.4741e-07
[mg]   it  64  |r|inf=5.430201e-09  r/r0=2.5435e-07
[mg]   it  65  |r|inf=4.555298e-09  r/r0=2.1337e-07
[mg]   it  66  |r|inf=3.634480e-09  r/r0=1.7024e-07
[mg]   it  67  |r|inf=3.351869e-09  r/r0=1.5700e-07
[mg]   it  68  |r|inf=2.517564e-09  r/r0=1.1792e-07
[mg]   it  69  |r|inf=3.363273e-09  r/r0=1.5754e-07
[mg]   it  70  |r|inf=3.852871e-09  r/r0=1.8047e-07
[mg]   it  71  |r|inf=3.617909e-09  r/r0=1.6946e-07
[mg]   it  72  |r|inf=3.154922e-09  r/r0=1.4778e-07
[mg]   it  73  |r|inf=2.619195e-09  r/r0=1.2268e-07
[mg]   it  74  |r|inf=2.474218e-09  r/r0=1.1589e-07
[mg]   it  75  |r|inf=2.049956e-09  r/r0=9.6021e-08
[mg]   it  76  |r|inf=1.947503e-09  r/r0=9.1222e-08
[mg]   it  77  |r|inf=2.590531e-09  r/r0=1.2134e-07
[mg]   it  78  |r|inf=2.876235e-09  r/r0=1.3472e-07
[mg]   it  79  |r|inf=2.807760e-09  r/r0=1.3152e-07
[mg]   it  80  |r|inf=2.529851e-09  r/r0=1.1850e-07
[mg]   it  81  |r|inf=2.371824e-09  r/r0=1.1110e-07
[mg]   it  82  |r|inf=2.138594e-09  r/r0=1.0017e-07
[mg]   it  83  |r|inf=2.079836e-09  r/r0=9.7420e-08
[mg]   it  84  |r|inf=1.822483e-09  r/r0=8.5366e-08
[mg]   it  85  |r|inf=1.571083e-09  r/r0=7.3590e-08
[mg]   it  86  |r|inf=1.956231e-09  r/r0=9.1630e-08
[mg]   it  87  |r|inf=2.292891e-09  r/r0=1.0740e-07
[mg]   it  88  |r|inf=2.433948e-09  r/r0=1.1401e-07
[mg]   it  89  |r|inf=2.385480e-09  r/r0=1.1174e-07
[mg]   it  90  |r|inf=2.163525e-09  r/r0=1.0134e-07
[mg]   it  91  |r|inf=2.048957e-09  r/r0=9.5974e-08
[mg]   it  92  |r|inf=1.880826e-09  r/r0=8.8098e-08
[mg]   it  93  |r|inf=1.739798e-09  r/r0=8.1493e-08
[mg]   it  94  |r|inf=1.715485e-09  r/r0=8.0354e-08
[mg]   it  95  |r|inf=1.585523e-09  r/r0=7.4266e-08
[mg]   it  96  |r|inf=1.369924e-09  r/r0=6.4168e-08
[mg]   it  97  |r|inf=1.284576e-09  r/r0=6.0170e-08
[mg]   it  98  |r|inf=1.581546e-09  r/r0=7.4080e-08
[mg]   it  99  |r|inf=1.808540e-09  r/r0=8.4713e-08
[mg]   it 100  |r|inf=1.935730e-09  r/r0=9.0670e-08
[mg]   it 101  |r|inf=1.965340e-09  r/r0=9.2057e-08
[mg]   it 102  |r|inf=1.902687e-09  r/r0=8.9122e-08
[mg]   it 103  |r|inf=1.755986e-09  r/r0=8.2251e-08
[mg]   it 104  |r|inf=1.637567e-09  r/r0=7.6704e-08
[mg]   it 105  |r|inf=1.564629e-09  r/r0=7.3288e-08
[mg]   it 106  |r|inf=1.427008e-09  r/r0=6.6841e-08
[mg]   it 107  |r|inf=1.358635e-09  r/r0=6.3639e-08
[mg]   it 108  |r|inf=1.349311e-09  r/r0=6.3202e-08
[mg]   it 109  |r|inf=1.287542e-09  r/r0=6.0309e-08
[mg]   it 110  |r|inf=1.180076e-09  r/r0=5.5275e-08
[mg]   it 111  |r|inf=1.034744e-09  r/r0=4.8468e-08
[mg]   it 112  |r|inf=1.026066e-09  r/r0=4.8061e-08
[mg]   it 113  |r|inf=1.238495e-09  r/r0=5.8011e-08
[mg]   it 114  |r|inf=1.411202e-09  r/r0=6.6101e-08
[mg]   it 115  |r|inf=1.534928e-09  r/r0=7.1896e-08
[mg]   it 116  |r|inf=1.609100e-09  r/r0=7.5371e-08
[mg]   it 117  |r|inf=1.634226e-09  r/r0=7.6548e-08
[mg]   it 118  |r|inf=1.611822e-09  r/r0=7.5498e-08
[mg]   it 119  |r|inf=1.544408e-09  r/r0=7.2341e-08
[mg]   it 120  |r|inf=1.435537e-09  r/r0=6.7241e-08
[mg]   it 121  |r|inf=1.385986e-09  r/r0=6.4920e-08
[mg]   it 122  |r|inf=1.344297e-09  r/r0=6.2967e-08
[mg]   it 123  |r|inf=1.267912e-09  r/r0=5.9389e-08
[mg]   it 124  |r|inf=1.160578e-09  r/r0=5.4362e-08
[mg]   it 125  |r|inf=1.159180e-09  r/r0=5.4296e-08
[mg]   it 126  |r|inf=1.152008e-09  r/r0=5.3960e-08
[mg]   it 127  |r|inf=1.117447e-09  r/r0=5.2342e-08
[mg]   it 128  |r|inf=1.058102e-09  r/r0=4.9562e-08
[mg]   it 129  |r|inf=9.770130e-10  r/r0=4.5764e-08
[mg]   it 130  |r|inf=8.774463e-10  r/r0=4.1100e-08
[mg]   it 131  |r|inf=8.715547e-10  r/r0=4.0824e-08
[mg]   it 132  |r|inf=9.777726e-10  r/r0=4.5799e-08
[mg]   it 133  |r|inf=1.109139e-09  r/r0=5.1952e-08
[mg]   it 134  |r|inf=1.215868e-09  r/r0=5.6952e-08
[mg]   it 135  |r|inf=1.297371e-09  r/r0=6.0769e-08
[mg]   it 136  |r|inf=1.353446e-09  r/r0=6.3396e-08
[mg]   it 137  |r|inf=1.384225e-09  r/r0=6.4837e-08
[mg]   it 138  |r|inf=1.390150e-09  r/r0=6.5115e-08
[mg]   it 139  |r|inf=1.371964e-09  r/r0=6.4263e-08
[mg]   it 140  |r|inf=1.330715e-09  r/r0=6.2331e-08
[mg]   it 141  |r|inf=1.267766e-09  r/r0=5.9383e-08
[mg]   it 142  |r|inf=1.189053e-09  r/r0=5.5696e-08
[mg]   it 143  |r|inf=1.180889e-09  r/r0=5.5313e-08
[mg]   it 144  |r|inf=1.153635e-09  r/r0=5.4037e-08
[mg]   it 145  |r|inf=1.108374e-09  r/r0=5.1917e-08
[mg]   it 146  |r|inf=1.046502e-09  r/r0=4.9018e-08
[mg]   it 147  |r|inf=9.791824e-10  r/r0=4.5865e-08
[mg]   it 148  |r|inf=9.920665e-10  r/r0=4.6469e-08
[mg]   it 149  |r|inf=9.898872e-10  r/r0=4.6367e-08
[mg]   it 150  |r|inf=9.733776e-10  r/r0=4.5593e-08
[mg]   it 151  |r|inf=9.434864e-10  r/r0=4.4193e-08
[mg]   it 152  |r|inf=9.013262e-10  r/r0=4.2218e-08
[mg]   it 153  |r|inf=8.481219e-10  r/r0=3.9726e-08
[mg]   it 154  |r|inf=7.851633e-10  r/r0=3.6777e-08
[mg]   it 155  |r|inf=7.427117e-10  r/r0=3.4789e-08
[mg]   it 156  |r|inf=7.482724e-10  r/r0=3.5049e-08
[mg]   it 157  |r|inf=8.339311e-10  r/r0=3.9062e-08
[mg]   it 158  |r|inf=9.242082e-10  r/r0=4.3290e-08
[mg]   it 159  |r|inf=1.002045e-09  r/r0=4.6936e-08
[mg]   it 160  |r|inf=1.067132e-09  r/r0=4.9985e-08
[mg]   it 161  |r|inf=1.119290e-09  r/r0=5.2428e-08
[mg]   it 162  |r|inf=1.158446e-09  r/r0=5.4262e-08
[mg]   it 163  |r|inf=1.184628e-09  r/r0=5.5488e-08
[mg]   it 164  |r|inf=1.197953e-09  r/r0=5.6112e-08
[mg]   it 165  |r|inf=1.198628e-09  r/r0=5.6144e-08
[mg]   it 166  |r|inf=1.186950e-09  r/r0=5.5597e-08
[mg]   it 167  |r|inf=1.163305e-09  r/r0=5.4490e-08
[mg]   it 168  |r|inf=1.128173e-09  r/r0=5.2844e-08
[mg]   it 169  |r|inf=1.082133e-09  r/r0=5.0687e-08
[mg]   it 170  |r|inf=1.032350e-09  r/r0=4.8356e-08
[mg]   it 171  |r|inf=1.029382e-09  r/r0=4.8217e-08
[mg]   it 172  |r|inf=1.016402e-09  r/r0=4.7609e-08
[mg]   it 173  |r|inf=9.937572e-10  r/r0=4.6548e-08
[mg]   it 174  |r|inf=9.619001e-10  r/r0=4.5056e-08
[mg]   it 175  |r|inf=9.213785e-10  r/r0=4.3158e-08
[mg]   it 176  |r|inf=8.728269e-10  r/r0=4.0883e-08
[mg]   it 177  |r|inf=8.672492e-10  r/r0=4.0622e-08
[mg]   it 178  |r|inf=8.740874e-10  r/r0=4.0942e-08
[mg]   it 179  |r|inf=8.730880e-10  r/r0=4.0896e-08
[mg]   it 180  |r|inf=8.645228e-10  r/r0=4.0494e-08
[mg]   it 181  |r|inf=8.487352e-10  r/r0=3.9755e-08
[mg]   it 182  |r|inf=8.261292e-10  r/r0=3.8696e-08
[mg]   it 183  |r|inf=7.971563e-10  r/r0=3.7339e-08
[mg]   it 184  |r|inf=7.623041e-10  r/r0=3.5707e-08
[mg]   it 185  |r|inf=7.220844e-10  r/r0=3.3823e-08
[mg]   it 186  |r|inf=6.770232e-10  r/r0=3.1712e-08
[mg]   it 187  |r|inf=6.658214e-10  r/r0=3.1187e-08
[mg]   it 188  |r|inf=6.702232e-10  r/r0=3.1393e-08
[mg]   it 189  |r|inf=7.202769e-10  r/r0=3.3738e-08
[mg]   it 190  |r|inf=7.863913e-10  r/r0=3.6835e-08
[mg]   it 191  |r|inf=8.460666e-10  r/r0=3.9630e-08
[mg]   it 192  |r|inf=8.991226e-10  r/r0=4.2115e-08
[mg]   it 193  |r|inf=9.454268e-10  r/r0=4.4284e-08
[mg]   it 194  |r|inf=9.848898e-10  r/r0=4.6133e-08
[mg]   it 195  |r|inf=1.017460e-09  r/r0=4.7658e-08
[mg]   it 196  |r|inf=1.043123e-09  r/r0=4.8860e-08
[mg]   it 197  |r|inf=1.061892e-09  r/r0=4.9739e-08
[mg]   it 198  |r|inf=1.073816e-09  r/r0=5.0298e-08
[mg]   it 199  |r|inf=1.078969e-09  r/r0=5.0539e-08
[mg]   it 200  |r|inf=1.077456e-09  r/r0=5.0468e-08
[mg]   it 201  |r|inf=1.069408e-09  r/r0=5.0091e-08
[mg]   it 202  |r|inf=1.054987e-09  r/r0=4.9416e-08
[mg]   it 203  |r|inf=1.034384e-09  r/r0=4.8451e-08
[mg]   it 204  |r|inf=1.007817e-09  r/r0=4.7206e-08
[mg]   it 205  |r|inf=9.755353e-10  r/r0=4.5694e-08
[mg]   it 206  |r|inf=9.378157e-10  r/r0=4.3928e-08
[mg]   it 207  |r|inf=9.232217e-10  r/r0=4.3244e-08
[mg]   it 208  |r|inf=9.184301e-10  r/r0=4.3020e-08
[mg]   it 209  |r|inf=9.084078e-10  r/r0=4.2550e-08
[mg]   it 210  |r|inf=8.933019e-10  r/r0=4.1843e-08
[mg]   it 211  |r|inf=8.732900e-10  r/r0=4.0905e-08
[mg]   it 212  |r|inf=8.485791e-10  r/r0=3.9748e-08
[mg]   it 213  |r|inf=8.194032e-10  r/r0=3.8381e-08
[mg]   it 214  |r|inf=7.860212e-10  r/r0=3.6817e-08
[mg]   it 215  |r|inf=7.672664e-10  r/r0=3.5939e-08
[mg]   it 216  |r|inf=7.748964e-10  r/r0=3.6296e-08
[mg]   it 217  |r|inf=7.783561e-10  r/r0=3.6458e-08
[mg]   it 218  |r|inf=7.777257e-10  r/r0=3.6429e-08
[mg]   it 219  |r|inf=7.731098e-10  r/r0=3.6213e-08
[mg]   it 220  |r|inf=7.646347e-10  r/r0=3.5816e-08
[mg]   it 221  |r|inf=7.524462e-10  r/r0=3.5245e-08
[mg]   it 222  |r|inf=7.367064e-10  r/r0=3.4508e-08
[mg]   it 223  |r|inf=7.175916e-10  r/r0=3.3612e-08
[mg]   it 224  |r|inf=6.952890e-10  r/r0=3.2568e-08
[mg]   it 225  |r|inf=6.699950e-10  r/r0=3.1383e-08
[mg]   it 226  |r|inf=6.419118e-10  r/r0=3.0067e-08
[mg]   it 227  |r|inf=6.112459e-10  r/r0=2.8631e-08
[mg]   it 228  |r|inf=5.975587e-10  r/r0=2.7990e-08
[mg]   it 229  |r|inf=6.030608e-10  r/r0=2.8248e-08
[mg]   it 230  |r|inf=6.059160e-10  r/r0=2.8381e-08
[mg]   it 231  |r|inf=6.543232e-10  r/r0=3.0649e-08
[mg]   it 232  |r|inf=7.022035e-10  r/r0=3.2891e-08
[mg]   it 233  |r|inf=7.467304e-10  r/r0=3.4977e-08
[mg]   it 234  |r|inf=7.878100e-10  r/r0=3.6901e-08
[mg]   it 235  |r|inf=8.253645e-10  r/r0=3.8660e-08
[mg]   it 236  |r|inf=8.593303e-10  r/r0=4.0251e-08
[mg]   it 237  |r|inf=8.896577e-10  r/r0=4.1672e-08
[mg]   it 238  |r|inf=9.163092e-10  r/r0=4.2920e-08
[mg]   it 239  |r|inf=9.392595e-10  r/r0=4.3995e-08
[mg]   it 240  |r|inf=9.584939e-10  r/r0=4.4896e-08
[mg]   it 241  |r|inf=9.740085e-10  r/r0=4.5623e-08
[mg]   it 242  |r|inf=9.858096e-10  r/r0=4.6176e-08
[mg]   it 243  |r|inf=9.939131e-10  r/r0=4.6555e-08
[mg]   it 244  |r|inf=9.983450e-10  r/r0=4.6763e-08
[mg]   it 245  |r|inf=9.991407e-10  r/r0=4.6800e-08
[mg]   it 246  |r|inf=9.963454e-10  r/r0=4.6669e-08
[mg]   it 247  |r|inf=9.900138e-10  r/r0=4.6373e-08
[mg]   it 248  |r|inf=9.802108e-10  r/r0=4.5913e-08
[mg]   it 249  |r|inf=9.670109e-10  r/r0=4.5295e-08
[mg]   it 250  |r|inf=9.504985e-10  r/r0=4.4522e-08
[mg]   it 251  |r|inf=9.307679e-10  r/r0=4.3597e-08
[mg]   it 252  |r|inf=9.079236e-10  r/r0=4.2527e-08
[mg]   it 253  |r|inf=8.820795e-10  r/r0=4.1317e-08
[mg]   it 254  |r|inf=8.610394e-10  r/r0=4.0331e-08
[mg]   it 255  |r|inf=8.600197e-10  r/r0=4.0284e-08
[mg]   it 256  |r|inf=8.560916e-10  r/r0=4.0100e-08
[mg]   it 257  |r|inf=8.493034e-10  r/r0=3.9782e-08
[mg]   it 258  |r|inf=8.397137e-10  r/r0=3.9332e-08
[mg]   it 259  |r|inf=8.273913e-10  r/r0=3.8755e-08
[mg]   it 260  |r|inf=8.124151e-10  r/r0=3.8054e-08
[mg]   it 261  |r|inf=7.948730e-10  r/r0=3.7232e-08
[mg]   it 262  |r|inf=7.748620e-10  r/r0=3.6295e-08
[mg]   it 263  |r|inf=7.524870e-10  r/r0=3.5247e-08
[mg]   it 264  |r|inf=7.278605e-10  r/r0=3.4093e-08
[mg]   it 265  |r|inf=7.131179e-10  r/r0=3.3403e-08
[mg]   it 266  |r|inf=7.189873e-10  r/r0=3.3678e-08
[mg]   it 267  |r|inf=7.225804e-10  r/r0=3.3846e-08
[mg]   it 268  |r|inf=7.239253e-10  r/r0=3.3909e-08
[mg]   it 269  |r|inf=7.230583e-10  r/r0=3.3868e-08
[mg]   it 270  |r|inf=7.200233e-10  r/r0=3.3726e-08
[mg]   it 271  |r|inf=7.148711e-10  r/r0=3.3485e-08
[mg]   it 272  |r|inf=7.076590e-10  r/r0=3.3147e-08
[mg]   it 273  |r|inf=6.984497e-10  r/r0=3.2716e-08
[mg]   it 274  |r|inf=6.873112e-10  r/r0=3.2194e-08
[mg]   it 275  |r|inf=6.743158e-10  r/r0=3.1585e-08
[mg]   it 276  |r|inf=6.595395e-10  r/r0=3.0893e-08
[mg]   it 277  |r|inf=6.430612e-10  r/r0=3.0121e-08
[mg]   it 278  |r|inf=6.249627e-10  r/r0=2.9273e-08
[mg]   it 279  |r|inf=6.053273e-10  r/r0=2.8354e-08
[mg]   it 280  |r|inf=5.842399e-10  r/r0=2.7366e-08
[mg]   it 281  |r|inf=5.617862e-10  r/r0=2.6314e-08
[mg]   it 282  |r|inf=5.551914e-10  r/r0=2.6005e-08
[mg]   it 283  |r|inf=5.596122e-10  r/r0=2.6212e-08
[mg]   it 284  |r|inf=5.625855e-10  r/r0=2.6352e-08
[mg]   it 285  |r|inf=5.756494e-10  r/r0=2.6964e-08
[mg]   it 286  |r|inf=6.123351e-10  r/r0=2.8682e-08
[mg]   it 287  |r|inf=6.472660e-10  r/r0=3.0318e-08
[mg]   it 288  |r|inf=6.803929e-10  r/r0=3.1870e-08
[mg]   it 289  |r|inf=7.116724e-10  r/r0=3.3335e-08
[mg]   it 290  |r|inf=7.410661e-10  r/r0=3.4712e-08
[mg]   it 291  |r|inf=7.685404e-10  r/r0=3.5999e-08
[mg]   it 292  |r|inf=7.940665e-10  r/r0=3.7194e-08
[mg]   it 293  |r|inf=8.176198e-10  r/r0=3.8298e-08
[mg]   it 294  |r|inf=8.391796e-10  r/r0=3.9307e-08
[mg]   it 295  |r|inf=8.587294e-10  r/r0=4.0223e-08
[mg]   it 296  |r|inf=8.762563e-10  r/r0=4.1044e-08
[mg]   it 297  |r|inf=8.917509e-10  r/r0=4.1770e-08
[mg]   it 298  |r|inf=9.052071e-10  r/r0=4.2400e-08
[mg]   it 299  |r|inf=9.166223e-10  r/r0=4.2935e-08
[mg]   it 300  |r|inf=9.259970e-10  r/r0=4.3374e-08
[mg]   it 301  |r|inf=9.333351e-10  r/r0=4.3718e-08
[mg]   it 302  |r|inf=9.386434e-10  r/r0=4.3966e-08
[mg]   it 303  |r|inf=9.419320e-10  r/r0=4.4120e-08
[mg]   it 304  |r|inf=9.432141e-10  r/r0=4.4180e-08
[mg]   it 305  |r|inf=9.425059e-10  r/r0=4.4147e-08
[mg]   it 306  |r|inf=9.398272e-10  r/r0=4.4022e-08
[mg]   it 307  |r|inf=9.352005e-10  r/r0=4.3805e-08
[mg]   it 308  |r|inf=9.286518e-10  r/r0=4.3498e-08
[mg]   it 309  |r|inf=9.202104e-10  r/r0=4.3103e-08
[mg]   it 310  |r|inf=9.099088e-10  r/r0=4.2620e-08
[mg]   it 311  |r|inf=8.977828e-10  r/r0=4.2052e-08
[mg]   it 312  |r|inf=8.838715e-10  r/r0=4.1401e-08
[mg]   it 313  |r|inf=8.682173e-10  r/r0=4.0668e-08
[mg]   it 314  |r|inf=8.508660e-10  r/r0=3.9855e-08
[mg]   it 315  |r|inf=8.318663e-10  r/r0=3.8965e-08
[mg]   it 316  |r|inf=8.189804e-10  r/r0=3.8361e-08
[mg]   it 317  |r|inf=8.188073e-10  r/r0=3.8353e-08
[mg]   it 318  |r|inf=8.170099e-10  r/r0=3.8269e-08
[mg]   it 319  |r|inf=8.136057e-10  r/r0=3.8110e-08
[mg]   it 320  |r|inf=8.086154e-10  r/r0=3.7876e-08
[mg]   it 321  |r|inf=8.020634e-10  r/r0=3.7569e-08
[mg]   it 322  |r|inf=7.939773e-10  r/r0=3.7190e-08
[mg]   it 323  |r|inf=7.843881e-10  r/r0=3.6741e-08
[mg]   it 324  |r|inf=7.733301e-10  r/r0=3.6223e-08
[mg]   it 325  |r|inf=7.608404e-10  r/r0=3.5638e-08
[mg]   it 326  |r|inf=7.469592e-10  r/r0=3.4988e-08
[mg]   it 327  |r|inf=7.317296e-10  r/r0=3.4274e-08
[mg]   it 328  |r|inf=7.151970e-10  r/r0=3.3500e-08
[mg]   it 329  |r|inf=6.974095e-10  r/r0=3.2667e-08
[mg]   it 330  |r|inf=6.784171e-10  r/r0=3.1777e-08
[mg]   it 331  |r|inf=6.824322e-10  r/r0=3.1965e-08
[mg]   it 332  |r|inf=6.862202e-10  r/r0=3.2143e-08
[mg]   it 333  |r|inf=6.887464e-10  r/r0=3.2261e-08
[mg]   it 334  |r|inf=6.900223e-10  r/r0=3.2321e-08
[mg]   it 335  |r|inf=6.900623e-10  r/r0=3.2323e-08
[mg]   it 336  |r|inf=6.888834e-10  r/r0=3.2267e-08
[mg]   it 337  |r|inf=6.865048e-10  r/r0=3.2156e-08
[mg]   it 338  |r|inf=6.829481e-10  r/r0=3.1989e-08
[mg]   it 339  |r|inf=6.782369e-10  r/r0=3.1769e-08
[mg]   it 340  |r|inf=6.723969e-10  r/r0=3.1495e-08
[mg]   it 341  |r|inf=6.654555e-10  r/r0=3.1170e-08
[mg]   it 342  |r|inf=6.574415e-10  r/r0=3.0795e-08
[mg]   it 343  |r|inf=6.483856e-10  r/r0=3.0371e-08
[mg]   it 344  |r|inf=6.383193e-10  r/r0=2.9899e-08
[mg]   it 345  |r|inf=6.272756e-10  r/r0=2.9382e-08
[mg]   it 346  |r|inf=6.152882e-10  r/r0=2.8820e-08
[mg]   it 347  |r|inf=6.023917e-10  r/r0=2.8216e-08
[mg]   it 348  |r|inf=5.886213e-10  r/r0=2.7571e-08
[mg]   it 349  |r|inf=5.740130e-10  r/r0=2.6887e-08
[mg]   it 350  |r|inf=5.586029e-10  r/r0=2.6165e-08
[mg]   it 351  |r|inf=5.424275e-10  r/r0=2.5407e-08
[mg]   it 352  |r|inf=5.256377e-10  r/r0=2.4621e-08
[mg]   it 353  |r|inf=5.296129e-10  r/r0=2.4807e-08
[mg]   it 354  |r|inf=5.327769e-10  r/r0=2.4955e-08
[mg]   it 355  |r|inf=5.351375e-10  r/r0=2.5066e-08
[mg]   it 356  |r|inf=5.367031e-10  r/r0=2.5139e-08
[mg]   it 357  |r|inf=5.573467e-10  r/r0=2.6106e-08
[mg]   it 358  |r|inf=5.840133e-10  r/r0=2.7355e-08
[mg]   it 359  |r|inf=6.097064e-10  r/r0=2.8559e-08
[mg]   it 360  |r|inf=6.344047e-10  r/r0=2.9716e-08
[mg]   it 361  |r|inf=6.580884e-10  r/r0=3.0825e-08
[mg]   it 362  |r|inf=6.807396e-10  r/r0=3.1886e-08
[mg]   it 363  |r|inf=7.023421e-10  r/r0=3.2898e-08
[mg]   it 364  |r|inf=7.228813e-10  r/r0=3.3860e-08
[mg]   it 365  |r|inf=7.423439e-10  r/r0=3.4772e-08
[mg]   it 366  |r|inf=7.607184e-10  r/r0=3.5632e-08
[mg]   it 367  |r|inf=7.779944e-10  r/r0=3.6441e-08
[mg]   it 368  |r|inf=7.941630e-10  r/r0=3.7199e-08
[mg]   it 369  |r|inf=8.092166e-10  r/r0=3.7904e-08
[mg]   it 370  |r|inf=8.231487e-10  r/r0=3.8557e-08
[mg]   it 371  |r|inf=8.359541e-10  r/r0=3.9156e-08
[mg]   it 372  |r|inf=8.476287e-10  r/r0=3.9703e-08
[mg]   it 373  |r|inf=8.581697e-10  r/r0=4.0197e-08
[mg]   it 374  |r|inf=8.675751e-10  r/r0=4.0637e-08
[mg]   it 375  |r|inf=8.758441e-10  r/r0=4.1025e-08
[mg]   it 376  |r|inf=8.829770e-10  r/r0=4.1359e-08
[mg]   it 377  |r|inf=8.889752e-10  r/r0=4.1640e-08
[mg]   it 378  |r|inf=8.938410e-10  r/r0=4.1868e-08
[mg]   it 379  |r|inf=8.975778e-10  r/r0=4.2043e-08
[mg]   it 380  |r|inf=9.001899e-10  r/r0=4.2165e-08
[mg]   it 381  |r|inf=9.016828e-10  r/r0=4.2235e-08
[mg]   it 382  |r|inf=9.020629e-10  r/r0=4.2253e-08
[mg]   it 383  |r|inf=9.013377e-10  r/r0=4.2219e-08
[mg]   it 384  |r|inf=8.995156e-10  r/r0=4.2134e-08
[mg]   it 385  |r|inf=8.966064e-10  r/r0=4.1997e-08
[mg]   it 386  |r|inf=8.926204e-10  r/r0=4.1811e-08
[mg]   it 387  |r|inf=8.875694e-10  r/r0=4.1574e-08
[mg]   it 388  |r|inf=8.814662e-10  r/r0=4.1288e-08
[mg]   it 389  |r|inf=8.743243e-10  r/r0=4.0954e-08
[mg]   it 390  |r|inf=8.661587e-10  r/r0=4.0571e-08
[mg]   it 391  |r|inf=8.569853e-10  r/r0=4.0141e-08
[mg]   it 392  |r|inf=8.468211e-10  r/r0=3.9665e-08
[mg]   it 393  |r|inf=8.356840e-10  r/r0=3.9144e-08
[mg]   it 394  |r|inf=8.235931e-10  r/r0=3.8577e-08
[mg]   it 395  |r|inf=8.105687e-10  r/r0=3.7967e-08
[mg]   it 396  |r|inf=7.966318e-10  r/r0=3.7314e-08
[mg]   it 397  |r|inf=7.843461e-10  r/r0=3.6739e-08
[mg]   it 398  |r|inf=7.846514e-10  r/r0=3.6753e-08
[mg]   it 399  |r|inf=7.840474e-10  r/r0=3.6725e-08
[mg]   it 400  |r|inf=7.825407e-10  r/r0=3.6654e-08
[mg]   it 401  |r|inf=7.801389e-10  r/r0=3.6542e-08
[mg]   it 402  |r|inf=7.768508e-10  r/r0=3.6388e-08
[mg]   it 403  |r|inf=7.726863e-10  r/r0=3.6193e-08
[mg]   it 404  |r|inf=7.676562e-10  r/r0=3.5957e-08
[mg]   it 405  |r|inf=7.617727e-10  r/r0=3.5682e-08
[mg]   it 406  |r|inf=7.550489e-10  r/r0=3.5367e-08
[mg]   it 407  |r|inf=7.474989e-10  r/r0=3.5013e-08
[mg]   it 408  |r|inf=7.391378e-10  r/r0=3.4621e-08
[mg]   it 409  |r|inf=7.299820e-10  r/r0=3.4193e-08
[mg]   it 410  |r|inf=7.200483e-10  r/r0=3.3727e-08
[mg]   it 411  |r|inf=7.093549e-10  r/r0=3.3226e-08
[mg]   it 412  |r|inf=6.979205e-10  r/r0=3.2691e-08
[mg]   it 413  |r|inf=6.857649e-10  r/r0=3.2121e-08
[mg]   it 414  |r|inf=6.729083e-10  r/r0=3.1519e-08
[mg]   it 415  |r|inf=6.593721e-10  r/r0=3.0885e-08
[mg]   it 416  |r|inf=6.492235e-10  r/r0=3.0410e-08
[mg]   it 417  |r|inf=6.527486e-10  r/r0=3.0575e-08
[mg]   it 418  |r|inf=6.555675e-10  r/r0=3.0707e-08
[mg]   it 419  |r|inf=6.576841e-10  r/r0=3.0806e-08
[mg]   it 420  |r|inf=6.591028e-10  r/r0=3.0873e-08
[mg]   it 421  |r|inf=6.598290e-10  r/r0=3.0907e-08
[mg]   it 422  |r|inf=6.598690e-10  r/r0=3.0908e-08
[mg]   it 423  |r|inf=6.592300e-10  r/r0=3.0879e-08
[mg]   it 424  |r|inf=6.579199e-10  r/r0=3.0817e-08
[mg]   it 425  |r|inf=6.559472e-10  r/r0=3.0725e-08
[mg]   it 426  |r|inf=6.533214e-10  r/r0=3.0602e-08
[mg]   it 427  |r|inf=6.500524e-10  r/r0=3.0449e-08
[mg]   it 428  |r|inf=6.461510e-10  r/r0=3.0266e-08
[mg]   it 429  |r|inf=6.416284e-10  r/r0=3.0054e-08
[mg]   it 430  |r|inf=6.364964e-10  r/r0=2.9814e-08
[mg]   it 431  |r|inf=6.307673e-10  r/r0=2.9545e-08
[mg]   it 432  |r|inf=6.244539e-10  r/r0=2.9250e-08
[mg]   it 433  |r|inf=6.175694e-10  r/r0=2.8927e-08
[mg]   it 434  |r|inf=6.101275e-10  r/r0=2.8579e-08
[mg]   it 435  |r|inf=6.021421e-10  r/r0=2.8205e-08
[mg]   it 436  |r|inf=5.936275e-10  r/r0=2.7806e-08
[mg]   it 437  |r|inf=5.845983e-10  r/r0=2.7383e-08
[mg]   it 438  |r|inf=5.750692e-10  r/r0=2.6936e-08
[mg]   it 439  |r|inf=5.650552e-10  r/r0=2.6467e-08
[mg]   it 440  |r|inf=5.545716e-10  r/r0=2.5976e-08
[mg]   it 441  |r|inf=5.436336e-10  r/r0=2.5464e-08
[mg]   it 442  |r|inf=5.322567e-10  r/r0=2.4931e-08
[mg]   it 443  |r|inf=5.204564e-10  r/r0=2.4378e-08
[mg]   it 444  |r|inf=5.082482e-10  r/r0=2.3806e-08
[mg]   it 445  |r|inf=5.035693e-10  r/r0=2.3587e-08
[mg]   it 446  |r|inf=5.063445e-10  r/r0=2.3717e-08
[mg]   it 447  |r|inf=5.086699e-10  r/r0=2.3826e-08
[mg]   it 448  |r|inf=5.105486e-10  r/r0=2.3914e-08
[mg]   it 449  |r|inf=5.119842e-10  r/r0=2.3981e-08
[mg]   it 450  |r|inf=5.129803e-10  r/r0=2.4028e-08
[mg]   it 451  |r|inf=5.317059e-10  r/r0=2.4905e-08
[mg]   it 452  |r|inf=5.513598e-10  r/r0=2.5826e-08
[mg]   it 453  |r|inf=5.704760e-10  r/r0=2.6721e-08
[mg]   it 454  |r|inf=5.890451e-10  r/r0=2.7591e-08
[mg]   it 455  |r|inf=6.070581e-10  r/r0=2.8435e-08
[mg]   it 456  |r|inf=6.245066e-10  r/r0=2.9252e-08
[mg]   it 457  |r|inf=6.413828e-10  r/r0=3.0043e-08
[mg]   it 458  |r|inf=6.576795e-10  r/r0=3.0806e-08
[mg]   it 459  |r|inf=6.733901e-10  r/r0=3.1542e-08
[mg]   it 460  |r|inf=6.885083e-10  r/r0=3.2250e-08
[mg]   it 461  |r|inf=7.030285e-10  r/r0=3.2930e-08
[mg]   it 462  |r|inf=7.169453e-10  r/r0=3.3582e-08
[mg]   it 463  |r|inf=7.302542e-10  r/r0=3.4205e-08
[mg]   it 464  |r|inf=7.429509e-10  r/r0=3.4800e-08
[mg]   it 465  |r|inf=7.550313e-10  r/r0=3.5366e-08
[mg]   it 466  |r|inf=7.664923e-10  r/r0=3.5903e-08
[mg]   it 467  |r|inf=7.773306e-10  r/r0=3.6410e-08
[mg]   it 468  |r|inf=7.875437e-10  r/r0=3.6889e-08
[mg]   it 469  |r|inf=7.971294e-10  r/r0=3.7338e-08
[mg]   it 470  |r|inf=8.060858e-10  r/r0=3.7757e-08
[mg]   it 471  |r|inf=8.144114e-10  r/r0=3.8147e-08
[mg]   it 472  |r|inf=8.221051e-10  r/r0=3.8508e-08
[mg]   it 473  |r|inf=8.291661e-10  r/r0=3.8838e-08
[mg]   it 474  |r|inf=8.355940e-10  r/r0=3.9139e-08
[mg]   it 475  |r|inf=8.413888e-10  r/r0=3.9411e-08
[mg]   it 476  |r|inf=8.465507e-10  r/r0=3.9653e-08
[mg]   it 477  |r|inf=8.510803e-10  r/r0=3.9865e-08
[mg]   it 478  |r|inf=8.549785e-10  r/r0=4.0047e-08
[mg]   it 479  |r|inf=8.582467e-10  r/r0=4.0201e-08
[mg]   it 480  |r|inf=8.608864e-10  r/r0=4.0324e-08
[mg]   it 481  |r|inf=8.628995e-10  r/r0=4.0418e-08
[mg]   it 482  |r|inf=8.642884e-10  r/r0=4.0484e-08
[mg]   it 483  |r|inf=8.650556e-10  r/r0=4.0519e-08
[mg]   it 484  |r|inf=8.652041e-10  r/r0=4.0526e-08
[mg]   it 485  |r|inf=8.647371e-10  r/r0=4.0505e-08
[mg]   it 486  |r|inf=8.636581e-10  r/r0=4.0454e-08
[mg]   it 487  |r|inf=8.619712e-10  r/r0=4.0375e-08
[mg]   it 488  |r|inf=8.596806e-10  r/r0=4.0268e-08
[mg]   it 489  |r|inf=8.567908e-10  r/r0=4.0132e-08
[mg]   it 490  |r|inf=8.533068e-10  r/r0=3.9969e-08
[mg]   it 491  |r|inf=8.492339e-10  r/r0=3.9778e-08
[mg]   it 492  |r|inf=8.445777e-10  r/r0=3.9560e-08
[mg]   it 493  |r|inf=8.393440e-10  r/r0=3.9315e-08
[mg]   it 494  |r|inf=8.335393e-10  r/r0=3.9043e-08
[mg]   it 495  |r|inf=8.271701e-10  r/r0=3.8745e-08
[mg]   it 496  |r|inf=8.202434e-10  r/r0=3.8420e-08
[mg]   it 497  |r|inf=8.127665e-10  r/r0=3.8070e-08
[mg]   it 498  |r|inf=8.047471e-10  r/r0=3.7695e-08
[mg]   it 499  |r|inf=7.961931e-10  r/r0=3.7294e-08
[mg]   it 500  |r|inf=7.871128e-10  r/r0=3.6869e-08
[mg]   it 501  |r|inf=7.775150e-10  r/r0=3.6419e-08
[mg]   it 502  |r|inf=7.674084e-10  r/r0=3.5946e-08
[mg]   it 503  |r|inf=7.568026e-10  r/r0=3.5449e-08
[mg]   it 504  |r|inf=7.529396e-10  r/r0=3.5268e-08
[mg]   it 505  |r|inf=7.530107e-10  r/r0=3.5271e-08
[mg]   it 506  |r|inf=7.525757e-10  r/r0=3.5251e-08
[mg]   it 507  |r|inf=7.516374e-10  r/r0=3.5207e-08
[mg]   it 508  |r|inf=7.501986e-10  r/r0=3.5140e-08
[mg]   it 509  |r|inf=7.482630e-10  r/r0=3.5049e-08
[mg]   it 510  |r|inf=7.458342e-10  r/r0=3.4935e-08
[mg]   it 511  |r|inf=7.429165e-10  r/r0=3.4798e-08
[mg]   it 512  |r|inf=7.395144e-10  r/r0=3.4639e-08
[mg]   it 513  |r|inf=7.356326e-10  r/r0=3.4457e-08
[mg]   it 514  |r|inf=7.312764e-10  r/r0=3.4253e-08
[mg]   it 515  |r|inf=7.264514e-10  r/r0=3.4027e-08
[mg]   it 516  |r|inf=7.211634e-10  r/r0=3.3779e-08
[mg]   it 517  |r|inf=7.154185e-10  r/r0=3.3510e-08
[mg]   it 518  |r|inf=7.092233e-10  r/r0=3.3220e-08
[mg]   it 519  |r|inf=7.025846e-10  r/r0=3.2909e-08
[mg]   it 520  |r|inf=6.955095e-10  r/r0=3.2578e-08
[mg]   it 521  |r|inf=6.880054e-10  r/r0=3.2226e-08
[mg]   it 522  |r|inf=6.800801e-10  r/r0=3.1855e-08
[mg]   it 523  |r|inf=6.717413e-10  r/r0=3.1465e-08
[mg]   it 524  |r|inf=6.629975e-10  r/r0=3.1055e-08
[mg]   it 525  |r|inf=6.538570e-10  r/r0=3.0627e-08
[mg]   it 526  |r|inf=6.443286e-10  r/r0=3.0181e-08
[mg]   it 527  |r|inf=6.344212e-10  r/r0=2.9716e-08
[mg]   it 528  |r|inf=6.241439e-10  r/r0=2.9235e-08
[mg]   it 529  |r|inf=6.233933e-10  r/r0=2.9200e-08
[mg]   it 530  |r|inf=6.258287e-10  r/r0=2.9314e-08
[mg]   it 531  |r|inf=6.278723e-10  r/r0=2.9410e-08
[mg]   it 532  |r|inf=6.295257e-10  r/r0=2.9487e-08
[mg]   it 533  |r|inf=6.307905e-10  r/r0=2.9546e-08
[mg]   it 534  |r|inf=6.316688e-10  r/r0=2.9588e-08
[mg]   it 535  |r|inf=6.321630e-10  r/r0=2.9611e-08
[mg]   it 536  |r|inf=6.322757e-10  r/r0=2.9616e-08
[mg]   it 537  |r|inf=6.320096e-10  r/r0=2.9604e-08
[mg]   it 538  |r|inf=6.313680e-10  r/r0=2.9573e-08
[mg]   it 539  |r|inf=6.303542e-10  r/r0=2.9526e-08
[mg]   it 540  |r|inf=6.289717e-10  r/r0=2.9461e-08
[mg]   it 541  |r|inf=6.272245e-10  r/r0=2.9379e-08
[mg]   it 542  |r|inf=6.251166e-10  r/r0=2.9281e-08
[mg]   it 543  |r|inf=6.226521e-10  r/r0=2.9165e-08
[mg]   it 544  |r|inf=6.198357e-10  r/r0=2.9033e-08
[mg]   it 545  |r|inf=6.166719e-10  r/r0=2.8885e-08
[mg]   it 546  |r|inf=6.131655e-10  r/r0=2.8721e-08
[mg]   it 547  |r|inf=6.093217e-10  r/r0=2.8541e-08
[mg]   it 548  |r|inf=6.051454e-10  r/r0=2.8345e-08
[mg]   it 549  |r|inf=6.006422e-10  r/r0=2.8134e-08
[mg]   it 550  |r|inf=5.958173e-10  r/r0=2.7908e-08
[mg]   it 551  |r|inf=5.906765e-10  r/r0=2.7667e-08
[mg]   it 552  |r|inf=5.852254e-10  r/r0=2.7412e-08
[mg]   it 553  |r|inf=5.794698e-10  r/r0=2.7143e-08
[mg]   it 554  |r|inf=5.734158e-10  r/r0=2.6859e-08
[mg]   it 555  |r|inf=5.670693e-10  r/r0=2.6562e-08
[mg]   it 556  |r|inf=5.604365e-10  r/r0=2.6251e-08
[mg]   it 557  |r|inf=5.535236e-10  r/r0=2.5927e-08
[mg]   it 558  |r|inf=5.463369e-10  r/r0=2.5591e-08
[mg]   it 559  |r|inf=5.388826e-10  r/r0=2.5241e-08
[mg]   it 560  |r|inf=5.311672e-10  r/r0=2.4880e-08
[mg]   it 561  |r|inf=5.231972e-10  r/r0=2.4507e-08
[mg]   it 562  |r|inf=5.149790e-10  r/r0=2.4122e-08
[mg]   it 563  |r|inf=5.065191e-10  r/r0=2.3725e-08
[mg]   it 564  |r|inf=4.978241e-10  r/r0=2.3318e-08
[mg]   it 565  |r|inf=4.889006e-10  r/r0=2.2900e-08
[mg]   it 566  |r|inf=4.831204e-10  r/r0=2.2629e-08
[mg]   it 567  |r|inf=4.854054e-10  r/r0=2.2737e-08
[mg]   it 568  |r|inf=4.874384e-10  r/r0=2.2832e-08
[mg]   it 569  |r|inf=4.892205e-10  r/r0=2.2915e-08
[mg]   it 570  |r|inf=4.907530e-10  r/r0=2.2987e-08
[mg]   it 571  |r|inf=4.920372e-10  r/r0=2.3047e-08
[mg]   it 572  |r|inf=4.930745e-10  r/r0=2.3096e-08
[mg]   it 573  |r|inf=4.940687e-10  r/r0=2.3142e-08
[mg]   it 574  |r|inf=5.090994e-10  r/r0=2.3846e-08
[mg]   it 575  |r|inf=5.238386e-10  r/r0=2.4537e-08
[mg]   it 576  |r|inf=5.382819e-10  r/r0=2.5213e-08
[mg]   it 577  |r|inf=5.524247e-10  r/r0=2.5876e-08
[mg]   it 578  |r|inf=5.662627e-10  r/r0=2.6524e-08
[mg]   it 579  |r|inf=5.797920e-10  r/r0=2.7158e-08
[mg]   it 580  |r|inf=5.930088e-10  r/r0=2.7777e-08
[mg]   it 581  |r|inf=6.059093e-10  r/r0=2.8381e-08
[mg]   it 582  |r|inf=6.184901e-10  r/r0=2.8970e-08
[mg]   it 583  |r|inf=6.307479e-10  r/r0=2.9544e-08
[mg]   it 584  |r|inf=6.426797e-10  r/r0=3.0103e-08
[mg]   it 585  |r|inf=6.542824e-10  r/r0=3.0647e-08
[mg]   it 586  |r|inf=6.655534e-10  r/r0=3.1175e-08
[mg]   it 587  |r|inf=6.764899e-10  r/r0=3.1687e-08
[mg]   it 588  |r|inf=6.870897e-10  r/r0=3.2183e-08
[mg]   it 589  |r|inf=6.973503e-10  r/r0=3.2664e-08
[mg]   it 590  |r|inf=7.072697e-10  r/r0=3.3129e-08
[mg]   it 591  |r|inf=7.168459e-10  r/r0=3.3577e-08
[mg]   it 592  |r|inf=7.260770e-10  r/r0=3.4010e-08
[mg]   it 593  |r|inf=7.349613e-10  r/r0=3.4426e-08
[mg]   it 594  |r|inf=7.434973e-10  r/r0=3.4826e-08
[mg]   it 595  |r|inf=7.516836e-10  r/r0=3.5209e-08
[mg]   it 596  |r|inf=7.595189e-10  r/r0=3.5576e-08
[mg]   it 597  |r|inf=7.670020e-10  r/r0=3.5927e-08
[mg]   it 598  |r|inf=7.741319e-10  r/r0=3.6261e-08
[mg]   it 599  |r|inf=7.809078e-10  r/r0=3.6578e-08
[mg]   it 600  |r|inf=7.873287e-10  r/r0=3.6879e-08
[mg]   it 601  |r|inf=7.933942e-10  r/r0=3.7163e-08
[mg]   it 602  |r|inf=7.991036e-10  r/r0=3.7430e-08
[mg]   it 603  |r|inf=8.044566e-10  r/r0=3.7681e-08
[mg]   it 604  |r|inf=8.094529e-10  r/r0=3.7915e-08
[mg]   it 605  |r|inf=8.140922e-10  r/r0=3.8132e-08
[mg]   it 606  |r|inf=8.183746e-10  r/r0=3.8333e-08
[mg]   it 607  |r|inf=8.223002e-10  r/r0=3.8517e-08
[mg]   it 608  |r|inf=8.258690e-10  r/r0=3.8684e-08
[mg]   it 609  |r|inf=8.290813e-10  r/r0=3.8834e-08
[mg]   it 610  |r|inf=8.319377e-10  r/r0=3.8968e-08
[mg]   it 611  |r|inf=8.344385e-10  r/r0=3.9085e-08
[mg]   it 612  |r|inf=8.365845e-10  r/r0=3.9186e-08
[mg]   it 613  |r|inf=8.383763e-10  r/r0=3.9270e-08
[mg]   it 614  |r|inf=8.398148e-10  r/r0=3.9337e-08
[mg]   it 615  |r|inf=8.409010e-10  r/r0=3.9388e-08
[mg]   it 616  |r|inf=8.416360e-10  r/r0=3.9422e-08
[mg]   it 617  |r|inf=8.420209e-10  r/r0=3.9440e-08
[mg]   it 618  |r|inf=8.420570e-10  r/r0=3.9442e-08
[mg]   it 619  |r|inf=8.417458e-10  r/r0=3.9428e-08
[mg]   it 620  |r|inf=8.410887e-10  r/r0=3.9397e-08
[mg]   it 621  |r|inf=8.400875e-10  r/r0=3.9350e-08
[mg]   it 622  |r|inf=8.387438e-10  r/r0=3.9287e-08
[mg]   it 623  |r|inf=8.370595e-10  r/r0=3.9208e-08
[mg]   it 624  |r|inf=8.350367e-10  r/r0=3.9113e-08
[mg]   it 625  |r|inf=8.326773e-10  r/r0=3.9003e-08
[mg]   it 626  |r|inf=8.299836e-10  r/r0=3.8877e-08
[mg]   it 627  |r|inf=8.269578e-10  r/r0=3.8735e-08
[mg]   it 628  |r|inf=8.236025e-10  r/r0=3.8578e-08
[mg]   it 629  |r|inf=8.199202e-10  r/r0=3.8405e-08
[mg]   it 630  |r|inf=8.159135e-10  r/r0=3.8218e-08
[mg]   it 631  |r|inf=8.115851e-10  r/r0=3.8015e-08
[mg]   it 632  |r|inf=8.069380e-10  r/r0=3.7797e-08
[mg]   it 633  |r|inf=8.019752e-10  r/r0=3.7565e-08
[mg]   it 634  |r|inf=7.966997e-10  r/r0=3.7318e-08
[mg]   it 635  |r|inf=7.911148e-10  r/r0=3.7056e-08
[mg]   it 636  |r|inf=7.852239e-10  r/r0=3.6780e-08
[mg]   it 637  |r|inf=7.790302e-10  r/r0=3.6490e-08
[mg]   it 638  |r|inf=7.725375e-10  r/r0=3.6186e-08
[mg]   it 639  |r|inf=7.657493e-10  r/r0=3.5868e-08
[mg]   it 640  |r|inf=7.586695e-10  r/r0=3.5536e-08
[mg]   it 641  |r|inf=7.513018e-10  r/r0=3.5191e-08
[mg]   it 642  |r|inf=7.436503e-10  r/r0=3.4833e-08
[mg]   it 643  |r|inf=7.357191e-10  r/r0=3.4461e-08
[mg]   it 644  |r|inf=7.334925e-10  r/r0=3.4357e-08
[mg]   it 645  |r|inf=7.335663e-10  r/r0=3.4360e-08
[mg]   it 646  |r|inf=7.333539e-10  r/r0=3.4351e-08
[mg]   it 647  |r|inf=7.328567e-10  r/r0=3.4327e-08
[mg]   it 648  |r|inf=7.320758e-10  r/r0=3.4291e-08
[mg]   it 649  |r|inf=7.310126e-10  r/r0=3.4241e-08
[mg]   it 650  |r|inf=7.296687e-10  r/r0=3.4178e-08
[mg]   it 651  |r|inf=7.280455e-10  r/r0=3.4102e-08
[mg]   it 652  |r|inf=7.261450e-10  r/r0=3.4013e-08
[mg]   it 653  |r|inf=7.239688e-10  r/r0=3.3911e-08
[mg]   it 654  |r|inf=7.215190e-10  r/r0=3.3796e-08
[mg]   it 655  |r|inf=7.187977e-10  r/r0=3.3669e-08
[mg]   it 656  |r|inf=7.158070e-10  r/r0=3.3529e-08
[mg]   it 657  |r|inf=7.125492e-10  r/r0=3.3376e-08
[mg]   it 658  |r|inf=7.090267e-10  r/r0=3.3211e-08
[mg]   it 659  |r|inf=7.052421e-10  r/r0=3.3034e-08
[mg]   it 660  |r|inf=7.011979e-10  r/r0=3.2844e-08
[mg]   it 661  |r|inf=6.968969e-10  r/r0=3.2643e-08
[mg]   it 662  |r|inf=6.923419e-10  r/r0=3.2429e-08
[mg]   it 663  |r|inf=6.875359e-10  r/r0=3.2204e-08
[mg]   it 664  |r|inf=6.824818e-10  r/r0=3.1968e-08
[mg]   it 665  |r|inf=6.771828e-10  r/r0=3.1719e-08
[mg]   it 666  |r|inf=6.716421e-10  r/r0=3.1460e-08
[mg]   it 667  |r|inf=6.658630e-10  r/r0=3.1189e-08
[mg]   it 668  |r|inf=6.598489e-10  r/r0=3.0908e-08
[mg]   it 669  |r|inf=6.536032e-10  r/r0=3.0615e-08
[mg]   it 670  |r|inf=6.471296e-10  r/r0=3.0312e-08
[mg]   it 671  |r|inf=6.404317e-10  r/r0=2.9998e-08
[mg]   it 672  |r|inf=6.335131e-10  r/r0=2.9674e-08
[mg]   it 673  |r|inf=6.263777e-10  r/r0=2.9340e-08
[mg]   it 674  |r|inf=6.190294e-10  r/r0=2.8996e-08
[mg]   it 675  |r|inf=6.114720e-10  r/r0=2.8642e-08
[mg]   it 676  |r|inf=6.037096e-10  r/r0=2.8278e-08
[mg]   it 677  |r|inf=6.035902e-10  r/r0=2.8272e-08
[mg]   it 678  |r|inf=6.053283e-10  r/r0=2.8354e-08
[mg]   it 679  |r|inf=6.068467e-10  r/r0=2.8425e-08
[mg]   it 680  |r|inf=6.081463e-10  r/r0=2.8486e-08
[mg]   it 681  |r|inf=6.092276e-10  r/r0=2.8536e-08
[mg]   it 682  |r|inf=6.100916e-10  r/r0=2.8577e-08
[mg]   it 683  |r|inf=6.107390e-10  r/r0=2.8607e-08
[mg]   it 684  |r|inf=6.111710e-10  r/r0=2.8627e-08
[mg]   it 685  |r|inf=6.113886e-10  r/r0=2.8638e-08
[mg]   it 686  |r|inf=6.113929e-10  r/r0=2.8638e-08
[mg]   it 687  |r|inf=6.111852e-10  r/r0=2.8628e-08
[mg]   it 688  |r|inf=6.107669e-10  r/r0=2.8608e-08
[mg]   it 689  |r|inf=6.101393e-10  r/r0=2.8579e-08
[mg]   it 690  |r|inf=6.093040e-10  r/r0=2.8540e-08
[mg]   it 691  |r|inf=6.082625e-10  r/r0=2.8491e-08
[mg]   it 692  |r|inf=6.070164e-10  r/r0=2.8433e-08
[mg]   it 693  |r|inf=6.055675e-10  r/r0=2.8365e-08
[mg]   it 694  |r|inf=6.039175e-10  r/r0=2.8288e-08
[mg]   it 695  |r|inf=6.020682e-10  r/r0=2.8201e-08
[mg]   it 696  |r|inf=6.000217e-10  r/r0=2.8105e-08
[mg]   it 697  |r|inf=5.977797e-10  r/r0=2.8000e-08
[mg]   it 698  |r|inf=5.953445e-10  r/r0=2.7886e-08
[mg]   it 699  |r|inf=5.927180e-10  r/r0=2.7763e-08
[mg]   it 700  |r|inf=5.899024e-10  r/r0=2.7631e-08
[mg]   it 701  |r|inf=5.868999e-10  r/r0=2.7491e-08
[mg]   it 702  |r|inf=5.837127e-10  r/r0=2.7341e-08
[mg]   it 703  |r|inf=5.803431e-10  r/r0=2.7183e-08
[mg]   it 704  |r|inf=5.767934e-10  r/r0=2.7017e-08
[mg]   it 705  |r|inf=5.730660e-10  r/r0=2.6843e-08
[mg]   it 706  |r|inf=5.691634e-10  r/r0=2.6660e-08
[mg]   it 707  |r|inf=5.650879e-10  r/r0=2.6469e-08
[mg]   it 708  |r|inf=5.608421e-10  r/r0=2.6270e-08
[mg]   it 709  |r|inf=5.564285e-10  r/r0=2.6063e-08
[mg]   it 710  |r|inf=5.518496e-10  r/r0=2.5849e-08
[mg]   it 711  |r|inf=5.471080e-10  r/r0=2.5627e-08
[mg]   it 712  |r|inf=5.422063e-10  r/r0=2.5397e-08
[mg]   it 713  |r|inf=5.371472e-10  r/r0=2.5160e-08
[mg]   it 714  |r|inf=5.319334e-10  r/r0=2.4916e-08
[mg]   it 715  |r|inf=5.265674e-10  r/r0=2.4665e-08
[mg]   it 716  |r|inf=5.210520e-10  r/r0=2.4406e-08
[mg]   it 717  |r|inf=5.153899e-10  r/r0=2.4141e-08
[mg]   it 718  |r|inf=5.095838e-10  r/r0=2.3869e-08
[mg]   it 719  |r|inf=5.036366e-10  r/r0=2.3590e-08
[mg]   it 720  |r|inf=4.975508e-10  r/r0=2.3305e-08
[mg]   it 721  |r|inf=4.913294e-10  r/r0=2.3014e-08
[mg]   it 722  |r|inf=4.849751e-10  r/r0=2.2716e-08
[mg]   it 723  |r|inf=4.784906e-10  r/r0=2.2413e-08
[mg]   it 724  |r|inf=4.718787e-10  r/r0=2.2103e-08
[mg]   it 725  |r|inf=4.651424e-10  r/r0=2.1787e-08
[mg]   it 726  |r|inf=4.664611e-10  r/r0=2.1849e-08
[mg]   it 727  |r|inf=4.681169e-10  r/r0=2.1927e-08
[mg]   it 728  |r|inf=4.696321e-10  r/r0=2.1998e-08
[mg]   it 729  |r|inf=4.710072e-10  r/r0=2.2062e-08
[mg]   it 730  |r|inf=4.722425e-10  r/r0=2.2120e-08
[mg]   it 731  |r|inf=4.733387e-10  r/r0=2.2171e-08
[mg]   it 732  |r|inf=4.742964e-10  r/r0=2.2216e-08
[mg]   it 733  |r|inf=4.751160e-10  r/r0=2.2255e-08
[mg]   it 734  |r|inf=4.757984e-10  r/r0=2.2287e-08
[mg]   it 735  |r|inf=4.816278e-10  r/r0=2.2560e-08
[mg]   it 736  |r|inf=4.927792e-10  r/r0=2.3082e-08
[mg]   it 737  |r|inf=5.037678e-10  r/r0=2.3597e-08
[mg]   it 738  |r|inf=5.145915e-10  r/r0=2.4104e-08
[mg]   it 739  |r|inf=5.252483e-10  r/r0=2.4603e-08
[mg]   it 740  |r|inf=5.357364e-10  r/r0=2.5094e-08
[mg]   it 741  |r|inf=5.460539e-10  r/r0=2.5577e-08
[mg]   it 742  |r|inf=5.561990e-10  r/r0=2.6053e-08
[mg]   it 743  |r|inf=5.661701e-10  r/r0=2.6520e-08
[mg]   it 744  |r|inf=5.759655e-10  r/r0=2.6978e-08
[mg]   it 745  |r|inf=5.855836e-10  r/r0=2.7429e-08
[mg]   it 746  |r|inf=5.950229e-10  r/r0=2.7871e-08
[mg]   it 747  |r|inf=6.042820e-10  r/r0=2.8305e-08
[mg]   it 748  |r|inf=6.133595e-10  r/r0=2.8730e-08
[mg]   it 749  |r|inf=6.222540e-10  r/r0=2.9147e-08
[mg]   it 750  |r|inf=6.309642e-10  r/r0=2.9555e-08
[mg]   it 751  |r|inf=6.394888e-10  r/r0=2.9954e-08
[mg]   it 752  |r|inf=6.478268e-10  r/r0=3.0344e-08
[mg]   it 753  |r|inf=6.559769e-10  r/r0=3.0726e-08
[mg]   it 754  |r|inf=6.639381e-10  r/r0=3.1099e-08
[mg]   it 755  |r|inf=6.717094e-10  r/r0=3.1463e-08
[mg]   it 756  |r|inf=6.792897e-10  r/r0=3.1818e-08
[mg]   it 757  |r|inf=6.866782e-10  r/r0=3.2164e-08
[mg]   it 758  |r|inf=6.938740e-10  r/r0=3.2501e-08
[mg]   it 759  |r|inf=7.008761e-10  r/r0=3.2829e-08
[mg]   it 760  |r|inf=7.076840e-10  r/r0=3.3148e-08
[mg]   it 761  |r|inf=7.142967e-10  r/r0=3.3458e-08
[mg]   it 762  |r|inf=7.207136e-10  r/r0=3.3758e-08
[mg]   it 763  |r|inf=7.269341e-10  r/r0=3.4050e-08
[mg]   it 764  |r|inf=7.329575e-10  r/r0=3.4332e-08
[mg]   it 765  |r|inf=7.387832e-10  r/r0=3.4605e-08
[mg]   it 766  |r|inf=7.444109e-10  r/r0=3.4868e-08
[mg]   it 767  |r|inf=7.498398e-10  r/r0=3.5123e-08
[mg]   it 768  |r|inf=7.550698e-10  r/r0=3.5368e-08
[mg]   it 769  |r|inf=7.601002e-10  r/r0=3.5603e-08
[mg]   it 770  |r|inf=7.649308e-10  r/r0=3.5830e-08
[mg]   it 771  |r|inf=7.695612e-10  r/r0=3.6046e-08
[mg]   it 772  |r|inf=7.739913e-10  r/r0=3.6254e-08
[mg]   it 773  |r|inf=7.782206e-10  r/r0=3.6452e-08
[mg]   it 774  |r|inf=7.822491e-10  r/r0=3.6641e-08
[mg]   it 775  |r|inf=7.860766e-10  r/r0=3.6820e-08
[mg]   it 776  |r|inf=7.897029e-10  r/r0=3.6990e-08
[mg]   it 777  |r|inf=7.931280e-10  r/r0=3.7150e-08
[mg]   it 778  |r|inf=7.963518e-10  r/r0=3.7301e-08
[mg]   it 779  |r|inf=7.993744e-10  r/r0=3.7443e-08
[mg]   it 780  |r|inf=8.021956e-10  r/r0=3.7575e-08
[mg]   it 781  |r|inf=8.048157e-10  r/r0=3.7698e-08
[mg]   it 782  |r|inf=8.072347e-10  r/r0=3.7811e-08
[mg]   it 783  |r|inf=8.094528e-10  r/r0=3.7915e-08
[mg]   it 784  |r|inf=8.114701e-10  r/r0=3.8009e-08
[mg]   it 785  |r|inf=8.132868e-10  r/r0=3.8095e-08
[mg]   it 786  |r|inf=8.149033e-10  r/r0=3.8170e-08
[mg]   it 787  |r|inf=8.163198e-10  r/r0=3.8237e-08
[mg]   it 788  |r|inf=8.175366e-10  r/r0=3.8294e-08
[mg]   it 789  |r|inf=8.185541e-10  r/r0=3.8341e-08
[mg]   it 790  |r|inf=8.193727e-10  r/r0=3.8380e-08
[mg]   it 791  |r|inf=8.199929e-10  r/r0=3.8409e-08
[mg]   it 792  |r|inf=8.204150e-10  r/r0=3.8428e-08
[mg]   it 793  |r|inf=8.206397e-10  r/r0=3.8439e-08
[mg]   it 794  |r|inf=8.206675e-10  r/r0=3.8440e-08
[mg]   it 795  |r|inf=8.204990e-10  r/r0=3.8432e-08
[mg]   it 796  |r|inf=8.201347e-10  r/r0=3.8415e-08
[mg]   it 797  |r|inf=8.195754e-10  r/r0=3.8389e-08
[mg]   it 798  |r|inf=8.188218e-10  r/r0=3.8354e-08
[mg]   it 799  |r|inf=8.178745e-10  r/r0=3.8309e-08
[mg]   it 800  |r|inf=8.167344e-10  r/r0=3.8256e-08
[mg]   it 801  |r|inf=8.154024e-10  r/r0=3.8194e-08
[mg]   it 802  |r|inf=8.138791e-10  r/r0=3.8122e-08
[mg]   it 803  |r|inf=8.121656e-10  r/r0=3.8042e-08
[mg]   it 804  |r|inf=8.102627e-10  r/r0=3.7953e-08
[mg]   it 805  |r|inf=8.081714e-10  r/r0=3.7855e-08
[mg]   it 806  |r|inf=8.058928e-10  r/r0=3.7748e-08
[mg]   it 807  |r|inf=8.034278e-10  r/r0=3.7633e-08
[mg]   it 808  |r|inf=8.007775e-10  r/r0=3.7509e-08
[mg]   it 809  |r|inf=7.979431e-10  r/r0=3.7376e-08
[mg]   it 810  |r|inf=7.949257e-10  r/r0=3.7235e-08
[mg]   it 811  |r|inf=7.917265e-10  r/r0=3.7085e-08
[mg]   it 812  |r|inf=7.883467e-10  r/r0=3.6926e-08
[mg]   it 813  |r|inf=7.847875e-10  r/r0=3.6760e-08
[mg]   it 814  |r|inf=7.810504e-10  r/r0=3.6585e-08
[mg]   it 815  |r|inf=7.771366e-10  r/r0=3.6401e-08
[mg]   it 816  |r|inf=7.730475e-10  r/r0=3.6210e-08
[mg]   it 817  |r|inf=7.687845e-10  r/r0=3.6010e-08
[mg]   it 818  |r|inf=7.643490e-10  r/r0=3.5802e-08
[mg]   it 819  |r|inf=7.597427e-10  r/r0=3.5587e-08
[mg]   it 820  |r|inf=7.549669e-10  r/r0=3.5363e-08
[mg]   it 821  |r|inf=7.500232e-10  r/r0=3.5131e-08
[mg]   it 822  |r|inf=7.449133e-10  r/r0=3.4892e-08
[mg]   it 823  |r|inf=7.396387e-10  r/r0=3.4645e-08
[mg]   it 824  |r|inf=7.342012e-10  r/r0=3.4390e-08
[mg]   it 825  |r|inf=7.286025e-10  r/r0=3.4128e-08
[mg]   it 826  |r|inf=7.228442e-10  r/r0=3.3858e-08
[mg]   it 827  |r|inf=7.175636e-10  r/r0=3.3611e-08
[mg]   it 828  |r|inf=7.178052e-10  r/r0=3.3622e-08
[mg]   it 829  |r|inf=7.178841e-10  r/r0=3.3626e-08
[mg]   it 830  |r|inf=7.178006e-10  r/r0=3.3622e-08
[mg]   it 831  |r|inf=7.175552e-10  r/r0=3.3610e-08
[mg]   it 832  |r|inf=7.171485e-10  r/r0=3.3591e-08
[mg]   it 833  |r|inf=7.165808e-10  r/r0=3.3565e-08
[mg]   it 834  |r|inf=7.158530e-10  r/r0=3.3531e-08
[mg]   it 835  |r|inf=7.149655e-10  r/r0=3.3489e-08
[mg]   it 836  |r|inf=7.139190e-10  r/r0=3.3440e-08
[mg]   it 837  |r|inf=7.127142e-10  r/r0=3.3384e-08
[mg]   it 838  |r|inf=7.113520e-10  r/r0=3.3320e-08
[mg]   it 839  |r|inf=7.098330e-10  r/r0=3.3249e-08
[mg]   it 840  |r|inf=7.081580e-10  r/r0=3.3170e-08
[mg]   it 841  |r|inf=7.063280e-10  r/r0=3.3085e-08
[mg]   it 842  |r|inf=7.043438e-10  r/r0=3.2992e-08
[mg]   it 843  |r|inf=7.022064e-10  r/r0=3.2892e-08
[mg]   it 844  |r|inf=6.999166e-10  r/r0=3.2784e-08
[mg]   it 845  |r|inf=6.974756e-10  r/r0=3.2670e-08
[mg]   it 846  |r|inf=6.948843e-10  r/r0=3.2549e-08
[mg]   it 847  |r|inf=6.921439e-10  r/r0=3.2420e-08
[mg]   it 848  |r|inf=6.892554e-10  r/r0=3.2285e-08
[mg]   it 849  |r|inf=6.862200e-10  r/r0=3.2143e-08
[mg]   it 850  |r|inf=6.830388e-10  r/r0=3.1994e-08
[mg]   it 851  |r|inf=6.797132e-10  r/r0=3.1838e-08
[mg]   it 852  |r|inf=6.762442e-10  r/r0=3.1675e-08
[mg]   it 853  |r|inf=6.726332e-10  r/r0=3.1506e-08
[mg]   it 854  |r|inf=6.688816e-10  r/r0=3.1331e-08
[mg]   it 855  |r|inf=6.649906e-10  r/r0=3.1148e-08
[mg]   it 856  |r|inf=6.609616e-10  r/r0=3.0960e-08
[mg]   it 857  |r|inf=6.567960e-10  r/r0=3.0765e-08
[mg]   it 858  |r|inf=6.524953e-10  r/r0=3.0563e-08
[mg]   it 859  |r|inf=6.480610e-10  r/r0=3.0355e-08
[mg]   it 860  |r|inf=6.434944e-10  r/r0=3.0141e-08
[mg]   it 861  |r|inf=6.387972e-10  r/r0=2.9921e-08
[mg]   it 862  |r|inf=6.339708e-10  r/r0=2.9695e-08
[mg]   it 863  |r|inf=6.290169e-10  r/r0=2.9463e-08
[mg]   it 864  |r|inf=6.239370e-10  r/r0=2.9225e-08
[mg]   it 865  |r|inf=6.187327e-10  r/r0=2.8982e-08
[mg]   it 866  |r|inf=6.134058e-10  r/r0=2.8732e-08
[mg]   it 867  |r|inf=6.079579e-10  r/r0=2.8477e-08
[mg]   it 868  |r|inf=6.023906e-10  r/r0=2.8216e-08
[mg]   it 869  |r|inf=5.967056e-10  r/r0=2.7950e-08
[mg]   it 870  |r|inf=5.909048e-10  r/r0=2.7678e-08
[mg]   it 871  |r|inf=5.886927e-10  r/r0=2.7575e-08
[mg]   it 872  |r|inf=5.900003e-10  r/r0=2.7636e-08
[mg]   it 873  |r|inf=5.911838e-10  r/r0=2.7691e-08
[mg]   it 874  |r|inf=5.922435e-10  r/r0=2.7741e-08
[mg]   it 875  |r|inf=5.931796e-10  r/r0=2.7785e-08
[mg]   it 876  |r|inf=5.939925e-10  r/r0=2.7823e-08
[mg]   it 877  |r|inf=5.946824e-10  r/r0=2.7855e-08
[mg]   it 878  |r|inf=5.952498e-10  r/r0=2.7882e-08
[mg]   it 879  |r|inf=5.956951e-10  r/r0=2.7903e-08
[mg]   it 880  |r|inf=5.960186e-10  r/r0=2.7918e-08
[mg]   it 881  |r|inf=5.962209e-10  r/r0=2.7927e-08
[mg]   it 882  |r|inf=5.963025e-10  r/r0=2.7931e-08
[mg]   it 883  |r|inf=5.962637e-10  r/r0=2.7929e-08
[mg]   it 884  |r|inf=5.961053e-10  r/r0=2.7922e-08
[mg]   it 885  |r|inf=5.958277e-10  r/r0=2.7909e-08
[mg]   it 886  |r|inf=5.954316e-10  r/r0=2.7890e-08
[mg]   it 887  |r|inf=5.949176e-10  r/r0=2.7866e-08
[mg]   it 888  |r|inf=5.942863e-10  r/r0=2.7837e-08
[mg]   it 889  |r|inf=5.935383e-10  r/r0=2.7802e-08
[mg]   it 890  |r|inf=5.926745e-10  r/r0=2.7761e-08
[mg]   it 891  |r|inf=5.916955e-10  r/r0=2.7715e-08
[mg]   it 892  |r|inf=5.906020e-10  r/r0=2.7664e-08
[mg]   it 893  |r|inf=5.893949e-10  r/r0=2.7607e-08
[mg]   it 894  |r|inf=5.880748e-10  r/r0=2.7546e-08
[mg]   it 895  |r|inf=5.866426e-10  r/r0=2.7479e-08
[mg]   it 896  |r|inf=5.850992e-10  r/r0=2.7406e-08
[mg]   it 897  |r|inf=5.834453e-10  r/r0=2.7329e-08
[mg]   it 898  |r|inf=5.816819e-10  r/r0=2.7246e-08
[mg]   it 899  |r|inf=5.798097e-10  r/r0=2.7158e-08
[mg]   it 900  |r|inf=5.778299e-10  r/r0=2.7066e-08
[mg]   it 901  |r|inf=5.757431e-10  r/r0=2.6968e-08
[mg]   it 902  |r|inf=5.735504e-10  r/r0=2.6865e-08
[mg]   it 903  |r|inf=5.712528e-10  r/r0=2.6758e-08
[mg]   it 904  |r|inf=5.688512e-10  r/r0=2.6645e-08
[mg]   it 905  |r|inf=5.663466e-10  r/r0=2.6528e-08
[mg]   it 906  |r|inf=5.637399e-10  r/r0=2.6406e-08
[mg]   it 907  |r|inf=5.610323e-10  r/r0=2.6279e-08
[mg]   it 908  |r|inf=5.582247e-10  r/r0=2.6147e-08
[mg]   it 909  |r|inf=5.553181e-10  r/r0=2.6011e-08
[mg]   it 910  |r|inf=5.523137e-10  r/r0=2.5871e-08
[mg]   it 911  |r|inf=5.492125e-10  r/r0=2.5725e-08
[mg]   it 912  |r|inf=5.460155e-10  r/r0=2.5576e-08
[mg]   it 913  |r|inf=5.427239e-10  r/r0=2.5421e-08
[mg]   it 914  |r|inf=5.393387e-10  r/r0=2.5263e-08
[mg]   it 915  |r|inf=5.358610e-10  r/r0=2.5100e-08
[mg]   it 916  |r|inf=5.322921e-10  r/r0=2.4933e-08
[mg]   it 917  |r|inf=5.286329e-10  r/r0=2.4761e-08
[mg]   it 918  |r|inf=5.248846e-10  r/r0=2.4586e-08
[mg]   it 919  |r|inf=5.210484e-10  r/r0=2.4406e-08
[mg]   it 920  |r|inf=5.171254e-10  r/r0=2.4222e-08
[mg]   it 921  |r|inf=5.131167e-10  r/r0=2.4035e-08
[mg]   it 922  |r|inf=5.090236e-10  r/r0=2.3843e-08
[mg]   it 923  |r|inf=5.048471e-10  r/r0=2.3647e-08
[mg]   it 924  |r|inf=5.005885e-10  r/r0=2.3448e-08
[mg]   it 925  |r|inf=4.962490e-10  r/r0=2.3244e-08
[mg]   it 926  |r|inf=4.918296e-10  r/r0=2.3037e-08
[mg]   it 927  |r|inf=4.873316e-10  r/r0=2.2827e-08
[mg]   it 928  |r|inf=4.827562e-10  r/r0=2.2612e-08
[mg]   it 929  |r|inf=4.781046e-10  r/r0=2.2395e-08
[mg]   it 930  |r|inf=4.733779e-10  r/r0=2.2173e-08
[mg]   it 931  |r|inf=4.685774e-10  r/r0=2.1948e-08
[mg]   it 932  |r|inf=4.637043e-10  r/r0=2.1720e-08
[mg]   it 933  |r|inf=4.587597e-10  r/r0=2.1488e-08
[mg]   it 934  |r|inf=4.537448e-10  r/r0=2.1254e-08
[mg]   it 935  |r|inf=4.522020e-10  r/r0=2.1181e-08
[mg]   it 936  |r|inf=4.535015e-10  r/r0=2.1242e-08
[mg]   it 937  |r|inf=4.547217e-10  r/r0=2.1299e-08
[mg]   it 938  |r|inf=4.558628e-10  r/r0=2.1353e-08
[mg]   it 939  |r|inf=4.569249e-10  r/r0=2.1402e-08
[mg]   it 940  |r|inf=4.579084e-10  r/r0=2.1449e-08
[mg]   it 941  |r|inf=4.588133e-10  r/r0=2.1491e-08
[mg]   it 942  |r|inf=4.596399e-10  r/r0=2.1530e-08
[mg]   it 943  |r|inf=4.603885e-10  r/r0=2.1565e-08
[mg]   it 944  |r|inf=4.610593e-10  r/r0=2.1596e-08
[mg]   it 945  |r|inf=4.616526e-10  r/r0=2.1624e-08
[mg]   it 946  |r|inf=4.621686e-10  r/r0=2.1648e-08
[mg]   it 947  |r|inf=4.644728e-10  r/r0=2.1756e-08
[mg]   it 948  |r|inf=4.728610e-10  r/r0=2.2149e-08
[mg]   it 949  |r|inf=4.811582e-10  r/r0=2.2538e-08
[mg]   it 950  |r|inf=4.893636e-10  r/r0=2.2922e-08
[mg]   it 951  |r|inf=4.974763e-10  r/r0=2.3302e-08
[mg]   it 952  |r|inf=5.054954e-10  r/r0=2.3678e-08
[mg]   it 953  |r|inf=5.134200e-10  r/r0=2.4049e-08
[mg]   it 954  |r|inf=5.212494e-10  r/r0=2.4415e-08
[mg]   it 955  |r|inf=5.289828e-10  r/r0=2.4778e-08
[mg]   it 956  |r|inf=5.366193e-10  r/r0=2.5135e-08
[mg]   it 957  |r|inf=5.441583e-10  r/r0=2.5489e-08
[mg]   it 958  |r|inf=5.515989e-10  r/r0=2.5837e-08
[mg]   it 959  |r|inf=5.589406e-10  r/r0=2.6181e-08
[mg]   it 960  |r|inf=5.661825e-10  r/r0=2.6520e-08
[mg]   it 961  |r|inf=5.733240e-10  r/r0=2.6855e-08
[mg]   it 962  |r|inf=5.803645e-10  r/r0=2.7184e-08
[mg]   it 963  |r|inf=5.873033e-10  r/r0=2.7509e-08
[mg]   it 964  |r|inf=5.941398e-10  r/r0=2.7830e-08
[mg]   it 965  |r|inf=6.008733e-10  r/r0=2.8145e-08
[mg]   it 966  |r|inf=6.075034e-10  r/r0=2.8456e-08
[mg]   it 967  |r|inf=6.140295e-10  r/r0=2.8761e-08
[mg]   it 968  |r|inf=6.204510e-10  r/r0=2.9062e-08
[mg]   it 969  |r|inf=6.267673e-10  r/r0=2.9358e-08
[mg]   it 970  |r|inf=6.329780e-10  r/r0=2.9649e-08
[mg]   it 971  |r|inf=6.390826e-10  r/r0=2.9935e-08
[mg]   it 972  |r|inf=6.450806e-10  r/r0=3.0216e-08
[mg]   it 973  |r|inf=6.509715e-10  r/r0=3.0492e-08
[mg]   it 974  |r|inf=6.567549e-10  r/r0=3.0763e-08
[mg]   it 975  |r|inf=6.624304e-10  r/r0=3.1028e-08
[mg]   it 976  |r|inf=6.679975e-10  r/r0=3.1289e-08
[mg]   it 977  |r|inf=6.734559e-10  r/r0=3.1545e-08
[mg]   it 978  |r|inf=6.788052e-10  r/r0=3.1795e-08
[mg]   it 979  |r|inf=6.840450e-10  r/r0=3.2041e-08
[mg]   it 980  |r|inf=6.891749e-10  r/r0=3.2281e-08
[mg]   it 981  |r|inf=6.941947e-10  r/r0=3.2516e-08
[mg]   it 982  |r|inf=6.991040e-10  r/r0=3.2746e-08
[mg]   it 983  |r|inf=7.039024e-10  r/r0=3.2971e-08
[mg]   it 984  |r|inf=7.085898e-10  r/r0=3.3191e-08
[mg]   it 985  |r|inf=7.131659e-10  r/r0=3.3405e-08
[mg]   it 986  |r|inf=7.176303e-10  r/r0=3.3614e-08
[mg]   it 987  |r|inf=7.219828e-10  r/r0=3.3818e-08
[mg]   it 988  |r|inf=7.262232e-10  r/r0=3.4016e-08
[mg]   it 989  |r|inf=7.303513e-10  r/r0=3.4210e-08
[mg]   it 990  |r|inf=7.343669e-10  r/r0=3.4398e-08
[mg]   it 991  |r|inf=7.382697e-10  r/r0=3.4581e-08
[mg]   it 992  |r|inf=7.420597e-10  r/r0=3.4758e-08
[mg]   it 993  |r|inf=7.457365e-10  r/r0=3.4931e-08
[mg]   it 994  |r|inf=7.493002e-10  r/r0=3.5097e-08
[mg]   it 995  |r|inf=7.527504e-10  r/r0=3.5259e-08
[mg]   it 996  |r|inf=7.560872e-10  r/r0=3.5415e-08
[mg]   it 997  |r|inf=7.593103e-10  r/r0=3.5566e-08
[mg]   it 998  |r|inf=7.624198e-10  r/r0=3.5712e-08
[mg]   it 999  |r|inf=7.654154e-10  r/r0=3.5852e-08
[mg]   it 1000  |r|inf=7.682972e-10  r/r0=3.5987e-08
[mg]   it 1001  |r|inf=7.710651e-10  r/r0=3.6117e-08
[mg]   it 1002  |r|inf=7.737189e-10  r/r0=3.6241e-08
[mg]   it 1003  |r|inf=7.762588e-10  r/r0=3.6360e-08
[mg]   it 1004  |r|inf=7.786845e-10  r/r0=3.6474e-08
[mg]   it 1005  |r|inf=7.809963e-10  r/r0=3.6582e-08
[mg]   it 1006  |r|inf=7.831939e-10  r/r0=3.6685e-08
[mg]   it 1007  |r|inf=7.852776e-10  r/r0=3.6783e-08
[mg]   it 1008  |r|inf=7.872471e-10  r/r0=3.6875e-08
[mg]   it 1009  |r|inf=7.891027e-10  r/r0=3.6962e-08
[mg]   it 1010  |r|inf=7.908444e-10  r/r0=3.7043e-08
[mg]   it 1011  |r|inf=7.924722e-10  r/r0=3.7120e-08
[mg]   it 1012  |r|inf=7.939862e-10  r/r0=3.7191e-08
[mg]   it 1013  |r|inf=7.953864e-10  r/r0=3.7256e-08
[mg]   it 1014  |r|inf=7.966731e-10  r/r0=3.7316e-08
[mg]   it 1015  |r|inf=7.978462e-10  r/r0=3.7371e-08
[mg]   it 1016  |r|inf=7.989060e-10  r/r0=3.7421e-08
[mg]   it 1017  |r|inf=7.998525e-10  r/r0=3.7465e-08
[mg]   it 1018  |r|inf=8.006858e-10  r/r0=3.7504e-08
[mg]   it 1019  |r|inf=8.014063e-10  r/r0=3.7538e-08
[mg]   it 1020  |r|inf=8.020139e-10  r/r0=3.7567e-08
[mg]   it 1021  |r|inf=8.025090e-10  r/r0=3.7590e-08
[mg]   it 1022  |r|inf=8.028917e-10  r/r0=3.7608e-08
[mg]   it 1023  |r|inf=8.031622e-10  r/r0=3.7620e-08
[mg]   it 1024  |r|inf=8.033207e-10  r/r0=3.7628e-08
[mg]   it 1025  |r|inf=8.033675e-10  r/r0=3.7630e-08
[mg]   it 1026  |r|inf=8.033028e-10  r/r0=3.7627e-08
[mg]   it 1027  |r|inf=8.031268e-10  r/r0=3.7619e-08
[mg]   it 1028  |r|inf=8.028399e-10  r/r0=3.7605e-08
[mg]   it 1029  |r|inf=8.024423e-10  r/r0=3.7587e-08
[mg]   it 1030  |r|inf=8.019343e-10  r/r0=3.7563e-08
[mg]   it 1031  |r|inf=8.013163e-10  r/r0=3.7534e-08
[mg]   it 1032  |r|inf=8.005884e-10  r/r0=3.7500e-08
[mg]   it 1033  |r|inf=7.997512e-10  r/r0=3.7461e-08
[mg]   it 1034  |r|inf=7.988048e-10  r/r0=3.7416e-08
[mg]   it 1035  |r|inf=7.977497e-10  r/r0=3.7367e-08
[mg]   it 1036  |r|inf=7.965863e-10  r/r0=3.7312e-08
[mg]   it 1037  |r|inf=7.953149e-10  r/r0=3.7253e-08
[mg]   it 1038  |r|inf=7.939358e-10  r/r0=3.7188e-08
[mg]   it 1039  |r|inf=7.924496e-10  r/r0=3.7119e-08
[mg]   it 1040  |r|inf=7.908566e-10  r/r0=3.7044e-08
[mg]   it 1041  |r|inf=7.891573e-10  r/r0=3.6964e-08
[mg]   it 1042  |r|inf=7.873521e-10  r/r0=3.6880e-08
[mg]   it 1043  |r|inf=7.854415e-10  r/r0=3.6790e-08
[mg]   it 1044  |r|inf=7.834258e-10  r/r0=3.6696e-08
[mg]   it 1045  |r|inf=7.813057e-10  r/r0=3.6597e-08
[mg]   it 1046  |r|inf=7.790816e-10  r/r0=3.6492e-08
[mg]   it 1047  |r|inf=7.767540e-10  r/r0=3.6383e-08
[mg]   it 1048  |r|inf=7.743234e-10  r/r0=3.6270e-08
[mg]   it 1049  |r|inf=7.717904e-10  r/r0=3.6151e-08
[mg]   it 1050  |r|inf=7.691555e-10  r/r0=3.6027e-08
[mg]   it 1051  |r|inf=7.664192e-10  r/r0=3.5899e-08
[mg]   it 1052  |r|inf=7.635821e-10  r/r0=3.5766e-08
[mg]   it 1053  |r|inf=7.606448e-10  r/r0=3.5629e-08
[mg]   it 1054  |r|inf=7.576080e-10  r/r0=3.5487e-08
[mg]   it 1055  |r|inf=7.544721e-10  r/r0=3.5340e-08
[mg]   it 1056  |r|inf=7.512378e-10  r/r0=3.5188e-08
[mg]   it 1057  |r|inf=7.479058e-10  r/r0=3.5032e-08
[mg]   it 1058  |r|inf=7.444766e-10  r/r0=3.4871e-08
[mg]   it 1059  |r|inf=7.409510e-10  r/r0=3.4706e-08
[mg]   it 1060  |r|inf=7.373295e-10  r/r0=3.4537e-08
[mg]   it 1061  |r|inf=7.336130e-10  r/r0=3.4363e-08
[mg]   it 1062  |r|inf=7.298019e-10  r/r0=3.4184e-08
[mg]   it 1063  |r|inf=7.258972e-10  r/r0=3.4001e-08
[mg]   it 1064  |r|inf=7.218994e-10  r/r0=3.3814e-08
[mg]   it 1065  |r|inf=7.178093e-10  r/r0=3.3622e-08
[mg]   it 1066  |r|inf=7.136277e-10  r/r0=3.3427e-08
[mg]   it 1067  |r|inf=7.093552e-10  r/r0=3.3226e-08
[mg]   it 1068  |r|inf=7.049926e-10  r/r0=3.3022e-08
[mg]   it 1069  |r|inf=7.052120e-10  r/r0=3.3032e-08
[mg]   it 1070  |r|inf=7.053569e-10  r/r0=3.3039e-08
[mg]   it 1071  |r|inf=7.054092e-10  r/r0=3.3042e-08
[mg]   it 1072  |r|inf=7.053690e-10  r/r0=3.3040e-08
[mg]   it 1073  |r|inf=7.052366e-10  r/r0=3.3033e-08
[mg]   it 1074  |r|inf=7.050120e-10  r/r0=3.3023e-08
[mg]   it 1075  |r|inf=7.046957e-10  r/r0=3.3008e-08
[mg]   it 1076  |r|inf=7.042877e-10  r/r0=3.2989e-08
[mg]   it 1077  |r|inf=7.037883e-10  r/r0=3.2966e-08
[mg]   it 1078  |r|inf=7.031978e-10  r/r0=3.2938e-08
[mg]   it 1079  |r|inf=7.025165e-10  r/r0=3.2906e-08
[mg]   it 1080  |r|inf=7.017446e-10  r/r0=3.2870e-08
[mg]   it 1081  |r|inf=7.008825e-10  r/r0=3.2830e-08
[mg]   it 1082  |r|inf=6.999304e-10  r/r0=3.2785e-08
[mg]   it 1083  |r|inf=6.988887e-10  r/r0=3.2736e-08
[mg]   it 1084  |r|inf=6.977577e-10  r/r0=3.2683e-08
[mg]   it 1085  |r|inf=6.965377e-10  r/r0=3.2626e-08
[mg]   it 1086  |r|inf=6.952292e-10  r/r0=3.2565e-08
[mg]   it 1087  |r|inf=6.938325e-10  r/r0=3.2499e-08
[mg]   it 1088  |r|inf=6.923479e-10  r/r0=3.2430e-08
[mg]   it 1089  |r|inf=6.907759e-10  r/r0=3.2356e-08
[mg]   it 1090  |r|inf=6.891169e-10  r/r0=3.2278e-08
[mg]   it 1091  |r|inf=6.873713e-10  r/r0=3.2197e-08
[mg]   it 1092  |r|inf=6.855396e-10  r/r0=3.2111e-08
[mg]   it 1093  |r|inf=6.836221e-10  r/r0=3.2021e-08
[mg]   it 1094  |r|inf=6.816194e-10  r/r0=3.1927e-08
[mg]   it 1095  |r|inf=6.795319e-10  r/r0=3.1829e-08
[mg]   it 1096  |r|inf=6.773601e-10  r/r0=3.1728e-08
[mg]   it 1097  |r|inf=6.751045e-10  r/r0=3.1622e-08
[mg]   it 1098  |r|inf=6.727655e-10  r/r0=3.1513e-08
[mg]   it 1099  |r|inf=6.703438e-10  r/r0=3.1399e-08
[mg]   it 1100  |r|inf=6.678397e-10  r/r0=3.1282e-08
[mg]   it 1101  |r|inf=6.652540e-10  r/r0=3.1161e-08
[mg]   it 1102  |r|inf=6.625870e-10  r/r0=3.1036e-08
[mg]   it 1103  |r|inf=6.598395e-10  r/r0=3.0907e-08
[mg]   it 1104  |r|inf=6.570118e-10  r/r0=3.0775e-08
[mg]   it 1105  |r|inf=6.541047e-10  r/r0=3.0638e-08
[mg]   it 1106  |r|inf=6.511187e-10  r/r0=3.0499e-08
[mg]   it 1107  |r|inf=6.480544e-10  r/r0=3.0355e-08
[mg]   it 1108  |r|inf=6.449124e-10  r/r0=3.0208e-08
[mg]   it 1109  |r|inf=6.416933e-10  r/r0=3.0057e-08
[mg]   it 1110  |r|inf=6.383978e-10  r/r0=2.9903e-08
[mg]   it 1111  |r|inf=6.350265e-10  r/r0=2.9745e-08
[mg]   it 1112  |r|inf=6.315800e-10  r/r0=2.9583e-08
[mg]   it 1113  |r|inf=6.280591e-10  r/r0=2.9418e-08
[mg]   it 1114  |r|inf=6.244643e-10  r/r0=2.9250e-08
[mg]   it 1115  |r|inf=6.207963e-10  r/r0=2.9078e-08
[mg]   it 1116  |r|inf=6.170559e-10  r/r0=2.8903e-08
[mg]   it 1117  |r|inf=6.132437e-10  r/r0=2.8725e-08
[mg]   it 1118  |r|inf=6.093603e-10  r/r0=2.8543e-08
[mg]   it 1119  |r|inf=6.054066e-10  r/r0=2.8357e-08
[mg]   it 1120  |r|inf=6.013833e-10  r/r0=2.8169e-08
[mg]   it 1121  |r|inf=5.972910e-10  r/r0=2.7977e-08
[mg]   it 1122  |r|inf=5.931304e-10  r/r0=2.7782e-08
[mg]   it 1123  |r|inf=5.889024e-10  r/r0=2.7584e-08
[mg]   it 1124  |r|inf=5.846077e-10  r/r0=2.7383e-08
[mg]   it 1125  |r|inf=5.802469e-10  r/r0=2.7179e-08
[mg]   it 1126  |r|inf=5.779671e-10  r/r0=2.7072e-08
[mg]   it 1127  |r|inf=5.789499e-10  r/r0=2.7118e-08
[mg]   it 1128  |r|inf=5.798621e-10  r/r0=2.7161e-08
[mg]   it 1129  |r|inf=5.807039e-10  r/r0=2.7200e-08
[mg]   it 1130  |r|inf=5.814754e-10  r/r0=2.7236e-08
[mg]   it 1131  |r|inf=5.821766e-10  r/r0=2.7269e-08
[mg]   it 1132  |r|inf=5.828078e-10  r/r0=2.7299e-08
[mg]   it 1133  |r|inf=5.833690e-10  r/r0=2.7325e-08
[mg]   it 1134  |r|inf=5.838604e-10  r/r0=2.7348e-08
[mg]   it 1135  |r|inf=5.842821e-10  r/r0=2.7368e-08
[mg]   it 1136  |r|inf=5.846344e-10  r/r0=2.7384e-08
[mg]   it 1137  |r|inf=5.849174e-10  r/r0=2.7398e-08
[mg]   it 1138  |r|inf=5.851313e-10  r/r0=2.7408e-08
[mg]   it 1139  |r|inf=5.852762e-10  r/r0=2.7415e-08
[mg]   it 1140  |r|inf=5.853525e-10  r/r0=2.7418e-08
[mg]   it 1141  |r|inf=5.853603e-10  r/r0=2.7418e-08
[mg]   it 1142  |r|inf=5.852998e-10  r/r0=2.7416e-08
[mg]   it 1143  |r|inf=5.851713e-10  r/r0=2.7410e-08
[mg]   it 1144  |r|inf=5.849749e-10  r/r0=2.7400e-08
[mg]   it 1145  |r|inf=5.847111e-10  r/r0=2.7388e-08
[mg]   it 1146  |r|inf=5.843799e-10  r/r0=2.7373e-08
[mg]   it 1147  |r|inf=5.839818e-10  r/r0=2.7354e-08
[mg]   it 1148  |r|inf=5.835169e-10  r/r0=2.7332e-08
[mg]   it 1149  |r|inf=5.829856e-10  r/r0=2.7307e-08
[mg]   it 1150  |r|inf=5.823881e-10  r/r0=2.7279e-08
[mg]   it 1151  |r|inf=5.817247e-10  r/r0=2.7248e-08
[mg]   it 1152  |r|inf=5.809958e-10  r/r0=2.7214e-08
[mg]   it 1153  |r|inf=5.802016e-10  r/r0=2.7177e-08
[mg]   it 1154  |r|inf=5.793425e-10  r/r0=2.7137e-08
[mg]   it 1155  |r|inf=5.784189e-10  r/r0=2.7093e-08
[mg]   it 1156  |r|inf=5.774310e-10  r/r0=2.7047e-08
[mg]   it 1157  |r|inf=5.763791e-10  r/r0=2.6998e-08
[mg]   it 1158  |r|inf=5.752638e-10  r/r0=2.6946e-08
[mg]   it 1159  |r|inf=5.740852e-10  r/r0=2.6890e-08
[mg]   it 1160  |r|inf=5.728438e-10  r/r0=2.6832e-08
[mg]   it 1161  |r|inf=5.715399e-10  r/r0=2.6771e-08
[mg]   it 1162  |r|inf=5.701739e-10  r/r0=2.6707e-08
[mg]   it 1163  |r|inf=5.687463e-10  r/r0=2.6640e-08
[mg]   it 1164  |r|inf=5.672573e-10  r/r0=2.6570e-08
[mg]   it 1165  |r|inf=5.657074e-10  r/r0=2.6498e-08
[mg]   it 1166  |r|inf=5.640969e-10  r/r0=2.6422e-08
[mg]   it 1167  |r|inf=5.624264e-10  r/r0=2.6344e-08
[mg]   it 1168  |r|inf=5.606961e-10  r/r0=2.6263e-08
[mg]   it 1169  |r|inf=5.589066e-10  r/r0=2.6179e-08
[mg]   it 1170  |r|inf=5.570581e-10  r/r0=2.6093e-08
[mg]   it 1171  |r|inf=5.551513e-10  r/r0=2.6003e-08
[mg]   it 1172  |r|inf=5.531864e-10  r/r0=2.5911e-08
[mg]   it 1173  |r|inf=5.511640e-10  r/r0=2.5817e-08
[mg]   it 1174  |r|inf=5.490844e-10  r/r0=2.5719e-08
[mg]   it 1175  |r|inf=5.469481e-10  r/r0=2.5619e-08
[mg]   it 1176  |r|inf=5.447556e-10  r/r0=2.5517e-08
[mg]   it 1177  |r|inf=5.425073e-10  r/r0=2.5411e-08
[mg]   it 1178  |r|inf=5.402037e-10  r/r0=2.5303e-08
[mg]   it 1179  |r|inf=5.378452e-10  r/r0=2.5193e-08
[mg]   it 1180  |r|inf=5.354323e-10  r/r0=2.5080e-08
[mg]   it 1181  |r|inf=5.329655e-10  r/r0=2.4964e-08
[mg]   it 1182  |r|inf=5.304452e-10  r/r0=2.4846e-08
[mg]   it 1183  |r|inf=5.278719e-10  r/r0=2.4726e-08
[mg]   it 1184  |r|inf=5.252461e-10  r/r0=2.4603e-08
[mg]   it 1185  |r|inf=5.225683e-10  r/r0=2.4477e-08
[mg]   it 1186  |r|inf=5.198389e-10  r/r0=2.4349e-08
[mg]   it 1187  |r|inf=5.170584e-10  r/r0=2.4219e-08
[mg]   it 1188  |r|inf=5.142274e-10  r/r0=2.4087e-08
[mg]   it 1189  |r|inf=5.113463e-10  r/r0=2.3952e-08
[mg]   it 1190  |r|inf=5.084157e-10  r/r0=2.3814e-08
[mg]   it 1191  |r|inf=5.054359e-10  r/r0=2.3675e-08
[mg]   it 1192  |r|inf=5.024075e-10  r/r0=2.3533e-08
[mg]   it 1193  |r|inf=4.993311e-10  r/r0=2.3389e-08
[mg]   it 1194  |r|inf=4.962071e-10  r/r0=2.3242e-08
[mg]   it 1195  |r|inf=4.930360e-10  r/r0=2.3094e-08
[mg]   it 1196  |r|inf=4.898183e-10  r/r0=2.2943e-08
[mg]   it 1197  |r|inf=4.865545e-10  r/r0=2.2790e-08
[mg]   it 1198  |r|inf=4.832452e-10  r/r0=2.2635e-08
[mg]   it 1199  |r|inf=4.798909e-10  r/r0=2.2478e-08
[mg]   it 1200  |r|inf=4.764920e-10  r/r0=2.2319e-08
[mg]   it 1201  |r|inf=4.730491e-10  r/r0=2.2158e-08
[mg]   it 1202  |r|inf=4.695627e-10  r/r0=2.1994e-08
[mg]   it 1203  |r|inf=4.660333e-10  r/r0=2.1829e-08
[mg]   it 1204  |r|inf=4.624615e-10  r/r0=2.1662e-08
[mg]   it 1205  |r|inf=4.588476e-10  r/r0=2.1493e-08
[mg]   it 1206  |r|inf=4.551924e-10  r/r0=2.1321e-08
[mg]   it 1207  |r|inf=4.514962e-10  r/r0=2.1148e-08
[mg]   it 1208  |r|inf=4.477596e-10  r/r0=2.0973e-08
[mg]   it 1209  |r|inf=4.439832e-10  r/r0=2.0796e-08
[mg]   it 1210  |r|inf=4.434008e-10  r/r0=2.0769e-08
[mg]   it 1211  |r|inf=4.444000e-10  r/r0=2.0816e-08
[mg]   it 1212  |r|inf=4.453541e-10  r/r0=2.0861e-08
[mg]   it 1213  |r|inf=4.462632e-10  r/r0=2.0903e-08
[mg]   it 1214  |r|inf=4.471273e-10  r/r0=2.0944e-08
[mg]   it 1215  |r|inf=4.479467e-10  r/r0=2.0982e-08
[mg]   it 1216  |r|inf=4.487212e-10  r/r0=2.1018e-08
[mg]   it 1217  |r|inf=4.494510e-10  r/r0=2.1052e-08
[mg]   it 1218  |r|inf=4.501363e-10  r/r0=2.1085e-08
[mg]   it 1219  |r|inf=4.507770e-10  r/r0=2.1115e-08
[mg]   it 1220  |r|inf=4.513734e-10  r/r0=2.1142e-08
[mg]   it 1221  |r|inf=4.519254e-10  r/r0=2.1168e-08
[mg]   it 1222  |r|inf=4.524332e-10  r/r0=2.1192e-08
[mg]   it 1223  |r|inf=4.528970e-10  r/r0=2.1214e-08
[mg]   it 1224  |r|inf=4.533167e-10  r/r0=2.1233e-08
[mg]   it 1225  |r|inf=4.536926e-10  r/r0=2.1251e-08
[mg]   it 1226  |r|inf=4.576354e-10  r/r0=2.1436e-08
[mg]   it 1227  |r|inf=4.639630e-10  r/r0=2.1732e-08
[mg]   it 1228  |r|inf=4.702392e-10  r/r0=2.2026e-08
[mg]   it 1229  |r|inf=4.764635e-10  r/r0=2.2318e-08
[mg]   it 1230  |r|inf=4.826355e-10  r/r0=2.2607e-08
[mg]   it 1231  |r|inf=4.887549e-10  r/r0=2.2893e-08
[mg]   it 1232  |r|inf=4.948213e-10  r/r0=2.3178e-08
[mg]   it 1233  |r|inf=5.008342e-10  r/r0=2.3459e-08
[mg]   it 1234  |r|inf=5.067934e-10  r/r0=2.3738e-08
[mg]   it 1235  |r|inf=5.126984e-10  r/r0=2.4015e-08
[mg]   it 1236  |r|inf=5.185489e-10  r/r0=2.4289e-08
[mg]   it 1237  |r|inf=5.243446e-10  r/r0=2.4560e-08
[mg]   it 1238  |r|inf=5.300850e-10  r/r0=2.4829e-08
[mg]   it 1239  |r|inf=5.357699e-10  r/r0=2.5096e-08
[mg]   it 1240  |r|inf=5.413990e-10  r/r0=2.5359e-08
[mg]   it 1241  |r|inf=5.469719e-10  r/r0=2.5620e-08
[mg]   it 1242  |r|inf=5.524883e-10  r/r0=2.5879e-08
[mg]   it 1243  |r|inf=5.579479e-10  r/r0=2.6134e-08
[mg]   it 1244  |r|inf=5.633504e-10  r/r0=2.6387e-08
[mg]   it 1245  |r|inf=5.686954e-10  r/r0=2.6638e-08
[mg]   it 1246  |r|inf=5.739828e-10  r/r0=2.6886e-08
[mg]   it 1247  |r|inf=5.792123e-10  r/r0=2.7130e-08
[mg]   it 1248  |r|inf=5.843834e-10  r/r0=2.7373e-08
[mg]   it 1249  |r|inf=5.894961e-10  r/r0=2.7612e-08
[mg]   it 1250  |r|inf=5.945500e-10  r/r0=2.7849e-08
[mg]   it 1251  |r|inf=5.995448e-10  r/r0=2.8083e-08
[mg]   it 1252  |r|inf=6.044803e-10  r/r0=2.8314e-08
[mg]   it 1253  |r|inf=6.093563e-10  r/r0=2.8542e-08
[mg]   it 1254  |r|inf=6.141725e-10  r/r0=2.8768e-08
[mg]   it 1255  |r|inf=6.189287e-10  r/r0=2.8991e-08
[mg]   it 1256  |r|inf=6.236247e-10  r/r0=2.9211e-08
[mg]   it 1257  |r|inf=6.282602e-10  r/r0=2.9428e-08
[mg]   it 1258  |r|inf=6.328350e-10  r/r0=2.9642e-08
[mg]   it 1259  |r|inf=6.373488e-10  r/r0=2.9854e-08
[mg]   it 1260  |r|inf=6.418016e-10  r/r0=3.0062e-08
[mg]   it 1261  |r|inf=6.461931e-10  r/r0=3.0268e-08
[mg]   it 1262  |r|inf=6.505231e-10  r/r0=3.0471e-08
[mg]   it 1263  |r|inf=6.547914e-10  r/r0=3.0671e-08
[mg]   it 1264  |r|inf=6.589978e-10  r/r0=3.0868e-08
[mg]   it 1265  |r|inf=6.631421e-10  r/r0=3.1062e-08
[mg]   it 1266  |r|inf=6.672243e-10  r/r0=3.1253e-08
[mg]   it 1267  |r|inf=6.712440e-10  r/r0=3.1441e-08
[mg]   it 1268  |r|inf=6.752011e-10  r/r0=3.1627e-08
[mg]   it 1269  |r|inf=6.790956e-10  r/r0=3.1809e-08
[mg]   it 1270  |r|inf=6.829271e-10  r/r0=3.1988e-08
[mg]   it 1271  |r|inf=6.866956e-10  r/r0=3.2165e-08
[mg]   it 1272  |r|inf=6.904010e-10  r/r0=3.2339e-08
[mg]   it 1273  |r|inf=6.940430e-10  r/r0=3.2509e-08
[mg]   it 1274  |r|inf=6.976216e-10  r/r0=3.2677e-08
[mg]   it 1275  |r|inf=7.011366e-10  r/r0=3.2841e-08
[mg]   it 1276  |r|inf=7.045880e-10  r/r0=3.3003e-08
[mg]   it 1277  |r|inf=7.079755e-10  r/r0=3.3162e-08
[mg]   it 1278  |r|inf=7.112990e-10  r/r0=3.3317e-08
[mg]   it 1279  |r|inf=7.145586e-10  r/r0=3.3470e-08
[mg]   it 1280  |r|inf=7.177539e-10  r/r0=3.3620e-08
[mg]   it 1281  |r|inf=7.208850e-10  r/r0=3.3766e-08
[mg]   it 1282  |r|inf=7.239518e-10  r/r0=3.3910e-08
[mg]   it 1283  |r|inf=7.269541e-10  r/r0=3.4051e-08
[mg]   it 1284  |r|inf=7.298920e-10  r/r0=3.4188e-08
[mg]   it 1285  |r|inf=7.327651e-10  r/r0=3.4323e-08
[mg]   it 1286  |r|inf=7.355737e-10  r/r0=3.4454e-08
[mg]   it 1287  |r|inf=7.383174e-10  r/r0=3.4583e-08
[mg]   it 1288  |r|inf=7.409963e-10  r/r0=3.4708e-08
[mg]   it 1289  |r|inf=7.436103e-10  r/r0=3.4831e-08
[mg]   it 1290  |r|inf=7.461594e-10  r/r0=3.4950e-08
[mg]   it 1291  |r|inf=7.486434e-10  r/r0=3.5067e-08
[mg]   it 1292  |r|inf=7.510624e-10  r/r0=3.5180e-08
[mg]   it 1293  |r|inf=7.534163e-10  r/r0=3.5290e-08
[mg]   it 1294  |r|inf=7.557050e-10  r/r0=3.5397e-08
[mg]   it 1295  |r|inf=7.579285e-10  r/r0=3.5502e-08
[mg]   it 1296  |r|inf=7.600867e-10  r/r0=3.5603e-08
[mg]   it 1297  |r|inf=7.621798e-10  r/r0=3.5701e-08
[mg]   it 1298  |r|inf=7.642075e-10  r/r0=3.5796e-08
[mg]   it 1299  |r|inf=7.661699e-10  r/r0=3.5888e-08
[mg]   it 1300  |r|inf=7.680670e-10  r/r0=3.5976e-08
[mg]   it 1301  |r|inf=7.698988e-10  r/r0=3.6062e-08
[mg]   it 1302  |r|inf=7.716652e-10  r/r0=3.6145e-08
[mg]   it 1303  |r|inf=7.733662e-10  r/r0=3.6225e-08
[mg]   it 1304  |r|inf=7.750019e-10  r/r0=3.6301e-08
[mg]   it 1305  |r|inf=7.765723e-10  r/r0=3.6375e-08
[mg]   it 1306  |r|inf=7.780773e-10  r/r0=3.6445e-08
[mg]   it 1307  |r|inf=7.795170e-10  r/r0=3.6513e-08
[mg]   it 1308  |r|inf=7.808913e-10  r/r0=3.6577e-08
[mg]   it 1309  |r|inf=7.822004e-10  r/r0=3.6638e-08
[mg]   it 1310  |r|inf=7.834442e-10  r/r0=3.6697e-08
[mg]   it 1311  |r|inf=7.846227e-10  r/r0=3.6752e-08
[mg]   it 1312  |r|inf=7.857360e-10  r/r0=3.6804e-08
[mg]   it 1313  |r|inf=7.867842e-10  r/r0=3.6853e-08
[mg]   it 1314  |r|inf=7.877672e-10  r/r0=3.6899e-08
[mg]   it 1315  |r|inf=7.886852e-10  r/r0=3.6942e-08
[mg]   it 1316  |r|inf=7.895380e-10  r/r0=3.6982e-08
[mg]   it 1317  |r|inf=7.903259e-10  r/r0=3.7019e-08
[mg]   it 1318  |r|inf=7.910489e-10  r/r0=3.7053e-08
[mg]   it 1319  |r|inf=7.917070e-10  r/r0=3.7084e-08
[mg]   it 1320  |r|inf=7.923003e-10  r/r0=3.7112e-08
[mg]   it 1321  |r|inf=7.928289e-10  r/r0=3.7136e-08
[mg]   it 1322  |r|inf=7.932928e-10  r/r0=3.7158e-08
[mg]   it 1323  |r|inf=7.936921e-10  r/r0=3.7177e-08
[mg]   it 1324  |r|inf=7.940269e-10  r/r0=3.7192e-08
[mg]   it 1325  |r|inf=7.942974e-10  r/r0=3.7205e-08
[mg]   it 1326  |r|inf=7.945034e-10  r/r0=3.7215e-08
[mg]   it 1327  |r|inf=7.946453e-10  r/r0=3.7221e-08
[mg]   it 1328  |r|inf=7.947230e-10  r/r0=3.7225e-08
[mg]   it 1329  |r|inf=7.947367e-10  r/r0=3.7226e-08
[mg]   it 1330  |r|inf=7.946865e-10  r/r0=3.7223e-08
[mg]   it 1331  |r|inf=7.945724e-10  r/r0=3.7218e-08
[mg]   it 1332  |r|inf=7.943947e-10  r/r0=3.7210e-08
[mg]   it 1333  |r|inf=7.941534e-10  r/r0=3.7198e-08
[mg]   it 1334  |r|inf=7.938486e-10  r/r0=3.7184e-08
[mg]   it 1335  |r|inf=7.934805e-10  r/r0=3.7167e-08
[mg]   it 1336  |r|inf=7.930492e-10  r/r0=3.7147e-08
[mg]   it 1337  |r|inf=7.925549e-10  r/r0=3.7123e-08
[mg]   it 1338  |r|inf=7.919976e-10  r/r0=3.7097e-08
[mg]   it 1339  |r|inf=7.913776e-10  r/r0=3.7068e-08
[mg]   it 1340  |r|inf=7.906949e-10  r/r0=3.7036e-08
[mg]   it 1341  |r|inf=7.899498e-10  r/r0=3.7001e-08
[mg]   it 1342  |r|inf=7.891423e-10  r/r0=3.6964e-08
[mg]   it 1343  |r|inf=7.882727e-10  r/r0=3.6923e-08
[mg]   it 1344  |r|inf=7.873411e-10  r/r0=3.6879e-08
[mg]   it 1345  |r|inf=7.863477e-10  r/r0=3.6833e-08
[mg]   it 1346  |r|inf=7.852926e-10  r/r0=3.6783e-08
[mg]   it 1347  |r|inf=7.841760e-10  r/r0=3.6731e-08
[mg]   it 1348  |r|inf=7.829982e-10  r/r0=3.6676e-08
[mg]   it 1349  |r|inf=7.817593e-10  r/r0=3.6618e-08
[mg]   it 1350  |r|inf=7.804594e-10  r/r0=3.6557e-08
[mg]   it 1351  |r|inf=7.790988e-10  r/r0=3.6493e-08
[mg]   it 1352  |r|inf=7.776777e-10  r/r0=3.6427e-08
[mg]   it 1353  |r|inf=7.761963e-10  r/r0=3.6357e-08
[mg]   it 1354  |r|inf=7.746548e-10  r/r0=3.6285e-08
[mg]   it 1355  |r|inf=7.730534e-10  r/r0=3.6210e-08
[mg]   it 1356  |r|inf=7.713923e-10  r/r0=3.6132e-08
[mg]   it 1357  |r|inf=7.696717e-10  r/r0=3.6052e-08
[mg]   it 1358  |r|inf=7.678919e-10  r/r0=3.5968e-08
[mg]   it 1359  |r|inf=7.660531e-10  r/r0=3.5882e-08
[mg]   it 1360  |r|inf=7.641554e-10  r/r0=3.5793e-08
[mg]   it 1361  |r|inf=7.621993e-10  r/r0=3.5702e-08
[mg]   it 1362  |r|inf=7.601848e-10  r/r0=3.5607e-08
[mg]   it 1363  |r|inf=7.581123e-10  r/r0=3.5510e-08
[mg]   it 1364  |r|inf=7.559819e-10  r/r0=3.5410e-08
[mg]   it 1365  |r|inf=7.537940e-10  r/r0=3.5308e-08
[mg]   it 1366  |r|inf=7.515488e-10  r/r0=3.5203e-08
[mg]   it 1367  |r|inf=7.492466e-10  r/r0=3.5095e-08
[mg]   it 1368  |r|inf=7.468875e-10  r/r0=3.4984e-08
[mg]   it 1369  |r|inf=7.444720e-10  r/r0=3.4871e-08
[mg]   it 1370  |r|inf=7.420002e-10  r/r0=3.4755e-08
[mg]   it 1371  |r|inf=7.394724e-10  r/r0=3.4637e-08
[mg]   it 1372  |r|inf=7.368890e-10  r/r0=3.4516e-08
[mg]   it 1373  |r|inf=7.342502e-10  r/r0=3.4392e-08
[mg]   it 1374  |r|inf=7.315563e-10  r/r0=3.4266e-08
[mg]   it 1375  |r|inf=7.288075e-10  r/r0=3.4138e-08
[mg]   it 1376  |r|inf=7.260043e-10  r/r0=3.4006e-08
[mg]   it 1377  |r|inf=7.231468e-10  r/r0=3.3872e-08
[mg]   it 1378  |r|inf=7.202354e-10  r/r0=3.3736e-08
[mg]   it 1379  |r|inf=7.172704e-10  r/r0=3.3597e-08
[mg]   it 1380  |r|inf=7.142522e-10  r/r0=3.3456e-08
[mg]   it 1381  |r|inf=7.111809e-10  r/r0=3.3312e-08
[mg]   it 1382  |r|inf=7.080570e-10  r/r0=3.3166e-08
[mg]   it 1383  |r|inf=7.048808e-10  r/r0=3.3017e-08
[mg]   it 1384  |r|inf=7.016526e-10  r/r0=3.2866e-08
[mg]   it 1385  |r|inf=6.990579e-10  r/r0=3.2744e-08
[mg]   it 1386  |r|inf=6.992372e-10  r/r0=3.2752e-08
[mg]   it 1387  |r|inf=6.993632e-10  r/r0=3.2758e-08
[mg]   it 1388  |r|inf=6.994359e-10  r/r0=3.2762e-08
[mg]   it 1389  |r|inf=6.994554e-10  r/r0=3.2763e-08
[mg]   it 1390  |r|inf=6.994217e-10  r/r0=3.2761e-08
[mg]   it 1391  |r|inf=6.993351e-10  r/r0=3.2757e-08
[mg]   it 1392  |r|inf=6.991954e-10  r/r0=3.2751e-08
[mg]   it 1393  |r|inf=6.990029e-10  r/r0=3.2741e-08
[mg]   it 1394  |r|inf=6.987576e-10  r/r0=3.2730e-08
[mg]   it 1395  |r|inf=6.984596e-10  r/r0=3.2716e-08
[mg]   it 1396  |r|inf=6.981091e-10  r/r0=3.2700e-08
[mg]   it 1397  |r|inf=6.977062e-10  r/r0=3.2681e-08
[mg]   it 1398  |r|inf=6.972509e-10  r/r0=3.2659e-08
[mg]   it 1399  |r|inf=6.967434e-10  r/r0=3.2636e-08
[mg]   it 1400  |r|inf=6.961838e-10  r/r0=3.2609e-08
[mg]   it 1401  |r|inf=6.955723e-10  r/r0=3.2581e-08
[mg]   it 1402  |r|inf=6.949089e-10  r/r0=3.2550e-08
[mg]   it 1403  |r|inf=6.941938e-10  r/r0=3.2516e-08
[mg]   it 1404  |r|inf=6.934272e-10  r/r0=3.2480e-08
[mg]   it 1405  |r|inf=6.926092e-10  r/r0=3.2442e-08
[mg]   it 1406  |r|inf=6.917399e-10  r/r0=3.2401e-08
[mg]   it 1407  |r|inf=6.908196e-10  r/r0=3.2358e-08
[mg]   it 1408  |r|inf=6.898483e-10  r/r0=3.2313e-08
[mg]   it 1409  |r|inf=6.888262e-10[run] step 1/6
  r/r0=3.2265e-08
[mg]   it 1410  |r|inf=6.877534e-10  r/r0=3.2215e-08
[mg]   it 1411  |r|inf=6.866303e-10  r/r0=3.2162e-08
[mg]   it 1412  |r|inf=6.854569e-10  r/r0=3.2107e-08
[mg]   it 1413  |r|inf=6.842333e-10  r/r0=3.2050e-08
[mg]   it 1414  |r|inf=6.829599e-10  r/r0=3.1990e-08
[mg]   it 1415  |r|inf=6.816367e-10  r/r0=3.1928e-08
[mg]   it 1416  |r|inf=6.802640e-10  r/r0=3.1864e-08
[mg]   it 1417  |r|inf=6.788420e-10  r/r0=3.1797e-08
[mg]   it 1418  |r|inf=6.773708e-10  r/r0=3.1728e-08
[mg]   it 1419  |r|inf=6.758507e-10  r/r0=3.1657e-08
[mg]   it 1420  |r|inf=6.742818e-10  r/r0=3.1584e-08
[mg]   it 1421  |r|inf=6.726644e-10  r/r0=3.1508e-08
[mg]   it 1422  |r|inf=6.709987e-10  r/r0=3.1430e-08
[mg]   it 1423  |r|inf=6.692849e-10  r/r0=3.1349e-08
[mg]   it 1424  |r|inf=6.675232e-10  r/r0=3.1267e-08
[mg]   it 1425  |r|inf=6.657139e-10  r/r0=3.1182e-08
[mg]   it 1426  |r|inf=6.638571e-10  r/r0=3.1095e-08
[mg]   it 1427  |r|inf=6.619531e-10  r/r0=3.1006e-08
[mg]   it 1428  |r|inf=6.600022e-10  r/r0=3.0915e-08
[mg]   it 1429  |r|inf=6.580046e-10  r/r0=3.0821e-08
[mg]   it 1430  |r|inf=6.559605e-10  r/r0=3.0725e-08
[mg]   it 1431  |r|inf=6.538702e-10  r/r0=3.0627e-08
[mg]   it 1432  |r|inf=6.517339e-10  r/r0=3.0527e-08
[mg]   it 1433  |r|inf=6.495518e-10  r/r0=3.0425e-08
[mg]   it 1434  |r|inf=6.473243e-10  r/r0=3.0321e-08
[mg]   it 1435  |r|inf=6.450516e-10  r/r0=3.0214e-08
[mg]   it 1436  |r|inf=6.427339e-10  r/r0=3.0106e-08
[mg]   it 1437  |r|inf=6.403716e-10  r/r0=2.9995e-08
[mg]   it 1438  |r|inf=6.379648e-10  r/r0=2.9882e-08
[mg]   it 1439  |r|inf=6.355139e-10  r/r0=2.9768e-08
[mg]   it 1440  |r|inf=6.330192e-10  r/r0=2.9651e-08
[mg]   it 1441  |r|inf=6.304808e-10  r/r0=2.9532e-08
[mg]   it 1442  |r|inf=6.278992e-10  r/r0=2.9411e-08
[mg]   it 1443  |r|inf=6.252745e-10  r/r0=2.9288e-08
[mg]   it 1444  |r|inf=6.226071e-10  r/r0=2.9163e-08
[mg]   it 1445  |r|inf=6.198973e-10  r/r0=2.9036e-08
[mg]   it 1446  |r|inf=6.171453e-10  r/r0=2.8907e-08
[mg]   it 1447  |r|inf=6.143515e-10  r/r0=2.8776e-08
[mg]   it 1448  |r|inf=6.115162e-10  r/r0=2.8644e-08
[mg]   it 1449  |r|inf=6.086396e-10  r/r0=2.8509e-08
[mg]   it 1450  |r|inf=6.057220e-10  r/r0=2.8372e-08
[mg]   it 1451  |r|inf=6.027639e-10  r/r0=2.8234e-08
[mg]   it 1452  |r|inf=5.997654e-10  r/r0=2.8093e-08
[mg]   it 1453  |r|inf=5.967269e-10  r/r0=2.7951e-08
[mg]   it 1454  |r|inf=5.936487e-10  r/r0=2.7807e-08
[mg]   it 1455  |r|inf=5.905311e-10  r/r0=2.7661e-08
[mg]   it 1456  |r|inf=5.873745e-10  r/r0=2.7513e-08
[mg]   it 1457  |r|inf=5.841791e-10  r/r0=2.7363e-08
[mg]   it 1458  |r|inf=5.809454e-10  r/r0=2.7212e-08
[mg]   it 1459  |r|inf=5.776736e-10  r/r0=2.7058e-08
[mg]   it 1460  |r|inf=5.743640e-10  r/r0=2.6903e-08
[mg]   it 1461  |r|inf=5.712464e-10  r/r0=2.6757e-08
[mg]   it 1462  |r|inf=5.719752e-10  r/r0=2.6791e-08
[mg]   it 1463  |r|inf=5.726636e-10  r/r0=2.6824e-08
[mg]   it 1464  |r|inf=5.733117e-10  r/r0=2.6854e-08
[mg]   it 1465  |r|inf=5.739195e-10  r/r0=2.6883e-08
[mg]   it 1466  |r|inf=5.744870e-10  r/r0=2.6909e-08
[mg]   it 1467  |r|inf=5.750143e-10  r/r0=2.6934e-08
[mg]   it 1468  |r|inf=5.755015e-10  r/r0=2.6957e-08
[mg]   it 1469  |r|inf=5.759486e-10  r/r0=2.6978e-08
[mg]   it 1470  |r|inf=5.763557e-10  r/r0=2.6997e-08
[mg]   it 1471  |r|inf=5.767228e-10  r/r0=2.7014e-08
[mg]   it 1472  |r|inf=5.770501e-10  r/r0=2.7029e-08
[mg]   it 1473  |r|inf=5.773375e-10  r/r0=2.7043e-08
[mg]   it 1474  |r|inf=5.775852e-10  r/r0=2.7054e-08
[mg]   it 1475  |r|inf=5.777932e-10  r/r0=2.7064e-08
[mg]   it 1476  |r|inf=5.779617e-10  r/r0=2.7072e-08
[mg]   it 1477  |r|inf=5.780907e-10  r/r0=2.7078e-08
[mg]   it 1478  |r|inf=5.781802e-10  r/r0=2.7082e-08
[mg]   it 1479  |r|inf=5.782305e-10  r/r0=2.7084e-08
[mg]   it 1480  |r|inf=5.782415e-10  r/r0=2.7085e-08
[mg]   it 1481  |r|inf=5.782134e-10  r/r0=2.7084e-08
[mg]   it 1482  |r|inf=5.781463e-10  r/r0=2.7081e-08
[mg]   it 1483  |r|inf=5.780403e-10  r/r0=2.7076e-08
[mg]   it 1484  |r|inf=5.778954e-10  r/r0=2.7069e-08
[mg]   it 1485  |r|inf=5.777118e-10  r/r0=2.7060e-08
[mg]   it 1486  |r|inf=5.774897e-10  r/r0=2.7050e-08
[mg]   it 1487  |r|inf=5.772290e-10  r/r0=2.7038e-08
[mg]   it 1488  |r|inf=5.769300e-10  r/r0=2.7024e-08
[mg]   it 1489  |r|inf=5.765927e-10  r/r0=2.7008e-08
[mg]   it 1490  |r|inf=5.762174e-10  r/r0=2.6990e-08
[mg]   it 1491  |r|inf=5.758040e-10  r/r0=2.6971e-08
[mg]   it 1492  |r|inf=5.753527e-10  r/r0=2.6950e-08
[mg]   it 1493  |r|inf=5.748637e-10  r/r0=2.6927e-08
[mg]   it 1494  |r|inf=5.743371e-10  r/r0=2.6902e-08
[mg]   it 1495  |r|inf=5.737730e-10  r/r0=2.6876e-08
[mg]   it 1496  |r|inf=5.731716e-10  r/r0=2.6848e-08
[mg]   it 1497  |r|inf=5.725329e-10  r/r0=2.6818e-08
[mg]   it 1498  |r|inf=5.718573e-10  r/r0=2.6786e-08
[mg]   it 1499  |r|inf=5.711447e-10  r/r0=2.6753e-08
[mg]   it 1500  |r|inf=5.703953e-10  r/r0=2.6717e-08
[mg] solve 1: r0=1.286798e-02 rtol=1.0e-08 (pre=2 post=2 bottom=12)
[mg]   it   1  |r|inf=2.465370e-02  r/r0=1.9159e+00
[mg]   it   2  |r|inf=3.745169e-03  r/r0=2.9105e-01
[mg]   it   3  |r|inf=7.953435e-04  r/r0=6.1808e-02
[mg]   it   4  |r|inf=5.813807e-04  r/r0=4.5180e-02
[mg]   it   5  |r|inf=4.306942e-04  r/r0=3.3470e-02
[mg]   it   6  |r|inf=1.862194e-04  r/r0=1.4472e-02
[mg]   it   7  |r|inf=1.088567e-04  r/r0=8.4595e-03
[mg]   it   8  |r|inf=8.736640e-05  r/r0=6.7894e-03
[mg]   it   9  |r|inf=7.163514e-05  r/r0=5.5669e-03
[mg]   it  10  |r|inf=5.109128e-05  r/r0=3.9704e-03
[mg]   it  11  |r|inf=3.367792e-05  r/r0=2.6172e-03
[mg]   it  12  |r|inf=2.182019e-05  r/r0=1.6957e-03
[mg]   it  13  |r|inf=2.191326e-05  r/r0=1.7029e-03
[mg]   it  14  |r|inf=1.802595e-05  r/r0=1.4008e-03
[mg]   it  15  |r|inf=1.419273e-05  r/r0=1.1029e-03
[mg]   it  16  |r|inf=8.221646e-06  r/r0=6.3892e-04
[mg]   it  17  |r|inf=4.309767e-06  r/r0=3.3492e-04
[mg]   it  18  |r|inf=3.383000e-06  r/r0=2.6290e-04
[mg]   it  19  |r|inf=2.429828e-06  r/r0=1.8883e-04
[mg]   it  20  |r|inf=1.807705e-06  r/r0=1.4048e-04
[mg]   it  21  |r|inf=1.723157e-06  r/r0=1.3391e-04
[mg]   it  22  |r|inf=7.138405e-07  r/r0=5.5474e-05
[mg]   it  23  |r|inf=7.097473e-07  r/r0=5.5156e-05
[mg]   it  24  |r|inf=9.051927e-07  r/r0=7.0345e-05
[mg]   it  25  |r|inf=3.248701e-07  r/r0=2.5246e-05
[mg]   it  26  |r|inf=5.925064e-07  r/r0=4.6045e-05
[mg]   it  27  |r|inf=3.982939e-07  r/r0=3.0952e-05
[mg]   it  28  |r|inf=3.196710e-07  r/r0=2.4842e-05
[mg]   it  29  |r|inf=3.675466e-07  r/r0=2.8563e-05
[mg]   it  30  |r|inf=1.886741e-07  r/r0=1.4662e-05
[mg]   it  31  |r|inf=2.387628e-07  r/r0=1.8555e-05
[mg]   it  32  |r|inf=1.135689e-07  r/r0=8.8257e-06
[mg]   it  33  |r|inf=1.596774e-07  r/r0=1.2409e-05
[mg]   it  34  |r|inf=8.391667e-08  r/r0=6.5214e-06
[mg]   it  35  |r|inf=1.360375e-07  r/r0=1.0572e-05
[mg]   it  36  |r|inf=9.076565e-08  r/r0=7.0536e-06
[mg]   it  37  |r|inf=9.078634e-08  r/r0=7.0552e-06
[mg]   it  38  |r|inf=8.370079e-08  r/r0=6.5046e-06
[mg]   it  39  |r|inf=5.112266e-08  r/r0=3.9729e-06
[mg]   it  40  |r|inf=8.230696e-08  r/r0=6.3963e-06
[mg]   it  41  |r|inf=4.726381e-08  r/r0=3.6730e-06
[mg]   it  42  |r|inf=3.345443e-08  r/r0=2.5998e-06
[mg]   it  43  |r|inf=3.835252e-08  r/r0=2.9805e-06
[mg]   it  44  |r|inf=2.550643e-08  r/r0=1.9822e-06
[mg]   it  45  |r|inf=1.738383e-08  r/r0=1.3509e-06
[mg]   it  46  |r|inf=2.387359e-08  r/r0=1.8553e-06
[mg]   it  47  |r|inf=1.806566e-08  r/r0=1.4039e-06
[mg]   it  48  |r|inf=1.307633e-08  r/r0=1.0162e-06
[mg]   it  49  |r|inf=1.758438e-08  r/r0=1.3665e-06
[mg]   it  50  |r|inf=1.740451e-08  r/r0=1.3525e-06
[mg]   it  51  |r|inf=1.503996e-08  r/r0=1.1688e-06
[mg]   it  52  |r|inf=1.205554e-08  r/r0=9.3686e-07
[mg]   it  53  |r|inf=1.612681e-08  r/r0=1.2533e-06
[mg]   it  54  |r|inf=1.738137e-08  r/r0=1.3507e-06
[mg]   it  55  |r|inf=1.448219e-08  r/r0=1.1254e-06
[mg]   it  56  |r|inf=1.193263e-08  r/r0=9.2731e-07
[mg]   it  57  |r|inf=8.211033e-09  r/r0=6.3810e-07
[mg]   it  58  |r|inf=1.099915e-08  r/r0=8.5477e-07
[mg]   it  59  |r|inf=1.166306e-08  r/r0=9.0636e-07
[mg]   it  60  |r|inf=9.855679e-09  r/r0=7.6591e-07
[mg]   it  61  |r|inf=8.023390e-09  r/r0=6.2352e-07
[mg]   it  62  |r|inf=7.190366e-09  r/r0=5.5878e-07
[mg]   it  63  |r|inf=5.297131e-09  r/r0=4.1165e-07
[mg]   it  64  |r|inf=6.874945e-09  r/r0=5.3427e-07
[mg]   it  65  |r|inf=7.372148e-09  r/r0=5.7291e-07
[mg]   it  66  |r|inf=6.382932e-09  r/r0=4.9603e-07
[mg]   it  67  |r|inf=5.730283e-09  r/r0=4.4531e-07
[mg]   it  68  |r|inf=5.130369e-09  r/r0=3.9869e-07
[mg]   it  69  |r|inf=4.609482e-09  r/r0=3.5821e-07
[mg]   it  70  |r|inf=3.591922e-09  r/r0=2.7914e-07
[mg]   it  71  |r|inf=4.380767e-09  r/r0=3.4044e-07
[mg]   it  72  |r|inf=5.013820e-09  r/r0=3.8964e-07
[mg]   it  73  |r|inf=4.934093e-09  r/r0=3.8344e-07
[mg]   it  74  |r|inf=4.235298e-09  r/r0=3.2913e-07
[mg]   it  75  |r|inf=3.961218e-09  r/r0=3.0784e-07
[mg]   it  76  |r|inf=3.519769e-09  r/r0=2.7353e-07
[mg]   it  77  |r|inf=3.438027e-09  r/r0=2.6718e-07
[mg]   it  78  |r|inf=2.993418e-09  r/r0=2.3263e-07
[mg]   it  79  |r|inf=2.566329e-09  r/r0=1.9944e-07
[mg]   it  80  |r|inf=3.160246e-09  r/r0=2.4559e-07
[mg]   it  81  |r|inf=3.623180e-09  r/r0=2.8157e-07
[mg]   it  82  |r|inf=3.748721e-09  r/r0=2.9132e-07
[mg]   it  83  |r|inf=3.557067e-09  r/r0=2.7643e-07
[mg]   it  84  |r|inf=3.162864e-09  r/r0=2.4579e-07
[mg]   it  85  |r|inf=3.032161e-09  r/r0=2.3564e-07
[mg]   it  86  |r|inf=2.672327e-09  r/r0=2.0767e-07
[mg]   it  87  |r|inf=2.726371e-09  r/r0=2.1187e-07
[mg]   it  88  |r|inf=2.594580e-09  r/r0=2.0163e-07
[mg]   it  89  |r|inf=2.296272e-09  r/r0=1.7845e-07
[mg]   it  90  |r|inf=2.034052e-09  r/r0=1.5807e-07
[mg]   it  91  |r|inf=2.359786e-09  r/r0=1.8338e-07
[mg]   it  92  |r|inf=2.759984e-09  r/r0=2.1448e-07
[mg]   it  93  |r|inf=2.993009e-09  r/r0=2.3259e-07
[mg]   it  94  |r|inf=3.059271e-09  r/r0=2.3774e-07
[mg]   it  95  |r|inf=2.964427e-09  r/r0=2.3037e-07
[mg]   it  96  |r|inf=2.719917e-09  r/r0=2.1137e-07
[mg]   it  97  |r|inf=2.633371e-09  r/r0=2.0465e-07
[mg]   it  98  |r|inf=2.514675e-09  r/r0=1.9542e-07
[mg]   it  99  |r|inf=2.284113e-09  r/r0=1.7750e-07
[mg]   it 100  |r|inf=2.359452e-09  r/r0=1.8336e-07
[mg]   it 101  |r|inf=2.325560e-09  r/r0=1.8072e-07
[mg]   it 102  |r|inf=2.193160e-09  r/r0=1.7044e-07
[mg]   it 103  |r|inf=1.977110e-09  r/r0=1.5365e-07
[mg]   it 104  |r|inf=1.782531e-09  r/r0=1.3852e-07
[mg]   it 105  |r|inf=1.903365e-09  r/r0=1.4791e-07
[mg]   it 106  |r|inf=2.217670e-09  r/r0=1.7234e-07
[mg]   it 107  |r|inf=2.444479e-09  r/r0=1.8997e-07
[mg]   it 108  |r|inf=2.582861e-09  r/r0=2.0072e-07
[mg]   it 109  |r|inf=2.633840e-09  r/r0=2.0468e-07
[mg]   it 110  |r|inf=2.600112e-09  r/r0=2.0206e-07
[mg]   it 111  |r|inf=2.486070e-09  r/r0=1.9320e-07
[mg]   it 112  |r|inf=2.297974e-09  r/r0=1.7858e-07
[mg]   it 113  |r|inf=2.236854e-09  r/r0=1.7383e-07
[mg]   it 114  |r|inf=2.176243e-09  r/r0=1.6912e-07
[mg]   it 115  |r|inf=2.052846e-09  r/r0=1.5953e-07
[mg]   it 116  |r|inf=1.952821e-09  r/r0=1.5176e-07
[mg]   it 117  |r|inf=1.998227e-09  r/r0=1.5529e-07
[mg]   it 118  |r|inf=1.987719e-09  r/r0=1.5447e-07
[mg]   it 119  |r|inf=1.925293e-09  r/r0=1.4962e-07
[mg]   it 120  |r|inf=1.816362e-09  r/r0=1.4115e-07
[mg]   it 121  |r|inf=1.667226e-09  r/r0=1.2956e-07
[mg]   it 122  |r|inf=1.523882e-09  r/r0=1.1842e-07
[mg]   it 123  |r|inf=1.525562e-09  r/r0=1.1855e-07
[mg]   it 124  |r|inf=1.749524e-09  r/r0=1.3596e-07
[mg]   it 125  |r|inf=1.939193e-09  r/r0=1.5070e-07
[mg]   it 126  |r|inf=2.083895e-09  r/r0=1.6194e-07
[mg]   it 127  |r|inf=2.183429e-09  r/r0=1.6968e-07
[mg]   it 128  |r|inf=2.238196e-09  r/r0=1.7394e-07
[mg]   it 129  |r|inf=2.249102e-09  r/r0=1.7478e-07
[mg]   it 130  |r|inf=2.217541e-09  r/r0=1.7233e-07
[mg]   it 131  |r|inf=2.145403e-09  r/r0=1.6672e-07
[mg]   it 132  |r|inf=2.035115e-09  r/r0=1.5815e-07
[mg]   it 133  |r|inf=1.897755e-09  r/r0=1.4748e-07
[mg]   it 134  |r|inf=1.891493e-09  r/r0=1.4699e-07
[mg]   it 135  |r|inf=1.851587e-09  r/r0=1.4389e-07
[mg]   it 136  |r|inf=1.779789e-09  r/r0=1.3831e-07
[mg]   it 137  |r|inf=1.678481e-09  r/r0=1.3044e-07
[mg]   it 138  |r|inf=1.665912e-09  r/r0=1.2946e-07
[mg]   it 139  |r|inf=1.695418e-09  r/r0=1.3175e-07
[mg]   it 140  |r|inf=1.696733e-09  r/r0=1.3186e-07
[mg]   it 141  |r|inf=1.671172e-09  r/r0=1.2987e-07
[mg]   it 142  |r|inf=1.620512e-09  r/r0=1.2593e-07
[mg]   it 143  |r|inf=1.546874e-09  r/r0=1.2021e-07
[mg]   it 144  |r|inf=1.452613e-09  r/r0=1.1289e-07
[mg]   it 145  |r|inf=1.340208e-09  r/r0=1.0415e-07
[mg]   it 146  |r|inf=1.329203e-09  r/r0=1.0330e-07
[mg]   it 147  |r|inf=1.370634e-09  r/r0=1.0652e-07
[mg]   it 148  |r|inf=1.530500e-09  r/r0=1.1894e-07
[mg]   it 149  |r|inf=1.668097e-09  r/r0=1.2963e-07
[mg]   it 150  |r|inf=1.782822e-09  r/r0=1.3855e-07
[mg]   it 151  |r|inf=1.874323e-09  r/r0=1.4566e-07
[mg]   it 152  |r|inf=1.942462e-09  r/r0=1.5095e-07
[mg]   it 153  |r|inf=1.987285e-09  r/r0=1.5444e-07
[mg]   it 154  |r|inf=2.009005e-09  r/r0=1.5612e-07
[mg]   it 155  |r|inf=2.008003e-09  r/r0=1.5605e-07
[mg]   it 156  |r|inf=1.984822e-09  r/r0=1.5425e-07
[mg]   it 157  |r|inf=1.940184e-09  r/r0=1.5078e-07
[mg]   it 158  |r|inf=1.874991e-09  r/r0=1.4571e-07
[mg]   it 159  |r|inf=1.790337e-09  r/r0=1.3913e-07
[mg]   it 160  |r|inf=1.709562e-09  r/r0=1.3285e-07
[mg]   it 161  |r|inf=1.706613e-09  r/r0=1.3262e-07
[mg]   it 162  |r|inf=1.685783e-09  r/r0=1.3101e-07
[mg]   it 163  |r|inf=1.647698e-09  r/r0=1.2805e-07
[mg]   it 164  |r|inf=1.593191e-09  r/r0=1.2381e-07
[mg]   it 165  |r|inf=1.523296e-09  r/r0=1.1838e-07
[mg]   it 166  |r|inf=1.483809e-09  r/r0=1.1531e-07
[mg]   it 167  |r|inf=1.512570e-09  r/r0=1.1755e-07
[mg]   it 168  |r|inf=1.526264e-09  r/r0=1.1861e-07
[mg]   it 169  |r|inf=1.525282e-09  r/r0=1.1853e-07
[mg]   it 170  |r|inf=1.510185e-09  r/r0=1.1736e-07
[mg]   it 171  |r|inf=1.481676e-09  r/r0=1.1514e-07
[mg]   it 172  |r|inf=1.440576e-09  r/r0=1.1195e-07
[mg]   it 173  |r|inf=1.387792e-09  r/r0=1.0785e-07
[mg]   it 174  |r|inf=1.324291e-09  r/r0=1.0291e-07
[mg]   it 175  |r|inf=1.251077e-09  r/r0=9.7224e-08
[mg]   it 176  |r|inf=1.179776e-09  r/r0=9.1683e-08
[mg]   it 177  |r|inf=1.188786e-09  r/r0=9.2383e-08
[mg]   it 178  |r|inf=1.194332e-09  r/r0=9.2814e-08
[mg]   it 179  |r|inf=1.307820e-09  r/r0=1.0163e-07
[mg]   it 180  |r|inf=1.409844e-09  r/r0=1.0956e-07
[mg]   it 181  |r|inf=1.500121e-09  r/r0=1.1658e-07
[mg]   it 182  |r|inf=1.578454e-09  r/r0=1.2267e-07
[mg]   it 183  |r|inf=1.644718e-09  r/r0=1.2781e-07
[mg]   it 184  |r|inf=1.698853e-09  r/r0=1.3202e-07
[mg]   it 185  |r|inf=1.740855e-09  r/r0=1.3529e-07
[mg]   it 186  |r|inf=1.770772e-09  r/r0=1.3761e-07
[mg]   it 187  |r|inf=1.788698e-09  r/r0=1.3900e-07
[mg]   it 188  |r|inf=1.794778e-09  r/r0=1.3948e-07
[mg]   it 189  |r|inf=1.789202e-09  r/r0=1.3904e-07
[mg]   it 190  |r|inf=1.772211e-09  r/r0=1.3772e-07
[mg]   it 191  |r|inf=1.744096e-09  r/r0=1.3554e-07
[mg]   it 192  |r|inf=1.705201e-09  r/r0=1.3252e-07
[mg]   it 193  |r|inf=1.655926e-09  r/r0=1.2869e-07
[mg]   it 194  |r|inf=1.596728e-09  r/r0=1.2409e-07
[mg]   it 195  |r|inf=1.528122e-09  r/r0=1.1875e-07
[mg]   it 196  |r|inf=1.527844e-09  r/r0=1.1873e-07
[mg]   it 197  |r|inf=1.520941e-09  r/r0=1.1820e-07
[mg]   it 198  |r|inf=1.504857e-09  r/r0=1.1695e-07
[mg]   it 199  |r|inf=1.479851e-09  r/r0=1.1500e-07
[mg]   it 200  |r|inf=1.446241e-09  r/r0=1.1239e-07
[mg]   it 201  |r|inf=1.404405e-09  r/r0=1.0914e-07
[mg]   it 202  |r|inf=1.354777e-09  r/r0=1.0528e-07
[mg]   it 203  |r|inf=1.324858e-09  r/r0=1.0296e-07
[mg]   it 204  |r|inf=1.347434e-09  r/r0=1.0471e-07
[mg]   it 205  |r|inf=1.362153e-09  r/r0=1.0586e-07
[mg]   it 206  |r|inf=1.369127e-09  r/r0=1.0640e-07
[mg]   it 207  |r|inf=1.368523e-09  r/r0=1.0635e-07
[mg]   it 208  |r|inf=1.360557e-09  r/r0=1.0573e-07
[mg]   it 209  |r|inf=1.345489e-09  r/r0=1.0456e-07
[mg]   it 210  |r|inf=1.323619e-09  r/r0=1.0286e-07
[mg]   it 211  |r|inf=1.295274e-09  r/r0=1.0066e-07
[mg]   it 212  |r|inf=1.260808e-09  r/r0=9.7980e-08
[mg]   it 213  |r|inf=1.220595e-09  r/r0=9.4855e-08
[mg]   it 214  |r|inf=1.175019e-09  r/r0=9.1313e-08
[mg]   it 215  |r|inf=1.124475e-09  r/r0=8.7385e-08
[mg]   it 216  |r|inf=1.069358e-09  r/r0=8.3102e-08
[mg]   it 217  |r|inf=1.069199e-09  r/r0=8.3090e-08
[mg]   it 218  |r|inf=1.073194e-09  r/r0=8.3400e-08
[mg]   it 219  |r|inf=1.086356e-09  r/r0=8.4423e-08
[mg]   it 220  |r|inf=1.165369e-09  r/r0=9.0563e-08
[mg]   it 221  |r|inf=1.238497e-09  r/r0=9.6246e-08
[mg]   it 222  |r|inf=1.305608e-09  r/r0=1.0146e-07
[mg]   it 223  |r|inf=1.366600e-09  r/r0=1.0620e-07
[mg]   it 224  |r|inf=1.421391e-09  r/r0=1.1046e-07
[mg]   it 225  |r|inf=1.469925e-09  r/r0=1.1423e-07
[mg]   it 226  |r|inf=1.512163e-09  r/r0=1.1751e-07
[mg]   it 227  |r|inf=1.548083e-09  r/r0=1.2031e-07
[mg]   it 228  |r|inf=1.577680e-09  r/r0=1.2261e-07
[mg]   it 229  |r|inf=1.600965e-09  r/r0=1.2441e-07
[mg]   it 230  |r|inf=1.617963e-09  r/r0=1.2574e-07
[mg]   it 231  |r|inf=1.628713e-09  r/r0=1.2657e-07
[mg]   it 232  |r|inf=1.633269e-09  r/r0=1.2693e-07
[mg]   it 233  |r|inf=1.631697e-09  r/r0=1.2680e-07
[mg]   it 234  |r|inf=1.624082e-09  r/r0=1.2621e-07
[mg]   it 235  |r|inf=1.610520e-09  r/r0=1.2516e-07
[mg]   it 236  |r|inf=1.591125e-09  r/r0=1.2365e-07
[mg]   it 237  |r|inf=1.566028e-09  r/r0=1.2170e-07
[mg]   it 238  |r|inf=1.535375e-09  r/r0=1.1932e-07
[mg]   it 239  |r|inf=1.499332e-09  r/r0=1.1652e-07
[mg]   it 240  |r|inf=1.458081e-09  r/r0=1.1331e-07
[mg]   it 241  |r|inf=1.411821e-09  r/r0=1.0972e-07
[mg]   it 242  |r|inf=1.400182e-09  r/r0=1.0881e-07
[mg]   it 243  |r|inf=1.399952e-09  r/r0=1.0879e-07
[mg]   it 244  |r|inf=1.394790e-09  r/r0=1.0839e-07
[mg]   it 245  |r|inf=1.384770e-09  r/r0=1.0761e-07
[mg]   it 246  |r|inf=1.369985e-09  r/r0=1.0646e-07
[mg]   it 247  |r|inf=1.350547e-09  r/r0=1.0495e-07
[mg]   it 248  |r|inf=1.326589e-09  r/r0=1.0309e-07
[mg]   it 249  |r|inf=1.298259e-09  r/r0=1.0089e-07
[mg]   it 250  |r|inf=1.265724e-09  r/r0=9.8362e-08
[mg]   it 251  |r|inf=1.229167e-09  r/r0=9.5521e-08
[mg]   it 252  |r|inf=1.226600e-09  r/r0=9.5322e-08
[mg]   it 253  |r|inf=1.243026e-09  r/r0=9.6598e-08
[mg]   it 254  |r|inf=1.255281e-09  r/r0=9.7551e-08
[mg]   it 255  |r|inf=1.263396e-09  r/r0=9.8181e-08
[mg]   it 256  |r|inf=1.267424e-09  r/r0=9.8494e-08
[mg]   it 257  |r|inf=1.267429e-09  r/r0=9.8495e-08
[mg]   it 258  |r|inf=1.263496e-09  r/r0=9.8189e-08
[mg]   it 259  |r|inf=1.255720e-09  r/r0=9.7585e-08
[mg]   it 260  |r|inf=1.244210e-09  r/r0=9.6690e-08
[mg]   it 261  |r|inf=1.229088e-09  r/r0=9.5515e-08
[mg]   it 262  |r|inf=1.210482e-09  r/r0=9.4069e-08
[mg]   it 263  |r|inf=1.188532e-09  r/r0=9.2364e-08
[mg]   it 264  |r|inf=1.163382e-09  r/r0=9.0409e-08
[mg]   it 265  |r|inf=1.135184e-09  r/r0=8.8218e-08
[mg]   it 266  |r|inf=1.104091e-09  r/r0=8.5801e-08
[mg]   it 267  |r|inf=1.070262e-09  r/r0=8.3172e-08
[mg]   it 268  |r|inf=1.033856e-09  r/r0=8.0343e-08
[mg]   it 269  |r|inf=9.950322e-10  r/r0=7.7326e-08
[mg]   it 270  |r|inf=9.952595e-10  r/r0=7.7344e-08
[mg]   it 271  |r|inf=9.995959e-10  r/r0=7.7681e-08
[mg]   it 272  |r|inf=1.001336e-09  r/r0=7.7816e-08
[mg]   it 273  |r|inf=1.017060e-09  r/r0=7.9038e-08
[mg]   it 274  |r|inf=1.073284e-09  r/r0=8.3407e-08
[mg]   it 275  |r|inf=1.126390e-09  r/r0=8.7534e-08
[mg]   it 276  |r|inf=1.176319e-09  r/r0=9.1414e-08
[mg]   it 277  |r|inf=1.223020e-09  r/r0=9.5044e-08
[mg]   it 278  |r|inf=1.266451e-09  r/r0=9.8419e-08
[mg]   it 279  |r|inf=1.306577e-09  r/r0=1.0154e-07
[mg]   it 280  |r|inf=1.343371e-09  r/r0=1.0440e-07
[mg]   it 281  |r|inf=1.376813e-09  r/r0=1.0700e-07
[mg]   it 282  |r|inf=1.406886e-09  r/r0=1.0933e-07
[mg]   it 283  |r|inf=1.433581e-09  r/r0=1.1141e-07
[mg]   it 284  |r|inf=1.456895e-09  r/r0=1.1322e-07
[mg]   it 285  |r|inf=1.476827e-09  r/r0=1.1477e-07
[mg]   it 286  |r|inf=1.493384e-09  r/r0=1.1605e-07
[mg]   it 287  |r|inf=1.506574e-09  r/r0=1.1708e-07
[mg]   it 288  |r|inf=1.516414e-09  r/r0=1.1784e-07
[mg]   it 289  |r|inf=1.522921e-09  r/r0=1.1835e-07
[mg]   it 290  |r|inf=1.526118e-09  r/r0=1.1860e-07
[mg]   it 291  |r|inf=1.526034e-09  r/r0=1.1859e-07
[mg]   it 292  |r|inf=1.522701e-09  r/r0=1.1833e-07
[mg]   it 293  |r|inf=1.516155e-09  r/r0=1.1782e-07
[mg]   it 294  |r|inf=1.506438e-09  r/r0=1.1707e-07
[mg]   it 295  |r|inf=1.493597e-09  r/r0=1.1607e-07
[mg]   it 296  |r|inf=1.477682e-09  r/r0=1.1483e-07
[mg]   it 297  |r|inf=1.458750e-09  r/r0=1.1336e-07
[mg]   it 298  |r|inf=1.436863e-09  r/r0=1.1166e-07
[mg]   it 299  |r|inf=1.412086e-09  r/r0=1.0974e-07
[mg]   it 300  |r|inf=1.384492e-09  r/r0=1.0759e-07
[mg]   it 301  |r|inf=1.354159e-09  r/r0=1.0523e-07
[mg]   it 302  |r|inf=1.321168e-09  r/r0=1.0267e-07
[mg]   it 303  |r|inf=1.305254e-09  r/r0=1.0143e-07
[mg]   it 304  |r|inf=1.306492e-09  r/r0=1.0153e-07
[mg]   it 305  |r|inf=1.305085e-09  r/r0=1.0142e-07
[mg]   it 306  |r|inf=1.301055e-09  r/r0=1.0111e-07
[mg]   it 307  |r|inf=1.294434e-09  r/r0=1.0059e-07
[mg]   it 308  |r|inf=1.285257e-09  r/r0=9.9880e-08
[mg]   it 309  |r|inf=1.273566e-09  r/r0=9.8972e-08
[mg]   it 310  |r|inf=1.259407e-09  r/r0=9.7871e-08
[mg]   it 311  |r|inf=1.242833e-09  r/r0=9.6583e-08
[mg]   it 312  |r|inf=1.223904e-09  r/r0=9.5112e-08
[mg]   it 313  |r|inf=1.202681e-09  r/r0=9.3463e-08
[mg]   it 314  |r|inf=1.179235e-09  r/r0=9.1641e-08
[mg]   it 315  |r|inf=1.153638e-09  r/r0=8.9652e-08
[mg]   it 316  |r|inf=1.135353e-09  r/r0=8.8231e-08
[mg]   it 317  |r|inf=1.148864e-09  r/r0=8.9281e-08
[mg]   it 318  |r|inf=1.160151e-09  r/r0=9.0158e-08
[mg]   it 319  |r|inf=1.169219e-09  r/r0=9.0863e-08
[mg]   it 320  |r|inf=1.176080e-09  r/r0=9.1396e-08
[mg]   it 321  |r|inf=1.180751e-09  r/r0=9.1759e-08
[mg]   it 322  |r|inf=1.183252e-09  r/r0=9.1953e-08
[mg]   it 323  |r|inf=1.183611e-09  r/r0=9.1981e-08
[mg]   it 324  |r|inf=1.181858e-09  r/r0=9.1845e-08
[mg]   it 325  |r|inf=1.178029e-09  r/r0=9.1547e-08
[mg]   it 326  |r|inf=1.172163e-09  r/r0=9.1091e-08
[mg]   it 327  |r|inf=1.164304e-09  r/r0=9.0481e-08
[mg]   it 328  |r|inf=1.154497e-09  r/r0=8.9719e-08
[mg]   it 329  |r|inf=1.142794e-09  r/r0=8.8809e-08
[mg]   it 330  |r|inf=1.129244e-09  r/r0=8.7756e-08
[mg]   it 331  |r|inf=1.113905e-09  r/r0=8.6564e-08
[mg]   it 332  |r|inf=1.096832e-09  r/r0=8.5237e-08
[mg]   it 333  |r|inf=1.078083e-09  r/r0=8.3780e-08
[mg]   it 334  |r|inf=1.057720e-09  r/r0=8.2198e-08
[mg]   it 335  |r|inf=1.035803e-09  r/r0=8.0495e-08
[mg]   it 336  |r|inf=1.012394e-09  r/r0=7.8675e-08
[mg]   it 337  |r|inf=9.875566e-10  r/r0=7.6745e-08
[mg]   it 338  |r|inf=9.613540e-10  r/r0=7.4709e-08
[mg]   it 339  |r|inf=9.338496e-10  r/r0=7.2572e-08
[mg]   it 340  |r|inf=9.369590e-10  r/r0=7.2813e-08
[mg]   it 341  |r|inf=9.412455e-10  r/r0=7.3146e-08
[mg]   it 342  |r|inf=9.441177e-10  r/r0=7.3370e-08
[mg]   it 343  |r|inf=9.455943e-10  r/r0=7.3484e-08
[mg]   it 344  |r|inf=9.545438e-10  r/r0=7.4180e-08
[mg]   it 345  |r|inf=9.960973e-10  r/r0=7.7409e-08
[mg]   it 346  |r|inf=1.036004e-09  r/r0=8.0510e-08
[mg]   it 347  |r|inf=1.074235e-09  r/r0=8.3481e-08
[mg]   it 348  |r|inf=1.110765e-09  r/r0=8.6320e-08
[mg]   it 349  |r|inf=1.145569e-09  r/r0=8.9025e-08
[mg]   it 350  |r|inf=1.178627e-09  r/r0=9.1594e-08
[mg]   it 351  |r|inf=1.209921e-09  r/r0=9.4026e-08
[mg]   it 352  |r|inf=1.239434e-09  r/r0=9.6319e-08
[mg]   it 353  |r|inf=1.267153e-09  r/r0=9.8473e-08
[mg]   it 354  |r|inf=1.293067e-09  r/r0=1.0049e-07
[mg]   it 355  |r|inf=1.317165e-09  r/r0=1.0236e-07
[mg]   it 356  |r|inf=1.339439e-09  r/r0=1.0409e-07
[mg]   it 357  |r|inf=1.359884e-09  r/r0=1.0568e-07
[mg]   it 358  |r|inf=1.378496e-09  r/r0=1.0713e-07
[mg]   it 359  |r|inf=1.395270e-09  r/r0=1.0843e-07
[mg]   it 360  |r|inf=1.410207e-09  r/r0=1.0959e-07
[mg]   it 361  |r|inf=1.423306e-09  r/r0=1.1061e-07
[mg]   it 362  |r|inf=1.434569e-09  r/r0=1.1148e-07
[mg]   it 363  |r|inf=1.444000e-09  r/r0=1.1222e-07
[mg]   it 364  |r|inf=1.451603e-09  r/r0=1.1281e-07
[mg]   it 365  |r|inf=1.457385e-09  r/r0=1.1326e-07
[mg]   it 366  |r|inf=1.461353e-09  r/r0=1.1357e-07
[mg]   it 367  |r|inf=1.463516e-09  r/r0=1.1373e-07
[mg]   it 368  |r|inf=1.463885e-09  r/r0=1.1376e-07
[mg]   it 369  |r|inf=1.462471e-09  r/r0=1.1365e-07
[mg]   it 370  |r|inf=1.459290e-09  r/r0=1.1340e-07
[mg]   it 371  |r|inf=1.454354e-09  r/r0=1.1302e-07
[mg]   it 372  |r|inf=1.447682e-09  r/r0=1.1250e-07
[mg]   it 373  |r|inf=1.439291e-09  r/r0=1.1185e-07
[mg]   it 374  |r|inf=1.429201e-09  r/r0=1.1107e-07
[mg]   it 375  |r|inf=1.417433e-09  r/r0=1.1015e-07
[mg]   it 376  |r|inf=1.404010e-09  r/r0=1.0911e-07
[mg]   it 377  |r|inf=1.388958e-09  r/r0=1.0794e-07
[mg]   it 378  |r|inf=1.372302e-09  r/r0=1.0664e-07
[mg]   it 379  |r|inf=1.354071e-09  r/r0=1.0523e-07
[mg]   it 380  |r|inf=1.334294e-09  r/r0=1.0369e-07
[mg]   it 381  |r|inf=1.313003e-09  r/r0=1.0204e-07
[mg]   it 382  |r|inf=1.290232e-09  r/r0=1.0027e-07
[mg]   it 383  |r|inf=1.266014e-09  r/r0=9.8385e-08
[mg]   it 384  |r|inf=1.256587e-09  r/r0=9.7652e-08
[mg]   it 385  |r|inf=1.257911e-09  r/r0=9.7755e-08
[mg]   it 386  |r|inf=1.257782e-09  r/r0=9.7745e-08
[mg]   it 387  |r|inf=1.256207e-09  r/r0=9.7623e-08
[mg]   it 388  |r|inf=1.253197e-09  r/r0=9.7389e-08
[mg]   it 389  |r|inf=1.248764e-09  r/r0=9.7044e-08
[mg]   it 390  |r|inf=1.242921e-09  r/r0=9.6590e-08
[mg]   it 391  |r|inf=1.235686e-09  r/r0=9.6028e-08
[mg]   it 392  |r|inf=1.227075e-09  r/r0=9.5359e-08
[mg]   it 393  |r|inf=1.217108e-09  r/r0=9.4584e-08
[mg]   it 394  |r|inf=1.205806e-09  r/r0=9.3706e-08
[mg]   it 395  |r|inf=1.193193e-09  r/r0=9.2726e-08
[mg]   it 396  |r|inf=1.179293e-09  r/r0=9.1646e-08
[mg]   it 397  |r|inf=1.164132e-09  r/r0=9.0467e-08
[mg]   it 398  |r|inf=1.147739e-09  r/r0=8.9193e-08
[mg]   it 399  |r|inf=1.130142e-09  r/r0=8.7826e-08
[mg]   it 400  |r|inf=1.111373e-09  r/r0=8.6367e-08
[mg]   it 401  |r|inf=1.091463e-09  r/r0=8.4820e-08
[mg]   it 402  |r|inf=1.097465e-09  r/r0=8.5287e-08
[mg]   it 403  |r|inf=1.106577e-09  r/r0=8.5995e-08
[mg]   it 404  |r|inf=1.114476e-09  r/r0=8.6608e-08
[mg]   it 405  |r|inf=1.121165e-09  r/r0=8.7128e-08
[mg]   it 406  |r|inf=1.126648e-09  r/r0=8.7554e-08
[mg]   it 407  |r|inf=1.130930e-09  r/r0=8.7887e-08
[mg]   it 408  |r|inf=1.134020e-09  r/r0=8.8127e-08
[mg]   it 409  |r|inf=1.135926e-09  r/r0=8.8275e-08
[mg]   it 410  |r|inf=1.136659e-09  r/r0=8.8332e-08
[mg]   it 411  |r|inf=1.136231e-09  r/r0=8.8299e-08
[mg]   it 412  |r|inf=1.134655e-09  r/r0=8.8177e-08
[mg]   it 413  |r|inf=1.131947e-09  r/r0=8.7966e-08
[mg]   it 414  |r|inf=1.128122e-09  r/r0=8.7669e-08
[mg]   it 415  |r|inf=1.123196e-09  r/r0=8.7286e-08
[mg]   it 416  |r|inf=1.117190e-09  r/r0=8.6819e-08
[mg]   it 417  |r|inf=1.110121e-09  r/r0=8.6270e-08
[mg]   it 418  |r|inf=1.102010e-09  r/r0=8.5640e-08
[mg]   it 419  |r|inf=1.092878e-09  r/r0=8.4930e-08
[mg]   it 420  |r|inf=1.082747e-09  r/r0=8.4143e-08
[mg]   it 421  |r|inf=1.071640e-09  r/r0=8.3280e-08
[mg]   it 422  |r|inf=1.059579e-09  r/r0=8.2342e-08
[mg]   it 423  |r|inf=1.046589e-09  r/r0=8.1333e-08
[mg]   it 424  |r|inf=1.032693e-09  r/r0=8.0253e-08
[mg]   it 425  |r|inf=1.017917e-09  r/r0=7.9105e-08
[mg]   it 426  |r|inf=1.002286e-09  r/r0=7.7890e-08
[mg]   it 427  |r|inf=9.858240e-10  r/r0=7.6611e-08
[mg]   it 428  |r|inf=9.685580e-10  r/r0=7.5269e-08
[mg]   it 429  |r|inf=9.505134e-10  r/r0=7.3867e-08
[mg]   it 430  |r|inf=9.317162e-10  r/r0=7.2406e-08
[mg]   it 431  |r|inf=9.121923e-10  r/r0=7.0889e-08
[mg]   it 432  |r|inf=8.950569e-10  r/r0=6.9557e-08
[mg]   it 433  |r|inf=8.993042e-10  r/r0=6.9887e-08
[mg]   it 434  |r|inf=9.027687e-10  r/r0=7.0156e-08
[mg]   it 435  |r|inf=9.054572e-10  r/r0=7.0365e-08
[mg]   it 436  |r|inf=9.073768e-10  r/r0=7.0514e-08
[mg]   it 437  |r|inf=9.085350e-10  r/r0=7.0604e-08
[mg]   it 438  |r|inf=9.089400e-10  r/r0=7.0636e-08
[mg]   it 439  |r|inf=9.371360e-10  r/r0=7.2827e-08
[mg]   it 440  |r|inf=9.672472e-10  r/r0=7.5167e-08
[mg]   it 441  |r|inf=9.964575e-10  r/r0=7.7437e-08
[mg]   it 442  |r|inf=1.024755e-09  r/r0=7.9636e-08
[mg]   it 443  |r|inf=1.052127e-09  r/r0=8.1763e-08
[mg]   it 444  |r|inf=1.078565e-09  r/r0=8.3818e-08
[mg]   it 445  |r|inf=1.104058e-09  r/r0=8.5799e-08
[mg]   it 446  |r|inf=1.128597e-09  r/r0=8.7706e-08
[mg]   it 447  |r|inf=1.152174e-09  r/r0=8.9538e-08
[mg]   it 448  |r|inf=1.174782e-09  r/r0=9.1295e-08
[mg]   it 449  |r|inf=1.196414e-09  r/r0=9.2976e-08
[mg]   it 450  |r|inf=1.217063e-09  r/r0=9.4581e-08
[mg]   it 451  |r|inf=1.236726e-09  r/r0=9.6109e-08
[mg]   it 452  |r|inf=1.255396e-09  r/r0=9.7560e-08
[mg]   it 453  |r|inf=1.273070e-09  r/r0=9.8933e-08
[mg]   it 454  |r|inf=1.289745e-09  r/r0=1.0023e-07
[mg]   it 455  |r|inf=1.305416e-09  r/r0=1.0145e-07
[mg]   it 456  |r|inf=1.320083e-09  r/r0=1.0259e-07
[mg]   it 457  |r|inf=1.333742e-09  r/r0=1.0365e-07
[mg]   it 458  |r|inf=1.346392e-09  r/r0=1.0463e-07
[mg]   it 459  |r|inf=1.358033e-09  r/r0=1.0554e-07
[mg]   it 460  |r|inf=1.368663e-09  r/r0=1.0636e-07
[mg]   it 461  |r|inf=1.378284e-09  r/r0=1.0711e-07
[mg]   it 462  |r|inf=1.386895e-09  r/r0=1.0778e-07
[mg]   it 463  |r|inf=1.394497e-09  r/r0=1.0837e-07
[mg]   it 464  |r|inf=1.401092e-09  r/r0=1.0888e-07
[mg]   it 465  |r|inf=1.406682e-09  r/r0=1.0932e-07
[mg]   it 466  |r|inf=1.411268e-09  r/r0=1.0967e-07
[mg]   it 467  |r|inf=1.414855e-09  r/r0=1.0995e-07
[mg]   it 468  |r|inf=1.417444e-09  r/r0=1.1015e-07
[mg]   it 469  |r|inf=1.419041e-09  r/r0=1.1028e-07
[mg]   it 470  |r|inf=1.419648e-09  r/r0=1.1032e-07
[mg]   it 471  |r|inf=1.419270e-09  r/r0=1.1029e-07
[mg]   it 472  |r|inf=1.417913e-09  r/r0=1.1019e-07
[mg]   it 473  |r|inf=1.415583e-09  r/r0=1.1001e-07
[mg]   it 474  |r|inf=1.412285e-09  r/r0=1.0975e-07
[mg]   it 475  |r|inf=1.408026e-09  r/r0=1.0942e-07
[mg]   it 476  |r|inf=1.402812e-09  r/r0=1.0902e-07
[mg]   it 477  |r|inf=1.396653e-09  r/r0=1.0854e-07
[mg]   it 478  |r|inf=1.389555e-09  r/r0=1.0799e-07
[mg]   it 479  |r|inf=1.381527e-09  r/r0=1.0736e-07
[mg]   it 480  |r|inf=1.372579e-09  r/r0=1.0667e-07
[mg]   it 481  |r|inf=1.362719e-09  r/r0=1.0590e-07
[mg]   it 482  |r|inf=1.351959e-09  r/r0=1.0506e-07
[mg]   it 483  |r|inf=1.340309e-09  r/r0=1.0416e-07
[mg]   it 484  |r|inf=1.327781e-09  r/r0=1.0318e-07
[mg]   it 485  |r|inf=1.314385e-09  r/r0=1.0214e-07
[mg]   it 486  |r|inf=1.300135e-09  r/r0=1.0104e-07
[mg]   it 487  |r|inf=1.285043e-09  r/r0=9.9864e-08
[mg]   it 488  |r|inf=1.269123e-09  r/r0=9.8626e-08
[mg]   it 489  |r|inf=1.252389e-09  r/r0=9.7326e-08
[mg]   it 490  |r|inf=1.234855e-09  r/r0=9.5963e-08
[mg]   it 491  |r|inf=1.222595e-09  r/r0=9.5011e-08
[mg]   it 492  |r|inf=1.224170e-09  r/r0=9.5133e-08
[mg]   it 493  |r|inf=1.224937e-09  r/r0=9.5193e-08
[mg]   it 494  |r|inf=1.224901e-09  r/r0=9.5190e-08
[mg]   it 495  |r|inf=1.224065e-09  r/r0=9.5125e-08
[mg]   it 496  |r|inf=1.222433e-09  r/r0=9.4998e-08
[mg]   it 497  |r|inf=1.220009e-09  r/r0=9.4810e-08
[mg]   it 498  |r|inf=1.216799e-09  r/r0=9.4560e-08
[mg]   it 499  |r|inf=1.212808e-09  r/r0=9.4250e-08
[mg]   it 500  |r|inf=1.208043e-09  r/r0=9.3880e-08
[mg]   it 501  |r|inf=1.202511e-09  r/r0=9.3450e-08
[mg]   it 502  |r|inf=1.196219e-09  r/r0=9.2961e-08
[mg]   it 503  |r|inf=1.189175e-09  r/r0=9.2413e-08
[mg]   it 504  |r|inf=1.181388e-09  r/r0=9.1808e-08
[mg]   it 505  |r|inf=1.172867e-09  r/r0=9.1146e-08
[mg]   it 506  |r|inf=1.163622e-09  r/r0=9.0428e-08
[mg]   it 507  |r|inf=1.153662e-09  r/r0=8.9654e-08
[mg]   it 508  |r|inf=1.143000e-09  r/r0=8.8825e-08
[mg]   it 509  |r|inf=1.131646e-09  r/r0=8.7943e-08
[mg]   it 510  |r|inf=1.119612e-09  r/r0=8.7008e-08
[mg]   it 511  |r|inf=1.106910e-09  r/r0=8.6020e-08
[mg]   it 512  |r|inf=1.093553e-09  r/r0=8.4982e-08
[mg]   it 513  |r|inf=1.079553e-09  r/r0=8.3895e-08
[mg]   it 514  |r|inf=1.064926e-09  r/r0=8.2758e-08
[mg]   it 515  |r|inf=1.064325e-09  r/r0=8.2711e-08
[mg]   it 516  |r|inf=1.071323e-09  r/r0=8.3255e-08
[mg]   it 517  |r|inf=1.077651e-09  r/r0=8.3747e-08
[mg]   it 518  |r|inf=1.083312e-09  r/r0=8.4187e-08
[mg]   it 519  |r|inf=1.088306e-09  r/r0=8.4575e-08
[mg]   it 520  |r|inf=1.092634e-09  r/r0=8.4911e-08
[mg]   it 521  |r|inf=1.096298e-09  r/r0=8.5196e-08
[mg]   it 522  |r|inf=1.099302e-09  r/r0=8.5429e-08
[mg]   it 523  |r|inf=1.101649e-09  r/r0=8.5612e-08
[mg]   it 524  |r|inf=1.103342e-09  r/r0=8.5743e-08
[mg]   it 525  |r|inf=1.104385e-09  r/r0=8.5824e-08
[mg]   it 526  |r|inf=1.104783e-09  r/r0=8.5855e-08
[mg]   it 527  |r|inf=1.104541e-09  r/r0=8.5836e-08
[mg]   it 528  |r|inf=1.103664e-09  r/r0=8.5768e-08
[mg]   it 529  |r|inf=1.102159e-09  r/r0=8.5651e-08
[mg]   it 530  |r|inf=1.100031e-09  r/r0=8.5486e-08
[mg]   it 531  |r|inf=1.097288e-09  r/r0=8.5273e-08
[mg]   it 532  |r|inf=1.093937e-09  r/r0=8.5012e-08
[mg]   it 533  |r|inf=1.089984e-09  r/r0=8.4705e-08
[mg]   it 534  |r|inf=1.085438e-09  r/r0=8.4352e-08
[mg]   it 535  |r|inf=1.080306e-09  r/r0=8.3953e-08
[mg]   it 536  |r|inf=1.074598e-09  r/r0=8.3509e-08
[mg]   it 537  |r|inf=1.068321e-09  r/r0=8.3022e-08
[mg]   it 538  |r|inf=1.061485e-09  r/r0=8.2490e-08
[mg]   it 539  |r|inf=1.054098e-09  r/r0=8.1916e-08
[mg]   it 540  |r|inf=1.046171e-09  r/r0=8.1300e-08
[mg]   it 541  |r|inf=1.037712e-09  r/r0=8.0643e-08
[mg]   it 542  |r|inf=1.028732e-09  r/r0=7.9945e-08
[mg]   it 543  |r|inf=1.019240e-09  r/r0=7.9207e-08
[mg]   it 544  |r|inf=1.009246e-09  r/r0=7.8431e-08
[mg]   it 545  |r|inf=9.987610e-10  r/r0=7.7616e-08
[mg]   it 546  |r|inf=9.877948e-10  r/r0=7.6764e-08
[mg]   it 547  |r|inf=9.763581e-10  r/r0=7.5875e-08
[mg]   it 548  |r|inf=9.644614e-10  r/r0=7.4950e-08
[mg]   it 549  |r|inf=9.521152e-10  r/r0=7.3991e-08
[mg]   it 550  |r|inf=9.393303e-10  r/r0=7.2997e-08
[mg]   it 551  |r|inf=9.261175e-10  r/r0=7.1971e-08
[mg]   it 552  |r|inf=9.124875e-10  r/r0=7.0911e-08
[mg]   it 553  |r|inf=8.984512e-10  r/r0=6.9821e-08
[mg]   it 554  |r|inf=8.840193e-10  r/r0=6.8699e-08
[mg]   it 555  |r|inf=8.692028e-10  r/r0=6.7548e-08
[mg]   it 556  |r|inf=8.704676e-10  r/r0=6.7646e-08
[mg]   it 557  |r|inf=8.733388e-10  r/r0=6.7869e-08
[mg]   it 558  |r|inf=8.757806e-10  r/r0=6.8059e-08
[mg]   it 559  |r|inf=8.777957e-10  r/r0=6.8215e-08
[mg]   it 560  |r|inf=8.793871e-10  r/r0=6.8339e-08
[mg]   it 561  |r|inf=8.805578e-10  r/r0=6.8430e-08
[mg]   it 562  |r|inf=8.813112e-10  r/r0=6.8489e-08
[mg]   it 563  |r|inf=8.816505e-10  r/r0=6.8515e-08
[mg]   it 564  |r|inf=8.972530e-10  r/r0=6.9728e-08
[mg]   it 565  |r|inf=9.197384e-10  r/r0=7.1475e-08
[mg]   it 566  |r|inf=9.417324e-10  r/r0=7.3184e-08
[mg]   it 567  |r|inf=9.632296e-10  r/r0=7.4855e-08
[mg]   it 568  |r|inf=9.842247e-10  r/r0=7.6486e-08
[mg]   it 569  |r|inf=1.004713e-09  r/r0=7.8079e-08
[mg]   it 570  |r|inf=1.024689e-09  r/r0=7.9631e-08
[mg]   it 571  |r|inf=1.044150e-09  r/r0=8.1143e-08
[mg]   it 572  |r|inf=1.063091e-09  r/r0=8.2615e-08
[mg]   it 573  |r|inf=1.081507e-09  r/r0=8.4046e-08
[mg]   it 574  |r|inf=1.099397e-09  r/r0=8.5437e-08
[mg]   it 575  |r|inf=1.116755e-09  r/r0=8.6786e-08
[mg]   it 576  |r|inf=1.133580e-09  r/r0=8.8093e-08
[mg]   it 577  |r|inf=1.149867e-09  r/r0=8.9359e-08
[mg]   it 578  |r|inf=1.165615e-09  r/r0=9.0583e-08
[mg]   it 579  |r|inf=1.180822e-09  r/r0=9.1764e-08
[mg]   it 580  |r|inf=1.195483e-09  r/r0=9.2904e-08
[mg]   it 581  |r|inf=1.209599e-09  r/r0=9.4001e-08
[mg]   it 582  |r|inf=1.223166e-09  r/r0=9.5055e-08
[mg]   it 583  |r|inf=1.236184e-09  r/r0=9.6067e-08
[mg]   it 584  |r|inf=1.248650e-09  r/r0=9.7035e-08
[mg]   it 585  |r|inf=1.260563e-09  r/r0=9.7961e-08
[mg]   it 586  |r|inf=1.271922e-09  r/r0=9.8844e-08
[mg]   it 587  |r|inf=1.282727e-09  r/r0=9.9684e-08
[mg]   it 588  |r|inf=1.292975e-09  r/r0=1.0048e-07
[mg]   it 589  |r|inf=1.302667e-09  r/r0=1.0123e-07
[mg]   it 590  |r|inf=1.311803e-09  r/r0=1.0194e-07
[mg]   it 591  |r|inf=1.320381e-09  r/r0=1.0261e-07
[mg]   it 592  |r|inf=1.328401e-09  r/r0=1.0323e-07
[mg]   it 593  |r|inf=1.335864e-09  r/r0=1.0381e-07
[mg]   it 594  |r|inf=1.342769e-09  r/r0=1.0435e-07
[mg]   it 595  |r|inf=1.349118e-09  r/r0=1.0484e-07
[mg]   it 596  |r|inf=1.354909e-09  r/r0=1.0529e-07
[mg]   it 597  |r|inf=1.360144e-09  r/r0=1.0570e-07
[mg]   it 598  |r|inf=1.364823e-09  r/r0=1.0606e-07
[mg]   it 599  |r|inf=1.368948e-09  r/r0=1.0638e-07
[mg]   it 600  |r|inf=1.372518e-09  r/r0=1.0666e-07
[mg]   it 601  |r|inf=1.375536e-09  r/r0=1.0690e-07
[mg]   it 602  |r|inf=1.378003e-09  r/r0=1.0709e-07
[mg]   it 603  |r|inf=1.379919e-09  r/r0=1.0724e-07
[mg]   it 604  |r|inf=1.381286e-09  r/r0=1.0734e-07
[mg]   it 605  |r|inf=1.382107e-09  r/r0=1.0741e-07
[mg]   it 606  |r|inf=1.382383e-09  r/r0=1.0743e-07
[mg]   it 607  |r|inf=1.382115e-09  r/r0=1.0741e-07
[mg]   it 608  |r|inf=1.381307e-09  r/r0=1.0734e-07
[mg]   it 609  |r|inf=1.379960e-09  r/r0=1.0724e-07
[mg]   it 610  |r|inf=1.378076e-09  r/r0=1.0709e-07
[mg]   it 611  |r|inf=1.375659e-09  r/r0=1.0691e-07
[mg]   it 612  |r|inf=1.372711e-09  r/r0=1.0668e-07
[mg]   it 613  |r|inf=1.369235e-09  r/r0=1.0641e-07
[mg]   it 614  |r|inf=1.365234e-09  r/r0=1.0610e-07
[mg]   it 615  |r|inf=1.360711e-09  r/r0=1.0574e-07
[mg]   it 616  |r|inf=1.355670e-09  r/r0=1.0535e-07
[mg]   it 617  |r|inf=1.350113e-09  r/r0=1.0492e-07
[mg]   it 618  |r|inf=1.344046e-09  r/r0=1.0445e-07
[mg]   it 619  |r|inf=1.337471e-09  r/r0=1.0394e-07
[mg]   it 620  |r|inf=1.330393e-09  r/r0=1.0339e-07
[mg]   it 621  |r|inf=1.322816e-09  r/r0=1.0280e-07
[mg]   it 622  |r|inf=1.314744e-09  r/r0=1.0217e-07
[mg]   it 623  |r|inf=1.306182e-09  r/r0=1.0151e-07
[mg]   it 624  |r|inf=1.297134e-09  r/r0=1.0080e-07
[mg]   it 625  |r|inf=1.287606e-09  r/r0=1.0006e-07
[mg]   it 626  |r|inf=1.277602e-09  r/r0=9.9285e-08
[mg]   it 627  |r|inf=1.267127e-09  r/r0=9.8471e-08
[mg]   it 628  |r|inf=1.256188e-09  r/r0=9.7621e-08
[mg]   it 629  |r|inf=1.244789e-09  r/r0=9.6735e-08
[mg]   it 630  |r|inf=1.232936e-09  r/r0=9.5814e-08
[mg]   it 631  |r|inf=1.220635e-09  r/r0=9.4858e-08
[mg]   it 632  |r|inf=1.207892e-09  r/r0=9.3868e-08
[mg]   it 633  |r|inf=1.194714e-09  r/r0=9.2844e-08
[mg]   it 634  |r|inf=1.192984e-09  r/r0=9.2709e-08
[mg]   it 635  |r|inf=1.194042e-09  r/r0=9.2792e-08
[mg]   it 636  |r|inf=1.194654e-09  r/r0=9.2839e-08
[mg]   it 637  |r|inf=1.194822e-09  r/r0=9.2852e-08
[mg]   it 638  |r|inf=1.194547e-09  r/r0=9.2831e-08
[mg]   it 639  |r|inf=1.193830e-09  r/r0=9.2775e-08
[mg]   it 640  |r|inf=1.192673e-09  r/r0=9.2685e-08
[mg]   it 641  |r|inf=1.191079e-09  r/r0=9.2561e-08
[mg]   it 642  |r|inf=1.189048e-09  r/r0=9.2404e-08
[mg]   it 643  |r|inf=1.186584e-09  r/r0=9.2212e-08
[mg]   it 644  |r|inf=1.183689e-09  r/r0=9.1987e-08
[mg]   it 645  |r|inf=1.180365e-09  r/r0=9.1729e-08
[mg]   it 646  |r|inf=1.176615e-09  r/r0=9.1437e-08
[mg]   it 647  |r|inf=1.172443e-09  r/r0=9.1113e-08
[mg]   it 648  |r|inf=1.167851e-09  r/r0=9.0756e-08
[mg]   it 649  |r|inf=1.162842e-09  r/r0=9.0367e-08
[mg]   it 650  |r|inf=1.157422e-09  r/r0=8.9946e-08
[mg]   it 651  |r|inf=1.151592e-09  r/r0=8.9493e-08
[mg]   it 652  |r|inf=1.145356e-09  r/r0=8.9008e-08
[mg]   it 653  |r|inf=1.138720e-09  r/r0=8.8493e-08
[mg]   it 654  |r|inf=1.131687e-09  r/r0=8.7946e-08
[mg]   it 655  |r|inf=1.124261e-09  r/r0=8.7369e-08
[mg]   it 656  |r|inf=1.116447e-09  r/r0=8.6762e-08
[mg]   it 657  |r|inf=1.108250e-09  r/r0=8.6125e-08
[mg]   it 658  |r|inf=1.099675e-09  r/r0=8.5458e-08
[mg]   it 659  |r|inf=1.090725e-09  r/r0=8.4763e-08
[mg]   it 660  |r|inf=1.081408e-09  r/r0=8.4039e-08
[mg]   it 661  |r|inf=1.071727e-09  r/r0=8.3286e-08
[mg]   it 662  |r|inf=1.061688e-09  r/r0=8.2506e-08
[mg]   it 663  |r|inf=1.051297e-09  r/r0=8.1699e-08
[mg]   it 664  |r|inf=1.040560e-09  r/r0=8.0864e-08
[mg]   it 665  |r|inf=1.033430e-09  r/r0=8.0310e-08
[mg]   it 666  |r|inf=1.038761e-09  r/r0=8.0725e-08
[mg]   it 667  |r|inf=1.043724e-09  r/r0=8.1110e-08
[mg]   it 668  |r|inf=1.048318e-09  r/r0=8.1467e-08
[mg]   it 669  |r|inf=1.052545e-09  r/r0=8.1796e-08
[mg]   it 670  |r|inf=1.056403e-09  r/r0=8.2095e-08
[mg]   it 671  |r|inf=1.059894e-09  r/r0=8.2367e-08
[mg]   it 672  |r|inf=1.063019e-09  r/r0=8.2610e-08
[mg]   it 673  |r|inf=1.065779e-09  r/r0=8.2824e-08
[mg]   it 674  |r|inf=1.068173e-09  r/r0=8.3010e-08
[mg]   it 675  |r|inf=1.070205e-09  r/r0=8.3168e-08
[mg]   it 676  |r|inf=1.071875e-09  r/r0=8.3298e-08
[mg]   it 677  |r|inf=1.073184e-09  r/r0=8.3400e-08
[mg]   it 678  |r|inf=1.074135e-09  r/r0=8.3473e-08
[mg]   it 679  |r|inf=1.074728e-09  r/r0=8.3520e-08
[mg]   it 680  |r|inf=1.074967e-09  r/r0=8.3538e-08
[mg]   it 681  |r|inf=1.074853e-09  r/r0=8.3529e-08
[mg]   it 682  |r|inf=1.074389e-09  r/r0=8.3493e-08
[mg]   it 683  |r|inf=1.073576e-09  r/r0=8.3430e-08
[mg]   it 684  |r|inf=1.072418e-09  r/r0=8.3340e-08
[mg]   it 685  |r|inf=1.070917e-09  r/r0=8.3223e-08
[mg]   it 686  |r|inf=1.069075e-09  r/r0=8.3080e-08
[mg]   it 687  |r|inf=1.066896e-09  r/r0=8.2911e-08
[mg]   it 688  |r|inf=1.064382e-09  r/r0=8.2716e-08
[mg]   it 689  |r|inf=1.061537e-09  r/r0=8.2494e-08
[mg]   it 690  |r|inf=1.058364e-09  r/r0=8.2248e-08
[mg]   it 691  |r|inf=1.054866e-09  r/r0=8.1976e-08
[mg]   it 692  |r|inf=1.051047e-09  r/r0=8.1679e-08
[mg]   it 693  |r|inf=1.046909e-09  r/r0=8.1358e-08
[mg]   it 694  |r|inf=1.042457e-09  r/r0=8.1012e-08
[mg]   it 695  |r|inf=1.037694e-09  r/r0=8.0642e-08
[mg]   it 696  |r|inf=1.032624e-09  r/r0=8.0248e-08
[mg]   it 697  |r|inf=1.027250e-09  r/r0=7.9830e-08
[mg]   it 698  |r|inf=1.021577e-09  r/r0=7.9389e-08
[mg]   it 699  |r|inf=1.015608e-09  r/r0=7.8925e-08
[mg]   it 700  |r|inf=1.009348e-09  r/r0=7.8439e-08
[mg]   it 701  |r|inf=1.002800e-09  r/r0=7.7930e-08
[mg]   it 702  |r|inf=9.959692e-10  r/r0=7.7399e-08
[mg]   it 703  |r|inf=9.888587e-10  r/r0=7.6846e-08
[mg]   it 704  |r|inf=9.814732e-10  r/r0=7.6273e-08
[mg]   it 705  |r|inf=9.738168e-10  r/r0=7.5678e-08
[mg]   it 706  |r|inf=9.658939e-10  r/r0=7.5062e-08
[mg]   it 707  |r|inf=9.577088e-10  r/r0=7.4426e-08
[mg]   it 708  |r|inf=9.492658e-10  r/r0=7.3770e-08
[mg]   it 709  |r|inf=9.405692e-10  r/r0=7.3094e-08
[mg]   it 710  |r|inf=9.316235e-10  r/r0=7.2399e-08
[mg]   it 711  |r|inf=9.224332e-10  r/r0=7.1684e-08
[mg]   it 712  |r|inf=9.130026e-10  r/r0=7.0952e-08
[mg]   it 713  |r|inf=9.033362e-10  r/r0=7.0200e-08
[mg]   it 714  |r|inf=8.934386e-10  r/r0=6.9431e-08
[mg]   it 715  |r|inf=8.833141e-10  r/r0=6.8644e-08
[mg]   it 716  |r|inf=8.729672e-10  r/r0=6.7840e-08
[mg]   it 717  |r|inf=8.624025e-10  r/r0=6.7019e-08
[mg]   it 718  |r|inf=8.516245e-10  r/r0=6.6182e-08
[mg]   it 719  |r|inf=8.437149e-10  r/r0=6.5567e-08
[mg]   it 720  |r|inf=8.461114e-10  r/r0=6.5753e-08
[mg]   it 721  |r|inf=8.482701e-10  r/r0=6.5921e-08
[mg]   it 722  |r|inf=8.501920e-10  r/r0=6.6070e-08
[mg]   it 723  |r|inf=8.518784e-10  r/r0=6.6201e-08
[mg]   it 724  |r|inf=8.533303e-10  r/r0=6.6314e-08
[mg]   it 725  |r|inf=8.545489e-10  r/r0=6.6409e-08
[mg]   it 726  |r|inf=8.555356e-10  r/r0=6.6486e-08
[mg]   it 727  |r|inf=8.562916e-10  r/r0=6.6544e-08
[mg]   it 728  |r|inf=8.568182e-10  r/r0=6.6585e-08
[mg]   it 729  |r|inf=8.571168e-10  r/r0=6.6608e-08
[mg]   it 730  |r|inf=8.633739e-10  r/r0=6.7095e-08
[mg]   it 731  |r|inf=8.801357e-10  r/r0=6.8397e-08
[mg]   it 732  |r|inf=8.966290e-10  r/r0=6.9679e-08
[mg]   it 733  |r|inf=9.128514e-10  r/r0=7.0940e-08
[mg]   it 734  |r|inf=9.288007e-10  r/r0=7.2179e-08
[mg]   it 735  |r|inf=9.444745e-10  r/r0=7.3397e-08
[mg]   it 736  |r|inf=9.598708e-10  r/r0=7.4594e-08
[mg]   it 737  |r|inf=9.749875e-10  r/r0=7.5768e-08
[mg]   it 738  |r|inf=9.898226e-10  r/r0=7.6921e-08
[mg]   it 739  |r|inf=1.004374e-09  r/r0=7.8052e-08
[mg]   it 740  |r|inf=1.018641e-09  r/r0=7.9161e-08
[mg]   it 741  |r|inf=1.032620e-09  r/r0=8.0247e-08
[mg]   it 742  |r|inf=1.046311e-09  r/r0=8.1311e-08
[mg]   it 743  |r|inf=1.059712e-09  r/r0=8.2353e-08
[mg]   it 744  |r|inf=1.072821e-09  r/r0=8.3371e-08
[mg]   it 745  |r|inf=1.085638e-09  r/r0=8.4367e-08
[mg]   it 746  |r|inf=1.098159e-09  r/r0=8.5340e-08
[mg]   it 747  |r|inf=1.110386e-09  r/r0=8.6291e-08
[mg]   it 748  |r|inf=1.122315e-09  r/r0=8.7218e-08
[mg]   it 749  |r|inf=1.133947e-09  r/r0=8.8122e-08
[mg]   it 750  |r|inf=1.145280e-09  r/r0=8.9002e-08
[mg]   it 751  |r|inf=1.156312e-09  r/r0=8.9860e-08
[mg]   it 752  |r|inf=1.167044e-09  r/r0=9.0694e-08
[mg]   it 753  |r|inf=1.177474e-09  r/r0=9.1504e-08
[mg]   it 754  |r|inf=1.187602e-09  r/r0=9.2291e-08
[mg]   it 755  |r|inf=1.197426e-09  r/r0=9.3055e-08
[mg]   it 756  |r|inf=1.206947e-09  r/r0=9.3795e-08
[mg]   it 757  |r|inf=1.216163e-09  r/r0=9.4511e-08
[mg]   it 758  |r|inf=1.225073e-09  r/r0=9.5203e-08
[mg]   it 759  |r|inf=1.233678e-09  r/r0=9.5872e-08
[mg]   it 760  |r|inf=1.241977e-09  r/r0=9.6517e-08
[mg]   it 761  |r|inf=1.249969e-09  r/r0=9.7138e-08
[mg]   it 762  |r|inf=1.257654e-09  r/r0=9.7735e-08
[mg]   it 763  |r|inf=1.265032e-09  r/r0=9.8308e-08
[mg]   it 764  |r|inf=1.272102e-09  r/r0=9.8858e-08
[mg]   it 765  |r|inf=1.278865e-09  r/r0=9.9383e-08
[mg]   it 766  |r|inf=1.285319e-09  r/r0=9.9885e-08
[mg]   it 767  |r|inf=1.291466e-09  r/r0=1.0036e-07
[mg]   it 768  |r|inf=1.297304e-09  r/r0=1.0082e-07
[mg]   it 769  |r|inf=1.302835e-09  r/r0=1.0125e-07
[mg]   it 770  |r|inf=1.308057e-09  r/r0=1.0165e-07
[mg]   it 771  |r|inf=1.312971e-09  r/r0=1.0203e-07
[mg]   it 772  |r|inf=1.317577e-09  r/r0=1.0239e-07
[mg]   it 773  |r|inf=1.321876e-09  r/r0=1.0273e-07
[mg]   it 774  |r|inf=1.325867e-09  r/r0=1.0304e-07
[mg]   it 775  |r|inf=1.329550e-09  r/r0=1.0332e-07
[mg]   it 776  |r|inf=1.332927e-09  r/r0=1.0358e-07
[mg]   it 777  |r|inf=1.335997e-09  r/r0=1.0382e-07
[mg]   it 778  |r|inf=1.338760e-09  r/r0=1.0404e-07
[mg]   it 779  |r|inf=1.341218e-09  r/r0=1.0423e-07
[mg]   it 780  |r|inf=1.343370e-09  r/r0=1.0440e-07
[mg]   it 781  |r|inf=1.345218e-09  r/r0=1.0454e-07
[mg]   it 782  |r|inf=1.346761e-09  r/r0=1.0466e-07
[mg]   it 783  |r|inf=1.348001e-09  r/r0=1.0476e-07
[mg]   it 784  |r|inf=1.348937e-09  r/r0=1.0483e-07
[mg]   it 785  |r|inf=1.349571e-09  r/r0=1.0488e-07
[mg]   it 786  |r|inf=1.349904e-09  r/r0=1.0490e-07
[mg]   it 787  |r|inf=1.349936e-09  r/r0=1.0491e-07
[mg]   it 788  |r|inf=1.349668e-09  r/r0=1.0489e-07
[mg]   it 789  |r|inf=1.349101e-09  r/r0=1.0484e-07
[mg]   it 790  |r|inf=1.348236e-09  r/r0=1.0477e-07
[mg]   it 791  |r|inf=1.347074e-09  r/r0=1.0468e-07
[mg]   it 792  |r|inf=1.345615e-09  r/r0=1.0457e-07
[mg]   it 793  |r|inf=1.343862e-09  r/r0=1.0443e-07
[mg]   it 794  |r|inf=1.341815e-09  r/r0=1.0428e-07
[mg]   it 795  |r|inf=1.339475e-09  r/r0=1.0409e-07
[mg]   it 796  |r|inf=1.336844e-09  r/r0=1.0389e-07
[mg]   it 797  |r|inf=1.333923e-09  r/r0=1.0366e-07
[mg]   it 798  |r|inf=1.330713e-09  r/r0=1.0341e-07
[mg]   it 799  |r|inf=1.327215e-09  r/r0=1.0314e-07
[mg]   it 800  |r|inf=1.323432e-09  r/r0=1.0285e-07
[mg]   it 801  |r|inf=1.319363e-09  r/r0=1.0253e-07
[mg]   it 802  |r|inf=1.315012e-09  r/r0=1.0219e-07
[mg]   it 803  |r|inf=1.310380e-09  r/r0=1.0183e-07
[mg]   it 804  |r|inf=1.305467e-09  r/r0=1.0145e-07
[mg]   it 805  |r|inf=1.300277e-09  r/r0=1.0105e-07
[mg]   it 806  |r|inf=1.294810e-09  r/r0=1.0062e-07
[mg]   it 807  |r|inf=1.289068e-09  r/r0=1.0018e-07
[mg]   it 808  |r|inf=1.283054e-09  r/r0=9.9709e-08
[mg]   it 809  |r|inf=1.276769e-09  r/r0=9.9221e-08
[mg]   it 810  |r|inf=1.270215e-09  r/r0=9.8711e-08
[mg]   it 811  |r|inf=1.263394e-09  r/r0=9.8181e-08
[mg]   it 812  |r|inf=1.256308e-09  r/r0=9.7631e-08
[mg]   it 813  |r|inf=1.248959e-09  r/r0=9.7059e-08
[mg]   it 814  |r|inf=1.241350e-09  r/r0=9.6468e-08
[mg]   it 815  |r|inf=1.233482e-09  r/r0=9.5857e-08
[mg]   it 816  |r|inf=1.225358e-09  r/r0=9.5225e-08
[mg]   it 817  |r|inf=1.216981e-09  r/r0=9.4574e-08
[mg]   it 818  |r|inf=1.208352e-09  r/r0=9.3904e-08
[mg]   it 819  |r|inf=1.199474e-09  r/r0=9.3214e-08
[mg]   it 820  |r|inf=1.190349e-09  r/r0=9.2505e-08
[mg]   it 821  |r|inf=1.180980e-09  r/r0=9.1777e-08
[mg]   it 822  |r|inf=1.171370e-09  r/r0=9.1030e-08
[mg]   it 823  |r|inf=1.166068e-09  r/r0=9.0618e-08
[mg]   it 824  |r|inf=1.167044e-09  r/r0=9.0694e-08
[mg]   it 825  |r|inf=1.167773e-09  r/r0=9.0750e-08
[mg]   it 826  |r|inf=1.168255e-09  r/r0=9.0788e-08
[mg]   it 827  |r|inf=1.168491e-09  r/r0=9.0806e-08
[mg]   it 828  |r|inf=1.168482e-09  r/r0=9.0805e-08
[mg]   it 829  |r|inf=1.168228e-09  r/r0=9.0786e-08
[mg]   it 830  |r|inf=1.167729e-09  r/r0=9.0747e-08
[mg]   it 831  |r|inf=1.166987e-09  r/r0=9.0689e-08
[mg]   it 832  |r|inf=1.166001e-09  r/r0=9.0613e-08
[mg]   it 833  |r|inf=1.164774e-09  r/r0=9.0517e-08
[mg]   it 834  |r|inf=1.163305e-09  r/r0=9.0403e-08
[mg]   it 835  |r|inf=1.161596e-09  r/r0=9.0270e-08
[mg]   it 836  |r|inf=1.159648e-09  r/r0=9.0119e-08
[mg]   it 837  |r|inf=1.157461e-09  r/r0=8.9949e-08
[mg]   it 838  |r|inf=1.155038e-09  r/r0=8.9761e-08
[mg]   it 839  |r|inf=1.152378e-09  r/r0=8.9554e-08
[mg]   it 840  |r|inf=1.149483e-09  r/r0=8.9329e-08
[mg]   it 841  |r|inf=1.146355e-09  r/r0=8.9086e-08
[mg]   it 842  |r|inf=1.142995e-09  r/r0=8.8825e-08
[mg]   it 843  |r|inf=1.139404e-09  r/r0=8.8546e-08
[mg]   it 844  |r|inf=1.135583e-09  r/r0=8.8249e-08
[mg]   it 845  |r|inf=1.131534e-09  r/r0=8.7934e-08
[mg]   it 846  |r|inf=1.127259e-09  r/r0=8.7602e-08
[mg]   it 847  |r|inf=1.122760e-09  r/r0=8.7252e-08
[mg]   it 848  |r|inf=1.118037e-09  r/r0=8.6885e-08
[mg]   it 849  |r|inf=1.113092e-09  r/r0=8.6501e-08
[mg]   it 850  |r|inf=1.107928e-09  r/r0=8.6100e-08
[mg]   it 851  |r|inf=1.102546e-09  r/r0=8.5681e-08
[mg]   it 852  |r|inf=1.096948e-09  r/r0=8.5246e-08
[mg]   it 853  |r|inf=1.091136e-09  r/r0=8.4795e-08
[mg]   it 854  |r|inf=1.085112e-09  r/r0=8.4327e-08
[mg]   it 855  |r|inf=1.078877e-09  r/r0=8.3842e-08
[mg]   it 856  |r|inf=1.072435e-09  r/r0=8.3341e-08
[mg]   it 857  |r|inf=1.065786e-09  r/r0=8.2825e-08
[mg]   it 858  |r|inf=1.058933e-09  r/r0=8.2292e-08
[mg]   it 859  |r|inf=1.051879e-09  r/r0=8.1744e-08
[mg]   it 860  |r|inf=1.044625e-09  r/r0=8.1180e-08
[mg]   it 861  |r|inf=1.037174e-09  r/r0=8.0601e-08
[mg]   it 862  |r|inf=1.029527e-09  r/r0=8.0007e-08
[mg]   it 863  |r|inf=1.021689e-09  r/r0=7.9398e-08
[mg]   it 864  |r|inf=1.013659e-09  r/r0=7.8774e-08
[mg]   it 865  |r|inf=1.009668e-09  r/r0=7.8464e-08
[mg]   it 866  |r|inf=1.013567e-09  r/r0=7.8767e-08
[mg]   it 867  |r|inf=1.017263e-09  r/r0=7.9054e-08
[mg]   it 868  |r|inf=1.020756e-09  r/r0=7.9325e-08
[mg]   it 869  |r|inf=1.024046e-09  r/r0=7.9581e-08
[mg]   it 870  |r|inf=1.027132e-09  r/r0=7.9821e-08
[mg]   it 871  |r|inf=1.030016e-09  r/r0=8.0045e-08
[mg]   it 872  |r|inf=1.032697e-09  r/r0=8.0253e-08
[mg]   it 873  |r|inf=1.035175e-09  r/r0=8.0446e-08
[mg]   it 874  |r|inf=1.037452e-09  r/r0=8.0623e-08
[mg]   it 875  |r|inf=1.039526e-09  r/r0=8.0784e-08
[mg]   it 876  |r|inf=1.041400e-09  r/r0=8.0930e-08
[mg]   it 877  |r|inf=1.043072e-09  r/r0=8.1059e-08
[mg]   it 878  |r|inf=1.044544e-09  r/r0=8.1174e-08
[mg]   it 879  |r|inf=1.045816e-09  r/r0=8.1273e-08
[mg]   it 880  |r|inf=1.046889e-09  r/r0=8.1356e-08
[mg]   it 881  |r|inf=1.047763e-09  r/r0=8.1424e-08
[mg]   it 882  |r|inf=1.048440e-09  r/r0=8.1477e-08
[mg]   it 883  |r|inf=1.048919e-09  r/r0=8.1514e-08
[mg]   it 884  |r|inf=1.049202e-09  r/r0=8.1536e-08
[mg]   it 885  |r|inf=1.049290e-09  r/r0=8.1543e-08
[mg]   it 886  |r|inf=1.049183e-09  r/r0=8.1534e-08
[mg]   it 887  |r|inf=1.048882e-09  r/r0=8.1511e-08
[mg]   it 888  |r|inf=1.048389e-09  r/r0=8.1473e-08
[mg]   it 889  |r|inf=1.047704e-09  r/r0=8.1419e-08
[mg]   it 890  |r|inf=1.046828e-09  r/r0=8.1351e-08
[mg]   it 891  |r|inf=1.045763e-09  r/r0=8.1269e-08
[mg]   it 892  |r|inf=1.044509e-09  r/r0=8.1171e-08
[mg]   it 893  |r|inf=1.043068e-09  r/r0=8.1059e-08
[mg]   it 894  |r|inf=1.041440e-09  r/r0=8.0933e-08
[mg]   it 895  |r|inf=1.039628e-09  r/r0=8.0792e-08
[mg]   it 896  |r|inf=1.037633e-09  r/r0=8.0637e-08
[mg]   it 897  |r|inf=1.035454e-09  r/r0=8.0468e-08
[mg]   it 898  |r|inf=1.033095e-09  r/r0=8.0284e-08
[mg]   it 899  |r|inf=1.030557e-09  r/r0=8.0087e-08
[mg]   it 900  |r|inf=1.027840e-09  r/r0=7.9876e-08
[mg]   it 901  |r|inf=1.024946e-09  r/r0=7.9651e-08
[mg]   it 902  |r|inf=1.021876e-09  r/r0=7.9412e-08
[mg]   it 903  |r|inf=1.018633e-09  r/r0=7.9160e-08
[mg]   it 904  |r|inf=1.015217e-09  r/r0=7.8895e-08
[mg]   it 905  |r|inf=1.011631e-09  r/r0=7.8616e-08
[mg]   it 906  |r|inf=1.007875e-09  r/r0=7.8324e-08
[mg]   it 907  |r|inf=1.003951e-09  r/r0=7.8019e-08
[mg]   it 908  |r|inf=9.998607e-10  r/r0=7.7701e-08
[mg]   it 909  |r|inf=9.956059e-10  r/r0=7.7371e-08
[mg]   it 910  |r|inf=9.911882e-10  r/r0=7.7027e-08
[mg]   it 911  |r|inf=9.866092e-10  r/r0=7.6672e-08
[mg]   it 912  |r|inf=9.818705e-10  r/r0=7.6303e-08
[mg]   it 913  |r|inf=9.769738e-10  r/r0=7.5923e-08
[mg]   it 914  |r|inf=9.719208e-10  r/r0=7.5530e-08
[mg]   it 915  |r|inf=9.667132e-10  r/r0=7.5125e-08
[mg]   it 916  |r|inf=9.613529e-10  r/r0=7.4709e-08
[mg]   it 917  |r|inf=9.558414e-10  r/r0=7.4281e-08
[mg]   it 918  |r|inf=9.501806e-10  r/r0=7.3841e-08
[mg]   it 919  |r|inf=9.443723e-10  r/r0=7.3389e-08
[mg]   it 920  |r|inf=9.384182e-10  r/r0=7.2927e-08
[mg]   it 921  |r|inf=9.323202e-10  r/r0=7.2453e-08
[mg]   it 922  |r|inf=9.260800e-10  r/r0=7.1968e-08
[mg]   it 923  |r|inf=9.196994e-10  r/r0=7.1472e-08
[mg]   it 924  |r|inf=9.131803e-10  r/r0=7.0965e-08
[mg]   it 925  |r|inf=9.065246e-10  r/r0=7.0448e-08
[mg]   it 926  |r|inf=8.997339e-10  r/r0=6.9920e-08
[mg]   it 927  |r|inf=8.928103e-10  r/r0=6.9382e-08
[mg]   it 928  |r|inf=8.857554e-10  r/r0=6.8834e-08
[mg]   it 929  |r|inf=8.785713e-10  r/r0=6.8276e-08
[mg]   it 930  |r|inf=8.712597e-10  r/r0=6.7708e-08
[mg]   it 931  |r|inf=8.638225e-10  r/r0=6.7130e-08
[mg]   it 932  |r|inf=8.562616e-10  r/r0=6.6542e-08
[mg]   it 933  |r|inf=8.485788e-10  r/r0=6.5945e-08
[mg]   it 934  |r|inf=8.407760e-10  r/r0=6.5339e-08
[mg]   it 935  |r|inf=8.328550e-10  r/r0=6.4723e-08
[mg]   it 936  |r|inf=8.248178e-10  r/r0=6.4098e-08
[mg]   it 937  |r|inf=8.248892e-10  r/r0=6.4104e-08
[mg]   it 938  |r|inf=8.266563e-10  r/r0=6.4241e-08
[mg]   it 939  |r|inf=8.282919e-10  r/r0=6.4368e-08
[mg]   it 940  |r|inf=8.297965e-10  r/r0=6.4485e-08
[mg]   it 941  |r|inf=8.311706e-10  r/r0=6.4592e-08
[mg]   it 942  |r|inf=8.324146e-10  r/r0=6.4689e-08
[mg]   it 943  |r|inf=8.335290e-10  r/r0=6.4775e-08
[mg]   it 944  |r|inf=8.345142e-10  r/r0=6.4852e-08
[mg]   it 945  |r|inf=8.353708e-10  r/r0=6.4919e-08
[mg]   it 946  |r|inf=8.360993e-10  r/r0=6.4975e-08
[mg]   it 947  |r|inf=8.367002e-10  r/r0=6.5022e-08
[mg]   it 948  |r|inf=8.371740e-10  r/r0=6.5059e-08
[mg]   it 949  |r|inf=8.375214e-10  r/r0=6.5086e-08
[mg]   it 950  |r|inf=8.377428e-10  r/r0=6.5103e-08
[mg]   it 951  |r|inf=8.434337e-10  r/r0=6.5545e-08
[mg]   it 952  |r|inf=8.559070e-10  r/r0=6.6514e-08
[mg]   it 953  |r|inf=8.682326e-10  r/r0=6.7472e-08
[mg]   it 954  |r|inf=8.804093e-10  r/r0=6.8419e-08
[mg]   it 955  |r|inf=8.924360e-10  r/r0=6.9353e-08
[mg]   it 956  |r|inf=9.043119e-10  r/r0=7.0276e-08
[mg]   it 957  |r|inf=9.160359e-10  r/r0=7.1187e-08
[mg]   it 958  |r|inf=9.276071e-10  r/r0=7.2086e-08
[mg]   it 959  |r|inf=9.390246e-10  r/r0=7.2974e-08
[mg]   it 960  |r|inf=9.502875e-10  r/r0=7.3849e-08
[mg]   it 961  |r|inf=9.613949e-10  r/r0=7.4712e-08
[mg]   it 962  |r|inf=9.723461e-10  r/r0=7.5563e-08
[mg]   it 963  |r|inf=9.831402e-10  r/r0=7.6402e-08
[mg]   it 964  |r|inf=9.937764e-10  r/r0=7.7229e-08
[mg]   it 965  |r|inf=1.004254e-09  r/r0=7.8043e-08
[mg]   it 966  |r|inf=1.014572e-09  r/r0=7.8845e-08
[mg]   it 967  |r|inf=1.024731e-09  r/r0=7.9634e-08
[mg]   it 968  |r|inf=1.034728e-09  r/r0=8.0411e-08
[mg]   it 969  |r|inf=1.044565e-09  r/r0=8.1175e-08
[mg]   it 970  |r|inf=1.054239e-09  r/r0=8.1927e-08
[mg]   it 971  |r|inf=1.063751e-09  r/r0=8.2666e-08
[mg]   it 972  |r|inf=1.073100e-09  r/r0=8.3393e-08
[mg]   it 973  |r|inf=1.082285e-09  r/r0=8.4107e-08
[mg]   it 974  |r|inf=1.091305e-09  r/r0=8.4808e-08
[mg]   it 975  |r|inf=1.100161e-09  r/r0=8.5496e-08
[mg]   it 976  |r|inf=1.108852e-09  r/r0=8.6171e-08
[mg]   it 977  |r|inf=1.117377e-09  r/r0=8.6834e-08
[mg]   it 978  |r|inf=1.125737e-09  r/r0=8.7484e-08
[mg]   it 979  |r|inf=1.133929e-09  r/r0=8.8120e-08
[mg]   it 980  |r|inf=1.141955e-09  r/r0=8.8744e-08
[mg]   it 981  |r|inf=1.149813e-09  r/r0=8.9355e-08
[mg]   it 982  |r|inf=1.157503e-09  r/r0=8.9952e-08
[mg]   it 983  |r|inf=1.165026e-09  r/r0=9.0537e-08
[mg]   it 984  |r|inf=1.172380e-09  r/r0=9.1108e-08
[mg]   it 985  |r|inf=1.179565e-09  r/r0=9.1667e-08
[mg]   it 986  |r|inf=1.186582e-09  r/r0=9.2212e-08
[mg]   it 987  |r|inf=1.193429e-09  r/r0=9.2744e-08
[mg]   it 988  |r|inf=1.200107e-09  r/r0=9.3263e-08
[mg]   it 989  |r|inf=1.206614e-09  r/r0=9.3769e-08
[mg]   it 990  |r|inf=1.212952e-09  r/r0=9.4261e-08
[mg]   it 991  |r|inf=1.219120e-09  r/r0=9.4741e-08
[mg]   it 992  |r|inf=1.225117e-09  r/r0=9.5207e-08
[mg]   it 993  |r|inf=1.230944e-09  r/r0=9.5659e-08
[mg]   it 994  |r|inf=1.236600e-09  r/r0=9.6099e-08
[mg]   it 995  |r|inf=1.242086e-09  r/r0=9.6525e-08
[mg]   it 996  |r|inf=1.247400e-09  r/r0=9.6938e-08
[mg]   it 997  |r|inf=1.252544e-09  r/r0=9.7338e-08
[mg]   it 998  |r|inf=1.257516e-09  r/r0=9.7724e-08
[mg]   it 999  |r|inf=1.262317e-09  r/r0=9.8097e-08
[mg]   it 1000  |r|inf=1.266946e-09  r/r0=9.8457e-08
[mg]   it 1001  |r|inf=1.271405e-09  r/r0=9.8804e-08
[mg]   it 1002  |r|inf=1.275692e-09  r/r0=9.9137e-08
[mg]   it 1003  |r|inf=1.279807e-09  r/r0=9.9457e-08
[mg]   it 1004  |r|inf=1.283752e-09  r/r0=9.9763e-08
[mg]   it 1005  |r|inf=1.287524e-09  r/r0=1.0006e-07
[mg]   it 1006  |r|inf=1.291126e-09  r/r0=1.0034e-07
[mg]   it 1007  |r|inf=1.294556e-09  r/r0=1.0060e-07
[mg]   it 1008  |r|inf=1.297815e-09  r/r0=1.0086e-07
[mg]   it 1009  |r|inf=1.300903e-09  r/r0=1.0110e-07
[mg]   it 1010  |r|inf=1.303820e-09  r/r0=1.0132e-07
[mg]   it 1011  |r|inf=1.306566e-09  r/r0=1.0154e-07
[mg]   it 1012  |r|inf=1.309141e-09  r/r0=1.0174e-07
[mg]   it 1013  |r|inf=1.311546e-09  r/r0=1.0192e-07
[mg]   it 1014  |r|inf=1.313780e-09  r/r0=1.0210e-07
[mg]   it 1015  |r|inf=1.315843e-09  r/r0=1.0226e-07
[mg]   it 1016  |r|inf=1.317737e-09  r/r0=1.0240e-07
[mg]   it 1017  |r|inf=1.319460e-09  r/r0=1.0254e-07
[mg]   it 1018  |r|inf=1.321013e-09  r/r0=1.0266e-07
[mg]   it 1019  |r|inf=1.322397e-09  r/r0=1.0277e-07
[mg]   it 1020  |r|inf=1.323612e-09  r/r0=1.0286e-07
[mg]   it 1021  |r|inf=1.324658e-09  r/r0=1.0294e-07
[mg]   it 1022  |r|inf=1.325534e-09  r/r0=1.0301e-07
[mg]   it 1023  |r|inf=1.326242e-09  r/r0=1.0307e-07
[mg]   it 1024  |r|inf=1.326782e-09  r/r0=1.0311e-07
[mg]   it 1025  |r|inf=1.327154e-09  r/r0=1.0314e-07
[mg]   it 1026  |r|inf=1.327358e-09  r/r0=1.0315e-07
[mg]   it 1027  |r|inf=1.327395e-09  r/r0=1.0315e-07
[mg]   it 1028  |r|inf=1.327266e-09  r/r0=1.0314e-07
[mg]   it 1029  |r|inf=1.326969e-09  r/r0=1.0312e-07
[mg]   it 1030  |r|inf=1.326506e-09  r/r0=1.0309e-07
[mg]   it 1031  |r|inf=1.325878e-09  r/r0=1.0304e-07
[mg]   it 1032  |r|inf=1.325084e-09  r/r0=1.0298e-07
[mg]   it 1033  |r|inf=1.324125e-09  r/r0=1.0290e-07
[mg]   it 1034  |r|inf=1.323002e-09  r/r0=1.0281e-07
[mg]   it 1035  |r|inf=1.321715e-09  r/r0=1.0271e-07
[mg]   it 1036  |r|inf=1.320264e-09  r/r0=1.0260e-07
[mg]   it 1037  |r|inf=1.318650e-09  r/r0=1.0248e-07
[mg]   it 1038  |r|inf=1.316874e-09  r/r0=1.0234e-07
[mg]   it 1039  |r|inf=1.314935e-09  r/r0=1.0219e-07
[mg]   it 1040  |r|inf=1.312835e-09  r/r0=1.0202e-07
[mg]   it 1041  |r|inf=1.310574e-09  r/r0=1.0185e-07
[mg]   it 1042  |r|inf=1.308153e-09  r/r0=1.0166e-07
[mg]   it 1043  |r|inf=1.305572e-09  r/r0=1.0146e-07
[mg]   it 1044  |r|inf=1.302832e-09  r/r0=1.0125e-07
[mg]   it 1045  |r|inf=1.299933e-09  r/r0=1.0102e-07
[mg]   it 1046  |r|inf=1.296876e-09  r/r0=1.0078e-07
[mg]   it 1047  |r|inf=1.293662e-09  r/r0=1.0053e-07
[mg]   it 1048  |r|inf=1.290291e-09  r/r0=1.0027e-07
[mg]   it 1049  |r|inf=1.286765e-09  r/r0=9.9997e-08
[mg]   it 1050  |r|inf=1.283083e-09  r/r0=9.9711e-08
[mg]   it 1051  |r|inf=1.279247e-09  r/r0=9.9413e-08
[mg]   it 1052  |r|inf=1.275256e-09  r/r0=9.9103e-08
[mg]   it 1053  |r|inf=1.271113e-09  r/r0=9.8781e-08
[mg]   it 1054  |r|inf=1.266818e-09  r/r0=9.8447e-08
[mg]   it 1055  |r|inf=1.262370e-09  r/r0=9.8102e-08
[mg]   it 1056  |r|inf=1.257773e-09  r/r0=9.7744e-08
[mg]   it 1057  |r|inf=1.253025e-09  r/r0=9.7375e-08
[mg]   it 1058  |r|inf=1.248128e-09  r/r0=9.6995e-08
[mg]   it 1059  |r|inf=1.243084e-09  r/r0=9.6603e-08
[mg]   it 1060  |r|inf=1.237891e-09  r/r0=9.6199e-08
[mg]   it 1061  |r|inf=1.232553e-09  r/r0=9.5784e-08
[mg]   it 1062  |r|inf=1.227068e-09  r/r0=9.5358e-08
[mg]   it 1063  |r|inf=1.221439e-09  r/r0=9.4921e-08
[mg]   it 1064  |r|inf=1.215666e-09  r/r0=9.4472e-08
[mg]   it 1065  |r|inf=1.209751e-09  r/r0=9.4012e-08
[mg]   it 1066  |r|inf=1.203694e-09  r/r0=9.3542e-08
[mg]   it 1067  |r|inf=1.197495e-09  r/r0=9.3060e-08
[mg]   it 1068  |r|inf=1.191157e-09  r/r0=9.2568e-08
[mg]   it 1069  |r|inf=1.184681e-09  r/r0=9.2064e-08
[mg]   it 1070  |r|inf=1.178066e-09  r/r0=9.1550e-08
[mg]   it 1071  |r|inf=1.171314e-09  r/r0=9.1026e-08
[mg]   it 1072  |r|inf=1.164427e-09  r/r0=9.0490e-08
[mg]   it 1073  |r|inf=1.157406e-09  r/r0=8.9945e-08
[mg]   it 1074  |r|inf=1.150250e-09  r/r0=8.9389e-08
[mg]   it 1075  |r|inf=1.147284e-09  r/r0=8.9158e-08
[mg]   it 1076  |r|inf=1.147992e-09  r/r0=8.9213e-08
[mg]   it 1077  |r|inf=1.148562e-09  r/r0=8.9257e-08
[mg]   it 1078  |r|inf=1.148995e-09  r/r0=8.9291e-08
[mg]   it 1079  |r|inf=1.149291e-09  r/r0=8.9314e-08
[mg]   it 1080  |r|inf=1.149450e-09  r/r0=8.9326e-08
[mg]   it 1081  |r|inf=1.149472e-09  r/r0=8.9328e-08
[mg]   it 1082  |r|inf=1.149358e-09  r/r0=8.9319e-08
[mg]   it 1083  |r|inf=1.149108e-09  r/r0=8.9300e-08
[mg]   it 1084  |r|inf=1.148722e-09  r/r0=8.9270e-08
[mg]   it 1085  |r|inf=1.148201e-09  r/r0=8.9229e-08
[mg]   it 1086  |r|inf=1.147544e-09  r/r0=8.9178e-08
[mg]   it 1087  |r|inf=1.146752e-09  r/r0=8.9117e-08
[mg]   it 1088  |r|inf=1.145826e-09  r/r0=8.9045e-08
[mg]   it 1089  |r|inf=1.144765e-09  r/r0=8.8962e-08
[mg]   it 1090  |r|inf=1.143571e-09  r/r0=8.8869e-08
[mg]   it 1091  |r|inf=1.142243e-09  r/r0=8.8766e-08
[mg]   it 1092  |r|inf=1.140782e-09  r/r0=8.8653e-08
[mg]   it 1093  |r|inf=1.139189e-09  r/r0=8.8529e-08
[mg]   it 1094  |r|inf=1.137464e-09  r/r0=8.8395e-08
[mg]   it 1095  |r|inf=1.135607e-09  r/r0=8.8251e-08
[mg]   it 1096  |r|inf=1.133619e-09  r/r0=8.8096e-08
[mg]   it 1097  |r|inf=1.131500e-09  r/r0=8.7931e-08
[mg]   it 1098  |r|inf=1.129252e-09  r/r0=8.7757e-08
[mg]   it 1099  |r|inf=1.126874e-09  r/r0=8.7572e-08
[mg]   it 1100  |r|inf=1.124367e-09  r/r0=8.7377e-08
[mg]   it 1101  |r|inf=1.121731e-09  r/r0=8.7172e-08
[mg]   it 1102  |r|inf=1.118968e-09  r/r0=8.6958e-08
[mg]   it 1103  |r|inf=1.116077e-09  r/r0=8.6733e-08
[mg]   it 1104  |r|inf=1.113060e-09  r/r0=8.6498e-08
[mg]   it 1105  |r|inf=1.109918e-09  r/r0=8.6254e-08
[mg]   it 1106  |r|inf=1.106649e-09  r/r0=8.6000e-08
[mg]   it 1107  |r|inf=1.103257e-09  r/r0=8.5737e-08
[mg]   it 1108  |r|inf=1.099741e-09  r/r0=8.5463e-08
[mg]   it 1109  |r|inf=1.096101e-09  r/r0=8.5181e-08
[mg]   it 1110  |r|inf=1.092339e-09  r/r0=8.4888e-08
[mg]   it 1111  |r|inf=1.088456e-09  r/r0=8.4586e-08
[mg]   it 1112  |r|inf=1.084451e-09  r/r0=8.4275e-08
[mg]   it 1113  |r|inf=1.080327e-09  r/r0=8.3955e-08
[mg]   it 1114  |r|inf=1.076083e-09  r/r0=8.3625e-08
[mg]   it 1115  |r|inf=1.071720e-09  r/r0=8.3286e-08
[mg]   it 1116  |r|inf=1.067240e-09  r/r0=8.2938e-08
[mg]   it 1117  |r|inf=1.062644e-09  r/r0=8.2580e-08
[mg]   it 1118  |r|inf=1.057931e-09  r/r0=8.2214e-08
[mg]   it 1119  |r|inf=1.053103e-09  r/r0=8.1839e-08
[mg]   it 1120  |r|inf=1.048161e-09  r/r0=8.1455e-08
[mg]   it 1121  |r|inf=1.043105e-09  r/r0=8.1062e-08
[mg]   it 1122  |r|inf=1.037937e-09  r/r0=8.0660e-08
[mg]   it 1123  |r|inf=1.032658e-09  r/r0=8.0250e-08
[mg]   it 1124  |r|inf=1.027267e-09  r/r0=7.9831e-08
[mg]   it 1125  |r|inf=1.021768e-09  r/r0=7.9404e-08
[mg]   it 1126  |r|inf=1.016159e-09  r/r0=7.8968e-08
[mg]   it 1127  |r|inf=1.010443e-09  r/r0=7.8524e-08
[mg]   it 1128  |r|inf=1.004620e-09  r/r0=7.8071e-08
[mg]   it 1129  |r|inf=9.986917e-10  r/r0=7.7611e-08
[mg]   it 1130  |r|inf=9.926583e-10  r/r0=7.7142e-08
[mg]   it 1131  |r|inf=9.894989e-10  r/r0=7.6896e-08
[mg]   it 1132  |r|inf=9.923229e-10  r/r0=7.7116e-08
[mg]   it 1133  |r|inf=9.950344e-10  r/r0=7.7326e-08
[mg]   it 1134  |r|inf=9.976334e-10  r/r0=7.7528e-08
[mg]   it 1135  |r|inf=1.000120e-09  r/r0=7.7722e-08
[mg]   it 1136  |r|inf=1.002494e-09  r/r0=7.7906e-08
[mg]   it 1137  |r|inf=1.004756e-09  r/r0=7.8082e-08
[mg]   it 1138  |r|inf=1.006906e-09  r/r0=7.8249e-08
[mg]   it 1139  |r|inf=1.008943e-09  r/r0=7.8407e-08
[mg]   it 1140  |r|inf=1.010868e-09  r/r0=7.8557e-08
[mg]   it 1141  |r|inf=1.012682e-09  r/r0=7.8698e-08
[mg]   it 1142  |r|inf=1.014383e-09  r/r0=7.8830e-08
[mg]   it 1143  |r|inf=1.015973e-09  r/r0=7.8954e-08
[mg]   it 1144  |r|inf=1.017451e-09  r/r0=7.9068e-08
[mg]   it 1145  |r|inf=1.018818e-09  r/r0=7.9175e-08
[mg]   it 1146  |r|inf=1.020073e-09  r/r0=7.9272e-08
[mg]   it 1147  |r|inf=1.021218e-09  r/r0=7.9361e-08
[mg]   it 1148  |r|inf=1.022252e-09  r/r0=7.9442e-08
[mg]   it 1149  |r|inf=1.023175e-09  r/r0=7.9513e-08
[mg]   it 1150  |r|inf=1.023989e-09  r/r0=7.9576e-08
[mg]   it 1151  |r|inf=1.024692e-09  r/r0=7.9631e-08
[mg]   it 1152  |r|inf=1.025285e-09  r/r0=7.9677e-08
[mg]   it 1153  |r|inf=1.025770e-09  r/r0=7.9715e-08
[mg]   it 1154  |r|inf=1.026145e-09  r/r0=7.9744e-08
[mg]   it 1155  |r|inf=1.026411e-09  r/r0=7.9765e-08
[mg]   it 1156  |r|inf=1.026569e-09  r/r0=7.9777e-08
[mg]   it 1157  |r|inf=1.026619e-09  r/r0=7.9781e-08
[mg]   it 1158  |r|inf=1.026561e-09  r/r0=7.9776e-08
[mg]   it 1159  |r|inf=1.026396e-09  r/r0=7.9764e-08
[mg]   it 1160  |r|inf=1.026123e-09  r/r0=7.9742e-08
[mg]   it 1161  |r|inf=1.025745e-09  r/r0=7.9713e-08
[mg]   it 1162  |r|inf=1.025260e-09  r/r0=7.9675e-08
[mg]   it 1163  |r|inf=1.024670e-09  r/r0=7.9629e-08
[mg]   it 1164  |r|inf=1.023974e-09  r/r0=7.9575e-08
[mg]   it 1165  |r|inf=1.023173e-09  r/r0=7.9513e-08
[mg]   it 1166  |r|inf=1.022269e-09  r/r0=7.9443e-08
[mg]   it 1167  |r|inf=1.021260e-09  r/r0=7.9364e-08
[mg]   it 1168  |r|inf=1.020148e-09  r/r0=7.9278e-08
[mg]   it 1169  |r|inf=1.018933e-09  r/r0=7.9184e-08
[mg]   it 1170  |r|inf=1.017616e-09  r/r0=7.9081e-08
[mg]   it 1171  |r|inf=1.016197e-09  r/r0=7.8971e-08
[mg]   it 1172  |r|inf=1.014676e-09  r/r0=7.8853e-08
[mg]   it 1173  |r|inf=1.013055e-09  r/r0=7.8727e-08
[mg]   it 1174  |r|inf=1.011334e-09  r/r0=7.8593e-08
[mg]   it 1175  |r|inf=1.009513e-09  r/r0=7.8452e-08
[mg]   it 1176  |r|inf=1.007593e-09  r/r0=7.8302e-08
[mg]   it 1177  |r|inf=1.005574e-09  r/r0=7.8145e-08
[mg]   it 1178  |r|inf=1.003457e-09  r/r0=7.7981e-08
[mg]   it 1179  |r|inf=1.001244e-09  r/r0=7.7809e-08
[mg]   it 1180  |r|inf=9.989329e-10  r/r0=7.7629e-08
[mg]   it 1181  |r|inf=9.965261e-10  r/r0=7.7442e-08
[mg]   it 1182  |r|inf=9.940239e-10  r/r0=7.7248e-08
[mg]   it 1183  |r|inf=9.914267e-10  r/r0=7.7046e-08
[mg]   it 1184  |r|inf=9.887353e-10  r/r0=7.6837e-08
[mg]   it 1185  |r|inf=9.859504e-10  r/r0=7.6620e-08
[mg]   it 1186  |r|inf=9.830725e-10  r/r0=7.6397e-08
[mg]   it 1187  |r|inf=9.801023e-10  r/r0=7.6166e-08
[mg]   it 1188  |r|inf=9.770404e-10  r/r0=7.5928e-08
[mg]   it 1189  |r|inf=9.738877e-10  r/r0=7.5683e-08
[mg]   it 1190  |r|inf=9.706446e-10  r/r0=7.5431e-08
[mg]   it 1191  |r|inf=9.673119e-10  r/r0=7.5172e-08
[mg]   it 1192  |r|inf=9.638903e-10  r/r0=7.4906e-08
[mg]   it 1193  |r|inf=9.603806e-10  r/r0=7.4633e-08
[mg]   it 1194  |r|inf=9.567832e-10  r/r0=7.4354e-08
[mg]   it 1195  |r|inf=9.530991e-10  r/r0=7.4067e-08
[mg]   it 1196  |r|inf=9.493289e-10  r/r0=7.3775e-08
[mg]   it 1197  |r|inf=9.454733e-10  r/r0=7.3475e-08
[mg]   it 1198  |r|inf=9.415330e-10  r/r0=7.3169e-08
[mg]   it 1199  |r|inf=9.375087e-10  r/r0=7.2856e-08
[mg]   it 1200  |r|inf=9.334012e-10  r/r0=7.2537e-08
[mg]   it 1201  |r|inf=9.292112e-10  r/r0=7.2211e-08
[mg]   it 1202  |r|inf=9.249395e-10  r/r0=7.1879e-08
[mg]   it 1203  |r|inf=9.205867e-10  r/r0=7.1541e-08
[mg]   it 1204  |r|inf=9.161537e-10  r/r0=7.1196e-08
[mg]   it 1205  |r|inf=9.116411e-10  r/r0=7.0846e-08
[mg]   it 1206  |r|inf=9.070498e-10  r/r0=7.0489e-08
[mg]   it 1207  |r|inf=9.023804e-10  r/r0=7.0126e-08
[mg]   it 1208  |r|inf=8.976337e-10  r/r0=6.9757e-08
[mg]   it 1209  |r|inf=8.928105e-10  r/r0=6.9382e-08
[mg]   it 1210  |r|inf=8.879115e-10  r/r0=6.9002e-08
[mg]   it 1211  |r|inf=8.829375e-10  r/r0=6.8615e-08
[mg]   it 1212  |r|inf=8.778892e-10  r/r0=6.8223e-08
[mg]   it 1213  |r|inf=8.727675e-10  r/r0=6.7825e-08
[mg]   it 1214  |r|inf=8.675730e-10  r/r0=6.7421e-08
[mg]   it 1215  |r|inf=8.623066e-10  r/r0=6.7012e-08
[mg]   it 1216  |r|inf=8.569690e-10  r/r0=6.6597e-08
[mg]   it 1217  |r|inf=8.515610e-10  r/r0=6.6177e-08
[mg]   it 1218  |r|inf=8.460834e-10  r/r0=6.5751e-08
[mg]   it 1219  |r|inf=8.405368e-10  r/r0=6.5320e-08
[mg]   it 1220  |r|inf=8.349222e-10  r/r0=6.4884e-08
[mg]   it 1221  |r|inf=8.292403e-10  r/r0=6.4442e-08
[mg]   it 1222  |r|inf=8.234918e-10  r/r0=6.3995e-08
[mg]   it 1223  |r|inf=8.176775e-10  r/r0=6.3544e-08
[mg]   it 1224  |r|inf=8.117982e-10  r/r0=6.3087e-08
[mg]   it 1225  |r|inf=8.058547e-10  r/r0=6.2625e-08
[mg]   it 1226  |r|inf=8.053011e-10  r/r0=6.2582e-08
[mg]   it 1227  |r|inf=8.066721e-10  r/r0=6.2688e-08
[mg]   it 1228  |r|inf=8.079703e-10  r/r0=6.2789e-08
[mg]   it 1229  |r|inf=8.091960e-10  r/r0=6.2884e-08
[mg]   it 1230  |r|inf=8.103492e-10  r/r0=6.2974e-08
[mg]   it 1231  |r|inf=8.114301e-10  r/r0=6.3058e-08
[mg]   it 1232  |r|inf=8.124390e-10  r/r0=6.3136e-08
[mg]   it 1233  |r|inf=8.133760e-10  r/r0=6.3209e-08
[mg]   it 1234  |r|inf=8.142413e-10  r/r0=6.3277e-08
[mg]   it 1235  |r|inf=8.150351e-10  r/r0=6.3338e-08
[mg]   it 1236  |r|inf=8.157576e-10  r/r0=6.3394e-08
[mg]   it 1237  |r|inf=8.164090e-10  r/r0=6.3445e-08
[mg]   it 1238  |r|inf=8.169895e-10  r/r0=6.3490e-08
[mg]   it 1239  |r|inf=8.174994e-10  r/r0=6.3530e-08
[mg]   it 1240  |r|inf=8.179388e-10  r/r0=6.3564e-08
[mg]   it 1241  |r|inf=8.183080e-10  r/r0=6.3593e-08
[mg]   it 1242  |r|inf=8.186072e-10  r/r0=6.3616e-08
[mg]   it 1243  |r|inf=8.188366e-10  r/r0=6.3634e-08
[mg]   it 1244  |r|inf=8.189964e-10  r/r0=6.3646e-08
[mg]   it 1245  |r|inf=8.262823e-10  r/r0=6.4212e-08
[mg]   it 1246  |r|inf=8.355723e-10  r/r0=6.4934e-08
[mg]   it 1247  |r|inf=8.447807e-10  r/r0=6.5650e-08
[mg]   it 1248  |r|inf=8.539072e-10  r/r0=6.6359e-08
[mg]   it 1249  |r|inf=8.629512e-10  r/r0=6.7062e-08
[mg]   it 1250  |r|inf=8.719124e-10  r/r0=6.7758e-08
[mg]   it 1251  |r|inf=8.807903e-10  r/r0=6.8448e-08
[mg]   it 1252  |r|inf=8.895845e-10  r/r0=6.9132e-08
[mg]   it 1253  |r|inf=8.982946e-10  r/r0=6.9809e-08
[mg]   it 1254  |r|inf=9.069201e-10  r/r0=7.0479e-08
[mg]   it 1255  |r|inf=9.154608e-10  r/r0=7.1143e-08
[mg]   it 1256  |r|inf=9.239162e-10  r/r0=7.1800e-08
[mg]   it 1257  |r|inf=9.322859e-10  r/r0=7.2450e-08
[mg]   it 1258  |r|inf=9.405696e-10  r/r0=7.3094e-08
[mg]   it 1259  |r|inf=9.487668e-10  r/r0=7.3731e-08
[mg]   it 1260  |r|inf=9.568774e-10  r/r0=7.4361e-08
[mg]   it 1261  |r|inf=9.649009e-10  r/r0=7.4985e-08
[mg]   it 1262  |r|inf=9.728370e-10  r/r0=7.5601e-08
[mg]   it 1263  |r|inf=9.806853e-10  r/r0=7.6211e-08
[mg]   it 1264  |r|inf=9.884457e-10  r/r0=7.6814e-08
[mg]   it 1265  |r|inf=9.961176e-10  r/r0=7.7411e-08
[mg]   it 1266  |r|inf=1.003701e-09  r/r0=7.8000e-08
[mg]   it 1267  |r|inf=1.011195e-09  r/r0=7.8582e-08
[mg]   it 1268  |r|inf=1.018601e-09  r/r0=7.9158e-08
[mg]   it 1269  |r|inf=1.025916e-09  r/r0=7.9726e-08
[mg]   it 1270  |r|inf=1.033142e-09  r/r0=8.0288e-08
[mg]   it 1271  |r|inf=1.040278e-09  r/r0=8.0842e-08
[mg]   it 1272  |r|inf=1.047324e-09  r/r0=8.1390e-08
[mg]   it 1273  |r|inf=1.054279e-09  r/r0=8.1930e-08
[mg]   it 1274  |r|inf=1.061143e-09  r/r0=8.2464e-08
[mg]   it 1275  |r|inf=1.067916e-09  r/r0=8.2990e-08
[mg]   it 1276  |r|inf=1.074598e-09  r/r0=8.3509e-08
[mg]   it 1277  |r|inf=1.081189e-09  r/r0=8.4022e-08
[mg]   it 1278  |r|inf=1.087688e-09  r/r0=8.4527e-08
[mg]   it 1279  |r|inf=1.094095e-09  r/r0=8.5025e-08
[mg]   it 1280  |r|inf=1.100410e-09  r/r0=8.5515e-08
[mg]   it 1281  |r|inf=1.106633e-09  r/r0=8.5999e-08
[mg]   it 1282  |r|inf=1.112763e-09  r/r0=8.6475e-08
[mg]   it 1283  |r|inf=1.118801e-09  r/r0=8.6945e-08
[mg]   it 1284  |r|inf=1.124746e-09  r/r0=8.7407e-08
[mg]   it 1285  |r|inf=1.130597e-09  r/r0=8.7861e-08
[mg]   it 1286  |r|inf=1.136356e-09  r/r0=8.8309e-08
[mg]   it 1287  |r|inf=1.142022e-09  r/r0=8.8749e-08
[mg]   it 1288  |r|inf=1.147594e-09  r/r0=8.9182e-08
[mg]   it 1289  |r|inf=1.153072e-09  r/r0=8.9608e-08
[mg]   it 1290  |r|inf=1.158457e-09  r/r0=9.0026e-08
[mg]   it 1291  |r|inf=1.163748e-09  r/r0=9.0438e-08
[mg]   it 1292  |r|inf=1.168945e-09  r/r0=9.0841e-08
[mg]   it 1293  |r|inf=1.174048e-09  r/r0=9.1238e-08
[mg]   it 1294  |r|inf=1.179056e-09  r/r0=9.1627e-08
[mg]   it 1295  |r|inf=1.183971e-09  r/r0=9.2009e-08
[mg]   it 1296  |r|inf=1.188791e-09  r/r0=9.2384e-08
[mg]   it 1297  |r|inf=1.193516e-09  r/r0=9.2751e-08
[mg]   it 1298  |r|inf=1.198147e-09  r/r0=9.3111e-08
[mg]   it 1299  |r|inf=1.202683e-09  r/r0=9.3463e-08
[mg]   it 1300  |r|inf=1.207124e-09  r/r0=9.3808e-08
[mg]   it 1301  |r|inf=1.211470e-09  r/r0=9.4146e-08
[mg]   it 1302  |r|inf=1.215722e-09  r/r0=9.4477e-08
[mg]   it 1303  |r|inf=1.219878e-09  r/r0=9.4800e-08
[mg]   it 1304  |r|inf=1.223940e-09  r/r0=9.5115e-08
[mg]   it 1305  |r|inf=1.227906e-09  r/r0=9.5423e-08
[mg]   it 1306  |r|inf=1.231777e-09  r/r0=9.5724e-08
[mg]   it 1307  |r|inf=1.235553e-09  r/r0=9.6018e-08
[mg]   it 1308  |r|inf=1.239233e-09  r/r0=9.6304e-08
[mg]   it 1309  |r|inf=1.242819e-09  r/r0=9.6582e-08
[mg]   it 1310  |r|inf=1.246308e-09  r/r0=9.6853e-08
[mg]   it 1311  |r|inf=1.249703e-09  r/r0=9.7117e-08
[mg]   it 1312  |r|inf=1.253002e-09  r/r0=9.7374e-08
[mg]   it 1313  |r|inf=1.256206e-09  r/r0=9.7623e-08
[mg]   it 1314  |r|inf=1.259314e-09  r/r0=9.7864e-08
[mg]   it 1315  |r|inf=1.262327e-09  r/r0=9.8098e-08
[mg]   it 1316  |r|inf=1.265245e-09  r/r0=9.8325e-08
[mg]   it 1317  |r|inf=1.268067e-09  r/r0=9.8544e-08
[mg]   it 1318  |r|inf=1.270793e-09  r/r0=9.8756e-08
[mg]   it 1319  |r|inf=1.273424e-09  r/r0=9.8961e-08
[mg]   it 1320  |r|inf=1.275960e-09  r/r0=9.9158e-08
[mg]   it 1321  |r|inf=1.278401e-09  r/r0=9.9347e-08
[mg]   it 1322  |r|inf=1.280746e-09  r/r0=9.9530e-08
[mg]   it 1323  |r|inf=1.282995e-09  r/r0=9.9704e-08
[mg]   it 1324  |r|inf=1.285150e-09  r/r0=9.9872e-08
[mg]   it 1325  |r|inf=1.287209e-09  r/r0=1.0003e-07
[mg]   it 1326  |r|inf=1.289173e-09  r/r0=1.0018e-07
[mg]   it 1327  |r|inf=1.291042e-09  r/r0=1.0033e-07
[mg]   it 1328  |r|inf=1.292816e-09  r/r0=1.0047e-07
[mg]   it 1329  |r|inf=1.294494e-09  r/r0=1.0060e-07
[mg]   it 1330  |r|inf=1.296078e-09  r/r0=1.0072e-07
[mg]   it 1331  |r|inf=1.297567e-09  r/r0=1.0084e-07
[mg]   it 1332  |r|inf=1.298961e-09  r/r0=1.0095e-07
[mg]   it 1333  |r|inf=1.300260e-09  r/r0=1.0105e-07
[mg]   it 1334  |r|inf=1.301465e-09  r/r0=1.0114e-07
[mg]   it 1335  |r|inf=1.302574e-09  r/r0=1.0123e-07
[mg]   it 1336  |r|inf=1.303590e-09  r/r0=1.0130e-07
[mg]   it 1337  |r|inf=1.304511e-09  r/r0=1.0138e-07
[mg]   it 1338  |r|inf=1.305337e-09  r/r0=1.0144e-07
[mg]   it 1339  |r|inf=1.306070e-09  r/r0=1.0150e-07
[mg]   it 1340  |r|inf=1.306708e-09  r/r0=1.0155e-07
[mg]   it 1341  |r|inf=1.307252e-09  r/r0=1.0159e-07
[mg]   it 1342  |r|inf=1.307703e-09  r/r0=1.0162e-07
[mg]   it 1343  |r|inf=1.308059e-09  r/r0=1.0165e-07
[mg]   it 1344  |r|inf=1.308323e-09  r/r0=1.0167e-07
[mg]   it 1345  |r|inf=1.308492e-09  r/r0=1.0169e-07
[mg]   it 1346  |r|inf=1.308568e-09  r/r0=1.0169e-07
[mg]   it 1347  |r|inf=1.308551e-09  r/r0=1.0169e-07
[mg]   it 1348  |r|inf=1.308441e-09  r/r0=1.0168e-07
[mg]   it 1349  |r|inf=1.308238e-09  r/r0=1.0167e-07
[mg]   it 1350  |r|inf=1.307943e-09  r/r0=1.0164e-07
[mg]   it 1351  |r|inf=1.307554e-09  r/r0=1.0161e-07
[mg]   it 1352  |r|inf=1.307073e-09  r/r0=1.0158e-07
[mg]   it 1353  |r|inf=1.306500e-09  r/r0=1.0153e-07
[mg]   it 1354  |r|inf=1.305835e-09  r/r0=1.0148e-07
[mg]   it 1355  |r|inf=1.305078e-09  r/r0=1.0142e-07
[mg]   it 1356  |r|inf=1.304230e-09  r/r0=1.0135e-07
[mg]   it 1357  |r|inf=1.303289e-09  r/r0=1.0128e-07
[mg]   it 1358  |r|inf=1.302258e-09  r/r0=1.0120e-07
[mg]   it 1359  |r|inf=1.301135e-09  r/r0=1.0111e-07
[mg]   it 1360  |r|inf=1.299921e-09  r/r0=1.0102e-07
[mg]   it 1361  |r|inf=1.298617e-09  r/r0=1.0092e-07
[mg]   it 1362  |r|inf=1.297222e-09  r/r0=1.0081e-07
[mg]   it 1363  |r|inf=1.295737e-09  r/r0=1.0069e-07
[mg]   it 1364  |r|inf=1.294162e-09  r/r0=1.0057e-07
[mg]   it 1365  |r|inf=1.292497e-09  r/r0=1.0044e-07
[mg]   it 1366  |r|inf=1.290743e-09  r/r0=1.0031e-07
[mg]   it 1367  |r|inf=1.288899e-09  r/r0=1.0016e-07
[mg]   it 1368  |r|inf=1.286966e-09  r/r0=1.0001e-07
[mg]   it 1369  |r|inf=1.284944e-09  r/r0=9.9856e-08
[mg]   it 1370  |r|inf=1.282833e-09  r/r0=9.9692e-08
[mg]   it 1371  |r|inf=1.280635e-09  r/r0=9.9521e-08
[mg]   it 1372  |r|inf=1.278348e-09  r/r0=9.9343e-08
[mg]   it 1373  |r|inf=1.275973e-09  r/r0=9.9159e-08
[mg]   it 1374  |r|inf=1.273511e-09  r/r0=9.8967e-08
[mg]   it 1375  |r|inf=1.270962e-09  r/r0=9.8769e-08
[mg]   it 1376  |r|inf=1.268325e-09  r/r0=9.8564e-08
[mg]   it 1377  |r|inf=1.265602e-09  r/r0=9.8353e-08
[mg]   it 1378  |r|inf=1.262793e-09  r/r0=9.8135e-08
[mg]   it 1379  |r|inf=1.259898e-09  r/r0=9.7910e-08
[mg]   it 1380  |r|inf=1.256917e-09  r/r0=9.7678e-08
[mg]   it 1381  |r|inf=1.253850e-09  r/r0=9.7440e-08
[mg]   it 1382  |r|inf=1.250699e-09  r/r0=9.7195e-08
[mg]   it 1383  |r|inf=1.247462e-09  r/r0=9.6943e-08
[mg]   it 1384  |r|inf=1.244141e-09  r/r0=9.6685e-08
[mg]   it 1385  |r|inf=1.240736e-09  r/r0=9.6420e-08
[mg]   it 1386  |r|inf=1.237248e-09  r/r0=9.6149e-08
[mg]   it 1387  |r|inf=1.233675e-09  r/r0=9.5872e-08
[mg]   it 1388  |r|inf=1.230020e-09  r/r0=9.5588e-08
[mg]   it 1389  |r|inf=1.226282e-09  r/r0=9.5297e-08
[mg]   it 1390  |r|inf=1.222462e-09  r/r0=9.5000e-08
[mg]   it 1391  |r|inf=1.218559e-09  r/r0=9.4697e-08
[mg]   it 1392  |r|inf=1.214575e-09  r/r0=9.4387e-08
[mg]   it 1393  |r|inf=1.210510e-09  r/r0=9.4072e-08
[mg]   it 1394  |r|inf=1.206364e-09  r/r0=9.3749e-08
[mg]   it 1395  |r|inf=1.202138e-09  r/r0=9.3421e-08
[mg]   it 1396  |r|inf=1.197831e-09  r/r0=9.3086e-08
[mg]   it 1397  |r|inf=1.193444e-09  r/r0=9.2745e-08
[mg]   it 1398  |r|inf=1.188979e-09  r/r0=9.2398e-08
[mg]   it 1399  |r|inf=1.184434e-09  r/r0=9.2045e-08
[mg]   it 1400  |r|inf=1.179811e-09  r/r0=9.1686e-08
[mg]   it 1401  |r|inf=1.175110e-09  r/r0=9.1320e-08
[mg]   it 1402  |r|inf=1.170331e-09  r/r0=9.0949e-08
[mg]   it 1403  |r|inf=1.165476e-09  r/r0=9.0572e-08
[mg]   it 1404  |r|inf=1.160543e-09  r/r0=9.0188e-08
[mg]   it 1405  |r|inf=1.155534e-09  r/r0=8.9799e-08
[mg]   it 1406  |r|inf=1.150449e-09  r/r0=8.9404e-08
[mg]   it 1407  |r|inf=1.145289e-09  r/r0=8.9003e-08
[mg]   it 1408  |r|inf=1.140054e-09  r/r0=8.8596e-08
[mg]   it 1409  |r|inf=1.134744e-09  r/r0=8.8184e-08
[mg]   it 1410  |r|inf=1.134538e-09  r/r0=8.8168e-08
[mg]   it 1411  |r|inf=1.135075e-09  r/r0=8.8209e-08
[mg]   it 1412  |r|inf=1.135534e-09  r/r0=8.8245e-08
[mg]   it 1413  |r|inf=1.135918e-09  r/r0=8.8275e-08
[mg]   it 1414  |r|inf=1.136224e-09  r/r0=8.8299e-08
[mg]   it 1415  |r|inf=1.136453e-09  r/r0=8.8316e-08
[mg]   it 1416  |r|inf=1.136606e-09  r/r0=8.8328e-08
[mg]   it 1417  |r|inf=1.136683e-09  r/r0=8.8334e-08
[mg]   it 1418  |r|inf=1.136683e-09  r/r0=8.8334e-08
[mg]   it 1419  |r|inf=1.136607e-09  r/r0=8.8328e-08
[mg]   it 1420  |r|inf=1.136454e-09  r/r0=8.8316e-08
[mg]   it 1421  |r|inf=1.136226e-09  r/r0=8.8299e-08
[mg]   it 1422  |r|inf=1.135921e-09  r/r0=8.8275e-08
[mg]   it 1423  |r|inf=1.135541e-09  r/r0=8.8245e-08
[mg]   it 1424  |r|inf=1.135085e-09  r/r0=8.8210e-08
[mg]   it 1425  |r|inf=1.134554e-09  r/r0=8.8169e-08
[mg]   it 1426  |r|inf=1.133947e-09  r/r0=8.8122e-08
[mg]   it 1427  |r|inf=1.133264e-09  r/r0=8.8069e-08
[mg]   it 1428  |r|inf=1.132507e-09  r/r0=8.8010e-08
[mg]   it 1429  |r|inf=1.131675e-09  r/r0=8.7945e-08
[mg]   it 1430  |r|inf=1.130768e-09  r/r0=8.7875e-08
[mg]   it 1431  |r|inf=1.129786e-09  r/r0=8.7798e-08
[mg]   it 1432  |r|inf=1.128730e-09  r/r0=8.7716e-08
[mg]   it 1433  |r|inf=1.127599e-09  r/r0=8.7628e-08
[mg]   it 1434  |r|inf=1.126395e-09  r/r0=8.7535e-08
[mg]   it 1435  |r|inf=1.125116e-09  r/r0=8.7435e-08
[mg]   it 1436  |r|inf=1.123764e-09  r/r0=8.7330e-08
[mg]   it 1437  |r|inf=1.122339e-09  r/r0=8.7219e-08
[mg]   it 1438  |r|inf=1.120840e-09  r/r0=8.7103e-08
[mg]   it 1439  |r|inf=1.119268e-09  r/r0=8.6981e-08
[mg]   it 1440  |r|inf=1.117623e-09  r/r0=8.6853e-08
[mg]   it 1441  |r|inf=1.115906e-09  r/r0=8.6720e-08
[mg]   it 1442  |r|inf=1.114116e-09  r/r0=8.6581e-08
[mg]   it 1443  |r|inf=1.112254e-09  r/r0=8.6436e-08
[mg]   it 1444  |r|inf=1.110321e-09  r/r0=8.6286e-08
[mg]   it 1445  |r|inf=1.108315e-09  r/r0=8.6130e-08
[mg]   it 1446  |r|inf=1.106239e-09  r/r0=8.5968e-08
[mg]   it 1447  |r|inf=1.104091e-09  r/r0=8.5801e-08
[mg]   it 1448  |r|inf=1.101872e-09  r/r0=8.5629e-08
[mg]   it 1449  |r|inf=1.099583e-09  r/r0=8.5451e-08
[mg]   it 1450  |r|inf=1.097223e-09  r/r0=8.5268e-08
[mg]   it 1451  |r|inf=1.094794e-09  r/r0=8.5079e-08
[mg]   it 1452  |r|inf=1.092294e-09  r/r0=8.4885e-08
[mg]   it 1453  |r|inf=1.089725e-09  r/r0=8.4685e-08
[mg]   it 1454  |r|inf=1.087087e-09  r/r0=8.4480e-08
[mg]   it 1455  |r|inf=1.084380e-09  r/r0=8.4270e-08
[mg]   it 1456  |r|inf=1.081605e-09  r/r0=8.4054e-08
[mg]   it 1457  |r|inf=1.078761e-09  r/r0=8.3833e-08
[mg]   it 1458  |r|inf=1.075850e-09  r/r0=8.3607e-08
[mg]   it 1459  |r|inf=1.072871e-09  r/r0=8.3375e-08
[mg]   it 1460  |r|inf=1.069824e-09  r/r0=8.3138e-08
[mg]   it 1461  |r|inf=1.066711e-09  r/r0=8.2897e-08
[mg]   it 1462  |r|inf=1.063531e-09  r/r0=8.2649e-08
[mg]   it 1463  |r|inf=1.060284e-09  r/r0=8.2397e-08
[mg]   it 1464  |r|inf=1.056972e-09  r/r0=8.2140e-08
[mg]   it 1465  |r|inf=1.053594e-09  r/r0=8.1877e-08
[mg]   it 1466  |r|inf=1.050151e-09  r/r0=8.1610e-08
[mg]   it 1467  |r|inf=1.046643e-09  r/r0=8.1337e-08
[mg]   it 1468  |r|inf=1.043071e-09  r/r0=8.1059e-08
[mg]   it 1469  |r|inf=1.039435e-09  r/r0=8.0777e-08
[mg]   it 1470  |r|inf=1.035734e-09  r/r0=8.0489e-08
[mg]   it 1471  |r|inf=1.031971e-09  r/r0=8.0197e-08
[mg]   it 1472  |r|inf=1.028144e-09  r/r0=7.989[run] step 2/6
9e-08
[mg]   it 1473  |r|inf=1.024255e-09  r/r0=7.9597e-08
[mg]   it 1474  |r|inf=1.020303e-09  r/r0=7.9290e-08
[mg]   it 1475  |r|inf=1.016290e-09  r/r0=7.8978e-08
[mg]   it 1476  |r|inf=1.012215e-09  r/r0=7.8662e-08
[mg]   it 1477  |r|inf=1.008080e-09  r/r0=7.8340e-08
[mg]   it 1478  |r|inf=1.003883e-09  r/r0=7.8014e-08
[mg]   it 1479  |r|inf=9.996268e-10  r/r0=7.7683e-08
[mg]   it 1480  |r|inf=9.953104e-10  r/r0=7.7348e-08
[mg]   it 1481  |r|inf=9.909347e-10  r/r0=7.7008e-08
[mg]   it 1482  |r|inf=9.865000e-10  r/r0=7.6663e-08
[mg]   it 1483  |r|inf=9.820067e-10  r/r0=7.6314e-08
[mg]   it 1484  |r|inf=9.774553e-10  r/r0=7.5960e-08
[mg]   it 1485  |r|inf=9.771321e-10  r/r0=7.5935e-08
[mg]   it 1486  |r|inf=9.791712e-10  r/r0=7.6094e-08
[mg]   it 1487  |r|inf=9.811477e-10  r/r0=7.6247e-08
[mg]   it 1488  |r|inf=9.830616e-10  r/r0=7.6396e-08
[mg]   it 1489  |r|inf=9.849129e-10  r/r0=7.6540e-08
[mg]   it 1490  |r|inf=9.867015e-10  r/r0=7.6679e-08
[mg]   it 1491  |r|inf=9.884275e-10  r/r0=7.6813e-08
[mg]   it 1492  |r|inf=9.900909e-10  r/r0=7.6942e-08
[mg]   it 1493  |r|inf=9.916918e-10  r/r0=7.7067e-08
[mg]   it 1494  |r|inf=9.932301e-10  r/r0=7.7186e-08
[mg]   it 1495  |r|inf=9.947059e-10  r/r0=7.7301e-08
[mg]   it 1496  |r|inf=9.961194e-10  r/r0=7.7411e-08
[mg]   it 1497  |r|inf=9.974704e-10  r/r0=7.7516e-08
[mg]   it 1498  |r|inf=9.987591e-10  r/r0=7.7616e-08
[mg]   it 1499  |r|inf=9.999855e-10  r/r0=7.7711e-08
[mg]   it 1500  |r|inf=1.001150e-09  r/r0=7.7802e-08
[mg] solve 2: r0=1.209453e-02 rtol=1.0e-08 (pre=2 post=2 bottom=12)
[mg]   it   1  |r|inf=1.778005e-02  r/r0=1.4701e+00
[mg]   it   2  |r|inf=2.602297e-03  r/r0=2.1516e-01
[mg]   it   3  |r|inf=5.426157e-04  r/r0=4.4865e-02
[mg]   it   4  |r|inf=4.025948e-04  r/r0=3.3287e-02
[mg]   it   5  |r|inf=2.977948e-04  r/r0=2.4622e-02
[mg]   it   6  |r|inf=1.280541e-04  r/r0=1.0588e-02
[mg]   it   7  |r|inf=6.318463e-05  r/r0=5.2242e-03
[mg]   it   8  |r|inf=5.488190e-05  r/r0=4.5377e-03
[mg]   it   9  |r|inf=4.563085e-05  r/r0=3.7729e-03
[mg]   it  10  |r|inf=3.298924e-05  r/r0=2.7276e-03
[mg]   it  11  |r|inf=2.187270e-05  r/r0=1.8085e-03
[mg]   it  12  |r|inf=1.595267e-05  r/r0=1.3190e-03
[mg]   it  13  |r|inf=1.460884e-05  r/r0=1.2079e-03
[mg]   it  14  |r|inf=1.377668e-05  r/r0=1.1391e-03
[mg]   it  15  |r|inf=1.059538e-05  r/r0=8.7605e-04
[mg]   it  16  |r|inf=5.901197e-06  r/r0=4.8792e-04
[mg]   it  17  |r|inf=2.857561e-06  r/r0=2.3627e-04
[mg]   it  18  |r|inf=2.350077e-06  r/r0=1.9431e-04
[mg]   it  19  |r|inf=2.045503e-06  r/r0=1.6913e-04
[mg]   it  20  |r|inf=1.022327e-06  r/r0=8.4528e-05
[mg]   it  21  |r|inf=1.161621e-06  r/r0=9.6045e-05
[mg]   it  22  |r|inf=6.601812e-07  r/r0=5.4585e-05
[mg]   it  23  |r|inf=4.589806e-07  r/r0=3.7949e-05
[mg]   it  24  |r|inf=6.724830e-07  r/r0=5.5602e-05
[mg]   it  25  |r|inf=3.175029e-07  r/r0=2.6252e-05
[mg]   it  26  |r|inf=4.345040e-07  r/r0=3.5926e-05
[mg]   it  27  |r|inf=3.578937e-07  r/r0=2.9591e-05
[mg]   it  28  |r|inf=2.437941e-07  r/r0=2.0157e-05
[mg]   it  29  |r|inf=3.222760e-07  r/r0=2.6646e-05
[mg]   it  30  |r|inf=1.626867e-07  r/r0=1.3451e-05
[mg]   it  31  |r|inf=2.051891e-07  r/r0=1.6965e-05
[mg]   it  32  |r|inf=1.067608e-07  r/r0=8.8272e-06
[mg]   it  33  |r|inf=1.572790e-07  r/r0=1.3004e-05
[mg]   it  34  |r|inf=8.862730e-08  r/r0=7.3279e-06
[mg]   it  35  |r|inf=1.262799e-07  r/r0=1.0441e-05
[mg]   it  36  |r|inf=9.108800e-08  r/r0=7.5313e-06
[mg]   it  37  |r|inf=7.225593e-08  r/r0=5.9743e-06
[mg]   it  38  |r|inf=7.901004e-08  r/r0=6.5327e-06
[mg]   it  39  |r|inf=5.359966e-08  r/r0=4.4317e-06
[mg]   it  40  |r|inf=7.401268e-08  r/r0=6.1195e-06
[mg]   it  41  |r|inf=5.394013e-08  r/r0=4.4599e-06
[mg]   it  42  |r|inf=3.000315e-08  r/r0=2.4807e-06
[mg]   it  43  |r|inf=3.414252e-08  r/r0=2.8230e-06
[mg]   it  44  |r|inf=2.728510e-08  r/r0=2.2560e-06
[mg]   it  45  |r|inf=1.912133e-08  r/r0=1.5810e-06
[mg]   it  46  |r|inf=1.615883e-08  r/r0=1.3360e-06
[mg]   it  47  |r|inf=1.793568e-08  r/r0=1.4830e-06
[mg]   it  48  |r|inf=1.366477e-08  r/r0=1.1298e-06
[mg]   it  49  |r|inf=1.090265e-08  r/r0=9.0145e-07
[mg]   it  50  |r|inf=1.174674e-08  r/r0=9.7124e-07
[mg]   it  51  |r|inf=1.328702e-08  r/r0=1.0986e-06
[mg]   it  52  |r|inf=1.161148e-08  r/r0=9.6006e-07
[mg]   it  53  |r|inf=1.073787e-08  r/r0=8.8783e-07
[mg]   it  54  |r|inf=8.310317e-09  r/r0=6.8711e-07
[mg]   it  55  |r|inf=1.212075e-08  r/r0=1.0022e-06
[mg]   it  56  |r|inf=1.194674e-08  r/r0=9.8778e-07
[mg]   it  57  |r|inf=1.028616e-08  r/r0=8.5048e-07
[mg]   it  58  |r|inf=9.064134e-09  r/r0=7.4944e-07
[mg]   it  59  |r|inf=7.285149e-09  r/r0=6.0235e-07
[mg]   it  60  |r|inf=7.097492e-09  r/r0=5.8684e-07
[mg]   it  61  |r|inf=8.594195e-09  r/r0=7.1059e-07
[mg]   it  62  |r|inf=8.039865e-09  r/r0=6.6475e-07
[mg]   it  63  |r|inf=6.979625e-09  r/r0=5.7709e-07
[mg]   it  64  |r|inf=6.056404e-09  r/r0=5.0076e-07
[mg]   it  65  |r|inf=5.696110e-09  r/r0=4.7097e-07
[mg]   it  66  |r|inf=4.392226e-09  r/r0=3.6316e-07
[mg]   it  67  |r|inf=4.871518e-09  r/r0=4.0279e-07
[mg]   it  68  |r|inf=5.684471e-09  r/r0=4.7000e-07
[mg]   it  69  |r|inf=5.602962e-09  r/r0=4.6326e-07
[mg]   it  70  |r|inf=4.784082e-09  r/r0=3.9556e-07
[mg]   it  71  |r|inf=4.505631e-09  r/r0=3.7253e-07
[mg]   it  72  |r|inf=4.221676e-09  r/r0=3.4906e-07
[mg]   it  73  |r|inf=4.076425e-09  r/r0=3.3705e-07
[mg]   it  74  |r|inf=3.471430e-09  r/r0=2.8702e-07
[mg]   it  75  |r|inf=3.062747e-09  r/r0=2.5323e-07
[mg]   it  76  |r|inf=3.815489e-09  r/r0=3.1547e-07
[mg]   it  77  |r|inf=4.171646e-09  r/r0=3.4492e-07
[mg]   it  78  |r|inf=4.123004e-09  r/r0=3.4090e-07
[mg]   it  79  |r|inf=3.711457e-09  r/r0=3.0687e-07
[mg]   it  80  |r|inf=3.412467e-09  r/r0=2.8215e-07
[mg]   it  81  |r|inf=3.127541e-09  r/r0=2.5859e-07
[mg]   it  82  |r|inf=3.062181e-09  r/r0=2.5319e-07
[mg]   it  83  |r|inf=3.018377e-09  r/r0=2.4957e-07
[mg]   it  84  |r|inf=2.751984e-09  r/r0=2.2754e-07
[mg]   it  85  |r|inf=2.316842e-09  r/r0=1.9156e-07
[mg]   it  86  |r|inf=2.458390e-09  r/r0=2.0326e-07
[mg]   it  87  |r|inf=2.918366e-09  r/r0=2.4130e-07
[mg]   it  88  |r|inf=3.181432e-09  r/r0=2.6305e-07
[mg]   it  89  |r|inf=3.251182e-09  r/r0=2.6881e-07
[mg]   it  90  |r|inf=3.136985e-09  r/r0=2.5937e-07
[mg]   it  91  |r|inf=2.854406e-09  r/r0=2.3601e-07
[mg]   it  92  |r|inf=2.716866e-09  r/r0=2.2464e-07
[mg]   it  93  |r|inf=2.590170e-09  r/r0=2.1416e-07
[mg]   it  94  |r|inf=2.411373e-09  r/r0=1.9938e-07
[mg]   it  95  |r|inf=2.500475e-09  r/r0=2.0674e-07
[mg]   it  96  |r|inf=2.464593e-09  r/r0=2.0378e-07
[mg]   it  97  |r|inf=2.317147e-09  r/r0=1.9159e-07
[mg]   it  98  |r|inf=2.076143e-09  r/r0=1.7166e-07
[mg]   it  99  |r|inf=1.928922e-09  r/r0=1.5949e-07
[mg]   it 100  |r|inf=2.112723e-09  r/r0=1.7468e-07
[mg]   it 101  |r|inf=2.412285e-09  r/r0=1.9945e-07
[mg]   it 102  |r|inf=2.614472e-09  r/r0=2.1617e-07
[mg]   it 103  |r|inf=2.719388e-09  r/r0=2.2484e-07
[mg]   it 104  |r|inf=2.728939e-09  r/r0=2.2563e-07
[mg]   it 105  |r|inf=2.646766e-09  r/r0=2.1884e-07
[mg]   it 106  |r|inf=2.478513e-09  r/r0=2.0493e-07
[mg]   it 107  |r|inf=2.321988e-09  r/r0=1.9199e-07
[mg]   it 108  |r|inf=2.298999e-09  r/r0=1.9009e-07
[mg]   it 109  |r|inf=2.203156e-09  r/r0=1.8216e-07
[mg]   it 110  |r|inf=2.071774e-09  r/r0=1.7130e-07
[mg]   it 111  |r|inf=2.159368e-09  r/r0=1.7854e-07
[mg]   it 112  |r|inf=2.180568e-09  r/r0=1.8029e-07
[mg]   it 113  |r|inf=2.139095e-09  r/r0=1.7686e-07
[mg]   it 114  |r|inf=2.040798e-09  r/r0=1.6874e-07
[mg]   it 115  |r|inf=1.892908e-09  r/r0=1.5651e-07
[mg]   it 116  |r|inf=1.703320e-09  r/r0=1.4083e-07
[mg]   it 117  |r|inf=1.694836e-09  r/r0=1.4013e-07
[mg]   it 118  |r|inf=1.851609e-09  r/r0=1.5309e-07
[mg]   it 119  |r|inf=2.055746e-09  r/r0=1.6997e-07
[mg]   it 120  |r|inf=2.209850e-09  r/r0=1.8271e-07
[mg]   it 121  |r|inf=2.313853e-09  r/r0=1.9131e-07
[mg]   it 122  |r|inf=2.368304e-09  r/r0=1.9582e-07
[mg]   it 123  |r|inf=2.374259e-09  r/r0=1.9631e-07
[mg]   it 124  |r|inf=2.333278e-09  r/r0=1.9292e-07
[mg]   it 125  |r|inf=2.247467e-09  r/r0=1.8583e-07
[mg]   it 126  |r|inf=2.119560e-09  r/r0=1.7525e-07
[mg]   it 127  |r|inf=1.996182e-09  r/r0=1.6505e-07
[mg]   it 128  |r|inf=1.991664e-09  r/r0=1.6467e-07
[mg]   it 129  |r|inf=1.949779e-09  r/r0=1.6121e-07
[mg]   it 130  |r|inf=1.872469e-09  r/r0=1.5482e-07
[mg]   it 131  |r|inf=1.782571e-09  r/r0=1.4739e-07
[mg]   it 132  |r|inf=1.850410e-09  r/r0=1.5300e-07
[mg]   it 133  |r|inf=1.884419e-09  r/r0=1.5581e-07
[mg]   it 134  |r|inf=1.885588e-09  r/r0=1.5590e-07
[mg]   it 135  |r|inf=1.855639e-09  r/r0=1.5343e-07
[mg]   it 136  |r|inf=1.796868e-09  r/r0=1.4857e-07
[mg]   it 137  |r|inf=1.711989e-09  r/r0=1.4155e-07
[mg]   it 138  |r|inf=1.603961e-09  r/r0=1.3262e-07
[mg]   it 139  |r|inf=1.483057e-09  r/r0=1.2262e-07
[mg]   it 140  |r|inf=1.489069e-09  r/r0=1.2312e-07
[mg]   it 141  |r|inf=1.542854e-09  r/r0=1.2757e-07
[mg]   it 142  |r|inf=1.695731e-09  r/r0=1.4021e-07
[mg]   it 143  |r|inf=1.823445e-09  r/r0=1.5077e-07
[mg]   it 144  |r|inf=1.925752e-09  r/r0=1.5923e-07
[mg]   it 145  |r|inf=2.002640e-09  r/r0=1.6558e-07
[mg]   it 146  |r|inf=2.054289e-09  r/r0=1.6985e-07
[mg]   it 147  |r|inf=2.081034e-09  r/r0=1.7206e-07
[mg]   it 148  |r|inf=2.083354e-09  r/r0=1.7226e-07
[mg]   it 149  |r|inf=2.061872e-09  r/r0=1.7048e-07
[mg]   it 150  |r|inf=2.017365e-09  r/r0=1.6680e-07
[mg]   it 151  |r|inf=1.950778e-09  r/r0=1.6129e-07
[mg]   it 152  |r|inf=1.863243e-09  r/r0=1.5406e-07
[mg]   it 153  |r|inf=1.756088e-09  r/r0=1.4520e-07
[mg]   it 154  |r|inf=1.741767e-09  r/r0=1.4401e-07
[mg]   it 155  |r|inf=1.730184e-09  r/r0=1.4306e-07
[mg]   it 156  |r|inf=1.700040e-09  r/r0=1.4056e-07
[mg]   it 157  |r|inf=1.652084e-09  r/r0=1.3660e-07
[mg]   it 158  |r|inf=1.587294e-09  r/r0=1.3124e-07
[mg]   it 159  |r|inf=1.573652e-09  r/r0=1.3011e-07
[mg]   it 160  |r|inf=1.617561e-09  r/r0=1.3374e-07
[mg]   it 161  |r|inf=1.644514e-09  r/r0=1.3597e-07
[mg]   it 162  |r|inf=1.654808e-09  r/r0=1.3682e-07
[mg]   it 163  |r|inf=1.648957e-09  r/r0=1.3634e-07
[mg]   it 164  |r|inf=1.627662e-09  r/r0=1.3458e-07
[mg]   it 165  |r|inf=1.591778e-09  r/r0=1.3161e-07
[mg]   it 166  |r|inf=1.542282e-09  r/r0=1.2752e-07
[mg]   it 167  |r|inf=1.480233e-09  r/r0=1.2239e-07
[mg]   it 168  |r|inf=1.406746e-09  r/r0=1.1631e-07
[mg]   it 169  |r|inf=1.322960e-09  r/r0=1.0938e-07
[mg]   it 170  |r|inf=1.329503e-09  r/r0=1.0993e-07
[mg]   it 171  |r|inf=1.328937e-09  r/r0=1.0988e-07
[mg]   it 172  |r|inf=1.413018e-09  r/r0=1.1683e-07
[mg]   it 173  |r|inf=1.518480e-09  r/r0=1.2555e-07
[mg]   it 174  |r|inf=1.611188e-09  r/r0=1.3322e-07
[mg]   it 175  |r|inf=1.690974e-09  r/r0=1.3981e-07
[mg]   it 176  |r|inf=1.757748e-09  r/r0=1.4533e-07
[mg]   it 177  |r|inf=1.811482e-09  r/r0=1.4978e-07
[mg]   it 178  |r|inf=1.852207e-09  r/r0=1.5314e-07
[mg]   it 179  |r|inf=1.880002e-09  r/r0=1.5544e-07
[mg]   it 180  |r|inf=1.894994e-09  r/r0=1.5668e-07
[mg]   it 181  |r|inf=1.897355e-09  r/r0=1.5688e-07
[mg]   it 182  |r|inf=1.887303e-09  r/r0=1.5605e-07
[mg]   it 183  |r|inf=1.865107e-09  r/r0=1.5421e-07
[mg]   it 184  |r|inf=1.831086e-09  r/r0=1.5140e-07
[mg]   it 185  |r|inf=1.785617e-09  r/r0=1.4764e-07
[mg]   it 186  |r|inf=1.729136e-09  r/r0=1.4297e-07
[mg]   it 187  |r|inf=1.662142e-09  r/r0=1.3743e-07
[mg]   it 188  |r|inf=1.588205e-09  r/r0=1.3132e-07
[mg]   it 189  |r|inf=1.592789e-09  r/r0=1.3170e-07
[mg]   it 190  |r|inf=1.587442e-09  r/r0=1.3125e-07
[mg]   it 191  |r|inf=1.572345e-09  r/r0=1.3000e-07
[mg]   it 192  |r|inf=1.547751e-09  r/r0=1.2797e-07
[mg]   it 193  |r|inf=1.513982e-09  r/r0=1.2518e-07
[mg]   it 194  |r|inf=1.471431e-09  r/r0=1.2166e-07
[mg]   it 195  |r|inf=1.420553e-09  r/r0=1.1745e-07
[mg]   it 196  |r|inf=1.447185e-09  r/r0=1.1966e-07
[mg]   it 197  |r|inf=1.476270e-09  r/r0=1.2206e-07
[mg]   it 198  |r|inf=1.496566e-09  r/r0=1.2374e-07
[mg]   it 199  |r|inf=1.508176e-09  r/r0=1.2470e-07
[mg]   it 200  |r|inf=1.511273e-09  r/r0=1.2496e-07
[mg]   it 201  |r|inf=1.506089e-09  r/r0=1.2453e-07
[mg]   it 202  |r|inf=1.492908e-09  r/r0=1.2344e-07
[mg]   it 203  |r|inf=1.472063e-09  r/r0=1.2171e-07
[mg]   it 204  |r|inf=1.443922e-09  r/r0=1.1939e-07
[mg]   it 205  |r|inf=1.408883e-09  r/r0=1.1649e-07
[mg]   it 206  |r|inf=1.367369e-09  r/r0=1.1306e-07
[mg]   it 207  |r|inf=1.319813e-09  r/r0=1.0912e-07
[mg]   it 208  |r|inf=1.266660e-09  r/r0=1.0473e-07
[mg]   it 209  |r|inf=1.208357e-09  r/r0=9.9909e-08
[mg]   it 210  |r|inf=1.209585e-09  r/r0=1.0001e-07
[mg]   it 211  |r|inf=1.211884e-09  r/r0=1.0020e-07
[mg]   it 212  |r|inf=1.208827e-09  r/r0=9.9948e-08
[mg]   it 213  |r|inf=1.284060e-09  r/r0=1.0617e-07
[mg]   it 214  |r|inf=1.357375e-09  r/r0=1.1223e-07
[mg]   it 215  |r|inf=1.424148e-09  r/r0=1.1775e-07
[mg]   it 216  |r|inf=1.484306e-09  r/r0=1.2273e-07
[mg]   it 217  |r|inf=1.537802e-09  r/r0=1.2715e-07
[mg]   it 218  |r|inf=1.584609e-09  r/r0=1.3102e-07
[mg]   it 219  |r|inf=1.624716e-09  r/r0=1.3433e-07
[mg]   it 220  |r|inf=1.658133e-09  r/r0=1.3710e-07
[mg]   it 221  |r|inf=1.684880e-09  r/r0=1.3931e-07
[mg]   it 222  |r|inf=1.704992e-09  r/r0=1.4097e-07
[mg]   it 223  |r|inf=1.718518e-09  r/r0=1.4209e-07
[mg]   it 224  |r|inf=1.725518e-09  r/r0=1.4267e-07
[mg]   it 225  |r|inf=1.726065e-09  r/r0=1.4271e-07
[mg]   it 226  |r|inf=1.720245e-09  r/r0=1.4223e-07
[mg]   it 227  |r|inf=1.708158e-09  r/r0=1.4123e-07
[mg]   it 228  |r|inf=1.689917e-09  r/r0=1.3973e-07
[mg]   it 229  |r|inf=1.665653e-09  r/r0=1.3772e-07
[mg]   it 230  |r|inf=1.635510e-09  r/r0=1.3523e-07
[mg]   it 231  |r|inf=1.599650e-09  r/r0=1.3226e-07
[mg]   it 232  |r|inf=1.558253e-09  r/r0=1.2884e-07
[mg]   it 233  |r|inf=1.511517e-09  r/r0=1.2498e-07
[mg]   it 234  |r|inf=1.459658e-09  r/r0=1.2069e-07
[mg]   it 235  |r|inf=1.450849e-09  r/r0=1.1996e-07
[mg]   it 236  |r|inf=1.451623e-09  r/r0=1.2002e-07
[mg]   it 237  |r|inf=1.447317e-09  r/r0=1.1967e-07
[mg]   it 238  |r|inf=1.438000e-09  r/r0=1.1890e-07
[mg]   it 239  |r|inf=1.423762e-09  r/r0=1.1772e-07
[mg]   it 240  |r|inf=1.404712e-09  r/r0=1.1614e-07
[mg]   it 241  |r|inf=1.380983e-09  r/r0=1.1418e-07
[mg]   it 242  |r|inf=1.352724e-09  r/r0=1.1185e-07
[mg]   it 243  |r|inf=1.320103e-09  r/r0=1.0915e-07
[mg]   it 244  |r|inf=1.302090e-09  r/r0=1.0766e-07
[mg]   it 245  |r|inf=1.327755e-09  r/r0=1.0978e-07
[mg]   it 246  |r|inf=1.348883e-09  r/r0=1.1153e-07
[mg]   it 247  |r|inf=1.365478e-09  r/r0=1.1290e-07
[mg]   it 248  |r|inf=1.377566e-09  r/r0=1.1390e-07
[mg]   it 249  |r|inf=1.385194e-09  r/r0=1.1453e-07
[mg]   it 250  |r|inf=1.388426e-09  r/r0=1.1480e-07
[mg]   it 251  |r|inf=1.387345e-09  r/r0=1.1471e-07
[mg]   it 252  |r|inf=1.382049e-09  r/r0=1.1427e-07
[mg]   it 253  |r|inf=1.372651e-09  r/r0=1.1349e-07
[mg]   it 254  |r|inf=1.359278e-09  r/r0=1.1239e-07
[mg]   it 255  |r|inf=1.342067e-09  r/r0=1.1096e-07
[mg]   it 256  |r|inf=1.321163e-09  r/r0=1.0924e-07
[mg]   it 257  |r|inf=1.296722e-09  r/r0=1.0722e-07
[mg]   it 258  |r|inf=1.268904e-09  r/r0=1.0492e-07
[mg]   it 259  |r|inf=1.237874e-09  r/r0=1.0235e-07
[mg]   it 260  |r|inf=1.203800e-09  r/r0=9.9533e-08
[mg]   it 261  |r|inf=1.166852e-09  r/r0=9.6478e-08
[mg]   it 262  |r|inf=1.127200e-09  r/r0=9.3199e-08
[mg]   it 263  |r|inf=1.117968e-09  r/r0=9.2436e-08
[mg]   it 264  |r|inf=1.122217e-09  r/r0=9.2787e-08
[mg]   it 265  |r|inf=1.123612e-09  r/r0=9.2903e-08
[mg]   it 266  |r|inf=1.122217e-09  r/r0=9.2787e-08
[mg]   it 267  |r|inf=1.162257e-09  r/r0=9.6098e-08
[mg]   it 268  |r|inf=1.216230e-09  r/r0=1.0056e-07
[mg]   it 269  |r|inf=1.266866e-09  r/r0=1.0475e-07
[mg]   it 270  |r|inf=1.314123e-09  r/r0=1.0865e-07
[mg]   it 271  |r|inf=1.357969e-09  r/r0=1.1228e-07
[mg]   it 272  |r|inf=1.398378e-09  r/r0=1.1562e-07
[mg]   it 273  |r|inf=1.435331e-09  r/r0=1.1868e-07
[mg]   it 274  |r|inf=1.468815e-09  r/r0=1.2144e-07
[mg]   it 275  |r|inf=1.498822e-09  r/r0=1.2393e-07
[mg]   it 276  |r|inf=1.525349e-09  r/r0=1.2612e-07
[mg]   it 277  |r|inf=1.548397e-09  r/r0=1.2802e-07
[mg]   it 278  |r|inf=1.567972e-09  r/r0=1.2964e-07
[mg]   it 279  |r|inf=1.584083e-09  r/r0=1.3098e-07
[mg]   it 280  |r|inf=1.596745e-09  r/r0=1.3202e-07
[mg]   it 281  |r|inf=1.605973e-09  r/r0=1.3279e-07
[mg]   it 282  |r|inf=1.611789e-09  r/r0=1.3327e-07
[mg]   it 283  |r|inf=1.614217e-09  r/r0=1.3347e-07
[mg]   it 284  |r|inf=1.613285e-09  r/r0=1.3339e-07
[mg]   it 285  |r|inf=1.609027e-09  r/r0=1.3304e-07
[mg]   it 286  |r|inf=1.601478e-09  r/r0=1.3241e-07
[mg]   it 287  |r|inf=1.590678e-09  r/r0=1.3152e-07
[mg]   it 288  |r|inf=1.576674e-09  r/r0=1.3036e-07
[mg]   it 289  |r|inf=1.559514e-09  r/r0=1.2894e-07
[mg]   it 290  |r|inf=1.539254e-09  r/r0=1.2727e-07
[mg]   it 291  |r|inf=1.515953e-09  r/r0=1.2534e-07
[mg]   it 292  |r|inf=1.489676e-09  r/r0=1.2317e-07
[mg]   it 293  |r|inf=1.460494e-09  r/r0=1.2076e-07
[mg]   it 294  |r|inf=1.428482e-09  r/r0=1.1811e-07
[mg]   it 295  |r|inf=1.393722e-09  r/r0=1.1524e-07
[mg]   it 296  |r|inf=1.360412e-09  r/r0=1.1248e-07
[mg]   it 297  |r|inf=1.364532e-09  r/r0=1.1282e-07
[mg]   it 298  |r|inf=1.365953e-09  r/r0=1.1294e-07
[mg]   it 299  |r|inf=1.364691e-09  r/r0=1.1284e-07
[mg]   it 300  |r|inf=1.360765e-09  r/r0=1.1251e-07
[mg]   it 301  |r|inf=1.354204e-09  r/r0=1.1197e-07
[mg]   it 302  |r|inf=1.345042e-09  r/r0=1.1121e-07
[mg]   it 303  |r|inf=1.333318e-09  r/r0=1.1024e-07
[mg]   it 304  |r|inf=1.319077e-09  r/r0=1.0906e-07
[mg]   it 305  |r|inf=1.302373e-09  r/r0=1.0768e-07
[mg]   it 306  |r|inf=1.283262e-09  r/r0=1.0610e-07
[mg]   it 307  |r|inf=1.261808e-09  r/r0=1.0433e-07
[mg]   it 308  |r|inf=1.238080e-09  r/r0=1.0237e-07
[mg]   it 309  |r|inf=1.232529e-09  r/r0=1.0191e-07
[mg]   it 310  |r|inf=1.251560e-09  r/r0=1.0348e-07
[mg]   it 311  |r|inf=1.268199e-09  r/r0=1.0486e-07
[mg]   it 312  |r|inf=1.282442e-09  r/r0=1.0603e-07
[mg]   it 313  |r|inf=1.294291e-09  r/r0=1.0701e-07
[mg]   it 314  |r|inf=1.303755e-09  r/r0=1.0780e-07
[mg]   it 315  |r|inf=1.310848e-09  r/r0=1.0838e-07
[mg]   it 316  |r|inf=1.315591e-09  r/r0=1.0878e-07
[mg]   it 317  |r|inf=1.318010e-09  r/r0=1.0898e-07
[mg]   it 318  |r|inf=1.318136e-09  r/r0=1.0899e-07
[mg]   it 319  |r|inf=1.316005e-09  r/r0=1.0881e-07
[mg]   it 320  |r|inf=1.311659e-09  r/r0=1.0845e-07
[mg]   it 321  |r|inf=1.305141e-09  r/r0=1.0791e-07
[mg]   it 322  |r|inf=1.296502e-09  r/r0=1.0720e-07
[mg]   it 323  |r|inf=1.285794e-09  r/r0=1.0631e-07
[mg]   it 324  |r|inf=1.273072e-09  r/r0=1.0526e-07
[mg]   it 325  |r|inf=1.258395e-09  r/r0=1.0405e-07
[mg]   it 326  |r|inf=1.241822e-09  r/r0=1.0268e-07
[mg]   it 327  |r|inf=1.223418e-09  r/r0=1.0115e-07
[mg]   it 328  |r|inf=1.203245e-09  r/r0=9.9487e-08
[mg]   it 329  |r|inf=1.181369e-09  r/r0=9.7678e-08
[mg]   it 330  |r|inf=1.157858e-09  r/r0=9.5734e-08
[mg]   it 331  |r|inf=1.132777e-09  r/r0=9.3660e-08
[mg]   it 332  |r|inf=1.106196e-09  r/r0=9.1462e-08
[mg]   it 333  |r|inf=1.078180e-09  r/r0=8.9146e-08
[mg]   it 334  |r|inf=1.065473e-09  r/r0=8.8095e-08
[mg]   it 335  |r|inf=1.069614e-09  r/r0=8.8438e-08
[mg]   it 336  |r|inf=1.072216e-09  r/r0=8.8653e-08
[mg]   it 337  |r|inf=1.073301e-09  r/r0=8.8743e-08
[mg]   it 338  |r|inf=1.072894e-09  r/r0=8.8709e-08
[mg]   it 339  |r|inf=1.078187e-09  r/r0=8.9147e-08
[mg]   it 340  |r|inf=1.118327e-09  r/r0=9.2466e-08
[mg]   it 341  |r|inf=1.156716e-09  r/r0=9.5640e-08
[mg]   it 342  |r|inf=1.193335e-09  r/r0=9.8667e-08
[mg]   it 343  |r|inf=1.228165e-09  r/r0=1.0155e-07
[mg]   it 344  |r|inf=1.261193e-09  r/r0=1.0428e-07
[mg]   it 345  |r|inf=1.292404e-09  r/r0=1.0686e-07
[mg]   it 346  |r|inf=1.321790e-09  r/r0=1.0929e-07
[mg]   it 347  |r|inf=1.349341e-09  r/r0=1.1157e-07
[mg]   it 348  |r|inf=1.375050e-09  r/r0=1.1369e-07
[mg]   it 349  |r|inf=1.398913e-09  r/r0=1.1566e-07
[mg]   it 350  |r|inf=1.420927e-09  r/r0=1.1749e-07
[mg]   it 351  |r|inf=1.441090e-09  r/r0=1.1915e-07
[mg]   it 352  |r|inf=1.459402e-09  r/r0=1.2067e-07
[mg]   it 353  |r|inf=1.475863e-09  r/r0=1.2203e-07
[mg]   it 354  |r|inf=1.490476e-09  r/r0=1.2324e-07
[mg]   it 355  |r|inf=1.503245e-09  r/r0=1.2429e-07
[mg]   it 356  |r|inf=1.514174e-09  r/r0=1.2519e-07
[mg]   it 357  |r|inf=1.523269e-09  r/r0=1.2595e-07
[mg]   it 358  |r|inf=1.530537e-09  r/r0=1.2655e-07
[mg]   it 359  |r|inf=1.535986e-09  r/r0=1.2700e-07
[mg]   it 360  |r|inf=1.539625e-09  r/r0=1.2730e-07
[mg]   it 361  |r|inf=1.541465e-09  r/r0=1.2745e-07
[mg]   it 362  |r|inf=1.541517e-09  r/r0=1.2746e-07
[mg]   it 363  |r|inf=1.539793e-09  r/r0=1.2731e-07
[mg]   it 364  |r|inf=1.536307e-09  r/r0=1.2703e-07
[mg]   it 365  |r|inf=1.531075e-09  r/r0=1.2659e-07
[mg]   it 366  |r|inf=1.524112e-09  r/r0=1.2602e-07
[mg]   it 367  |r|inf=1.515436e-09  r/r0=1.2530e-07
[mg]   it 368  |r|inf=1.505066e-09  r/r0=1.2444e-07
[mg]   it 369  |r|inf=1.493021e-09  r/r0=1.2345e-07
[mg]   it 370  |r|inf=1.479325e-09  r/r0=1.2231e-07
[mg]   it 371  |r|inf=1.463999e-09  r/r0=1.2105e-07
[mg]   it 372  |r|inf=1.447068e-09  r/r0=1.1965e-07
[mg]   it 373  |r|inf=1.428559e-09  r/r0=1.1812e-07
[mg]   it 374  |r|inf=1.408498e-09  r/r0=1.1646e-07
[mg]   it 375  |r|inf=1.386916e-09  r/r0=1.1467e-07
[mg]   it 376  |r|inf=1.363843e-09  r/r0=1.1277e-07
[mg]   it 377  |r|inf=1.339311e-09  r/r0=1.1074e-07
[mg]   it 378  |r|inf=1.313354e-09  r/r0=1.0859e-07
[mg]   it 379  |r|inf=1.296560e-09  r/r0=1.0720e-07
[mg]   it 380  |r|inf=1.299267e-09  r/r0=1.0743e-07
[mg]   it 381  |r|inf=1.300545e-09  r/r0=1.0753e-07
[mg]   it 382  |r|inf=1.300401e-09  r/r0=1.0752e-07
[mg]   it 383  |r|inf=1.298841e-09  r/r0=1.0739e-07
[mg]   it 384  |r|inf=1.295875e-09  r/r0=1.0715e-07
[mg]   it 385  |r|inf=1.291514e-09  r/r0=1.0678e-07
[mg]   it 386  |r|inf=1.285770e-09  r/r0=1.0631e-07
[mg]   it 387  |r|inf=1.278658e-09  r/r0=1.0572e-07
[mg]   it 388  |r|inf=1.270194e-09  r/r0=1.0502e-07
[mg]   it 389  |r|inf=1.260396e-09  r/r0=1.0421e-07
[mg]   it 390  |r|inf=1.249285e-09  r/r0=1.0329e-07
[mg]   it 391  |r|inf=1.236881e-09  r/r0=1.0227e-07
[mg]   it 392  |r|inf=1.223208e-09  r/r0=1.0114e-07
[mg]   it 393  |r|inf=1.208290e-09  r/r0=9.9904e-08
[mg]   it 394  |r|inf=1.192154e-09  r/r0=9.8570e-08
[mg]   it 395  |r|inf=1.174828e-09  r/r0=9.7137e-08
[mg]   it 396  |r|inf=1.170930e-09  r/r0=9.6815e-08
[mg]   it 397  |r|inf=1.184991e-09  r/r0=9.7977e-08
[mg]   it 398  |r|inf=1.197791e-09  r/r0=9.9036e-08
[mg]   it 399  |r|inf=1.209327e-09  r/r0=9.9990e-08
[mg]   it 400  |r|inf=1.219597e-09  r/r0=1.0084e-07
[mg]   it 401  |r|inf=1.228602e-09  r/r0=1.0158e-07
[mg]   it 402  |r|inf=1.236345e-09  r/r0=1.0222e-07
[mg]   it 403  |r|inf=1.242829e-09  r/r0=1.0276e-07
[mg]   it 404  |r|inf=1.248061e-09  r/r0=1.0319e-07
[mg]   it 405  |r|inf=1.252047e-09  r/r0=1.0352e-07
[mg]   it 406  |r|inf=1.254798e-09  r/r0=1.0375e-07
[mg]   it 407  |r|inf=1.256323e-09  r/r0=1.0388e-07
[mg]   it 408  |r|inf=1.256635e-09  r/r0=1.0390e-07
[mg]   it 409  |r|inf=1.255748e-09  r/r0=1.0383e-07
[mg]   it 410  |r|inf=1.253677e-09  r/r0=1.0366e-07
[mg]   it 411  |r|inf=1.250438e-09  r/r0=1.0339e-07
[mg]   it 412  |r|inf=1.246048e-09  r/r0=1.0303e-07
[mg]   it 413  |r|inf=1.240526e-09  r/r0=1.0257e-07
[mg]   it 414  |r|inf=1.233892e-09  r/r0=1.0202e-07
[mg]   it 415  |r|inf=1.226167e-09  r/r0=1.0138e-07
[mg]   it 416  |r|inf=1.217372e-09  r/r0=1.0065e-07
[mg]   it 417  |r|inf=1.207530e-09  r/r0=9.9841e-08
[mg]   it 418  |r|inf=1.196663e-09  r/r0=9.8943e-08
[mg]   it 419  |r|inf=1.184795e-09  r/r0=9.7961e-08
[mg]   it 420  |r|inf=1.171951e-09  r/r0=9.6899e-08
[mg]   it 421  |r|inf=1.158155e-09  r/r0=9.5759e-08
[mg]   it 422  |r|inf=1.143433e-09  r/r0=9.4541e-08
[mg]   it 423  |r|inf=1.127810e-09  r/r0=9.3250e-08
[mg]   it 424  |r|inf=1.111312e-09  r/r0=9.1886e-08
[mg]   it 425  |r|inf=1.093965e-09  r/r0=9.0451e-08
[mg]   it 426  |r|inf=1.075795e-09  r/r0=8.8949e-08
[mg]   it 427  |r|inf=1.056829e-09  r/r0=8.7381e-08
[mg]   it 428  |r|inf=1.037092e-09  r/r0=8.5749e-08
[mg]   it 429  |r|inf=1.020663e-09  r/r0=8.4390e-08
[mg]   it 430  |r|inf=1.024559e-09  r/r0=8.4713e-08
[mg]   it 431  |r|inf=1.027624e-09  r/r0=8.4966e-08
[mg]   it 432  |r|inf=1.029868e-09  r/r0=8.5152e-08
[mg]   it 433  |r|inf=1.031298e-09  r/r0=8.5270e-08
[mg]   it 434  |r|inf=1.031924e-09  r/r0=8.5322e-08
[mg]   it 435  |r|inf=1.031756e-09  r/r0=8.5308e-08
[mg]   it 436  |r|inf=1.032430e-09  r/r0=8.5363e-08
[mg]   it 437  |r|inf=1.061963e-09  r/r0=8.7805e-08
[mg]   it 438  |r|inf=1.090573e-09  r/r0=9.0171e-08
[mg]   it 439  |r|inf=1.118252e-09  r/r0=9.2459e-08
[mg]   it 440  |r|inf=1.144990e-09  r/r0=9.4670e-08
[mg]   it 441  |r|inf=1.170781e-09  r/r0=9.6803e-08
[mg]   it 442  |r|inf=1.195616e-09  r/r0=9.8856e-08
[mg]   it 443  |r|inf=1.219491e-09  r/r0=1.0083e-07
[mg]   it 444  |r|inf=1.242398e-09  r/r0=1.0272e-07
[mg]   it 445  |r|inf=1.264334e-09  r/r0=1.0454e-07
[mg]   it 446  |r|inf=1.285294e-09  r/r0=1.0627e-07
[mg]   it 447  |r|inf=1.305274e-09  r/r0=1.0792e-07
[mg]   it 448  |r|inf=1.324270e-09  r/r0=1.0949e-07
[mg]   it 449  |r|inf=1.342282e-09  r/r0=1.1098e-07
[mg]   it 450  |r|inf=1.359305e-09  r/r0=1.1239e-07
[mg]   it 451  |r|inf=1.375340e-09  r/r0=1.1372e-07
[mg]   it 452  |r|inf=1.390383e-09  r/r0=1.1496e-07
[mg]   it 453  |r|inf=1.404436e-09  r/r0=1.1612e-07
[mg]   it 454  |r|inf=1.417496e-09  r/r0=1.1720e-07
[mg]   it 455  |r|inf=1.429565e-09  r/r0=1.1820e-07
[mg]   it 456  |r|inf=1.440643e-09  r/r0=1.1912e-07
[mg]   it 457  |r|inf=1.450730e-09  r/r0=1.1995e-07
[mg]   it 458  |r|inf=1.459828e-09  r/r0=1.2070e-07
[mg]   it 459  |r|inf=1.467939e-09  r/r0=1.2137e-07
[mg]   it 460  |r|inf=1.475063e-09  r/r0=1.2196e-07
[mg]   it 461  |r|inf=1.481204e-09  r/r0=1.2247e-07
[mg]   it 462  |r|inf=1.486364e-09  r/r0=1.2290e-07
[mg]   it 463  |r|inf=1.490546e-09  r/r0=1.2324e-07
[mg]   it 464  |r|inf=1.493754e-09  r/r0=1.2351e-07
[mg]   it 465  |r|inf=1.495990e-09  r/r0=1.2369e-07
[mg]   it 466  |r|inf=1.497259e-09  r/r0=1.2380e-07
[mg]   it 467  |r|inf=1.497565e-09  r/r0=1.2382e-07
[mg]   it 468  |r|inf=1.496912e-09  r/r0=1.2377e-07
[mg]   it 469  |r|inf=1.495307e-09  r/r0=1.2364e-07
[mg]   it 470  |r|inf=1.492754e-09  r/r0=1.2342e-07
[mg]   it 471  |r|inf=1.489260e-09  r/r0=1.2314e-07
[mg]   it 472  |r|inf=1.484829e-09  r/r0=1.2277e-07
[mg]   it 473  |r|inf=1.479470e-09  r/r0=1.2233e-07
[mg]   it 474  |r|inf=1.473188e-09  r/r0=1.2181e-07
[mg]   it 475  |r|inf=1.465991e-09  r/r0=1.2121e-07
[mg]   it 476  |r|inf=1.457888e-09  r/r0=1.2054e-07
[mg]   it 477  |r|inf=1.448886e-09  r/r0=1.1980e-07
[mg]   it 478  |r|inf=1.438994e-09  r/r0=1.1898e-07
[mg]   it 479  |r|inf=1.428222e-09  r/r0=1.1809e-07
[mg]   it 480  |r|inf=1.416578e-09  r/r0=1.1713e-07
[mg]   it 481  |r|inf=1.404073e-09  r/r0=1.1609e-07
[mg]   it 482  |r|inf=1.390718e-09  r/r0=1.1499e-07
[mg]   it 483  |r|inf=1.376523e-09  r/r0=1.1381e-07
[mg]   it 484  |r|inf=1.361499e-09  r/r0=1.1257e-07
[mg]   it 485  |r|inf=1.345660e-09  r/r0=1.1126e-07
[mg]   it 486  |r|inf=1.329017e-09  r/r0=1.0989e-07
[mg]   it 487  |r|inf=1.311583e-09  r/r0=1.0844e-07
[mg]   it 488  |r|inf=1.293372e-09  r/r0=1.0694e-07
[mg]   it 489  |r|inf=1.274398e-09  r/r0=1.0537e-07
[mg]   it 490  |r|inf=1.262338e-09  r/r0=1.0437e-07
[mg]   it 491  |r|inf=1.264532e-09  r/r0=1.0455e-07
[mg]   it 492  |r|inf=1.265954e-09  r/r0=1.0467e-07
[mg]   it 493  |r|inf=1.266609e-09  r/r0=1.0473e-07
[mg]   it 494  |r|inf=1.266496e-09  r/r0=1.0472e-07
[mg]   it 495  |r|inf=1.265620e-09  r/r0=1.0464e-07
[mg]   it 496  |r|inf=1.263984e-09  r/r0=1.0451e-07
[mg]   it 497  |r|inf=1.261592e-09  r/r0=1.0431e-07
[mg]   it 498  |r|inf=1.258447e-09  r/r0=1.0405e-07
[mg]   it 499  |r|inf=1.254557e-09  r/r0=1.0373e-07
[mg]   it 500  |r|inf=1.249925e-09  r/r0=1.0335e-07
[mg]   it 501  |r|inf=1.244558e-09  r/r0=1.0290e-07
[mg]   it 502  |r|inf=1.238462e-09  r/r0=1.0240e-07
[mg]   it 503  |r|inf=1.231646e-09  r/r0=1.0183e-07
[mg]   it 504  |r|inf=1.224116e-09  r/r0=1.0121e-07
[mg]   it 505  |r|inf=1.215881e-09  r/r0=1.0053e-07
[mg]   it 506  |r|inf=1.206949e-09  r/r0=9.9793e-08
[mg]   it 507  |r|inf=1.197330e-09  r/r0=9.8998e-08
[mg]   it 508  |r|inf=1.187034e-09  r/r0=9.8146e-08
[mg]   it 509  |r|inf=1.176070e-09  r/r0=9.7240e-08
[mg]   it 510  |r|inf=1.164449e-09  r/r0=9.6279e-08
[mg]   it 511  |r|inf=1.152183e-09  r/r0=9.5265e-08
[mg]   it 512  |r|inf=1.139283e-09  r/r0=9.4198e-08
[mg]   it 513  |r|inf=1.138920e-09  r/r0=9.4168e-08
[mg]   it 514  |r|inf=1.149157e-09  r/r0=9.5015e-08
[mg]   it 515  |r|inf=1.158718e-09  r/r0=9.5805e-08
[mg]   it 516  |r|inf=1.167600e-09  r/r0=9.6540e-08
[mg]   it 517  |r|inf=1.175803e-09  r/r0=9.7218e-08
[mg]   it 518  |r|inf=1.183326e-09  r/r0=9.7840e-08
[mg]   it 519  |r|inf=1.190169e-09  r/r0=9.8406e-08
[mg]   it 520  |r|inf=1.196333e-09  r/r0=9.8915e-08
[mg]   it 521  |r|inf=1.201819e-09  r/r0=9.9369e-08
[mg]   it 522  |r|inf=1.206629e-09  r/r0=9.9767e-08
[mg]   it 523  |r|inf=1.210764e-09  r/r0=1.0011e-07
[mg]   it 524  |r|inf=1.214228e-09  r/r0=1.0039e-07
[mg]   it 525  |r|inf=1.217024e-09  r/r0=1.0063e-07
[mg]   it 526  |r|inf=1.219155e-09  r/r0=1.0080e-07
[mg]   it 527  |r|inf=1.220626e-09  r/r0=1.0092e-07
[mg]   it 528  |r|inf=1.221441e-09  r/r0=1.0099e-07
[mg]   it 529  |r|inf=1.221605e-09  r/r0=1.0100e-07
[mg]   it 530  |r|inf=1.221124e-09  r/r0=1.0097e-07
[mg]   it 531  |r|inf=1.220004e-09  r/r0=1.0087e-07
[mg]   it 532  |r|inf=1.218250e-09  r/r0=1.0073e-07
[mg]   it 533  |r|inf=1.215870e-09  r/r0=1.0053e-07
[mg]   it 534  |r|inf=1.212870e-09  r/r0=1.0028e-07
[mg]   it 535  |r|inf=1.209258e-09  r/r0=9.9984e-08
[mg]   it 536  |r|inf=1.205042e-09  r/r0=9.9635e-08
[mg]   it 537  |r|inf=1.200229e-09  r/r0=9.9237e-08
[mg]   it 538  |r|inf=1.194828e-09  r/r0=9.8791e-08
[mg]   it 539  |r|inf=1.188846e-09  r/r0=9.8296e-08
[mg]   it 540  |r|inf=1.182294e-09  r/r0=9.7754e-08
[mg]   it 541  |r|inf=1.175179e-09  r/r0=9.7166e-08
[mg]   it 542  |r|inf=1.167512e-09  r/r0=9.6532e-08
[mg]   it 543  |r|inf=1.159301e-09  r/r0=9.5853e-08
[mg]   it 544  |r|inf=1.150556e-09  r/r0=9.5130e-08
[mg]   it 545  |r|inf=1.141287e-09  r/r0=9.4364e-08
[mg]   it 546  |r|inf=1.131504e-09  r/r0=9.3555e-08
[mg]   it 547  |r|inf=1.121216e-09  r/r0=9.2704e-08
[mg]   it 548  |r|inf=1.110434e-09  r/r0=9.1813e-08
[mg]   it 549  |r|inf=1.099167e-09  r/r0=9.0881e-08
[mg]   it 550  |r|inf=1.087428e-09  r/r0=8.9911e-08
[mg]   it 551  |r|inf=1.075224e-09  r/r0=8.8902e-08
[mg]   it 552  |r|inf=1.062568e-09  r/r0=8.7855e-08
[mg]   it 553  |r|inf=1.049470e-09  r/r0=8.6772e-08
[mg]   it 554  |r|inf=1.035939e-09  r/r0=8.5654e-08
[mg]   it 555  |r|inf=1.021987e-09  r/r0=8.4500e-08
[mg]   it 556  |r|inf=1.007624e-09  r/r0=8.3312e-08
[mg]   it 557  |r|inf=9.928613e-10  r/r0=8.2092e-08
[mg]   it 558  |r|inf=9.945609e-10  r/r0=8.2232e-08
[mg]   it 559  |r|inf=9.972140e-10  r/r0=8.2452e-08
[mg]   it 560  |r|inf=9.994216e-10  r/r0=8.2634e-08
[mg]   it 561  |r|inf=1.001187e-09  r/r0=8.2780e-08
[mg]   it 562  |r|inf=1.002513e-09  r/r0=8.2890e-08
[mg]   it 563  |r|inf=1.003405e-09  r/r0=8.2964e-08
[mg]   it 564  |r|inf=1.003864e-09  r/r0=8.3002e-08
[mg]   it 565  |r|inf=1.003896e-09  r/r0=8.3004e-08
[mg]   it 566  |r|inf=1.003504e-09  r/r0=8.2972e-08
[mg]   it 567  |r|inf=1.011837e-09  r/r0=8.3661e-08
[mg]   it 568  |r|inf=1.033299e-09  r/r0=8.5435e-08
[mg]   it 569  |r|inf=1.054265e-09  r/r0=8.7169e-08
[mg]   it 570  |r|inf=1.074732e-09  r/r0=8.8861e-08
[mg]   it 571  |r|inf=1.094696e-09  r/r0=9.0512e-08
[mg]   it 572  |r|inf=1.114153e-09  r/r0=9.2120e-08
[mg]   it 573  |r|inf=1.133101e-09  r/r0=9.3687e-08
[mg]   it 574  |r|inf=1.151536e-09  r/r0=9.5211e-08
[mg]   it 575  |r|inf=1.169455e-09  r/r0=9.6693e-08
[mg]   it 576  |r|inf=1.186857e-09  r/r0=9.8132e-08
[mg]   it 577  |r|inf=1.203739e-09  r/r0=9.9528e-08
[mg]   it 578  |r|inf=1.220098e-09  r/r0=1.0088e-07
[mg]   it 579  |r|inf=1.235933e-09  r/r0=1.0219e-07
[mg]   it 580  |r|inf=1.251242e-09  r/r0=1.0346e-07
[mg]   it 581  |r|inf=1.266024e-09  r/r0=1.0468e-07
[mg]   it 582  |r|inf=1.280277e-09  r/r0=1.0586e-07
[mg]   it 583  |r|inf=1.294000e-09  r/r0=1.0699e-07
[mg]   it 584  |r|inf=1.307191e-09  r/r0=1.0808e-07
[mg]   it 585  |r|inf=1.319851e-09  r/r0=1.0913e-07
[mg]   it 586  |r|inf=1.331977e-09  r/r0=1.1013e-07
[mg]   it 587  |r|inf=1.343570e-09  r/r0=1.1109e-07
[mg]   it 588  |r|inf=1.354629e-09  r/r0=1.1200e-07
[mg]   it 589  |r|inf=1.365154e-09  r/r0=1.1287e-07
[mg]   it 590  |r|inf=1.375144e-09  r/r0=1.1370e-07
[mg]   it 591  |r|inf=1.384598e-09  r/r0=1.1448e-07
[mg]   it 592  |r|inf=1.393519e-09  r/r0=1.1522e-07
[mg]   it 593  |r|inf=1.401904e-09  r/r0=1.1591e-07
[mg]   it 594  |r|inf=1.409755e-09  r/r0=1.1656e-07
[mg]   it 595  |r|inf=1.417072e-09  r/r0=1.1717e-07
[mg]   it 596  |r|inf=1.423854e-09  r/r0=1.1773e-07
[mg]   it 597  |r|inf=1.430104e-09  r/r0=1.1824e-07
[mg]   it 598  |r|inf=1.435821e-09  r/r0=1.1872e-07
[mg]   it 599  |r|inf=1.441007e-09  r/r0=1.1915e-07
[mg]   it 600  |r|inf=1.445661e-09  r/r0=1.1953e-07
[mg]   it 601  |r|inf=1.449785e-09  r/r0=1.1987e-07
[mg]   it 602  |r|inf=1.453381e-09  r/r0=1.2017e-07
[mg]   it 603  |r|inf=1.456449e-09  r/r0=1.2042e-07
[mg]   it 604  |r|inf=1.458990e-09  r/r0=1.2063e-07
[mg]   it 605  |r|inf=1.461006e-09  r/r0=1.2080e-07
[mg]   it 606  |r|inf=1.462499e-09  r/r0=1.2092e-07
[mg]   it 607  |r|inf=1.463470e-09  r/r0=1.2100e-07
[mg]   it 608  |r|inf=1.463920e-09  r/r0=1.2104e-07
[mg]   it 609  |r|inf=1.463852e-09  r/r0=1.2103e-07
[mg]   it 610  |r|inf=1.463267e-09  r/r0=1.2099e-07
[mg]   it 611  |r|inf=1.462168e-09  r/r0=1.2089e-07
[mg]   it 612  |r|inf=1.460556e-09  r/r0=1.2076e-07
[mg]   it 613  |r|inf=1.458434e-09  r/r0=1.2059e-07
[mg]   it 614  |r|inf=1.455805e-09  r/r0=1.2037e-07
[mg]   it 615  |r|inf=1.452670e-09  r/r0=1.2011e-07
[mg]   it 616  |r|inf=1.449032e-09  r/r0=1.1981e-07
[mg]   it 617  |r|inf=1.444895e-09  r/r0=1.1947e-07
[mg]   it 618  |r|inf=1.440260e-09  r/r0=1.1908e-07
[mg]   it 619  |r|inf=1.435131e-09  r/r0=1.1866e-07
[mg]   it 620  |r|inf=1.429511e-09  r/r0=1.1819e-07
[mg]   it 621  |r|inf=1.423404e-09  r/r0=1.1769e-07
[mg]   it 622  |r|inf=1.416812e-09  r/r0=1.1714e-07
[mg]   it 623  |r|inf=1.409739e-09  r/r0=1.1656e-07
[mg]   it 624  |r|inf=1.402188e-09  r/r0=1.1594e-07
[mg]   it 625  |r|inf=1.394164e-09  r/r0=1.1527e-07
[mg]   it 626  |r|inf=1.385671e-09  r/r0=1.1457e-07
[mg]   it 627  |r|inf=1.376711e-09  r/r0=1.1383e-07
[mg]   it 628  |r|inf=1.367291e-09  r/r0=1.1305e-07
[mg]   it 629  |r|inf=1.357413e-09  r/r0=1.1223e-07
[mg]   it 630  |r|inf=1.347083e-09  r/r0=1.1138e-07
[mg]   it 631  |r|inf=1.336304e-09  r/r0=1.1049e-07
[mg]   it 632  |r|inf=1.325083e-09  r/r0=1.0956e-07
[mg]   it 633  |r|inf=1.313423e-09  r/r0=1.0860e-07
[mg]   it 634  |r|inf=1.301329e-09  r/r0=1.0760e-07
[mg]   it 635  |r|inf=1.288808e-09  r/r0=1.0656e-07
[mg]   it 636  |r|inf=1.275864e-09  r/r0=1.0549e-07
[mg]   it 637  |r|inf=1.262502e-09  r/r0=1.0439e-07
[mg]   it 638  |r|inf=1.248729e-09  r/r0=1.0325e-07
[mg]   it 639  |r|inf=1.235438e-09  r/r0=1.0215e-07
[mg]   it 640  |r|inf=1.237284e-09  r/r0=1.0230e-07
[mg]   it 641  |r|inf=1.238713e-09  r/r0=1.0242e-07
[mg]   it 642  |r|inf=1.239726e-09  r/r0=1.0250e-07
[mg]   it 643  |r|inf=1.240323e-09  r/r0=1.0255e-07
[mg]   it 644  |r|inf=1.240505e-09  r/r0=1.0257e-07
[mg]   it 645  |r|inf=1.240274e-09  r/r0=1.0255e-07
[mg]   it 646  |r|inf=1.239630e-09  r/r0=1.0250e-07
[mg]   it 647  |r|inf=1.238575e-09  r/r0=1.0241e-07
[mg]   it 648  |r|inf=1.237111e-09  r/r0=1.0229e-07
[mg]   it 649  |r|inf=1.235238e-09  r/r0=1.0213e-07
[mg]   it 650  |r|inf=1.232959e-09  r/r0=1.0194e-07
[mg]   it 651  |r|inf=1.230277e-09  r/r0=1.0172e-07
[mg]   it 652  |r|inf=1.227192e-09  r/r0=1.0147e-07
[mg]   it 653  |r|inf=1.223708e-09  r/r0=1.0118e-07
[mg]   it 654  |r|inf=1.219827e-09  r/r0=1.0086e-07
[mg]   it 655  |r|inf=1.215552e-09  r/r0=1.0050e-07
[mg]   it 656  |r|inf=1.210885e-09  r/r0=1.0012e-07
[mg]   it 657  |r|inf=1.205830e-09  r/r0=9.9700e-08
[mg]   it 658  |r|inf=1.200389e-09  r/r0=9.9251e-08
[mg]   it 659  |r|inf=1.194565e-09  r/r0=9.8769e-08
[mg]   it 660  |r|inf=1.188364e-09  r/r0=9.8256e-08
[mg]   it 661  |r|inf=1.181787e-09  r/r0=9.7713e-08
[mg]   it 662  |r|inf=1.174838e-09  r/r0=9.7138e-08
[mg]   it 663  |r|inf=1.167522e-09  r/r0=9.6533e-08
[mg]   it 664  |r|inf=1.159843e-09  r/r0=9.5898e-08
[mg]   it 665  |r|inf=1.151804e-09  r/r0=9.5234e-08
[mg]   it 666  |r|inf=1.143410e-09  r/r0=9.4539e-08
[mg]   it 667  |r|inf=1.134666e-09  r/r0=9.3816e-08
[mg]   it 668  |r|inf=1.125576e-09  r/r0=9.3065e-08
[mg]   it 669  |r|inf=1.116144e-09  r/r0=9.2285e-08
[mg]   it 670  |r|inf=1.111012e-09  r/r0=9.1861e-08
[mg]   it 671  |r|inf=1.118619e-09  r/r0=9.2490e-08
[mg]   it 672  |r|inf=1.125862e-09  r/r0=9.3089e-08
[mg]   it 673  |r|inf=1.132739e-09  r/r0=9.3657e-08
[mg]   it 674  |r|inf=1.139251e-09  r/r0=9.4196e-08
[mg]   it 675  |r|inf=1.145397e-09  r/r0=9.4704e-08
[mg]   it 676  |r|inf=1.151177e-09  r/r0=9.5182e-08
[mg]   it 677  |r|inf=1.156590e-09  r/r0=9.5629e-08
[mg]   it 678  |r|inf=1.161636e-09  r/r0=9.6046e-08
[mg]   it 679  |r|inf=1.166316e-09  r/r0=9.6433e-08
[mg]   it 680  |r|inf=1.170630e-09  r/r0=9.6790e-08
[mg]   it 681  |r|inf=1.174579e-09  r/r0=9.7117e-08
[mg]   it 682  |r|inf=1.178163e-09  r/r0=9.7413e-08
[mg]   it 683  |r|inf=1.181384e-09  r/r0=9.7679e-08
[mg]   it 684  |r|inf=1.184241e-09  r/r0=9.7915e-08
[mg]   it 685  |r|inf=1.186737e-09  r/r0=9.8122e-08
[mg]   it 686  |r|inf=1.188872e-09  r/r0=9.8298e-08
[mg]   it 687  |r|inf=1.190648e-09  r/r0=9.8445e-08
[mg]   it 688  |r|inf=1.192066e-09  r/r0=9.8562e-08
[mg]   it 689  |r|inf=1.193129e-09  r/r0=9.8650e-08
[mg]   it 690  |r|inf=1.193838e-09  r/r0=9.8709e-08
[mg]   it 691  |r|inf=1.194195e-09  r/r0=9.8738e-08
[mg]   it 692  |r|inf=1.194202e-09  r/r0=9.8739e-08
[mg]   it 693  |r|inf=1.193861e-09  r/r0=9.8711e-08
[mg]   it 694  |r|inf=1.193175e-09  r/r0=9.8654e-08
[mg]   it 695  |r|inf=1.192146e-09  r/r0=9.8569e-08
[mg]   it 696  |r|inf=1.190777e-09  r/r0=9.8456e-08
[mg]   it 697  |r|inf=1.189071e-09  r/r0=9.8315e-08
[mg]   it 698  |r|inf=1.187029e-09  r/r0=9.8146e-08
[mg]   it 699  |r|inf=1.184656e-09  r/r0=9.7950e-08
[mg]   it 700  |r|inf=1.181954e-09  r/r0=9.7726e-08
[mg]   it 701  |r|inf=1.178926e-09  r/r0=9.7476e-08
[mg]   it 702  |r|inf=1.175575e-09  r/r0=9.7199e-08
[mg]   it 703  |r|inf=1.171905e-09  r/r0=9.6895e-08
[mg]   it 704  |r|inf=1.167919e-09  r/r0=9.6566e-08
[mg]   it 705  |r|inf=1.163620e-09  r/r0=9.6210e-08
[mg]   it 706  |r|inf=1.159012e-09  r/r0=9.5829e-08
[mg]   it 707  |r|inf=1.154098e-09  r/r0=9.5423e-08
[mg]   it 708  |r|inf=1.148883e-09  r/r0=9.4992e-08
[mg]   it 709  |r|inf=1.143369e-09  r/r0=9.4536e-08
[mg]   it 710  |r|inf=1.137561e-09  r/r0=9.4056e-08
[mg]   it 711  |r|inf=1.131461e-09  r/r0=9.3552e-08
[mg]   it 712  |r|inf=1.125075e-09  r/r0=9.3024e-08
[mg]   it 713  |r|inf=1.118406e-09  r/r0=9.2472e-08
[mg]   it 714  |r|inf=1.111459e-09  r/r0=9.1898e-08
[mg]   it 715  |r|inf=1.104235e-09  r/r0=9.1300e-08
[mg]   it 716  |r|inf=1.096741e-09  r/r0=9.0681e-08
[mg]   it 717  |r|inf=1.088980e-09  r/r0=9.0039e-08
[mg]   it 718  |r|inf=1.080956e-09  r/r0=8.9376e-08
[mg]   it 719  |r|inf=1.072674e-09  r/r0=8.8691e-08
[mg]   it 720  |r|inf=1.064136e-09  r/r0=8.7985e-08
[mg]   it 721  |r|inf=1.055349e-09  r/r0=8.7258e-08
[mg]   it 722  |r|inf=1.046314e-09  r/r0=8.6511e-08
[mg]   it 723  |r|inf=1.037038e-09  r/r0=8.5744e-08
[mg]   it 724  |r|inf=1.027524e-09  r/r0=8.4958e-08
[mg]   it 725  |r|inf=1.017776e-09  r/r0=8.4152e-08
[mg]   it 726  |r|inf=1.007798e-09  r/r0=8.3327e-08
[mg]   it 727  |r|inf=9.975953e-10  r/r0=8.2483e-08
[mg]   it 728  |r|inf=9.871714e-10  r/r0=8.1621e-08
[mg]   it 729  |r|inf=9.765305e-10  r/r0=8.0742e-08
[mg]   it 730  |r|inf=9.694082e-10  r/r0=8.0153e-08
[mg]   it 731  |r|inf=9.716274e-10  r/r0=8.0336e-08
[mg]   it 732  |r|inf=9.736048e-10  r/r0=8.0500e-08
[mg]   it 733  |r|inf=9.753419e-10  r/r0=8.0643e-08
[mg]   it 734  |r|inf=9.768397e-10  r/r0=8.0767e-08
[mg]   it 735  |r|inf=9.780998e-10  r/r0=8.0871e-08
[mg]   it 736  |r|inf=9.791234e-10  r/r0=8.0956e-08
[mg]   it 737  |r|inf=9.799119e-10  r/r0=8.1021e-08
[mg]   it 738  |r|inf=9.804669e-10  r/r0=8.1067e-08
[mg]   it 739  |r|inf=9.807898e-10  r/r0=8.1094e-08
[mg]   it 740  |r|inf=9.808821e-10  r/r0=8.1101e-08
[mg]   it 741  |r|inf=9.807454e-10  r/r0=8.1090e-08
[mg]   it 742  |r|inf=9.803813e-10  r/r0=8.1060e-08
[mg]   it 743  |r|inf=9.880854e-10  r/r0=8.1697e-08
[mg]   it 744  |r|inf=1.003797e-09  r/r0=8.2996e-08
[mg]   it 745  |r|inf=1.019241e-09  r/r0=8.4273e-08
[mg]   it 746  |r|inf=1.034418e-09  r/r0=8.5528e-08
[mg]   it 747  |r|inf=1.049325e-09  r/r0=8.6760e-08
[mg]   it 748  |r|inf=1.063961e-09  r/r0=8.7970e-08
[mg]   it 749  |r|inf=1.078324e-09  r/r0=8.9158e-08
[mg]   it 750  |r|inf=1.092413e-09  r/r0=9.0323e-08
[mg]   it 751  |r|inf=1.106228e-09  r/r0=9.1465e-08
[mg]   it 752  |r|inf=1.119766e-09  r/r0=9.2584e-08
[mg]   it 753  |r|inf=1.133026e-09  r/r0=9.3681e-08
[mg]   it 754  |r|inf=1.146008e-09  r/r0=9.4754e-08
[mg]   it 755  |r|inf=1.158711e-09  r/r0=9.5805e-08
[mg]   it 756  |r|inf=1.171133e-09  r/r0=9.6832e-08
[mg]   it 757  |r|inf=1.183274e-09  r/r0=9.7835e-08
[mg]   it 758  |r|inf=1.195133e-09  r/r0=9.8816e-08
[mg]   it 759  |r|inf=1.206708e-09  r/r0=9.9773e-08
[mg]   it 760  |r|inf=1.218000e-09  r/r0=1.0071e-07
[mg]   it 761  |r|inf=1.229008e-09  r/r0=1.0162e-07
[mg]   it 762  |r|inf=1.239731e-09  r/r0=1.0250e-07
[mg]   it 763  |r|inf=1.250169e-09  r/r0=1.0337e-07
[mg]   it 764  |r|inf=1.260321e-09  r/r0=1.0421e-07
[mg]   it 765  |r|inf=1.270186e-09  r/r0=1.0502e-07
[mg]   it 766  |r|inf=1.279764e-09  r/r0=1.0581e-07
[mg]   it 767  |r|inf=1.289056e-09  r/r0=1.0658e-07
[mg]   it 768  |r|inf=1.298059e-09  r/r0=1.0733e-07
[mg]   it 769  |r|inf=1.306775e-09  r/r0=1.0805e-07
[mg]   it 770  |r|inf=1.315203e-09  r/r0=1.0874e-07
[mg]   it 771  |r|inf=1.323342e-09  r/r0=1.0942e-07
[mg]   it 772  |r|inf=1.331193e-09  r/r0=1.1007e-07
[mg]   it 773  |r|inf=1.338756e-09  r/r0=1.1069e-07
[mg]   it 774  |r|inf=1.346030e-09  r/r0=1.1129e-07
[mg]   it 775  |r|inf=1.353015e-09  r/r0=1.1187e-07
[mg]   it 776  |r|inf=1.359711e-09  r/r0=1.1242e-07
[mg]   it 777  |r|inf=1.366119e-09  r/r0=1.1295e-07
[mg]   it 778  |r|inf=1.372238e-09  r/r0=1.1346e-07
[mg]   it 779  |r|inf=1.378068e-09  r/r0=1.1394e-07
[mg]   it 780  |r|inf=1.383610e-09  r/r0=1.1440e-07
[mg]   it 781  |r|inf=1.388863e-09  r/r0=1.1483e-07
[mg]   it 782  |r|inf=1.393829e-09  r/r0=1.1524e-07
[mg]   it 783  |r|inf=1.398506e-09  r/r0=1.1563e-07
[mg]   it 784  |r|inf=1.402896e-09  r/r0=1.1599e-07
[mg]   it 785  |r|inf=1.406998e-09  r/r0=1.1633e-07
[mg]   it 786  |r|inf=1.410813e-09  r/r0=1.1665e-07
[mg]   it 787  |r|inf=1.414341e-09  r/r0=1.1694e-07
[mg]   it 788  |r|inf=1.417583e-09  r/r0=1.1721e-07
[mg]   it 789  |r|inf=1.420539e-09  r/r0=1.1745e-07
[mg]   it 790  |r|inf=1.423209e-09  r/r0=1.1767e-07
[mg]   it 791  |r|inf=1.425594e-09  r/r0=1.1787e-07
[mg]   it 792  |r|inf=1.427695e-09  r/r0=1.1804e-07
[mg]   it 793  |r|inf=1.429511e-09  r/r0=1.1819e-07
[mg]   it 794  |r|inf=1.431044e-09  r/r0=1.1832e-07
[mg]   it 795  |r|inf=1.432294e-09  r/r0=1.1842e-07
[mg]   it 796  |r|inf=1.433261e-09  r/r0=1.1850e-07
[mg]   it 797  |r|inf=1.433947e-09  r/r0=1.1856e-07
[mg]   it 798  |r|inf=1.434352e-09  r/r0=1.1860e-07
[mg]   it 799  |r|inf=1.434477e-09  r/r0=1.1861e-07
[mg]   it 800  |r|inf=1.434321e-09  r/r0=1.1859e-07
[mg]   it 801  |r|inf=1.433888e-09  r/r0=1.1856e-07
[mg]   it 802  |r|inf=1.433176e-09  r/r0=1.1850e-07
[mg]   it 803  |r|inf=1.432187e-09  r/r0=1.1842e-07
[mg]   it 804  |r|inf=1.430922e-09  r/r0=1.1831e-07
[mg]   it 805  |r|inf=1.429381e-09  r/r0=1.1818e-07
[mg]   it 806  |r|inf=1.427566e-09  r/r0=1.1803e-07
[mg]   it 807  |r|inf=1.425478e-09  r/r0=1.1786e-07
[mg]   it 808  |r|inf=1.423117e-09  r/r0=1.1767e-07
[mg]   it 809  |r|inf=1.420485e-09  r/r0=1.1745e-07
[mg]   it 810  |r|inf=1.417583e-09  r/r0=1.1721e-07
[mg]   it 811  |r|inf=1.414411e-09  r/r0=1.1695e-07
[mg]   it 812  |r|inf=1.410972e-09  r/r0=1.1666e-07
[mg]   it 813  |r|inf=1.407266e-09  r/r0=1.1636e-07
[mg]   it 814  |r|inf=1.403294e-09  r/r0=1.1603e-07
[mg]   it 815  |r|inf=1.399058e-09  r/r0=1.1568e-07
[mg]   it 816  |r|inf=1.394560e-09  r/r0=1.1531e-07
[mg]   it 817  |r|inf=1.389799e-09  r/r0=1.1491e-07
[mg]   it 818  |r|inf=1.384779e-09  r/r0=1.1450e-07
[mg]   it 819  |r|inf=1.379499e-09  r/r0=1.1406e-07
[mg]   it 820  |r|inf=1.373963e-09  r/r0=1.1360e-07
[mg]   it 821  |r|inf=1.368170e-09  r/r0=1.1312e-07
[mg]   it 822  |r|inf=1.362124e-09  r/r0=1.1262e-07
[mg]   it 823  |r|inf=1.355825e-09  r/r0=1.1210e-07
[mg]   it 824  |r|inf=1.349275e-09  r/r0=1.1156e-07
[mg]   it 825  |r|inf=1.342475e-09  r/r0=1.1100e-07
[mg]   it 826  |r|inf=1.335428e-09  r/r0=1.1042e-07
[mg]   it 827  |r|inf=1.328136e-09  r/r0=1.0981e-07
[mg]   it 828  |r|inf=1.320599e-09  r/r0=1.0919e-07
[mg]   it 829  |r|inf=1.312820e-09  r/r0=1.0855e-07
[mg]   it 830  |r|inf=1.304801e-09  r/r0=1.0788e-07
[mg]   it 831  |r|inf=1.296543e-09  r/r0=1.0720e-07
[mg]   it 832  |r|inf=1.288049e-09  r/r0=1.0650e-07
[mg]   it 833  |r|inf=1.279321e-09  r/r0=1.0578e-07
[mg]   it 834  |r|inf=1.270361e-09  r/r0=1.0504e-07
[mg]   it 835  |r|inf=1.261170e-09  r/r0=1.0428e-07
[mg]   it 836  |r|inf=1.251752e-09  r/r0=1.0350e-07
[mg]   it 837  |r|inf=1.242107e-09  r/r0=1.0270e-07
[mg]   it 838  |r|inf=1.232239e-09  r/r0=1.0188e-07
[mg]   it 839  |r|inf=1.222150e-09  r/r0=1.0105e-07
[mg]   it 840  |r|inf=1.211842e-09  r/r0=1.0020e-07
[mg]   it 841  |r|inf=1.213235e-09  r/r0=1.0031e-07
[mg]   it 842  |r|inf=1.214411e-09  r/r0=1.0041e-07
[mg]   it 843  |r|inf=1.215362e-09  r/r0=1.0049e-07
[mg]   it 844  |r|inf=1.216088e-09  r/r0=1.0055e-07
[mg]   it 845  |r|inf=1.216589e-09  r/r0=1.0059e-07
[mg]   it 846  |r|inf=1.216867e-09  r/r0=1.0061e-07
[mg]   it 847  |r|inf=1.216920e-09  r/r0=1.0062e-07
[mg]   it 848  |r|inf=1.216749e-09  r/r0=1.0060e-07
[mg]   it 849  |r|inf=1.216356e-09  r/r0=1.0057e-07
[mg]   it 850  |r|inf=1.215741e-09  r/r0=1.0052e-07
[mg]   it 851  |r|inf=1.214903e-09  r/r0=1.0045e-07
[mg]   it 852  |r|inf=1.213844e-09  r/r0=1.0036e-07
[mg]   it 853  |r|inf=1.212565e-09  r/r0=1.0026e-07
[mg]   it 854  |r|inf=1.211065e-09  r/r0=1.0013e-07
[mg]   it 855  |r|inf=1.209347e-09  r/r0=9.9991e-08
[mg]   it 856  |r|inf=1.207410e-09  r/r0=9.9831e-08
[mg]   it 857  |r|inf=1.205256e-09  r/r0=9.9653e-08
[mg]   it 858  |r|inf=1.202886e-09  r/r0=9.9457e-08
[mg]   it 859  |r|inf=1.200300e-09  r/r0=9.9243e-08
[mg]   it 860  |r|inf=1.197499e-09  r/r0=9.9012e-08
[mg]   it 861  |r|inf=1.194485e-09  r/r0=9.8762e-08
[mg]   it 862  |r|inf=1.191259e-09  r/r0=9.8496e-08
[mg]   it 863  |r|inf=1.187821e-09  r/r0=9.8211e-08
[mg]   it 864  |r|inf=1.184173e-09  r/r0=9.7910e-08
[mg]   it 865  |r|inf=1.180317e-09  r/r0=9.7591e-08
[mg]   it 866  |r|inf=1.176253e-09  r/r0=9.7255e-08
[mg]   it 867  |r|inf=1.171983e-09  r/r0=9.6902e-08
[mg]   it 868  |r|inf=1.167508e-09  r/r0=9.6532e-08
[mg]   it 869  |r|inf=1.162830e-09  r/r0=9.6145e-08
[mg]   it 870  |r|inf=1.157950e-09  r/r0=9.5742e-08
[mg]   it 871  |r|inf=1.152870e-09  r/r0=9.5322e-08
[mg]   it 872  |r|inf=1.147590e-09  r/r0=9.4885e-08
[mg]   it 873  |r|inf=1.142114e-09  r/r0=9.4432e-08
[mg]   it 874  |r|inf=1.136442e-09  r/r0=9.3963e-08
[mg]   it 875  |r|inf=1.130576e-09  r/r0=9.3478e-08
[mg]   it 876  |r|inf=1.124518e-09  r/r0=9.2977e-08
[mg]   it 877  |r|inf=1.118269e-09  r/r0=9.2461e-08
[mg]   it 878  |r|inf=1.111832e-09  r/r0=9.1929e-08
[mg]   it 879  |r|inf=1.105208e-09  r/r0=9.1381e-08
[mg]   it 880  |r|inf=1.098399e-09  r/r0=9.0818e-08
[mg]   it 881  |r|inf=1.091408e-09  r/r0=9.0240e-08
[mg]   it 882  |r|inf=1.089658e-09  r/r0=9.0095e-08
[mg]   it 883  |r|inf=1.095183e-09  r/r0=9.0552e-08
[mg]   it 884  |r|inf=1.100511e-09  r/r0=9.0992e-08
[mg]   it 885  |r|inf=1.105642e-09  r/r0=9.1417e-08
[mg]   it 886  |r|inf=1.110577e-09  r/r0=9.1825e-08
[mg]   it 887  |r|inf=1.115315e-09  r/r0=9.2216e-08
[mg]   it 888  |r|inf=1.119855e-09  r/r0=9.2592e-08
[mg]   it 889  |r|inf=1.124198e-09  r/r0=9.2951e-08
[mg]   it 890  |r|inf=1.128343e-09  r/r0=9.3294e-08
[mg]   it 891  |r|inf=1.132290e-09  r/r0=9.3620e-08
[mg]   it 892  |r|inf=1.136040e-09  r/r0=9.3930e-08
[mg]   it 893  |r|inf=1.139593e-09  r/r0=9.4224e-08
[mg]   it 894  |r|inf=1.142948e-09  r/r0=9.4501e-08
[mg]   it 895  |r|inf=1.146105e-09  r/r0=9.4762e-08
[mg]   it 896  |r|inf=1.149066e-09  r/r0=9.5007e-08
[mg]   it 897  |r|inf=1.151830e-09  r/r0=9.5236e-08
[mg]   it 898  |r|inf=1.154397e-09  r/r0=9.5448e-08
[mg]   it 899  |r|inf=1.156768e-09  r/r0=9.5644e-08
[mg]   it 900  |r|inf=1.158943e-09  r/r0=9.5824e-08
[mg]   it 901  |r|inf=1.160922e-09  r/r0=9.5987e-08
[mg]   it 902  |r|inf=1.162707e-09  r/r0=9.6135e-08
[mg]   it 903  |r|inf=1.164297e-09  r/r0=9.6266e-08
[mg]   it 904  |r|inf=1.165694e-09  r/r0=9.6382e-08
[mg]   it 905  |r|inf=1.166897e-09  r/r0=9.6481e-08
[mg]   it 906  |r|inf=1.167907e-09  r/r0=9.6565e-08
[mg]   it 907  |r|inf=1.168726e-09  r/r0=9.6633e-08
[mg]   it 908  |r|inf=1.169353e-09  r/r0=9.6684e-08
[mg]   it 909  |r|inf=1.169790e-09  r/r0=9.6721e-08
[mg]   it 910  |r|inf=1.170037e-09  r/r0=9.6741e-08
[mg]   it 911  |r|inf=1.170095e-09  r/r0=9.6746e-08
[mg]   it 912  |r|inf=1.169966e-09  r/r0=9.6735e-08
[mg]   it 913  |r|inf=1.169649e-09  r/r0=9.6709e-08
[mg]   it 914  |r|inf=1.169146e-09  r/r0=9.6667e-08
[mg]   it 915  |r|inf=1.168458e-09  r/r0=9.6610e-08
[mg]   it 916  |r|inf=1.167586e-09  r/r0=9.6538e-08
[mg]   it 917  |r|inf=1.166531e-09  r/r0=9.6451e-08
[mg]   it 918  |r|inf=1.165294e-09  r/r0=9.6349e-08
[mg]   it 919  |r|inf=1.163875e-09  r/r0=9.6232e-08
[mg]   it 920  |r|inf=1.162278e-09  r/r0=9.6099e-08
[mg]   it 921  |r|inf=1.160501e-09  r/r0=9.5953e-08
[mg]   it 922  |r|inf=1.158547e-09  r/r0=9.5791e-08
[mg]   it 923  |r|inf=1.156417e-09  r/r0=9.5615e-08
[mg]   it 924  |r|inf=1.154112e-09  r/r0=9.5424e-08
[mg]   it 925  |r|inf=1.151634e-09  r/r0=9.5219e-08
[mg]   it 926  |r|inf=1.148983e-09  r/r0=9.5000e-08
[mg]   it 927  |r|inf=1.146161e-09  r/r0=9.4767e-08
[mg]   it 928  |r|inf=1.143169e-09  r/r0=9.4520e-08
[mg]   it 929  |r|inf=1.140010e-09  r/r0=9.4258e-08
[mg]   it 930  |r|inf=1.136683e-09  r/r0=9.3983e-08
[mg]   it 931  |r|inf=1.133191e-09  r/r0=9.3695e-08
[mg]   it 932  |r|inf=1.129535e-09  r/r0=9.3392e-08
[mg]   it 933  |r|inf=1.125716e-09  r/r0=9.3076e-08
[mg]   it 934  |r|inf=1.121736e-09  r/r0=9.2747e-08
[mg]   it 935  |r|inf=1.117597e-09  r/r0=9.2405e-08
[mg]   it 936  |r|inf=1.113299e-09  r/r0=9.2050e-08
[mg]   it 937  |r|inf=1.108845e-09  r/r0=9.1682e-08
[mg]   it 938  |r|inf=1.104236e-09  r/r0=9.1300e-08
[mg]   it 939  |r|inf=1.099473e-09  r/r0=9.0907e-08
[mg]   it 940  |r|inf=1.094559e-09  r/r0=9.0500e-08
[mg]   it 941  |r|inf=1.089494e-09  r/r0=9.0082e-08
[mg]   it 942  |r|inf=1.084280e-09  r/r0=8.9650e-08
[mg]   it 943  |r|inf=1.078919e-09  r/r0=8.9207e-08
[mg]   it 944  |r|inf=1.073413e-09  r/r0=8.8752e-08
[mg]   it 945  |r|inf=1.067763e-09  r/r0=8.8285e-08
[mg]   it 946  |r|inf=1.061970e-09  r/r0=8.7806e-08
[mg]   it 947  |r|inf=1.056037e-09  r/r0=8.7315e-08
[mg]   it 948  |r|inf=1.049965e-09  r/r0=8.6813e-08
[mg]   it 949  |r|inf=1.043756e-09  r/r0=8.6300e-08
[mg]   it 950  |r|inf=1.037411e-09  r/r0=8.5775e-08
[mg]   it 951  |r|inf=1.030932e-09  r/r0=8.5240e-08
[mg]   it 952  |r|inf=1.024320e-09  r/r0=8.4693e-08
[mg]   it 953  |r|inf=1.017578e-09  r/r0=8.4135e-08
[mg]   it 954  |r|inf=1.010707e-09  r/r0=8.3567e-08
[mg]   it 955  |r|inf=1.003709e-09  r/r0=8.2989e-08
[mg]   it 956  |r|inf=9.965848e-10  r/r0=8.2400e-08
[mg]   it 957  |r|inf=9.893369e-10  r/r0=8.1800e-08
[mg]   it 958  |r|inf=9.819667e-10  r/r0=8.1191e-08
[mg]   it 959  |r|inf=9.744760e-10  r/r0=8.0572e-08
[mg]   it 960  |r|inf=9.668663e-10  r/r0=7.9942e-08
[mg]   it 961  |r|inf=9.591395e-10  r/r0=7.9304e-08
[mg]   it 962  |r|inf=9.512972e-10  r/r0=7.8655e-08
[mg]   it 963  |r|inf=9.507308e-10  r/r0=7.8608e-08
[mg]   it 964  |r|inf=9.523497e-10  r/r0=7.8742e-08
[mg]   it 965  |r|inf=9.538382e-10  r/r0=7.8865e-08
[mg]   it 966  |r|inf=9.551967e-10  r/r0=7.8978e-08
[mg]   it 967  |r|inf=9.564257e-10  r/r0=7.9079e-08
[mg]   it 968  |r|inf=9.575257e-10  r/r0=7.9170e-08
[mg]   it 969  |r|inf=9.584973e-10  r/r0=7.9250e-08
[mg]   it 970  |r|inf=9.593410e-10  r/r0=7.9320e-08
[mg]   it 971  |r|inf=9.600573e-10  r/r0=7.9379e-08
[mg]   it 972  |r|inf=9.606469e-10  r/r0=7.9428e-08
[mg]   it 973  |r|inf=9.611103e-10  r/r0=7.9467e-08
[mg]   it 974  |r|inf=9.614481e-10  r/r0=7.9494e-08
[mg]   it 975  |r|inf=9.616608e-10  r/r0=7.9512e-08
[mg]   it 976  |r|inf=9.617491e-10  r/r0=7.9519e-08
[mg]   it 977  |r|inf=9.617137e-10  r/r0=7.9516e-08
[mg]   it 978  |r|inf=9.615550e-10  r/r0=7.9503e-08
[mg]   it 979  |r|inf=9.612738e-10  r/r0=7.9480e-08
[mg]   it 980  |r|inf=9.679951e-10  r/r0=8.0036e-08
[mg]   it 981  |r|inf=9.795353e-10  r/r0=8.0990e-08
[mg]   it 982  |r|inf=9.909320e-10  r/r0=8.1932e-08
[mg]   it 983  |r|inf=1.002185e-09  r/r0=8.2863e-08
[mg]   it 984  |r|inf=1.013292e-09  r/r0=8.3781e-08
[mg]   it 985  |r|inf=1.024254e-09  r/r0=8.4687e-08
[mg]   it 986  |r|inf=1.035071e-09  r/r0=8.5582e-08
[mg]   it 987  |r|inf=1.045740e-09  r/r0=8.6464e-08
[mg]   it 988  |r|inf=1.056262e-09  r/r0=8.7334e-08
[mg]   it 989  |r|inf=1.066637e-09  r/r0=8.8192e-08
[mg]   it 990  |r|inf=1.076863e-09  r/r0=8.9037e-08
[mg]   it 991  |r|inf=1.086940e-09  r/r0=8.9870e-08
[mg]   it 992  |r|inf=1.096869e-09  r/r0=9.0691e-08
[mg]   it 993  |r|inf=1.106647e-09  r/r0=9.1500e-08
[mg]   it 994  |r|inf=1.116275e-09  r/r0=9.2296e-08
[mg]   it 995  |r|inf=1.125752e-09  r/r0=9.3079e-08
[mg]   it 996  |r|inf=1.135079e-09  r/r0=9.3851e-08
[mg]   it 997  |r|inf=1.144254e-09  r/r0=9.4609e-08
[mg]   it 998  |r|inf=1.153277e-09  r/r0=9.5355e-08
[mg]   it 999  |r|inf=1.162148e-09  r/r0=9.6089e-08
[mg]   it 1000  |r|inf=1.170866e-09  r/r0=9.6810e-08
[mg]   it 1001  |r|inf=1.179432e-09  r/r0=9.7518e-08
[mg]   it 1002  |r|inf=1.187844e-09  r/r0=9.8213e-08
[mg]   it 1003  |r|inf=1.196104e-09  r/r0=9.8896e-08
[mg]   it 1004  |r|inf=1.204209e-09  r/r0=9.9566e-08
[mg]   it 1005  |r|inf=1.212160e-09  r/r0=1.0022e-07
[mg]   it 1006  |r|inf=1.219958e-09  r/r0=1.0087e-07
[mg]   it 1007  |r|inf=1.227601e-09  r/r0=1.0150e-07
[mg]   it 1008  |r|inf=1.235089e-09  r/r0=1.0212e-07
[mg]   it 1009  |r|inf=1.242422e-09  r/r0=1.0273e-07
[mg]   it 1010  |r|inf=1.249601e-09  r/r0=1.0332e-07
[mg]   it 1011  |r|inf=1.256624e-09  r/r0=1.0390e-07
[mg]   it 1012  |r|inf=1.263492e-09  r/r0=1.0447e-07
[mg]   it 1013  |r|inf=1.270204e-09  r/r0=1.0502e-07
[mg]   it 1014  |r|inf=1.276761e-09  r/r0=1.0557e-07
[mg]   it 1015  |r|inf=1.283162e-09  r/r0=1.0609e-07
[mg]   it 1016  |r|inf=1.289408e-09  r/r0=1.0661e-07
[mg]   it 1017  |r|inf=1.295497e-09  r/r0=1.0711e-07
[mg]   it 1018  |r|inf=1.301430e-09  r/r0=1.0760e-07
[mg]   it 1019  |r|inf=1.307207e-09  r/r0=1.0808e-07
[mg]   it 1020  |r|inf=1.312828e-09  r/r0=1.0855e-07
[mg]   it 1021  |r|inf=1.318293e-09  r/r0=1.0900e-07
[mg]   it 1022  |r|inf=1.323602e-09  r/r0=1.0944e-07
[mg]   it 1023  |r|inf=1.328754e-09  r/r0=1.0986e-07
[mg]   it 1024  |r|inf=1.333750e-09  r/r0=1.1028e-07
[mg]   it 1025  |r|inf=1.338590e-09  r/r0=1.1068e-07
[mg]   it 1026  |r|inf=1.343273e-09  r/r0=1.1106e-07
[mg]   it 1027  |r|inf=1.347801e-09  r/r0=1.1144e-07
[mg]   it 1028  |r|inf=1.352172e-09  r/r0=1.1180e-07
[mg]   it 1029  |r|inf=1.356386e-09  r/r0=1.1215e-07
[mg]   it 1030  |r|inf=1.360445e-09  r/r0=1.1248e-07
[mg]   it 1031  |r|inf=1.364347e-09  r/r0=1.1281e-07
[mg]   it 1032  |r|inf=1.368094e-09  r/r0=1.1312e-07
[mg]   it 1033  |r|inf=1.371684e-09  r/r0=1.1341e-07
[mg]   it 1034  |r|inf=1.375119e-09  r/r0=1.1370e-07
[mg]   it 1035  |r|inf=1.378398e-09  r/r0=1.1397e-07
[mg]   it 1036  |r|inf=1.381521e-09  r/r0=1.1423e-07
[mg]   it 1037  |r|inf=1.384488e-09  r/r0=1.1447e-07
[mg]   it 1038  |r|inf=1.387300e-09  r/r0=1.1470e-07
[mg]   it 1039  |r|inf=1.389957e-09  r/r0=1.1492e-07
[mg]   it 1040  |r|inf=1.392459e-09  r/r0=1.1513e-07
[mg]   it 1041  |r|inf=1.394805e-09  r/r0=1.1533e-07
[mg]   it 1042  |r|inf=1.396997e-09  r/r0=1.1551e-07
[mg]   it 1043  |r|inf=1.399034e-09  r/r0=1.1567e-07
[mg]   it 1044  |r|inf=1.400916e-09  r/r0=1.1583e-07
[mg]   it 1045  |r|inf=1.402644e-09  r/r0=1.1597e-07
[mg]   it 1046  |r|inf=1.404218e-09  r/r0=1.1610e-07
[mg]   it 1047  |r|inf=1.405638e-09  r/r0=1.1622e-07
[mg]   it 1048  |r|inf=1.406905e-09  r/r0=1.1633e-07
[mg]   it 1049  |r|inf=1.408017e-09  r/r0=1.1642e-07
[mg]   it 1050  |r|inf=1.408977e-09  r/r0=1.1650e-07
[mg]   it 1051  |r|inf=1.409783e-09  r/r0=1.1656e-07
[mg]   it 1052  |r|inf=1.410437e-09  r/r0=1.1662e-07
[mg]   it 1053  |r|inf=1.410938e-09  r/r0=1.1666e-07
[mg]   it 1054  |r|inf=1.411287e-09  r/r0=1.1669e-07
[mg]   it 1055  |r|inf=1.411484e-09  r/r0=1.1670e-07
[mg]   it 1056  |r|inf=1.411530e-09  r/r0=1.1671e-07
[mg]   it 1057  |r|inf=1.411424e-09  r/r0=1.1670e-07
[mg]   it 1058  |r|inf=1.411167e-09  r/r0=1.1668e-07
[mg]   it 1059  |r|inf=1.410759e-09  r/r0=1.1664e-07
[mg]   it 1060  |r|inf=1.410201e-09  r/r0=1.1660e-07
[mg]   it 1061  |r|inf=1.409493e-09  r/r0=1.1654e-07
[mg]   it 1062  |r|inf=1.408635e-09  r/r0=1.1647e-07
[mg]   it 1063  |r|inf=1.407628e-09  r/r0=1.1639e-07
[mg]   it 1064  |r|inf=1.406471e-09  r/r0=1.1629e-07
[mg]   it 1065  |r|inf=1.405167e-09  r/r0=1.1618e-07
[mg]   it 1066  |r|inf=1.403714e-09  r/r0=1.1606e-07
[mg]   it 1067  |r|inf=1.402113e-09  r/r0=1.1593e-07
[mg]   it 1068  |r|inf=1.400365e-09  r/r0=1.1578e-07
[mg]   it 1069  |r|inf=1.398470e-09  r/r0=1.1563e-07
[mg]   it 1070  |r|inf=1.396428e-09  r/r0=1.1546e-07
[mg]   it 1071  |r|inf=1.394240e-09  r/r0=1.1528e-07
[mg]   it 1072  |r|inf=1.391907e-09  r/r0=1.1509e-07
[mg]   it 1073  |r|inf=1.389428e-09  r/r0=1.1488e-07
[mg]   it 1074  |r|inf=1.386805e-09  r/r0=1.1466e-07
[mg]   it 1075  |r|inf=1.384038e-09  r/r0=1.1444e-07
[mg]   it 1076  |r|inf=1.381127e-09  r/r0=1.1419e-07
[mg]   it 1077  |r|inf=1.378073e-09  r/r0=1.1394e-07
[mg]   it 1078  |r|inf=1.374876e-09  r/r0=1.1368e-07
[mg]   it 1079  |r|inf=1.371537e-09  r/r0=1.1340e-07
[mg]   it 1080  |r|inf=1.368056e-09  r/r0=1.1311e-07
[mg]   it 1081  |r|inf=1.364435e-09  r/r0=1.1281e-07
[mg]   it 1082  |r|inf=1.360673e-09  r/r0=1.1250e-07
[mg]   it 1083  |r|inf=1.356771e-09  r/r0=1.1218e-07
[mg]   it 1084  |r|inf=1.352730e-09  r/r0=1.1185e-07
[mg]   it 1085  |r|inf=1.348550e-09  r/r0=1.1150e-07
[mg]   it 1086  |r|inf=1.344232e-09  r/r0=1.1114e-07
[mg]   it 1087  |r|inf=1.339777e-09  r/r0=1.1078e-07
[mg]   it 1088  |r|inf=1.335185e-09  r/r0=1.1040e-07
[mg]   it 1089  |r|inf=1.330457e-09  r/r0=1.1000e-07
[mg]   it 1090  |r|inf=1.325594e-09  r/r0=1.0960e-07
[mg]   it 1091  |r|inf=1.320596e-09  r/r0=1.0919e-07
[mg]   it 1092  |r|inf=1.315464e-09  r/r0=1.0877e-07
[mg]   it 1093  |r|inf=1.310198e-09  r/r0=1.0833e-07
[mg]   it 1094  |r|inf=1.304800e-09  r/r0=1.0788e-07
[mg]   it 1095  |r|inf=1.299270e-09  r/r0=1.0743e-07
[mg]   it 1096  |r|inf=1.293608e-09  r/r0=1.0696e-07
[mg]   it 1097  |r|inf=1.287817e-09  r/r0=1.0648e-07
[mg]   it 1098  |r|inf=1.281895e-09  r/r0=1.0599e-07
[mg]   it 1099  |r|inf=1.275845e-09  r/r0=1.0549e-07
[mg]   it 1100  |r|inf=1.269667e-09  r/r0=1.0498e-07
[mg]   it 1101  |r|inf=1.263362e-09  r/r0=1.0446e-07
[mg]   it 1102  |r|inf=1.256930e-09  r/r0=1.0393e-07
[mg]   it 1103  |r|inf=1.250372e-09  r/r0=1.0338e-07
[mg]   it 1104  |r|inf=1.243690e-09  r/r0=1.0283e-07
[mg]   it 1105  |r|inf=1.236884e-09  r/r0=1.0227e-07
[mg]   it 1106  |r|inf=1.229955e-09  r/r0=1.0170e-07
[mg]   it 1107  |r|inf=1.222904e-09  r/r0=1.0111e-07
[mg]   it 1108  |r|inf=1.215732e-09  r/r0=1.0052e-07
[mg]   it 1109  |r|inf=1.208439e-09  r/r0=9.9916e-08
[mg]   it 1110  |r|inf=1.201027e-09  r/r0=9.9303e-08
[mg]   it 1111  |r|inf=1.193496e-09  r/r0=9.8681e-08
[mg]   it 1112  |r|inf=1.194508e-09  r/r0=9.8764e-08
[mg]   it 1113  |r|inf=1.195423e-09  r/r0=9.8840e-08
[mg]   it 1114  |r|inf=1.196215e-09  r/r0=9.8905e-08
[mg]   it 1115  |r|inf=1.196885e-09  r/r0=9.8961e-08
[mg]   it 1116  |r|inf=1.197433e-09  r/r0=9.9006e-08
[mg]   it 1117  |r|inf=1.197860e-09  r/r0=9.9041e-08
[mg]   it 1118  |r|inf=1.198165e-09  r/r0=9.9067e-08
[mg]   it 1119  |r|inf=1.198348e-09  r/r0=9.9082e-08
[mg]   it 1120  |r|inf=1.198410e-09  r/r0=9.9087e-08
[mg]   it 1121  |r|inf=1.198351e-09  r/r0=9.9082e-08
[mg]   it 1122  |r|inf=1.198171e-09  r/r0=9.9067e-08
[mg]   it 1123  |r|inf=1.197870e-09  r/r0=9.9042e-08
[mg]   it 1124  |r|inf=1.197449e-09  r/r0=9.9008e-08
[mg]   it 1125  |r|inf=1.196908e-09  r/r0=9.8963e-08
[mg]   it 1126  |r|inf=1.196246e-09  r/r0=9.8908e-08
[mg]   it 1127  |r|inf=1.195465e-09  r/r0=9.8843e-08
[mg]   it 1128  |r|inf=1.194564e-09  r/r0=9.8769e-08
[mg]   it 1129  |r|inf=1.193543e-09  r/r0=9.8685e-08
[mg]   it 1130  |r|inf=1.192404e-09  r/r0=9.8590e-08
[mg]   it 1131  |r|inf=1.191146e-09  r/r0=9.8486e-08
[mg]   it 1132  |r|inf=1.189770e-09  r/r0=9.8373e-08
[mg]   it 1133  |r|inf=1.188276e-09  r/r0=9.8249e-08
[mg]   it 1134  |r|inf=1.186664e-09  r/r0=9.8116e-08
[mg]   it 1135  |r|inf=1.184935e-09  r/r0=9.7973e-08
[mg]   it 1136  |r|inf=1.183089e-09  r/r0=9.7820e-08
[mg]   it 1137  |r|inf=1.181127e-09  r/r0=9.7658e-08
[mg]   it 1138  |r|inf=1.179048e-09  r/r0=9.7486e-08
[mg]   it 1139  |r|inf=1.176854e-09  r/r0=9.7305e-08
[mg]   it 1140  |r|inf=1.174545e-09  r/r0=9.7114e-08
[mg]   it 1141  |r|inf=1.172121e-09  r/r0=9.6913e-08
[mg]   it 1142  |r|inf=1.169582e-09  r/r0=9.6703e-08
[mg]   it 1143  |r|inf=1.166930e-09  r/r0=9.6484e-08
[mg]   it 1144  |r|inf=1.164165e-09  r/r0=9.6256e-08
[mg]   it 1145  |r|inf=1.161287e-09  r/r0=9.6018e-08
[mg]   it 1146  |r|inf=1.158296e-09  r/r0=9.5770e-08
[mg]   it 1147  |r|inf=1.155194e-09  r/r0=9.5514e-08
[mg]   it 1148  |r|inf=1.151981e-09  r/r0=9.5248e-08
[mg]   it 1149  |r|inf=1.148657e-09  r/r0=9.4973e-08
[mg]   it 1150  |r|inf=1.145222e-09  r/r0=9.4689e-08
[mg]   it 1151  |r|inf=1.141679e-09  r/r0=9.4396e-08
[mg]   it 1152  |r|inf=1.138027e-09  r/r0=9.4094e-08
[mg]   it 1153  |r|inf=1.134266e-09  r/r0=9.3783e-08
[mg]   it 1154  |r|inf=1.130398e-09  r/r0=9.3464e-08
[mg]   it 1155  |r|inf=1.126423e-09  r/r0=9.3135e-08
[mg]   it 1156  |r|inf=1.122341e-09  r/r0=9.2797e-08
[mg]   it 1157  |r|inf=1.118154e-09  r/r0=9.2451e-08
[mg]   it 1158  |r|inf=1.113862e-09  r/r0=9.2096e-08
[mg]   it 1159  |r|inf=1.109465e-09  r/r0=9.1733e-08
[mg]   it 1160  |r|inf=1.104965e-09  r/r0=9.1361e-08
[mg]   it 1161  |r|inf=1.100362e-09  r/r0=9.0980e-08
[mg]   it 1162  |r|inf=1.095657e-09  r/r0=9.0591e-08
[mg]   it 1163  |r|inf=1.090851e-09  r/r0=9.0194e-08
[mg]   it 1164  |r|inf=1.085944e-09  r/r0=8.9788e-08
[mg]   it 1165  |r|inf=1.080937e-09  r/r0=8.9374e-08
[mg]   it 1166  |r|inf=1.075830e-09  r/r0=8.8952e-08
[mg]   it 1167  |r|inf=1.070626e-09  r/r0=8.8522e-08
[mg]   it 1168  |r|inf=1.073127e-09  r/r0=8.8728e-08
[mg]   it 1169  |r|inf=1.077123e-09  r/r0=8.9059e-08
[mg]   it 1170  |r|inf=1.081013e-09  r/r0=8.9380e-08
[mg]   it 1171  |r|inf=1.084797e-09  r/r0=8.9693e-08
[mg]   it 1172  |r|inf=1.088474e-09  r/r0=8.9997e-08
[mg]   it 1173  |r|inf=1.092045e-09  r/r0=9.0293e-08
[mg]   it 1174  |r|inf=1.095510e-09  r/r0=9.0579e-08
[mg]   it 1175  |r|inf=1.098868e-09  r/r0=9.0857e-08
[mg]   it 1176  |r|inf=1.102119e-09  r/r0=9.1125e-08
[mg]   it 1177  |r|inf=1.105263e-09  r/r0=9.1385e-08
[mg]   it 1178  |r|inf=1.108301e-09  r/r0=9.1637e-08
[mg]   it 1179  |r|inf=1.111232e-09  r/r0=9.1879e-08
[mg]   it 1180  |r|inf=1.114056e-09  r/r0=9.2112e-08
[mg]   it 1181  |r|inf=1.116774e-09  r/r0=9.2337e-08
[mg]   it 1182  |r|inf=1.119385e-09  r/r0=9.2553e-08
[mg]   it 1183  |r|inf=1.121889e-09  r/r0=9.2760e-08
[mg]   it 1184  |r|inf=1.124286e-09  r/r0=9.2958e-08
[mg]   it 1185  |r|inf=1.126577e-09  r/r0=9.3148e-08
[mg]   it 1186  |r|inf=1.128761e-09  r/r0=9.3328e-08
[mg]   it 1187  |r|inf=1.130839e-09  r/r0=9.3500e-08
[mg]   it 1188  |r|inf=1.132811e-09  r/r0=9.3663e-08
[mg]   it 1189  |r|inf=1.134676e-09  r/r0=9.3817e-08
[mg]   it 1190  |r|inf=1.136436e-09  r/r0=9.3963e-08
[mg]   it 1191  |r|inf=1.138089e-09  r/r0=9.4100e-08
[mg]   it 1192  |r|inf=1.139637e-09  r/r0=9.4227e-08
[mg]   it 1193  |r|inf=1.141079e-09  r/r0=9.4347e-08
[mg]   it 1194  |r|inf=1.142415e-09  r/r0=9.4457e-08
[mg]   it 1195  |r|inf=1.143647e-09  r/r0=9.4559e-08
[mg]   it 1196  |r|inf=1.144773e-09  r/r0=9.4652e-08
[mg]   it 1197  |r|inf=1.145795e-09  r/r0=9.4737e-08
[mg]   it 1198  |r|inf=1.146712e-09  r/r0=9.4812e-08
[mg]   it 1199  |r|inf=1.147525e-09  r/r0=9.4880e-08
[mg]   it 1200  |r|inf=1.148234e-09  r/r0=9.4938e-08
[mg]   it 1201  |r|inf=1.148839e-09  r/r0=9.4988e-08
[mg]   it 1202  |r|inf=1.149341e-09  r/r0=9.5030e-08
[mg]   it 1203  |r|inf=1.149739e-09  r/r0=9.5063e-08
[mg]   it 1204  |r|inf=1.150035e-09  r/r0=9.5087e-08
[mg]   it 1205  |r|inf=1.150228e-09  r/r0=9.5103e-08
[mg]   it 1206  |r|inf=1.150319e-09  r/r0=9.5111e-08
[mg]   it 1207  |r|inf=1.150308e-09  r/r0=9.5110e-08
[mg]   it 1208  |r|inf=1.150195e-09  r/r0=9.5100e-08
[mg]   it 1209  |r|inf=1.149982e-09  r/r0=9.5083e-08
[mg]   it 1210  |r|inf=1.149667e-09  r/r0=9.5057e-08
[mg]   it 1211  |r|inf=1.149252e-09  r/r0=9.5023e-08
[mg]   it 1212  |r|inf=1.148738e-09  r/r0=9.4980e-08
[mg]   it 1213  |r|inf=1.148123e-09  r/r0=9.4929e-08
[mg]   it 1214  |r|inf=1.147409e-09  r/r0=9.4870e-08
[mg]   it 1215  |r|inf=1.146597e-09  r/r0=9.4803e-08
[mg]   it 1216  |r|inf=1.145686e-09  r/r0=9.4728e-08
[mg]   it 1217  |r|inf=1.144677e-09  r/r0=9.4644e-08
[mg]   it 1218  |r|inf=1.143571e-09  r/r0=9.4553e-08
[mg]   it 1219  |r|inf=1.142368e-09  r/r0=9.4453e-08
[mg]   it 1220  |r|inf=1.141068e-09  r/r0=9.4346e-08
[mg]   it 1221  |r|inf=1.139673e-09  r/r0=9.4230e-08
[mg]   it 1222  |r|inf=1.138182e-09  r/r0=9.4107e-08
[mg]   it 1223  |r|inf=1.136595e-09  r/r0=9.3976e-08
[mg]   it 1224  |r|inf=1.134914e-09  r/r0=9.3837e-08
[mg]   it 1225  |r|inf=1.133140e-09  r/r0=9.3690e-08
[mg]   it 1226  |r|inf=1.131271e-09  r/r0=9.3536e-08
[mg]   it 1227  |r|inf=1.129310e-09  r/r0=9.3374e-08
[mg]   it 1228  |r|inf=1.127256e-09  r/r0=9.3204e-08
[mg]   it 1229  |r|inf=1.125110e-09  r/r0=9.3026e-08
[mg]   it 1230  |r|inf=1.122873e-09  r/r0=9.2841e-08
[mg]   it 1231  |r|inf=1.120544e-09  r/r0=9.2649e-08
[mg]   it 1232  |r|inf=1.118126e-09  r/r0=9.2449e-08
[mg]   it 1233  |r|inf=1.115618e-09  r/r0=9.2242e-08
[mg]   it 1234  |r|inf=1.113021e-09  r/r0=9.2027e-08
[mg]   it 1235  |r|inf=1.110335e-09  r/r0=9.1805e-08
[mg]   it 1236  |r|inf=1.107561e-09  r/r0=9.1575e-08
[mg]   it 1237  |r|inf=1.104700e-09  r/r0=9.1339e-08
[mg]   it 1238  |r|inf=1.101752e-09  r/r0=9.1095e-08
[mg]   it 1239  |r|inf=1.098718e-09  r/r0=9.0844e-08
[mg]   it 1240  |r|inf=1.095598e-09  r/r0=9.0586e-08
[mg]   it 1241  |r|inf=1.092393e-09  r/r0=9.0321e-08
[mg]   it 1242  |r|inf=1.089104e-09  r/r0=9.0049e-08
[mg]   it 1243  |r|inf=1.085731e-09  r/r0=8.9770e-08
[mg]   it 1244  |r|inf=1.082274e-09  r/r0=8.9485e-08
[mg]   it 1245  |r|inf=1.078736e-09  r/r0=8.9192e-08
[mg]   it 1246  |r|inf=1.075115e-09  r/r0=8.8893e-08
[mg]   it 1247  |r|inf=1.071413e-09  r/r0=8.8587e-08
[mg]   it 1248  |r|inf=1.067631e-09  r/r0=8.8274e-08
[mg]   it 1249  |r|inf=1.063768e-09  r/r0=8.7955e-08
[mg]   it 1250  |r|inf=1.059826e-09  r/r0=8.7629e-08
[mg]   it 1251  |r|inf=1.055806e-09  r/r0=8.7296e-08
[mg]   it 1252  |r|inf=1.051707e-09  r/r0=8.6957e-08
[mg]   it 1253  |r|inf=1.047531e-09  r/r0=8.6612e-08
[mg]   it 1254  |r|inf=1.043278e-09  r/r0=8.6260e-08
[mg]   it 1255  |r|inf=1.038950e-09  r/r0=8.5902e-08
[mg]   it 1256  |r|inf=1.034545e-09  r/r0=8.5538e-08
[mg]   it 1257  |r|inf=1.030066e-09  r/r0=8.5168e-08
[mg]   it 1258  |r|inf=1.025513e-09  r/r0=8.4791e-08
[mg]   it 1259  |r|inf=1.020886e-09  r/r0=8.4409e-08
[mg]   it 1260  |r|inf=1.016187e-09  r/r0=8.4020e-08
[mg]   it 1261  |r|inf=1.011416e-09  r/r0=8.3626e-08
[mg]   it 1262  |r|inf=1.006573e-09  r/r0=8.3225e-08
[mg]   it 1263  |r|inf=1.001659e-09  r/r0=8.2819e-08
[mg]   it 1264  |r|inf=9.966751e-10  r/r0=8.2407e-08
[mg]   it 1265  |r|inf=9.916219e-10  r/r0=8.1989e-08
[mg]   it 1266  |r|inf=9.864999e-10  r/r0=8.1566e-08
[mg]   it 1267  |r|inf=9.813098e-10  r/r0=8.1137e-08
[mg]   it 1268  |r|inf=9.760523e-10  r/r0=8.0702e-08
[mg]   it 1269  |r|inf=9.707281e-10  r/r0=8.0262e-08
[mg]   it 1270  |r|inf=9.653379e-10  r/r0=7.9816e-08
[mg]   it 1271  |r|inf=9.598822e-10  r/r0=7.9365e-08
[mg]   it 1272  |r|inf=9.543619e-10  r/r0=7.8909e-08
[mg]   it 1273  |r|inf=9.487775e-10  r/r0=7.8447e-08
[mg]   it 1274  |r|inf=9.431298e-10  r/r0=7.7980e-08
[mg]   it 1275  |r|inf=9.374194e-10  r/r0=7.7508e-08
[mg]   it 1276  |r|inf=9.345673e-10  r/r0=7.7272e-08
[mg]   it 1277  |r|inf=9.358390e-10  r/r0=7.7377e-08
[mg]   it 1278  |r|inf=9.370398e-10  r/r0=7.7476e-08
[mg]   it 1279  |r|inf=9.381700e-10  r/r0=7.7570e-08
[mg]   it 1280  |r|inf=9.392297e-10  r/r0=7.7657e-08
[mg]   it 1281  |r|inf=9.402191e-10  r/r0=7.7739e-08
[mg]   it 1282  |r|inf=9.411384e-10  r/r0=7.7815e-08
[mg]   it 1283  |r|inf=9.419879e-10  r/r0=7.7885e-08
[mg]   it 1284  |r|inf=9.427677e-10  r/r0=7.7950e-08
[mg]   it 1285  |r|inf=9.434781e-10  r/r0=7.8009e-08
[mg]   it 1286  |r|inf=9.441192e-10  r/r0=7.8062e-08
[mg]   it 1287  |r|inf=9.446912e-10  r/r0=7.8109e-08
[mg]   it 1288  |r|inf=9.451945e-10  r/r0=7.8151e-08
[mg]   it 1289  |r|inf=9.456292e-10  r/r0=7.8187e-08
[mg]   it 1290  |r|inf=9.459955e-10  r/r0=7.8217e-08
[mg]   it 1291  |r|inf=9.462937e-10  r/r0=7.8241e-08
[mg]   it 1292  |r|inf=9.465240e-10  r/r0=7.8261e-08
[mg]   it 1293  |r|inf=9.466867e-10  r/r0=7.8274e-08
[mg]   it 1294  |r|inf=9.467820e-10  r/r0=7.8282e-08
[mg]   it 1295  |r|inf=9.468101e-10  r/r0=7.8284e-08
[mg]   it 1296  |r|inf=9.467713e-10  r/r0=7.8281e-08
[mg]   it 1297  |r|inf=9.466658e-10  r/r0=7.8272e-08
[mg]   it 1298  |r|inf=9.464939e-10  r/r0=7.8258e-08
[mg]   it 1299  |r|inf=9.492328e-10  r/r0=7.8484e-08
[mg]   it 1300  |r|inf=9.577745e-10  r/r0=7.9191e-08
[mg]   it 1301  |r|inf=9.662387e-10  r/r0=7.9891e-08
[mg]   it 1302  |r|inf=9.746253e-10  r/r0=8.0584e-08
[mg]   it 1303  |r|inf=9.829338e-10  r/r0=8.1271e-08
[mg]   it 1304  |r|inf=9.911640e-10  r/r0=8.1951e-08
[mg]   it 1305  |r|inf=9.993157e-10  r/r0=8.2625e-08
[mg]   it 1306  |r|inf=1.007389e-09  r/r0=8.3293e-08
[mg]   it 1307  |r|inf=1.015382e-09  r/r0=8.3954e-08
[mg]   it 1308  |r|inf=1.023297e-09  r/r0=8.4608e-08
[mg]   it 1309  |r|inf=1.031132e-09  r/r0=8.5256e-08
[mg]   it 1310  |r|inf=1.038887e-09  r/r0=8.5897e-08
[mg]   it 1311  |r|inf=1.046562e-09  r/r0=8.6532e-08
[mg]   it 1312  |r|inf=1.054157e-09  r/r0=8.7160e-08
[mg]   it 1313  |r|inf=1.061671e-09  r/r0=8.7781e-08
[mg]   it 1314  |r|inf=1.069105e-09  r/r0=8.8396e-08
[mg]   it 1315  |r|inf=1.076458e-09  r/r0=8.9004e-08
[mg]   it 1316  |r|inf=1.083730e-09  r/r0=8.9605e-08
[mg]   it 1317  |r|inf=1.090920e-09  r/r0=9.0200e-08
[mg]   it 1318  |r|inf=1.098030e-09  r/r0=9.0787e-08
[mg]   it 1319  |r|inf=1.105057e-09  r/r0=9.1368e-08
[mg]   it 1320  |r|inf=1.112003e-09  r/r0=9.1943e-08
[mg]   it 1321  |r|inf=1.118867e-09  r/r0=9.2510e-08
[mg]   it 1322  |r|inf=1.125648e-09  r/r0=9.3071e-08
[mg]   it 1323  |r|inf=1.132348e-09  r/r0=9.3625e-08
[mg]   it 1324  |r|inf=1.138964e-09  r/r0=9.4172e-08
[mg]   it 1325  |r|inf=1.145499e-09  r/r0=9.4712e-08
[mg]   it 1326  |r|inf=1.151950e-09  r/r0=9.5246e-08
[mg]   it 1327  |r|inf=1.158319e-09  r/r0=9.5772e-08
[mg]   it 1328  |r|inf=1.164605e-09  r/r0=9.6292e-08
[mg]   it 1329  |r|inf=1.170808e-09  r/r0=9.6805e-08
[mg]   it 1330  |r|inf=1.176927e-09  r/r0=9.7311e-08
[mg]   it 1331  |r|inf=1.182963e-09  r/r0=9.7810e-08
[mg]   it 1332  |r|inf=1.188916e-09  r/r0=9.8302e-08
[mg]   it 1333  |r|inf=1.194784e-09  r/r0=9.8787e-08
[mg]   it 1334  |r|inf=1.200570e-09  r/r0=9.9266e-08
[mg]   it 1335  |r|inf=1.206271e-09  r/r0=9.9737e-08
[mg]   it 1336  |r|inf=1.211889e-09  r/r0=1.0020e-07
[mg]   it 1337  |r|inf=1.217423e-09  r/r0=1.0066e-07
[mg]   it 1338  |r|inf=1.222872e-09  r/r0=1.0111e-07
[mg]   it 1339  |r|inf=1.228238e-09  r/r0=1.0155e-07
[mg]   it 1340  |r|inf=1.233519e-09  r/r0=1.0199e-07
[mg]   it 1341  |r|inf=1.238716e-09  r/r0=1.0242e-07
[mg]   it 1342  |r|inf=1.243829e-09  r/r0=1.0284e-07
[mg]   it 1343  |r|inf=1.248857e-09  r/r0=1.0326e-07
[mg]   it 1344  |r|inf=1.253801e-09  r/r0=1.0367e-07
[mg]   it 1345  |r|inf=1.258660e-09  r/r0=1.0407e-07
[mg]   it 1346  |r|inf=1.263435e-09  r/r0=1.0446e-07
[mg]   it 1347  |r|inf=1.268125e-09  r/r0=1.0485e-07
[mg]   it 1348  |r|inf=1.272731e-09  r/r0=1.0523e-07
[mg]   it 1349  |r|inf=1.277251e-09  r/r0=1.0561e-07
[mg]   it 1350  |r|inf=1.281687e-09  r/r0=1.0597e-07
[mg]   it 1351  |r|inf=1.286038e-09  r/r0=1.0633e-07
[mg]   it 1352  |r|inf=1.290305e-09  r/r0=1.0669e-07
[mg]   it 1353  |r|inf=1.294486e-09  r/r0=1.0703e-07
[mg]   it 1354  |r|inf=1.298583e-09  r/r0=1.0737e-07
[mg]   it 1355  |r|inf=1.302595e-09  r/r0=1.0770e-07
[mg]   it 1356  |r|inf=1.306521e-09  r/r0=1.0803e-07
[mg]   it 1357  |r|inf=1.310363e-09  r/r0=1.0834e-07
[mg]   it 1358  |r|inf=1.314120e-09  r/r0=1.0865e-07
[mg]   it 1359  |r|inf=1.317792e-09  r/r0=1.0896e-07
[mg]   it 1360  |r|inf=1.321379e-09  r/r0=1.0925e-07
[mg]   it 1361  |r|inf=1.324881e-09  r/r0=1.0954e-07
[mg]   it 1362  |r|inf=1.328298e-09  r/r0=1.0983e-07
[mg]   it 1363  |r|inf=1.331630e-09  r/r0=1.1010e-07
[mg]   it 1364  |r|inf=1.334878e-09  r/r0=1.1037e-07
[mg]   it 1365  |r|inf=1.338040e-09  r/r0=1.1063e-07
[mg]   it 1366  |r|inf=1.341117e-09  r/r0=1.1089e-07
[mg]   it 1367  |r|inf=1.344110e-09  r/r0=1.1113e-07
[mg]   it 1368  |r|inf=1.347017e-09  r/r0=1.1137e-07
[mg]   it 1369  |r|inf=1.349840e-09  r/r0=1.1161e-07
[mg]   it 1370  |r|inf=1.352578e-09  r/r0=1.1183e-07
[mg]   it 1371  |r|inf=1.355231e-09  r/r0=1.1205e-07
[mg]   it 1372  |r|inf=1.357799e-09  r/r0=1.1227e-07
[mg]   it 1373  |r|inf=1.360283e-09  r/r0=1.1247e-07
[mg]   it 1374  |r|inf=1.362682e-09  r/r0=1.1267e-07
[mg]   it 1375  |r|inf=1.364996e-09  r/r0=1.1286e-07
[mg]   it 1376  |r|inf=1.367226e-09  r/r0=1.1305e-07
[mg]   it 1377  |r|inf=1.369371e-09  r/r0=1.1322e-07
[mg]   it 1378  |r|inf=1.371432e-09  r/r0=1.1339e-07
[mg]   it 1379  |r|inf=1.373408e-09  r/r0=1.1356e-07
[mg]   it 1380  |r|inf=1.375300e-09  r/r0=1.1371e-07
[mg]   it 1381  |r|inf=1.3771[run] step 3/6
[run] step 4/6
[run] step 5/6
[run] step 6/6
[perf] 46811.4 ms/step  1.2 Mcell/s (1.2/rank)  pressure iters/step 1500.0
[phases, rank-max ms/step] step=46810.8  predictor=4.2  momentum=893.3  projection=45909.8  pressure_allreduce=14.0  allreduce_count=7505
[out] spheres_bench_np1.json
