[cfg] global 384x384x384 = 56.6M cells  ranks=1  backend=Cuda  grid=staggered  IBM=cutcell  face_interp=9  bottom=auto  spheres=587 R=24.0 cells  phi=0.6003  levels=5  pressure=pcg(maxit=1500,rtol=1e-08,warmstart=0)  steps=0+6 then march(tol=0,max=6)
  rank 0: block 384x384x384 at [0, 0, 0]  gcn75.local.snellius.surf.nl 0000:26:00.0
[sdf] built in 1.5s  voxel solid fraction=0.6003 (packing 0.6003)
[mg] initMpi 384x384x384 np=1 -> 5 levels (requested 5)
[mg]  L0 global  384x 384x 384  rank0 block  384x 384x 384  ratio(2,2,2)
[mg]  L1 global  192x 192x 192  rank0 block  192x 192x 192  ratio(2,2,2)
[mg]  L2 global   96x  96x  96  rank0 block   96x  96x  96  ratio(2,2,2)
[mg]  L3 global   48x  48x  48  rank0 block   48x  48x  48  ratio(2,2,2)
[mg]  L4 global   24x  24x  24  rank0 block   24x  24x  24  ratio(1,1,1)
[run] warmup 0 steps...
[mg] solve 0: r0=2.134915e-02 rtol=1.0e-08 (pre=2 post=2 bottom=12)
[mg]   it   1  |r|inf=2.983554e-02  r/r0=1.3975e+00
[mg]   it   2  |r|inf=6.261756e-03  r/r0=2.9330e-01
[mg]   it   3  |r|inf=1.355776e-03  r/r0=6.3505e-02
[mg]   it   4  |r|inf=8.540290e-04  r/r0=4.0003e-02
[mg]   it   5  |r|inf=4.975868e-04  r/r0=2.3307e-02
[mg]   it   6  |r|inf=1.941811e-04  r/r0=9.0955e-03
[mg]   it   7  |r|inf=1.626650e-04  r/r0=7.6193e-03
[mg]   it   8  |r|inf=1.174906e-04  r/r0=5.5033e-03
[mg]   it   9  |r|inf=8.911610e-05  r/r0=4.1742e-03
[mg]   it  10  |r|inf=8.742362e-05  r/r0=4.0949e-03
[mg]   it  11  |r|inf=4.197371e-05  r/r0=1.9661e-03
[mg]   it  12  |r|inf=3.300418e-05  r/r0=1.5459e-03
[mg]   it  13  |r|inf=3.597843e-05  r/r0=1.6852e-03
[mg]   it  14  |r|inf=1.624139e-05  r/r0=7.6075e-04
[mg]   it  15  |r|inf=1.277669e-05  r/r0=5.9846e-04
[mg]   it  16  |r|inf=1.053832e-05  r/r0=4.9362e-04
[mg]   it  17  |r|inf=5.645786e-06  r/r0=2.6445e-04
[mg]   it  18  |r|inf=3.754227e-06  r/r0=1.7585e-04
[mg]   it  19  |r|inf=3.756854e-06  r/r0=1.7597e-04
[mg]   it  20  |r|inf=2.529618e-06  r/r0=1.1849e-04
[mg]   it  21  |r|inf=1.739247e-06  r/r0=8.1467e-05
[mg]   it  22  |r|inf=1.046863e-06  r/r0=4.9035e-05
[mg]   it  23  |r|inf=1.285628e-06  r/r0=6.0219e-05
[mg]   it  24  |r|inf=8.516801e-07  r/r0=3.9893e-05
[mg]   it  25  |r|inf=6.407183e-07  r/r0=3.0011e-05
[mg]   it  26  |r|inf=8.008762e-07  r/r0=3.7513e-05
[mg]   it  27  |r|inf=3.379392e-07  r/r0=1.5829e-05
[mg]   it  28  |r|inf=5.793609e-07  r/r0=2.7137e-05
[mg]   it  29  |r|inf=3.808141e-07  r/r0=1.7837e-05
[mg]   it  30  |r|inf=3.637176e-07  r/r0=1.7037e-05
[mg]   it  31  |r|inf=2.904481e-07  r/r0=1.3605e-05
[mg]   it  32  |r|inf=1.960331e-07  r/r0=9.1822e-06
[mg]   it  33  |r|inf=2.015447e-07  r/r0=9.4404e-06
[mg]   it  34  |r|inf=1.479213e-07  r/r0=6.9287e-06
[mg]   it  35  |r|inf=2.262186e-07  r/r0=1.0596e-05
[mg]   it  36  |r|inf=1.400156e-07  r/r0=6.5584e-06
[mg]   it  37  |r|inf=1.406628e-07  r/r0=6.5887e-06
[mg]   it  38  |r|inf=1.345844e-07  r/r0=6.3040e-06
[mg]   it  39  |r|inf=5.742571e-08  r/r0=2.6898e-06
[mg]   it  40  |r|inf=8.597097e-08  r/r0=4.0269e-06
[mg]   it  41  |r|inf=4.427982e-08  r/r0=2.0741e-06
[mg]   it  42  |r|inf=4.497557e-08  r/r0=2.1067e-06
[mg]   it  43  |r|inf=3.738672e-08  r/r0=1.7512e-06
[mg]   it  44  |r|inf=2.076287e-08  r/r0=9.7254e-07
[mg]   it  45  |r|inf=3.306787e-08  r/r0=1.5489e-06
[mg]   it  46  |r|inf=2.663595e-08  r/r0=1.2476e-06
[mg]   it  47  |r|inf=1.667237e-08  r/r0=7.8094e-07
[mg]   it  48  |r|inf=2.844125e-08  r/r0=1.3322e-06
[mg]   it  49  |r|inf=2.692929e-08  r/r0=1.2614e-06
[mg]   it  50  |r|inf=1.958889e-08  r/r0=9.1755e-07
[mg]   it  51  |r|inf=1.653446e-08  r/r0=7.7448e-07
[mg]   it  52  |r|inf=2.169200e-08  r/r0=1.0161e-06
[mg]   it  53  |r|inf=1.708616e-08  r/r0=8.0032e-07
[mg]   it  54  |r|inf=1.244724e-08  r/r0=5.8303e-07
[mg]   it  55  |r|inf=1.002326e-08  r/r0=4.6949e-07
[mg]   it  56  |r|inf=1.334276e-08  r/r0=6.2498e-07
[mg]   it  57  |r|inf=1.067849e-08  r/r0=5.0018e-07
[mg]   it  58  |r|inf=7.738041e-09  r/r0=3.6245e-07
[mg]   it  59  |r|inf=5.983384e-09  r/r0=2.8026e-07
[mg]   it  60  |r|inf=6.581792e-09  r/r0=3.0829e-07
[mg]   it  61  |r|inf=7.926230e-09  r/r0=3.7127e-07
[mg]   it  62  |r|inf=6.654837e-09  r/r0=3.1171e-07
[mg]   it  63  |r|inf=5.314313e-09  r/r0=2.4892e-07
[mg]   it  64  |r|inf=4.320762e-09  r/r0=2.0239e-07
[mg]   it  65  |r|inf=3.110468e-09  r/r0=1.4570e-07
[mg]   it  66  |r|inf=4.510631e-09  r/r0=2.1128e-07
[mg]   it  67  |r|inf=5.082404e-09  r/r0=2.3806e-07
[mg]   it  68  |r|inf=4.491392e-09  r/r0=2.1038e-07
[mg]   it  69  |r|inf=3.939934e-09  r/r0=1.8455e-07
[mg]   it  70  |r|inf=3.294214e-09  r/r0=1.5430e-07
[mg]   it  71  |r|inf=2.777882e-09  r/r0=1.3012e-07
[mg]   it  72  |r|inf=2.233365e-09  r/r0=1.0461e-07
[mg]   it  73  |r|inf=3.161697e-09  r/r0=1.4809e-07
[mg]   it  74  |r|inf=3.507886e-09  r/r0=1.6431e-07
[mg]   it  75  |r|inf=3.305152e-09  r/r0=1.5481e-07
[mg]   it  76  |r|inf=2.940390e-09  r/r0=1.3773e-07
[mg]   it  77  |r|inf=2.534965e-09  r/r0=1.1874e-07
[mg]   it  78  |r|inf=2.385007e-09  r/r0=1.1171e-07
[mg]   it  79  |r|inf=2.103122e-09  r/r0=9.8511e-08
[mg]   it  80  |r|inf=1.791734e-09  r/r0=8.3925e-08
[mg]   it  81  |r|inf=2.402307e-09  r/r0=1.1252e-07
[mg]   it  82  |r|inf=2.835688e-09  r/r0=1.3282e-07
[mg]   it  83  |r|inf=2.958003e-09  r/r0=1.3855e-07
[mg]   it  84  |r|inf=2.783653e-09  r/r0=1.3039e-07
[mg]   it  85  |r|inf=2.497156e-09  r/r0=1.1697e-07
[mg]   it  86  |r|inf=2.288743e-09  r/r0=1.0721e-07
[mg]   it  87  |r|inf=2.009181e-09  r/r0=9.4111e-08
[mg]   it  88  |r|inf=1.951711e-09  r/r0=9.1419e-08
[mg]   it  89  |r|inf=1.736096e-09  r/r0=8.1319e-08
[mg]   it  90  |r|inf=1.494720e-09  r/r0=7.0013e-08
[mg]   it  91  |r|inf=1.841915e-09  r/r0=8.6276e-08
[mg]   it  92  |r|inf=2.227804e-09  r/r0=1.0435e-07
[mg]   it  93  |r|inf=2.444954e-09  r/r0=1.1452e-07
[mg]   it  94  |r|inf=2.493778e-09  r/r0=1.1681e-07
[mg]   it  95  |r|inf=2.383697e-09  r/r0=1.1165e-07
[mg]   it  96  |r|inf=2.132429e-09  r/r0=9.9884e-08
[mg]   it  97  |r|inf=2.022058e-09  r/r0=9.4714e-08
[mg]   it  98  |r|inf=1.830763e-09  r/r0=8.5753e-08
[mg]   it  99  |r|inf=1.622547e-09  r/r0=7.6001e-08
[mg]   it 100  |r|inf=1.585959e-09  r/r0=7.4287e-08
[mg]   it 101  |r|inf=1.467937e-09  r/r0=6.8759e-08
[mg]   it 102  |r|inf=1.282837e-09  r/r0=6.0088e-08
[mg]   it 103  |r|inf=1.171282e-09  r/r0=5.4863e-08
[mg]   it 104  |r|inf=1.414992e-09  r/r0=6.6279e-08
[mg]   it 105  |r|inf=1.671874e-09  r/r0=7.8311e-08
[mg]   it 106  |r|inf=1.846605e-09  r/r0=8.6495e-08
[mg]   it 107  |r|inf=1.938301e-09  r/r0=9.0791e-08
[mg]   it 108  |r|inf=1.948536e-09  r/r0=9.1270e-08
[mg]   it 109  |r|inf=1.881201e-09  r/r0=8.8116e-08
[mg]   it 110  |r|inf=1.742550e-09  r/r0=8.1622e-08
[mg]   it 111  |r|inf=1.657841e-09  r/r0=7.7654e-08
[mg]   it 112  |r|inf=1.583435e-09  r/r0=7.4169e-08
[mg]   it 113  |r|inf=1.453086e-09  r/r0=6.8063e-08
[mg]   it 114  |r|inf=1.330470e-09  r/r0=6.2320e-08
[mg]   it 115  |r|inf=1.322227e-09  r/r0=6.1933e-08
[mg]   it 116  |r|inf=1.269771e-09  r/r0=5.9476e-08
[mg]   it 117  |r|inf=1.178169e-09  r/r0=5.5186e-08
[mg]   it 118  |r|inf=1.053402e-09  r/r0=4.9342e-08
[mg]   it 119  |r|inf=9.758018e-10  r/r0=4.5707e-08
[mg]   it 120  |r|inf=1.091132e-09  r/r0=5.1109e-08
[mg]   it 121  |r|inf=1.283541e-09  r/r0=6.0121e-08
[mg]   it 122  |r|inf=1.434858e-09  r/r0=6.7209e-08
[mg]   it 123  |r|inf=1.543802e-09  r/r0=7.2312e-08
[mg]   it 124  |r|inf=1.610025e-09  r/r0=7.5414e-08
[mg]   it 125  |r|inf=1.633981e-09  r/r0=7.6536e-08
[mg]   it 126  |r|inf=1.616872e-09  r/r0=7.5735e-08
[mg]   it 127  |r|inf=1.560640e-09  r/r0=7.3101e-08
[mg]   it 128  |r|inf=1.467977e-09  r/r0=6.8760e-08
[mg]   it 129  |r|inf=1.399435e-09  r/r0=6.5550e-08
[mg]   it 130  |r|inf=1.367244e-09  r/r0=6.4042e-08
[mg]   it 131  |r|inf=1.304196e-09  r/r0=6.1089e-08
[mg]   it 132  |r|inf=1.213040e-09  r/r0=5.6819e-08
[mg]   it 133  |r|inf=1.126106e-09  r/r0=5.2747e-08
[mg]   it 134  |r|inf=1.130203e-09  r/r0=5.2939e-08
[mg]   it 135  |r|inf=1.110347e-09  r/r0=5.2009e-08
[mg]   it 136  |r|inf=1.068287e-09  r/r0=5.0039e-08
[mg]   it 137  |r|inf=1.006201e-09  r/r0=4.7131e-08
[mg]   it 138  |r|inf=9.265519e-10  r/r0=4.3400e-08
[mg]   it 139  |r|inf=8.319614e-10  r/r0=3.8969e-08
[mg]   it 140  |r|inf=8.441355e-10  r/r0=3.9540e-08
[mg]   it 141  |r|inf=9.633459e-10  r/r0=4.5123e-08
[mg]   it 142  |r|inf=1.090871e-09  r/r0=5.1097e-08
[mg]   it 143  |r|inf=1.196808e-09  r/r0=5.6059e-08
[mg]   it 144  |r|inf=1.280565e-09  r/r0=5.9982e-08
[mg]   it 145  |r|inf=1.341894e-09  r/r0=6.2855e-08
[mg]   it 146  |r|inf=1.380839e-09  r/r0=6.4679e-08
[mg]   it 147  |r|inf=1.397703e-09  r/r0=6.5469e-08
[mg]   it 148  |r|inf=1.393032e-09  r/r0=6.5250e-08
[mg]   it 149  |r|inf=1.367602e-09  r/r0=6.4059e-08
[mg]   it 150  |r|inf=1.322415e-09  r/r0=6.1942e-08
[mg]   it 151  |r|inf=1.258694e-09  r/r0=5.8958e-08
[mg]   it 152  |r|inf=1.187187e-09  r/r0=5.5608e-08
[mg]   it 153  |r|inf=1.173428e-09  r/r0=5.4964e-08
[mg]   it 154  |r|inf=1.143291e-09  r/r0=5.3552e-08
[mg]   it 155  |r|inf=1.097702e-09  r/r0=5.1417e-08
[mg]   it 156  |r|inf=1.037798e-09  r/r0=4.8611e-08
[mg]   it 157  |r|inf=9.648976e-10  r/r0=4.5196e-08
[mg]   it 158  |r|inf=9.499325e-10  r/r0=4.4495e-08
[mg]   it 159  |r|inf=9.488318e-10  r/r0=4.4444e-08
[mg]   it 160  |r|inf=9.356053e-10  r/r0=4.3824e-08
[mg]   it 161  |r|inf=9.109158e-10  r/r0=4.2668e-08
[mg]   it 162  |r|inf=8.755553e-10  r/r0=4.1011e-08
[mg]   it 163  |r|inf=8.304161e-10  r/r0=3.8897e-08
[mg]   it 164  |r|inf=7.764608e-10  r/r0=3.6370e-08
[mg]   it 165  |r|inf=7.146965e-10  r/r0=3.3477e-08
[mg]   it 166  |r|inf=7.223595e-10  r/r0=3.3836e-08
[mg]   it 167  |r|inf=7.721336e-10  r/r0=3.6167e-08
[mg]   it 168  |r|inf=8.702227e-10  r/r0=4.0761e-08
[mg]   it 169  |r|inf=9.575963e-10  r/r0=4.4854e-08
[mg]   it 170  |r|inf=1.033786e-09  r/r0=4.8423e-08
[mg]   it 171  |r|inf=1.098448e-09  r/r0=5.1452e-08
[mg]   it 172  |r|inf=1.151356e-09  r/r0=5.3930e-08
[mg]   it 173  |r|inf=1.192385e-09  r/r0=5.5852e-08
[mg]   it 174  |r|inf=1.221509e-09  r/r0=5.7216e-08
[mg]   it 175  |r|inf=1.238789e-09  r/r0=5.8025e-08
[mg]   it 176  |r|inf=1.244376e-09  r/r0=5.8287e-08
[mg]   it 177  |r|inf=1.238503e-09  r/r0=5.8012e-08
[mg]   it 178  |r|inf=1.221490e-09  r/r0=5.7215e-08
[mg]   it 179  |r|inf=1.193734e-09  r/r0=5.5915e-08
[mg]   it 180  |r|inf=1.155716e-09  r/r0=5.4134e-08
[mg]   it 181  |r|inf=1.107994e-09  r/r0=5.1899e-08
[mg]   it 182  |r|inf=1.063676e-09  r/r0=4.9823e-08
[mg]   it 183  |r|inf=1.054774e-09  r/r0=4.9406e-08
[mg]   it 184  |r|inf=1.036954e-09  r/r0=4.8571e-08
[mg]   it 185  |r|inf=1.010581e-09  r/r0=4.7336e-08
[mg]   it 186  |r|inf=9.760916e-10  r/r0=4.5720e-08
[mg]   it 187  |r|inf=9.339921e-10  r/r0=4.3748e-08
[mg]   it 188  |r|inf=8.848463e-10  r/r0=4.1446e-08
[mg]   it 189  |r|inf=8.403850e-10  r/r0=3.9364e-08
[mg]   it 190  |r|inf=8.443661e-10  r/r0=3.9550e-08
[mg]   it 191  |r|inf=8.416847e-10  r/r0=3.9425e-08
[mg]   it 192  |r|inf=8.325682e-10  r/r0=3.8998e-08
[mg]   it 193  |r|inf=8.172931e-10  r/r0=3.8282e-08
[mg]   it 194  |r|inf=7.961779e-10  r/r0=3.7293e-08
[mg]   it 195  |r|inf=7.695748e-10  r/r0=3.6047e-08
[mg]   it 196  |r|inf=7.378629e-10  r/r0=3.4562e-08
[mg]   it 197  |r|inf=7.014405e-10  r/r0=3.2856e-08
[mg]   it 198  |r|inf=6.607187e-10  r/r0=3.0948e-08
[mg]   it 199  |r|inf=6.267483e-10  r/r0=2.9357e-08
[mg]   it 200  |r|inf=6.356012e-10  r/r0=2.9772e-08
[mg]   it 201  |r|inf=6.605347e-10  r/r0=3.0940e-08
[mg]   it 202  |r|inf=7.312797e-10  r/r0=3.4253e-08
[mg]   it 203  |r|inf=7.965109e-10  r/r0=3.7309e-08
[mg]   it 204  |r|inf=8.560008e-10  r/r0=4.0095e-08
[mg]   it 205  |r|inf=9.095635e-10  r/r0=4.2604e-08
[mg]   it 206  |r|inf=9.570505e-10  r/r0=4.4829e-08
[mg]   it 207  |r|inf=9.983488e-10  r/r0=4.6763e-08
[mg]   it 208  |r|inf=1.033378e-09  r/r0=4.8404e-08
[mg]   it 209  |r|inf=1.062087e-09  r/r0=4.9748e-08
[mg]   it 210  |r|inf=1.084455e-09  r/r0=5.0796e-08
[mg]   it 211  |r|inf=1.100489e-09  r/r0=5.1547e-08
[mg]   it 212  |r|inf=1.110222e-09  r/r0=5.2003e-08
[mg]   it 213  |r|inf=1.113714e-09  r/r0=5.2167e-08
[mg]   it 214  |r|inf=1.111052e-09  r/r0=5.2042e-08
[mg]   it 215  |r|inf=1.102349e-09  r/r0=5.1634e-08
[mg]   it 216  |r|inf=1.087746e-09  r/r0=5.0950e-08
[mg]   it 217  |r|inf=1.067408e-09  r/r0=4.9998e-08
[mg]   it 218  |r|inf=1.041530e-09  r/r0=4.8786e-08
[mg]   it 219  |r|inf=1.010331e-09  r/r0=4.7324e-08
[mg]   it 220  |r|inf=9.740554e-10  r/r0=4.5625e-08
[mg]   it 221  |r|inf=9.639709e-10  r/r0=4.5153e-08
[mg]   it 222  |r|inf=9.574504e-10  r/r0=4.4847e-08
[mg]   it 223  |r|inf=9.460597e-10  r/r0=4.4314e-08
[mg]   it 224  |r|inf=9.299377e-10  r/r0=4.3559e-08
[mg]   it 225  |r|inf=9.092492e-10  r/r0=4.2589e-08
[mg]   it 226  |r|inf=8.841831e-10  r/r0=4.1415e-08
[mg]   it 227  |r|inf=8.549505e-10  r/r0=4.0046e-08
[mg]   it 228  |r|inf=8.217826e-10  r/r0=3.8493e-08
[mg]   it 229  |r|inf=7.849286e-10  r/r0=3.6766e-08
[mg]   it 230  |r|inf=7.715606e-10  r/r0=3.6140e-08
[mg]   it 231  |r|inf=7.739363e-10  r/r0=3.6251e-08
[mg]   it 232  |r|inf=7.726616e-10  r/r0=3.6192e-08
[mg]   it 233  |r|inf=7.678253e-10  r/r0=3.5965e-08
[mg]   it 234  |r|inf=7.595330e-10  r/r0=3.5577e-08
[mg]   it 235  |r|inf=7.479062e-10  r/r0=3.5032e-08
[mg]   it 236  |r|inf=7.330797e-10  r/r0=3.4338e-08
[mg]   it 237  |r|inf=7.152001e-10  r/r0=3.3500e-08
[mg]   it 238  |r|inf=6.944234e-10  r/r0=3.2527e-08
[mg]   it 239  |r|inf=6.709132e-10  r/r0=3.1426e-08
[mg]   it 240  |r|inf=6.448393e-10  r/r0=3.0204e-08
[mg]   it 241  |r|inf=6.163755e-10  r/r0=2.8871e-08
[mg]   it 242  |r|inf=5.856984e-10  r/r0=2.7434e-08
[mg]   it 243  |r|inf=5.786025e-10  r/r0=2.7102e-08
[mg]   it 244  |r|inf=5.844284e-10  r/r0=2.7375e-08
[mg]   it 245  |r|inf=5.966959e-10  r/r0=2.7949e-08
[mg]   it 246  |r|inf=6.482771e-10  r/r0=3.0365e-08
[mg]   it 247  |r|inf=6.969203e-10  r/r0=3.2644e-08
[mg]   it 248  |r|inf=7.425150e-10  r/r0=3.4780e-08
[mg]   it 249  |r|inf=7.849655e-10  r/r0=3.6768e-08
[mg]   it 250  |r|inf=8.241894e-10  r/r0=3.8605e-08
[mg]   it 251  |r|inf=8.601172e-10  r/r0=4.0288e-08
[mg]   it 252  |r|inf=8.926913e-10  r/r0=4.1814e-08
[mg]   it 253  |r|inf=9.218651e-10  r/r0=4.3180e-08
[mg]   it 254  |r|inf=9.476030e-10  r/r0=4.4386e-08
[mg]   it 255  |r|inf=9.698790e-10  r/r0=4.5429e-08
[mg]   it 256  |r|inf=9.886771e-10  r/r0=4.6310e-08
[mg]   it 257  |r|inf=1.003990e-09  r/r0=4.7027e-08
[mg]   it 258  |r|inf=1.015821e-09  r/r0=4.7581e-08
[mg]   it 259  |r|inf=1.024179e-09  r/r0=4.7973e-08
[mg]   it 260  |r|inf=1.029086e-09  r/r0=4.8203e-08
[mg]   it 261  |r|inf=1.030568e-09  r/r0=4.8272e-08
[mg]   it 262  |r|inf=1.028664e-09  r/r0=4.8183e-08
[mg]   it 263  |r|inf=1.023419e-09  r/r0=4.7937e-08
[mg]   it 264  |r|inf=1.014887e-09  r/r0=4.7538e-08
[mg]   it 265  |r|inf=1.003131e-09  r/r0=4.6987e-08
[mg]   it 266  |r|inf=9.882232e-10  r/r0=4.6289e-08
[mg]   it 267  |r|inf=9.702439e-10  r/r0=4.5446e-08
[mg]   it 268  |r|inf=9.492821e-10  r/r0=4.4465e-08
[mg]   it 269  |r|inf=9.254355e-10  r/r0=4.3348e-08
[mg]   it 270  |r|inf=8.988099e-10  r/r0=4.2101e-08
[mg]   it 271  |r|inf=8.977812e-10  r/r0=4.2052e-08
[mg]   it 272  |r|inf=8.940919e-10  r/r0=4.1880e-08
[mg]   it 273  |r|inf=8.876724e-10  r/r0=4.1579e-08
[mg]   it 274  |r|inf=8.785739e-10  r/r0=4.1153e-08
[mg]   it 275  |r|inf=8.668564e-10  r/r0=4.0604e-08
[mg]   it 276  |r|inf=8.525881e-10  r/r0=3.9935e-08
[mg]   it 277  |r|inf=8.358455e-10  r/r0=3.9151e-08
[mg]   it 278  |r|inf=8.167127e-10  r/r0=3.8255e-08
[mg]   it 279  |r|inf=7.952809e-10  r/r0=3.7251e-08
[mg]   it 280  |r|inf=7.716482e-10  r/r0=3.6144e-08
[mg]   it 281  |r|inf=7.459184e-10  r/r0=3.4939e-08
[mg]   it 282  |r|inf=7.201756e-10  r/r0=3.3733e-08
[mg]   it 283  |r|inf=7.239850e-10  r/r0=3.3912e-08
[mg]   it 284  |r|inf=7.257267e-10  r/r0=3.3993e-08
[mg]   it 285  |r|inf=7.254284e-10  r/r0=3.3979e-08
[mg]   it 286  |r|inf=7.231244e-10  r/r0=3.3871e-08
[mg]   it 287  |r|inf=7.188549e-10  r/r0=3.3671e-08
[mg]   it 288  |r|inf=7.126658e-10  r/r0=3.3381e-08
[mg]   it 289  |r|inf=7.046083e-10  r/r0=3.3004e-08
[mg]   it 290  |r|inf=6.947381e-10  r/r0=3.2542e-08
[mg]   it 291  |r|inf=6.831150e-10  r/r0=3.1997e-08
[mg]   it 292  |r|inf=6.698026e-10  r/r0=3.1374e-08
[mg]   it 293  |r|inf=6.548679e-10  r/r0=3.0674e-08
[mg]   it 294  |r|inf=6.383802e-10  r/r0=2.9902e-08
[mg]   it 295  |r|inf=6.204113e-10  r/r0=2.9060e-08
[mg]   it 296  |r|inf=6.010348e-10  r/r0=2.8153e-08
[mg]   it 297  |r|inf=5.803257e-10  r/r0=2.7183e-08
[mg]   it 298  |r|inf=5.583600e-10  r/r0=2.6154e-08
[mg]   it 299  |r|inf=5.435408e-10  r/r0=2.5460e-08
[mg]   it 300  |r|inf=5.489467e-10  r/r0=2.5713e-08
[mg]   it 301  |r|inf=5.530295e-10  r/r0=2.5904e-08
[mg]   it 302  |r|inf=5.591430e-10  r/r0=2.6190e-08
[mg]   it 303  |r|inf=5.974510e-10  r/r0=2.7985e-08
[mg]   it 304  |r|inf=6.341457e-10  r/r0=2.9704e-08
[mg]   it 305  |r|inf=6.691736e-10  r/r0=3.1344e-08
[mg]   it 306  |r|inf=7.024863e-10  r/r0=3.2905e-08
[mg]   it 307  |r|inf=7.340404e-10  r/r0=3.4383e-08
[mg]   it 308  |r|inf=7.637972e-10  r/r0=3.5776e-08
[mg]   it 309  |r|inf=7.917224e-10  r/r0=3.7084e-08
[mg]   it 310  |r|inf=8.177861e-10  r/r0=3.8305e-08
[mg]   it 311  |r|inf=8.419626e-10  r/r0=3.9438e-08
[mg]   it 312  |r|inf=8.642299e-10  r/r0=4.0481e-08
[mg]   it 313  |r|inf=8.845699e-10  r/r0=4.1434e-08
[mg]   it 314  |r|inf=9.029680e-10  r/r0=4.2295e-08
[mg]   it 315  |r|inf=9.194130e-10  r/r0=4.3066e-08
[mg]   it 316  |r|inf=9.338973e-10  r/r0=4.3744e-08
[mg]   it 317  |r|inf=9.464163e-10  r/r0=4.4330e-08
[mg]   it 318  |r|inf=9.569687e-10  r/r0=4.4825e-08
[mg]   it 319  |r|inf=9.655562e-10  r/r0=4.5227e-08
[mg]   it 320  |r|inf=9.721838e-10  r/r0=4.5537e-08
[mg]   it 321  |r|inf=9.768591e-10  r/r0=4.5756e-08
[mg]   it 322  |r|inf=9.795931e-10  r/r0=4.5884e-08
[mg]   it 323  |r|inf=9.803994e-10  r/r0=4.5922e-08
[mg]   it 324  |r|inf=9.792948e-10  r/r0=4.5870e-08
[mg]   it 325  |r|inf=9.762989e-10  r/r0=4.5730e-08
[mg]   it 326  |r|inf=9.714343e-10  r/r0=4.5502e-08
[mg]   it 327  |r|inf=9.647264e-10  r/r0=4.5188e-08
[mg]   it 328  |r|inf=9.562038e-10  r/r0=4.4789e-08
[mg]   it 329  |r|inf=9.458976e-10  r/r0=4.4306e-08
[mg]   it 330  |r|inf=9.338420e-10  r/r0=4.3741e-08
[mg]   it 331  |r|inf=9.200741e-10  r/r0=4.3097e-08
[mg]   it 332  |r|inf=9.046338e-10  r/r0=4.2373e-08
[mg]   it 333  |r|inf=8.875637e-10  r/r0=4.1574e-08
[mg]   it 334  |r|inf=8.689091e-10  r/r0=4.0700e-08
[mg]   it 335  |r|inf=8.538963e-10  r/r0=3.9997e-08
[mg]   it 336  |r|inf=8.528630e-10  r/r0=3.9948e-08
[mg]   it 337  |r|inf=8.502703e-10  r/r0=3.9827e-08
[mg]   it 338  |r|inf=8.461364e-10  r/r0=3.9633e-08
[mg]   it 339  |r|inf=8.404824e-10  r/r0=3.9368e-08
[mg]   it 340  |r|inf=8.333323e-10  r/r0=3.9034e-08
[mg]   it 341  |r|inf=8.247129e-10  r/r0=3.8630e-08
[mg]   it 342  |r|inf=8.146538e-10  r/r0=3.8159e-08
[mg]   it 343  |r|inf=8.031872e-10  r/r0=3.7622e-08
[mg]   it 344  |r|inf=7.903478e-10  r/r0=3.7020e-08
[mg]   it 345  |r|inf=7.761728e-10  r/r0=3.6356e-08
[mg]   it 346  |r|inf=7.607019e-10  r/r0=3.5631e-08
[mg]   it 347  |r|inf=7.439765e-10  r/r0=3.4848e-08
[mg]   it 348  |r|inf=7.260406e-10  r/r0=3.4008e-08
[mg]   it 349  |r|inf=7.069396e-10  r/r0=3.3113e-08
[mg]   it 350  |r|inf=6.867209e-10  r/r0=3.2166e-08
[mg]   it 351  |r|inf=6.835204e-10  r/r0=3.2016e-08
[mg]   it 352  |r|inf=6.855847e-10  r/r0=3.2113e-08
[mg]   it 353  |r|inf=6.864965e-10  r/r0=3.2156e-08
[mg]   it 354  |r|inf=6.862682e-10  r/r0=3.2145e-08
[mg]   it 355  |r|inf=6.849141e-10  r/r0=3.2082e-08
[mg]   it 356  |r|inf=6.824508e-10  r/r0=3.1966e-08
[mg]   it 357  |r|inf=6.788967e-10  r/r0=3.1800e-08
[mg]   it 358  |r|inf=6.742718e-10  r/r0=3.1583e-08
[mg]   it 359  |r|inf=6.685980e-10  r/r0=3.1317e-08
[mg]   it 360  |r|inf=6.618986e-10  r/r0=3.1004e-08
[mg]   it 361  |r|inf=6.541984e-10  r/r0=3.0643e-08
[mg]   it 362  |r|inf=6.455235e-10  r/r0=3.0237e-08
[mg]   it 363  |r|inf=6.359012e-10  r/r0=2.9786e-08
[mg]   it 364  |r|inf=6.253597e-10  r/r0=2.9292e-08
[mg]   it 365  |r|inf=6.139284e-10  r/r0=2.8757e-08
[mg]   it 366  |r|inf=6.016374e-10  r/r0=2.8181e-08
[mg]   it 367  |r|inf=5.885174e-10  r/r0=2.7566e-08
[mg]   it 368  |r|inf=5.746000e-10  r/r0=2.6914e-08
[mg]   it 369  |r|inf=5.599172e-10  r/r0=2.6227e-08
[mg]   it 370  |r|inf=5.445012e-10  r/r0=2.5505e-08
[mg]   it 371  |r|inf=5.283848e-10  r/r0=2.4750e-08
[mg]   it 372  |r|inf=5.144480e-10  r/r0=2.4097e-08
[mg]   it 373  |r|inf=5.189256e-10  r/r0=2.4307e-08
[mg]   it 374  |r|inf=5.226562e-10  r/r0=2.4481e-08
[mg]   it 375  |r|inf=5.256448e-10  r/r0=2.4621e-08
[mg]   it 376  |r|inf=5.282079e-10  r/r0=2.4741e-08
[mg]   it 377  |r|inf=5.568879e-10  r/r0=2.6085e-08
[mg]   it 378  |r|inf=5.846752e-10  r/r0=2.7386e-08
[mg]   it 379  |r|inf=6.115445e-10  r/r0=2.8645e-08
[mg]   it 380  |r|inf=6.374722e-10  r/r0=2.9859e-08
[mg]   it 381  |r|inf=6.624365e-10  r/r0=3.1029e-08
[mg]   it 382  |r|inf=6.864173e-10  r/r0=3.2152e-08
[mg]   it 383  |r|inf=7.093958e-10  r/r0=3.3228e-08
[mg]   it 384  |r|inf=7.313552e-10  r/r0=3.4257e-08
[mg]   it 385  |r|inf=7.522798e-10  r/r0=3.5237e-08
[mg]   it 386  |r|inf=7.721558e-10  r/r0=3.6168e-08
[mg]   it 387  |r|inf=7.909705e-10  r/r0=3.7049e-08
[mg]   it 388  |r|inf=8.087126e-10  r/r0=3.7880e-08
[mg]   it 389  |r|inf=8.253723e-10  r/r0=3.8661e-08
[mg]   it 390  |r|inf=8.409410e-10  r/r0=3.9390e-08
[mg]   it 391  |r|inf=8.554112e-10  r/r0=4.0068e-08
[mg]   it 392  |r|inf=8.687769e-10  r/r0=4.0694e-08
[mg]   it 393  |r|inf=8.810331e-10  r/r0=4.1268e-08
[mg]   it 394  |r|inf=8.921761e-10  r/r0=4.1790e-08
[mg]   it 395  |r|inf=9.022033e-10  r/r0=4.2259e-08
[mg]   it 396  |r|inf=9.111130e-10  r/r0=4.2677e-08
[mg]   it 397  |r|inf=9.189049e-10  r/r0=4.3042e-08
[mg]   it 398  |r|inf=9.255798e-10  r/r0=4.3354e-08
[mg]   it 399  |r|inf=9.311392e-10  r/r0=4.3615e-08
[mg]   it 400  |r|inf=9.355861e-10  r/r0=4.3823e-08
[mg]   it 401  |r|inf=9.389243e-10  r/r0=4.3979e-08
[mg]   it 402  |r|inf=9.411587e-10  r/r0=4.4084e-08
[mg]   it 403  |r|inf=9.422952e-10  r/r0=4.4137e-08
[mg]   it 404  |r|inf=9.423408e-10  r/r0=4.4140e-08
[mg]   it 405  |r|inf=9.413035e-10  r/r0=4.4091e-08
[mg]   it 406  |r|inf=9.391923e-10  r/r0=4.3992e-08
[mg]   it 407  |r|inf=9.360171e-10  r/r0=4.3843e-08
[mg]   it 408  |r|inf=9.317891e-10  r/r0=4.3645e-08
[mg]   it 409  |r|inf=9.265201e-10  r/r0=4.3398e-08
[mg]   it 410  |r|inf=9.202234e-10  r/r0=4.3104e-08
[mg]   it 411  |r|inf=9.129128e-10  r/r0=4.2761e-08
[mg]   it 412  |r|inf=9.046034e-10  r/r0=4.2372e-08
[mg]   it 413  |r|inf=8.953111e-10  r/r0=4.1937e-08
[mg]   it 414  |r|inf=8.850528e-10  r/r0=4.1456e-08
[mg]   it 415  |r|inf=8.738465e-10  r/r0=4.0931e-08
[mg]   it 416  |r|inf=8.617110e-10  r/r0=4.0363e-08
[mg]   it 417  |r|inf=8.486658e-10  r/r0=3.9752e-08
[mg]   it 418  |r|inf=8.347317e-10  r/r0=3.9099e-08
[mg]   it 419  |r|inf=8.201109e-10  r/r0=3.8414e-08
[mg]   it 420  |r|inf=8.195191e-10  r/r0=3.8387e-08
[mg]   it 421  |r|inf=8.180407e-10  r/r0=3.8317e-08
[mg]   it 422  |r|inf=8.156833e-10  r/r0=3.8207e-08
[mg]   it 423  |r|inf=8.124557e-10  r/r0=3.8056e-08
[mg]   it 424  |r|inf=8.083677e-10  r/r0=3.7864e-08
[mg]   it 425  |r|inf=8.034297e-10  r/r0=3.7633e-08
[mg]   it 426  |r|inf=7.976535e-10  r/r0=3.7362e-08
[mg]   it 427  |r|inf=7.910515e-10  r/r0=3.7053e-08
[mg]   it 428  |r|inf=7.836372e-10  r/r0=3.6706e-08
[mg]   it 429  |r|inf=7.754247e-10  r/r0=3.6321e-08
[mg]   it 430  |r|inf=7.664292e-10  r/r0=3.5900e-08
[mg]   it 431  |r|inf=7.566666e-10  r/r0=3.5442e-08
[mg]   it 432  |r|inf=7.461535e-10  r/r0=3.4950e-08
[mg]   it 433  |r|inf=7.349074e-10  r/r0=3.4423e-08
[mg]   it 434  |r|inf=7.229463e-10  r/r0=3.3863e-08
[mg]   it 435  |r|inf=7.102892e-10  r/r0=3.3270e-08
[mg]   it 436  |r|inf=6.969553e-10  r/r0=3.2646e-08
[mg]   it 437  |r|inf=6.829647e-10  r/r0=3.1990e-08
[mg]   it 438  |r|inf=6.683379e-10  r/r0=3.1305e-08
[mg]   it 439  |r|inf=6.530959e-10  r/r0=3.0591e-08
[mg]   it 440  |r|inf=6.492942e-10  r/r0=3.0413e-08
[mg]   it 441  |r|inf=6.507394e-10  r/r0=3.0481e-08
[mg]   it 442  |r|inf=6.515381e-10  r/r0=3.0518e-08
[mg]   it 443  |r|inf=6.516958e-10  r/r0=3.0526e-08
[mg]   it 444  |r|inf=6.512183e-10  r/r0=3.0503e-08
[mg]   it 445  |r|inf=6.501122e-10  r/r0=3.0451e-08
[mg]   it 446  |r|inf=6.483849e-10  r/r0=3.0371e-08
[mg]   it 447  |r|inf=6.460441e-10  r/r0=3.0261e-08
[mg]   it 448  |r|inf=6.430984e-10  r/r0=3.0123e-08
[mg]   it 449  |r|inf=6.395567e-10  r/r0=2.9957e-08
[mg]   it 450  |r|inf=6.354286e-10  r/r0=2.9764e-08
[mg]   it 451  |r|inf=6.307241e-10  r/r0=2.9543e-08
[mg]   it 452  |r|inf=6.254536e-10  r/r0=2.9296e-08
[mg]   it 453  |r|inf=6.196280e-10  r/r0=2.9024e-08
[mg]   it 454  |r|inf=6.132586e-10  r/r0=2.8725e-08
[mg]   it 455  |r|inf=6.063572e-10  r/r0=2.8402e-08
[mg]   it 456  |r|inf=5.989357e-10  r/r0=2.8054e-08
[mg]   it 457  |r|inf=5.910064e-10  r/r0=2.7683e-08
[mg]   it 458  |r|inf=5.825820e-10  r/r0=2.7288e-08
[mg]   it 459  |r|inf=5.736753e-10  r/r0=2.6871e-08
[mg]   it 460  |r|inf=5.642994e-10  r/r0=2.6432e-08
[mg]   it 461  |r|inf=5.544676e-10  r/r0=2.5971e-08
[mg]   it 462  |r|inf=5.441934e-10  r/r0=2.5490e-08
[mg]   it 463  |r|inf=5.334904e-10  r/r0=2.4989e-08
[mg]   it 464  |r|inf=5.223723e-10  r/r0=2.4468e-08
[mg]   it 465  |r|inf=5.108531e-10  r/r0=2.3929e-08
[mg]   it 466  |r|inf=4.989466e-10  r/r0=2.3371e-08
[mg]   it 467  |r|inf=4.866669e-10  r/r0=2.2796e-08
[mg]   it 468  |r|inf=4.878072e-10  r/r0=2.2849e-08
[mg]   it 469  |r|inf=4.909317e-10  r/r0=2.2995e-08
[mg]   it 470  |r|inf=4.936409e-10  r/r0=2.3122e-08
[mg]   it 471  |r|inf=4.959368e-10  r/r0=2.3230e-08
[mg]   it 472  |r|inf=4.978216e-10  r/r0=2.3318e-08
[mg]   it 473  |r|inf=5.108233e-10  r/r0=2.3927e-08
[mg]   it 474  |r|inf=5.318992e-10  r/r0=2.4914e-08
[mg]   it 475  |r|inf=5.524769e-10  r/r0=2.5878e-08
[mg]   it 476  |r|inf=5.725452e-10  r/r0=2.6818e-08
[mg]   it 477  |r|inf=5.920936e-10  r/r0=2.7734e-08
[mg]   it 478  |r|inf=6.111123e-10  r/r0=2.8625e-08
[mg]   it 479  |r|inf=6.295916e-10  r/r0=2.9490e-08
[mg]   it 480  |r|inf=6.475228e-10  r/r0=3.0330e-08
[mg]   it 481  |r|inf=6.648975e-10  r/r0=3.1144e-08
[mg]   it 482  |r|inf=6.817077e-10  r/r0=3.1931e-08
[mg]   it 483  |r|inf=6.979461e-10  r/r0=3.2692e-08
[mg]   it 484  |r|inf=7.136058e-10  r/r0=3.3425e-08
[mg]   it 485  |r|inf=7.286803e-10  r/r0=3.4132e-08
[mg]   it 486  |r|inf=7.431637e-10  r/r0=3.4810e-08
[mg]   it 487  |r|inf=7.570506e-10  r/r0=3.5460e-08
[mg]   it 488  |r|inf=7.703357e-10  r/r0=3.6083e-08
[mg]   it 489  |r|inf=7.830144e-10  r/r0=3.6677e-08
[mg]   it 490  |r|inf=7.950826e-10  r/r0=3.7242e-08
[mg]   it 491  |r|inf=8.065363e-10  r/r0=3.7778e-08
[mg]   it 492  |r|inf=8.173723e-10  r/r0=3.8286e-08
[mg]   it 493  |r|inf=8.275874e-10  r/r0=3.8764e-08
[mg]   it 494  |r|inf=8.371791e-10  r/r0=3.9214e-08
[mg]   it 495  |r|inf=8.461451e-10  r/r0=3.9634e-08
[mg]   it 496  |r|inf=8.544835e-10  r/r0=4.0024e-08
[mg]   it 497  |r|inf=8.621929e-10  r/r0=4.0385e-08
[mg]   it 498  |r|inf=8.692722e-10  r/r0=4.0717e-08
[mg]   it 499  |r|inf=8.757206e-10  r/r0=4.1019e-08
[mg]   it 500  |r|inf=8.815378e-10  r/r0=4.1291e-08
[mg]   it 501  |r|inf=8.867237e-10  r/r0=4.1534e-08
[mg]   it 502  |r|inf=8.912787e-10  r/r0=4.1748e-08
[mg]   it 503  |r|inf=8.952034e-10  r/r0=4.1932e-08
[mg]   it 504  |r|inf=8.984989e-10  r/r0=4.2086e-08
[mg]   it 505  |r|inf=9.011667e-10  r/r0=4.2211e-08
[mg]   it 506  |r|inf=9.032084e-10  r/r0=4.2307e-08
[mg]   it 507  |r|inf=9.046263e-10  r/r0=4.2373e-08
[mg]   it 508  |r|inf=9.054227e-10  r/r0=4.2410e-08
[mg]   it 509  |r|inf=9.056005e-10  r/r0=4.2419e-08
[mg]   it 510  |r|inf=9.051628e-10  r/r0=4.2398e-08
[mg]   it 511  |r|inf=9.041131e-10  r/r0=4.2349e-08
[mg]   it 512  |r|inf=9.024553e-10  r/r0=4.2271e-08
[mg]   it 513  |r|inf=9.001936e-10  r/r0=4.2165e-08
[mg]   it 514  |r|inf=8.973326e-10  r/r0=4.2031e-08
[mg]   it 515  |r|inf=8.938771e-10  r/r0=4.1869e-08
[mg]   it 516  |r|inf=8.898324e-10  r/r0=4.1680e-08
[mg]   it 517  |r|inf=8.852041e-10  r/r0=4.1463e-08
[mg]   it 518  |r|inf=8.799981e-10  r/r0=4.1219e-08
[mg]   it 519  |r|inf=8.742207e-10  r/r0=4.0949e-08
[mg]   it 520  |r|inf=8.678785e-10  r/r0=4.0652e-08
[mg]   it 521  |r|inf=8.609784e-10  r/r0=4.0328e-08
[mg]   it 522  |r|inf=8.535277e-10  r/r0=3.9979e-08
[mg]   it 523  |r|inf=8.455341e-10  r/r0=3.9605e-08
[mg]   it 524  |r|inf=8.370054e-10  r/r0=3.9206e-08
[mg]   it 525  |r|inf=8.279499e-10  r/r0=3.8781e-08
[mg]   it 526  |r|inf=8.183761e-10  r/r0=3.8333e-08
[mg]   it 527  |r|inf=8.082931e-10  r/r0=3.7861e-08
[mg]   it 528  |r|inf=7.977098e-10  r/r0=3.7365e-08
[mg]   it 529  |r|inf=7.941389e-10  r/r0=3.7198e-08
[mg]   it 530  |r|inf=7.936154e-10  r/r0=3.7173e-08
[mg]   it 531  |r|inf=7.925852e-10  r/r0=3.7125e-08
[mg]   it 532  |r|inf=7.910517e-10  r/r0=3.7053e-08
[mg]   it 533  |r|inf=7.890185e-10  r/r0=3.6958e-08
[mg]   it 534  |r|inf=7.864894e-10  r/r0=3.6839e-08
[mg]   it 535  |r|inf=7.834687e-10  r/r0=3.6698e-08
[mg]   it 536  |r|inf=7.799611e-10  r/r0=3.6534e-08
[mg]   it 537  |r|inf=7.759713e-10  r/r0=3.6347e-08
[mg]   it 538  |r|inf=7.715048e-10  r/r0=3.6137e-08
[mg]   it 539  |r|inf=7.665669e-10  r/r0=3.5906e-08
[mg]   it 540  |r|inf=7.611636e-10  r/r0=3.5653e-08
[mg]   it 541  |r|inf=7.553009e-10  r/r0=3.5379e-08
[mg]   it 542  |r|inf=7.489855e-10  r/r0=3.5083e-08
[mg]   it 543  |r|inf=7.422238e-10  r/r0=3.4766e-08
[mg]   it 544  |r|inf=7.350231e-10  r/r0=3.4429e-08
[mg]   it 545  |r|inf=7.273905e-10  r/r0=3.4071e-08
[mg]   it 546  |r|inf=7.193335e-10  r/r0=3.3694e-08
[mg]   it 547  |r|inf=7.108600e-10  r/r0=3.3297e-08
[mg]   it 548  |r|inf=7.019779e-10  r/r0=3.2881e-08
[mg]   it 549  |r|inf=6.926955e-10  r/r0=3.2446e-08
[mg]   it 550  |r|inf=6.830212e-10  r/r0=3.1993e-08
[mg]   it 551  |r|inf=6.729638e-10  r/r0=3.1522e-08
[mg]   it 552  |r|inf=6.625320e-10  r/r0=3.1033e-08
[mg]   it 553  |r|inf=6.517349e-10  r/r0=3.0527e-08
[mg]   it 554  |r|inf=6.405818e-10  r/r0=3.0005e-08
[mg]   it 555  |r|inf=6.290820e-10  r/r0=2.9466e-08
[mg]   it 556  |r|inf=6.285933e-10  r/r0=2.9443e-08
[mg]   it 557  |r|inf=6.296029e-10  r/r0=2.9491e-08
[mg]   it 558  |r|inf=6.302440e-10  r/r0=2.9521e-08
[mg]   it 559  |r|inf=6.305187e-10  r/r0=2.9534e-08
[mg]   it 560  |r|inf=6.304296e-10  r/r0=2.9529e-08
[mg]   it 561  |r|inf=6.299793e-10  r/r0=2.9508e-08
[mg]   it 562  |r|inf=6.291707e-10  r/r0=2.9471e-08
[mg]   it 563  |r|inf=6.280071e-10  r/r0=2.9416e-08
[mg]   it 564  |r|inf=6.264918e-10  r/r0=2.9345e-08
[mg]   it 565  |r|inf=6.246283e-10  r/r0=2.9258e-08
[mg]   it 566  |r|inf=6.224204e-10  r/r0=2.9154e-08
[mg]   it 567  |r|inf=6.198720e-10  r/r0=2.9035e-08
[mg]   it 568  |r|inf=6.169873e-10  r/r0=2.8900e-08
[mg]   it 569  |r|inf=6.137705e-10  r/r0=2.8749e-08
[mg]   it 570  |r|inf=6.102261e-10  r/r0=2.8583e-08
[mg]   it 571  |r|inf=6.063587e-10  r/r0=2.8402e-08
[mg]   it 572  |r|inf=6.021731e-10  r/r0=2.8206e-08
[mg]   it 573  |r|inf=5.976741e-10  r/r0=2.7995e-08
[mg]   it 574  |r|inf=5.928668e-10  r/r0=2.7770e-08
[mg]   it 575  |r|inf=5.877563e-10  r/r0=2.7531e-08
[mg]   it 576  |r|inf=5.823479e-10  r/r0=2.7277e-08
[mg]   it 577  |r|inf=5.766469e-10  r/r0=2.7010e-08
[mg]   it 578  |r|inf=5.706589e-10  r/r0=2.6730e-08
[mg]   it 579  |r|inf=5.643894e-10  r/r0=2.6436e-08
[mg]   it 580  |r|inf=5.578440e-10  r/r0=2.6130e-08
[mg]   it 581  |r|inf=5.510284e-10  r/r0=2.5810e-08
[mg]   it 582  |r|inf=5.439485e-10  r/r0=2.5479e-08
[mg]   it 583  |r|inf=5.366102e-10  r/r0=2.5135e-08
[mg]   it 584  |r|inf=5.290193e-10  r/r0=2.4779e-08
[mg]   it 585  |r|inf=5.211818e-10  r/r0=2.4412e-08
[mg]   it 586  |r|inf=5.131037e-10  r/r0=2.4034e-08
[mg]   it 587  |r|inf=5.047912e-10  r/r0=2.3645e-08
[mg]   it 588  |r|inf=4.962502e-10  r/r0=2.3244e-08
[mg]   it 589  |r|inf=4.874870e-10  r/r0=2.2834e-08
[mg]   it 590  |r|inf=4.785076e-10  r/r0=2.2413e-08
[mg]   it 591  |r|inf=4.693183e-10  r/r0=2.1983e-08
[mg]   it 592  |r|inf=4.678114e-10  r/r0=2.1912e-08
[mg]   it 593  |r|inf=4.702331e-10  r/r0=2.2026e-08
[mg]   it 594  |r|inf=4.724192e-10  r/r0=2.2128e-08
[mg]   it 595  |r|inf=4.743706e-10  r/r0=2.2220e-08
[mg]   it 596  |r|inf=4.760879e-10  r/r0=2.2300e-08
[mg]   it 597  |r|inf=4.775724e-10  r/r0=2.2370e-08
[mg]   it 598  |r|inf=4.788250e-10  r/r0=2.2428e-08
[mg]   it 599  |r|inf=4.922730e-10  r/r0=2.3058e-08
[mg]   it 600  |r|inf=5.079638e-10  r/r0=2.3793e-08
[mg]   it 601  |r|inf=5.233731e-10  r/r0=2.4515e-08
[mg]   it 602  |r|inf=5.384959e-10  r/r0=2.5223e-08
[mg]   it 603  |r|inf=5.533274e-10  r/r0=2.5918e-08
[mg]   it 604  |r|inf=5.678630e-10  r/r0=2.6599e-08
[mg]   it 605  |r|inf=5.820984e-10  r/r0=2.7266e-08
[mg]   it 606  |r|inf=5.960294e-10  r/r0=2.7918e-08
[mg]   it 607  |r|inf=6.096518e-10  r/r0=2.8556e-08
[mg]   it 608  |r|inf=6.229620e-10  r/r0=2.9180e-08
[mg]   it 609  |r|inf=6.359562e-10  r/r0=2.9788e-08
[mg]   it 610  |r|inf=6.486310e-10  r/r0=3.0382e-08
[mg]   it 611  |r|inf=6.609829e-10  r/r0=3.0961e-08
[mg]   it 612  |r|inf=6.730089e-10  r/r0=3.1524e-08
[mg]   it 613  |r|inf=6.847059e-10  r/r0=3.2072e-08
[mg]   it 614  |r|inf=6.960711e-10  r/r0=3.2604e-08
[mg]   it 615  |r|inf=7.071017e-10  r/r0=3.3121e-08
[mg]   it 616  |r|inf=7.177954e-10  r/r0=3.3622e-08
[mg]   it 617  |r|inf=7.281495e-10  r/r0=3.4107e-08
[mg]   it 618  |r|inf=7.381620e-10  r/r0=3.4576e-08
[mg]   it 619  |r|inf=7.478308e-10  r/r0=3.5029e-08
[mg]   it 620  |r|inf=7.571538e-10  r/r0=3.5465e-08
[mg]   it 621  |r|inf=7.661292e-10  r/r0=3.5886e-08
[mg]   it 622  |r|inf=7.747554e-10  r/r0=3.6290e-08
[mg]   it 623  |r|inf=7.830309e-10  r/r0=3.6677e-08
[mg]   it 624  |r|inf=7.909541e-10  r/r0=3.7049e-08
[mg]   it 625  |r|inf=7.985240e-10  r/r0=3.7403e-08
[mg]   it 626  |r|inf=8.057392e-10  r/r0=3.7741e-08
[mg]   it 627  |r|inf=8.125988e-10  r/r0=3.8062e-08
[mg]   it 628  |r|inf=8.191019e-10  r/r0=3.8367e-08
[mg]   it 629  |r|inf=8.252478e-10  r/r0=3.8655e-08
[mg]   it 630  |r|inf=8.310358e-10  r/r0=3.8926e-08
[mg]   it 631  |r|inf=8.364653e-10  r/r0=3.9180e-08
[mg]   it 632  |r|inf=8.415361e-10  r/r0=3.9418e-08
[mg]   it 633  |r|inf=8.462478e-10  r/r0=3.9638e-08
[mg]   it 634  |r|inf=8.506002e-10  r/r0=3.9842e-08
[mg]   it 635  |r|inf=8.545934e-10  r/r0=4.0029e-08
[mg]   it 636  |r|inf=8.582275e-10  r/r0=4.0200e-08
[mg]   it 637  |r|inf=8.615026e-10  r/r0=4.0353e-08
[mg]   it 638  |r|inf=8.644192e-10  r/r0=4.0490e-08
[mg]   it 639  |r|inf=8.669775e-10  r/r0=4.0609e-08
[mg]   it 640  |r|inf=8.691783e-10  r/r0=4.0713e-08
[mg]   it 641  |r|inf=8.710221e-10  r/r0=4.0799e-08
[mg]   it 642  |r|inf=8.725098e-10  r/r0=4.0869e-08
[mg]   it 643  |r|inf=8.736424e-10  r/r0=4.0922e-08
[mg]   it 644  |r|inf=8.744207e-10  r/r0=4.0958e-08
[mg]   it 645  |r|inf=8.748461e-10  r/r0=4.0978e-08
[mg]   it 646  |r|inf=8.749197e-10  r/r0=4.0981e-08
[mg]   it 647  |r|inf=8.746430e-10  r/r0=4.0969e-08
[mg]   it 648  |r|inf=8.740174e-10  r/r0=4.0939e-08
[mg]   it 649  |r|inf=8.730446e-10  r/r0=4.0894e-08
[mg]   it 650  |r|inf=8.717263e-10  r/r0=4.0832e-08
[mg]   it 651  |r|inf=8.700643e-10  r/r0=4.0754e-08
[mg]   it 652  |r|inf=8.680607e-10  r/r0=4.0660e-08
[mg]   it 653  |r|inf=8.657174e-10  r/r0=4.0550e-08
[mg]   it 654  |r|inf=8.630367e-10  r/r0=4.0425e-08
[mg]   it 655  |r|inf=8.600209e-10  r/r0=4.0284e-08
[mg]   it 656  |r|inf=8.566724e-10  r/r0=4.0127e-08
[mg]   it 657  |r|inf=8.529938e-10  r/r0=3.9954e-08
[mg]   it 658  |r|inf=8.489877e-10  r/r0=3.9767e-08
[mg]   it 659  |r|inf=8.446569e-10  r/r0=3.9564e-08
[mg]   it 660  |r|inf=8.400042e-10  r/r0=3.9346e-08
[mg]   it 661  |r|inf=8.350326e-10  r/r0=3.9113e-08
[mg]   it 662  |r|inf=8.297453e-10  r/r0=3.8866e-08
[mg]   it 663  |r|inf=8.241455e-10  r/r0=3.8603e-08
[mg]   it 664  |r|inf=8.182365e-10  r/r0=3.8326e-08
[mg]   it 665  |r|inf=8.120216e-10  r/r0=3.8035e-08
[mg]   it 666  |r|inf=8.055045e-10  r/r0=3.7730e-08
[mg]   it 667  |r|inf=7.986888e-10  r/r0=3.7411e-08
[mg]   it 668  |r|inf=7.915783e-10  r/r0=3.7078e-08
[mg]   it 669  |r|inf=7.841767e-10  r/r0=3.6731e-08
[mg]   it 670  |r|inf=7.764881e-10  r/r0=3.6371e-08
[mg]   it 671  |r|inf=7.702034e-10  r/r0=3.6077e-08
[mg]   it 672  |r|inf=7.701250e-10  r/r0=3.6073e-08
[mg]   it 673  |r|inf=7.697556e-10  r/r0=3.6056e-08
[mg]   it 674  |r|inf=7.690964e-10  r/r0=3.6025e-08
[mg]   it 675  |r|inf=7.681489e-10  r/r0=3.5980e-08
[mg]   it 676  |r|inf=7.669144e-10  r/r0=3.5922e-08
[mg]   it 677  |r|inf=7.653946e-10  r/r0=3.5851e-08
[mg]   it 678  |r|inf=7.635911e-10  r/r0=3.5767e-08
[mg]   it 679  |r|inf=7.615059e-10  r/r0=3.5669e-08
[mg]   it 680  |r|inf=7.591407e-10  r/r0=3.5558e-08
[mg]   it 681  |r|inf=7.564977e-10  r/r0=3.5435e-08
[mg]   it 682  |r|inf=7.535789e-10  r/r0=3.5298e-08
[mg]   it 683  |r|inf=7.503867e-10  r/r0=3.5148e-08
[mg]   it 684  |r|inf=7.469233e-10  r/r0=3.4986e-08
[mg]   it 685  |r|inf=7.431913e-10  r/r0=3.4811e-08
[mg]   it 686  |r|inf=7.391931e-10  r/r0=3.4624e-08
[mg]   it 687  |r|inf=7.349315e-10  r/r0=3.4424e-08
[mg]   it 688  |r|inf=7.304092e-10  r/r0=3.4213e-08
[mg]   it 689  |r|inf=7.256291e-10  r/r0=3.3989e-08
[mg]   it 690  |r|inf=7.205941e-10  r/r0=3.3753e-08
[mg]   it 691  |r|inf=7.153072e-10  r/r0=3.3505e-08
[mg]   it 692  |r|inf=7.097716e-10  r/r0=3.3246e-08
[mg]   it 693  |r|inf=7.039905e-10  r/r0=3.2975e-08
[mg]   it 694  |r|inf=6.979672e-10  r/r0=3.2693e-08
[mg]   it 695  |r|inf=6.917052e-10  r/r0=3.2400e-08
[mg]   it 696  |r|inf=6.852078e-10  r/r0=3.2095e-08
[mg]   it 697  |r|inf=6.784786e-10  r/r0=3.1780e-08
[mg]   it 698  |r|inf=6.715212e-10  r/r0=3.1454e-08
[mg]   it 699  |r|inf=6.643394e-10  r/r0=3.1118e-08
[mg]   it 700  |r|inf=6.569369e-10  r/r0=3.0771e-08
[mg]   it 701  |r|inf=6.493176e-10  r/r0=3.0414e-08
[mg]   it 702  |r|inf=6.414853e-10  r/r0=3.0047e-08
[mg]   it 703  |r|inf=6.334440e-10  r/r0=2.9671e-08
[mg]   it 704  |r|inf=6.251977e-10  r/r0=2.9284e-08
[mg]   it 705  |r|inf=6.167505e-10  r/r0=2.8889e-08
[mg]   it 706  |r|inf=6.086851e-10  r/r0=2.8511e-08
[mg]   it 707  |r|inf=6.096564e-10  r/r0=2.8556e-08
[mg]   it 708  |r|inf=6.104162e-10  r/r0=2.8592e-08
[mg]   it 709  |r|inf=6.109654e-10  r/r0=2.8618e-08
[mg]   it 710  |r|inf=6.113049e-10  r/r0=2.8634e-08
[mg]   it 711  |r|inf=6.114358e-10  r/r0=2.8640e-08
[mg]   it 712  |r|inf=6.113591e-10  r/r0=2.8636e-08
[mg]   it 713  |r|inf=6.110760e-10  r/r0=2.8623e-08
[mg]   it 714  |r|inf=6.105877e-10  r/r0=2.8600e-08
[mg]   it 715  |r|inf=6.098955e-10  r/r0=2.8568e-08
[mg]   it 716  |r|inf=6.090009e-10  r/r0=2.8526e-08
[mg]   it 717  |r|inf=6.079053e-10  r/r0=2.8474e-08
[mg]   it 718  |r|inf=6.066102e-10  r/r0=2.8414e-08
[mg]   it 719  |r|inf=6.051173e-10  r/r0=2.8344e-08
[mg]   it 720  |r|inf=6.034280e-10  r/r0=2.8265e-08
[mg]   it 721  |r|inf=6.015443e-10  r/r0=2.8177e-08
[mg]   it 722  |r|inf=5.994678e-10  r/r0=2.8079e-08
[mg]   it 723  |r|inf=5.972005e-10  r/r0=2.7973e-08
[mg]   it 724  |r|inf=5.947441e-10  r/r0=2.7858e-08
[mg]   it 725  |r|inf=5.921006e-10  r/r0=2.7734e-08
[mg]   it 726  |r|inf=5.892721e-10  r/r0=2.7602e-08
[mg]   it 727  |r|inf=5.862606e-10  r/r0=2.7461e-08
[mg]   it 728  |r|inf=5.830682e-10  r/r0=2.7311e-08
[mg]   it 729  |r|inf=5.796970e-10  r/r0=2.7153e-08
[mg]   it 730  |r|inf=5.761493e-10  r/r0=2.6987e-08
[mg]   it 731  |r|inf=5.724272e-10  r/r0=2.6813e-08
[mg]   it 732  |r|inf=5.685331e-10  r/r0=2.6630e-08
[mg]   it 733  |r|inf=5.644692e-10  r/r0=2.6440e-08
[mg]   it 734  |r|inf=5.602379e-10  r/r0=2.6242e-08
[mg]   it 735  |r|inf=5.558416e-10  r/r0=2.6036e-08
[mg]   it 736  |r|inf=5.512827e-10  r/r0=2.5822e-08
[mg]   it 737  |r|inf=5.465636e-10  r/r0=2.5601e-08
[mg]   it 738  |r|inf=5.416869e-10  r/r0=2.5373e-08
[mg]   it 739  |r|inf=5.366549e-10  r/r0=2.5137e-08
[mg]   it 740  |r|inf=5.314703e-10  r/r0=2.4894e-08
[mg]   it 741  |r|inf=5.261357e-10  r/r0=2.4644e-08
[mg]   it 742  |r|inf=5.206534e-10  r/r0=2.4388e-08
[mg]   it 743  |r|inf=5.150263e-10  r/r0=2.4124e-08
[mg]   it 744  |r|inf=5.092568e-10  r/r0=2.3854e-08
[mg]   it 745  |r|inf=5.033477e-10  r/r0=2.3577e-08
[mg]   it 746  |r|inf=4.973015e-10  r/r0=2.3294e-08
[mg]   it 747  |r|inf=4.911209e-10  r/r0=2.3004e-08
[mg]   it 748  |r|inf=4.848086e-10  r/r0=2.2709e-08
[mg]   it 749  |r|inf=4.783672e-10  r/r0=2.2407e-08
[mg]   it 750  |r|inf=4.717995e-10  r/r0=2.2099e-08
[mg]   it 751  |r|inf=4.651082e-10  r/r0=2.1786e-08
[mg]   it 752  |r|inf=4.627100e-10  r/r0=2.1673e-08
[mg]   it 753  |r|inf=4.603344e-10  r/r0=2.1562e-08
[mg]   it 754  |r|inf=4.578315e-10  r/r0=2.1445e-08
[mg]   it 755  |r|inf=4.552028e-10  r/r0=2.1322e-08
[mg]   it 756  |r|inf=4.568056e-10  r/r0=2.1397e-08
[mg]   it 757  |r|inf=4.583609e-10  r/r0=2.1470e-08
[mg]   it 758  |r|inf=4.597825e-10  r/r0=2.1536e-08
[mg]   it 759  |r|inf=4.610708e-10  r/r0=2.1597e-08
[mg]   it 760  |r|inf=4.622262e-10  r/r0=2.1651e-08
[mg]   it 761  |r|inf=4.632491e-10  r/r0=2.1699e-08
[mg]   it 762  |r|inf=4.658269e-10  r/r0=2.1819e-08
[mg]   it 763  |r|inf=4.777599e-10  r/r0=2.2378e-08
[mg]   it 764  |r|inf=4.895355e-10  r/r0=2.2930e-08
[mg]   it 765  |r|inf=5.011514e-10  r/r0=2.3474e-08
[mg]   it 766  |r|inf=5.126054e-10  r/r0=2.4011e-08
[mg]   it 767  |r|inf=5.238952e-10  r/r0=2.4539e-08
[mg]   it 768  |r|inf=5.350187e-10  r/r0=2.5060e-08
[mg]   it 769  |r|inf=5.459739e-10  r/r0=2.5574e-08
[mg]   it 770  |r|inf=5.567588e-10  r/r0=2.6079e-08
[mg]   it 771  |r|inf=5.673714e-10  r/r0=2.6576e-08
[mg]   it 772  |r|inf=5.778099e-10  r/r0=2.7065e-08
[mg]   it 773  |r|inf=5.880724e-10  r/r0=2.7545e-08
[mg]   it 774  |r|inf=5.981573e-10  r/r0=2.8018e-08
[mg]   it 775  |r|inf=6.080628e-10  r/r0=2.8482e-08
[mg]   it 776  |r|inf=6.177873e-10  r/r0=2.8937e-08
[mg]   it 777  |r|inf=6.273292e-10  r/r0=2.9384e-08
[mg]   it 778  |r|inf=6.366870e-10  r/r0=2.9823e-08
[mg]   it 779  |r|inf=6.458594e-10  r/r0=3.0252e-08
[mg]   it 780  |r|inf=6.548447e-10  r/r0=3.0673e-08
[mg]   it 781  |r|inf=6.636419e-10  r/r0=3.1085e-08
[mg]   it 782  |r|inf=6.722494e-10  r/r0=3.1488e-08
[mg]   it 783  |r|inf=6.806661e-10  r/r0=3.1883e-08
[mg]   it 784  |r|inf=6.888909e-10  r/r0=3.2268e-08
[mg]   it 785  |r|inf=6.969225e-10  r/r0=3.2644e-08
[mg]   it 786  |r|inf=7.047599e-10  r/r0=3.3011e-08
[mg]   it 787  |r|inf=7.124020e-10  r/r0=3.3369e-08
[mg]   it 788  |r|inf=7.198480e-10  r/r0=3.3718e-08
[mg]   it 789  |r|inf=7.270968e-10  r/r0=3.4057e-08
[mg]   it 790  |r|inf=7.341476e-10  r/r0=3.4388e-08
[mg]   it 791  |r|inf=7.409995e-10  r/r0=3.4709e-08
[mg]   it 792  |r|inf=7.476517e-10  r/r0=3.5020e-08
[mg]   it 793  |r|inf=7.541036e-10  r/r0=3.5322e-08
[mg]   it 794  |r|inf=7.603543e-10  r/r0=3.5615e-08
[mg]   it 795  |r|inf=7.664034e-10  r/r0=3.5899e-08
[mg]   it 796  |r|inf=7.722501e-10  r/r0=3.6172e-08
[mg]   it 797  |r|inf=7.778939e-10  r/r0=3.6437e-08
[mg]   it 798  |r|inf=7.833344e-10  r/r0=3.6692e-08
[mg]   it 799  |r|inf=7.885709e-10  r/r0=3.6937e-08
[mg]   it 800  |r|inf=7.936032e-10  r/r0=3.7173e-08
[mg]   it 801  |r|inf=7.984308e-10  r/r0=3.7399e-08
[mg]   it 802  |r|inf=8.030534e-10  r/r0=3.7615e-08
[mg]   it 803  |r|inf=8.074707e-10  r/r0=3.7822e-08
[mg]   it 804  |r|inf=8.116825e-10  r/r0=3.8019e-08
[mg]   it 805  |r|inf=8.156885e-10  r/r0=3.8207e-08
[mg]   it 806  |r|inf=8.194886e-10  r/r0=3.8385e-08
[mg]   it 807  |r|inf=8.230826e-10  r/r0=3.8553e-08
[mg]   it 808  |r|inf=8.264706e-10  r/r0=3.8712e-08
[mg]   it 809  |r|inf=8.296523e-10  r/r0=3.8861e-08
[mg]   it 810  |r|inf=8.326279e-10  r/r0=3.9001e-08
[mg]   it 811  |r|inf=8.353974e-10  r/r0=3.9130e-08
[mg]   it 812  |r|inf=8.379608e-10  r/r0=3.9250e-08
[mg]   it 813  |r|inf=8.403183e-10  r/r0=3.9361e-08
[mg]   it 814  |r|inf=8.424700e-10  r/r0=3.9462e-08
[mg]   it 815  |r|inf=8.444161e-10  r/r0=3.9553e-08
[mg]   it 816  |r|inf=8.461570e-10  r/r0=3.9634e-08
[mg]   it 817  |r|inf=8.476928e-10  r/r0=3.9706e-08
[mg]   it 818  |r|inf=8.490239e-10  r/r0=3.9769e-08
[mg]   it 819  |r|inf=8.501507e-10  r/r0=3.9821e-08
[mg]   it 820  |r|inf=8.510736e-10  r/r0=3.9865e-08
[mg]   it 821  |r|inf=8.517929e-10  r/r0=3.9898e-08
[mg]   it 822  |r|inf=8.523092e-10  r/r0=3.9922e-08
[mg]   it 823  |r|inf=8.526231e-10  r/r0=3.9937e-08
[mg]   it 824  |r|inf=8.527350e-10  r/r0=3.9942e-08
[mg]   it 825  |r|inf=8.526456e-10  r/r0=3.9938e-08
[mg]   it 826  |r|inf=8.523555e-10  r/r0=3.9925e-08
[mg]   it 827  |r|inf=8.518653e-10  r/r0=3.9902e-08
[mg]   it 828  |r|inf=8.511760e-10  r/r0=3.9869e-08
[mg]   it 829  |r|inf=8.502880e-10  r/r0=3.9828e-08
[mg]   it 830  |r|inf=8.492024e-10  r/r0=3.9777e-08
[mg]   it 831  |r|inf=8.479199e-10  r/r0=3.9717e-08
[mg]   it 832  |r|inf=8.464413e-10  r/r0=3.9648e-08
[mg]   it 833  |r|inf=8.447677e-10  r/r0=3.9569e-08
[mg]   it 834  |r|inf=8.428999e-10  r/r0=3.9482e-08
[mg]   it 835  |r|inf=8.408390e-10  r/r0=3.9385e-08
[mg]   it 836  |r|inf=8.385859e-10  r/r0=3.9280e-08
[mg]   it 837  |r|inf=8.361418e-10  r/r0=3.9165e-08
[mg]   it 838  |r|inf=8.335078e-10  r/r0=3.9042e-08
[mg]   it 839  |r|inf=8.306849e-10  r/r0=3.8910e-08
[mg]   it 840  |r|inf=8.276745e-10  r/r0=3.8769e-08
[mg]   it 841  |r|inf=8.244777e-10  r/r0=3.8619e-08
[mg]   it 842  |r|inf=8.210957e-10  r/r0=3.8460e-08
[mg]   it 843  |r|inf=8.175300e-10  r/r0=3.8293e-08
[mg]   it 844  |r|inf=8.137817e-10  r/r0=3.8118e-08
[mg]   it 845  |r|inf=8.098523e-10  r/r0=3.7934e-08
[mg]   it 846  |r|inf=8.057433e-10  r/r0=3.7741e-08
[mg]   it 847  |r|inf=8.014559e-10  r/r0=3.7540e-08
[mg]   it 848  |r|inf=7.969918e-10  r/r0=3.7331e-08
[mg]   it 849  |r|inf=7.923525e-10  r/r0=3.7114e-08
[mg]   it 850  |r|inf=7.875394e-10  r/r0=3.6889e-08
[mg]   it 851  |r|inf=7.825542e-10  r/r0=3.6655e-08
[mg]   it 852  |r|inf=7.773986e-10  r/r0=3.6414e-08
[mg]   it 853  |r|inf=7.720741e-10  r/r0=3.6164e-08
[mg]   it 854  |r|inf=7.665825e-10  r/r0=3.5907e-08
[mg]   it 855  |r|inf=7.609255e-10  r/r0=3.5642e-08
[mg]   it 856  |r|inf=7.551048e-10  r/r0=3.5369e-08
[mg]   it 857  |r|inf=7.515179e-10  r/r0=3.5201e-08
[mg]   it 858  |r|inf=7.514496e-10  r/r0=3.5198e-08
[mg]   it 859  |r|inf=7.512141e-10  r/r0=3.5187e-08
[mg]   it 860  |r|inf=7.508120e-10  r/r0=3.5168e-08
[mg]   it 861  |r|inf=7.502438e-10  r/r0=3.5142e-08
[mg]   it 862  |r|inf=7.495101e-10  r/r0=3.5107e-08
[mg]   it 863  |r|inf=7.486116e-10  r/r0=3.5065e-08
[mg]   it 864  |r|inf=7.475491e-10  r/r0=3.5015e-08
[mg]   it 865  |r|inf=7.463231e-10  r/r0=3.4958e-08
[mg]   it 866  |r|inf=7.449345e-10  r/r0=3.4893e-08
[mg]   it 867  |r|inf=7.433842e-10  r/r0=3.4820e-08
[mg]   it 868  |r|inf=7.416728e-10  r/r0=3.4740e-08
[mg]   it 869  |r|inf=7.398014e-10  r/r0=3.4653e-08
[mg]   it 870  |r|inf=7.377708e-10  r/r0=3.4557e-08
[mg]   it 871  |r|inf=7.355820e-10  r/r0=3.4455e-08
[mg]   it 872  |r|inf=7.332359e-10  r/r0=3.4345e-08
[mg]   it 873  |r|inf=7.307337e-10  r/r0=3.4228e-08
[mg]   it 874  |r|inf=7.280762e-10  r/r0=3.4103e-08
[mg]   it 875  |r|inf=7.252647e-10  r/r0=3.3972e-08
[mg]   it 876  |r|inf=7.223003e-10  r/r0=3.3833e-08
[mg]   it 877  |r|inf=7.191841e-10  r/r0=3.3687e-08
[mg]   it 878  |r|inf=7.159173e-10  r/r0=3.3534e-08
[mg]   it 879  |r|inf=7.125011e-10  r/r0=3.3374e-08
[mg]   it 880  |r|inf=7.089368e-10  r/r0=3.3207e-08
[mg]   it 881  |r|inf=7.052256e-10  r/r0=3.3033e-08
[mg]   it 882  |r|inf=7.013690e-10  r/r0=3.2852e-08
[mg]   it 883  |r|inf=6.973682e-10  r/r0=3.2665e-08
[mg]   it 884  |r|inf=6.932246e-10  r/r0=3.2471e-08
[mg]   it 885  |r|inf=6.889397e-10  r/r0=3.2270e-08
[mg]   it 886  |r|inf=6.845148e-10  r/r0=3.2063e-08
[mg]   it 887  |r|inf=6.799514e-10  r/r0=3.1849e-08
[mg]   it 888  |r|inf=6.752511e-10  r/r0=3.1629e-08
[mg]   it 889  |r|inf=6.704153e-10  r/r0=3.1402e-08
[mg]   it 890  |r|inf=6.654455e-10  r/r0=3.1170e-08
[mg]   it 891  |r|inf=6.603434e-10  r/r0=3.0931e-08
[mg]   it 892  |r|inf=6.551106e-10  r/r0=3.0686e-08
[mg]   it 893  |r|inf=6.497486e-10  r/r0=3.0434e-08
[mg]   it 894  |r|inf=6.442592e-10  r/r0=3.0177e-08
[mg]   it 895  |r|inf=6.386439e-10  r/r0=2.9914e-08
[mg]   it 896  |r|inf=6.329045e-10  r/r0=2.9645e-08
[mg]   it 897  |r|inf=6.270426e-10  r/r0=2.9371e-08
[mg]   it 898  |r|inf=6.210601e-10  r/r0=2.9091e-08
[mg]   it 899  |r|inf=6.149585e-10  r/r0=2.8805e-08
[mg]   it 900  |r|inf=6.087398e-10  r/r0=2.8514e-08
[mg]   it 901  |r|inf=6.024057e-10  r/r0=2.8217e-08
[mg]   it 902  |r|inf=5.959580e-10  r/r0=2.7915e-08
[mg]   it 903  |r|inf=5.923054e-10  r/r0=2.7744e-08
[mg]   it 904  |r|inf=5.929586e-10  r/r0=2.7774e-08
[mg]   it 905  |r|inf=5.934911e-10  r/r0=2.7799e-08
[mg]   it 906  |r|inf=5.939032e-10  r/r0=2.7819e-08
[mg]   it 907  |r|inf=5.941952e-10  r/r0=2.7832e-08
[mg]   it 908  |r|inf=5.943676e-10  r/r0=2.7840e-08
[mg]   it 909  |r|inf=5.944209e-10  r/r0=2.7843e-08
[mg]   it 910  |r|inf=5.943555e-10  r/r0=2.7840e-08
[mg]   it 911  |r|inf=5.941720e-10  r/r0=2.7831e-08
[mg]   it 912  |r|inf=5.938708e-10  r/r0=2.7817e-08
[mg]   it 913  |r|inf=5.934525e-10  r/r0=2.7797e-08
[mg]   it 914  |r|inf=5.929177e-10  r/r0=2.7772e-08
[mg]   it 915  |r|inf=5.922670e-10  r/r0=2.7742e-08
[mg]   it 916  |r|inf=5.915010e-10  r/r0=2.7706e-08
[mg]   it 917  |r|inf=5.906203e-10  r/r0=2.7665e-08
[mg]   it 918  |r|inf=5.896257e-10  r/r0=2.7618e-08
[mg]   it 919  |r|inf=5.885178e-10  r/r0=2.7566e-08
[mg]   it 920  |r|inf=5.872974e-10  r/r0=2.7509e-08
[mg]   it 921  |r|inf=5.859651e-10  r/r0=2.7447e-08
[mg]   it 922  |r|inf=5.845217e-10  r/r0=2.7379e-08
[mg]   it 923  |r|inf=5.829680e-10  r/r0=2.7306e-08
[mg]   it 924  |r|inf=5.813049e-10  r/r0=2.7228e-08
[mg]   it 925  |r|inf=5.795330e-10  r/r0=2.7145e-08
[mg]   it 926  |r|inf=5.776532e-10  r/r0=2.7057e-08
[mg]   it 927  |r|inf=5.756665e-10  r/r0=2.6964e-08
[mg]   it 928  |r|inf=5.735736e-10  r/r0=2.6866e-08
[mg]   it 929  |r|inf=5.713754e-10  r/r0=2.6763e-08
[mg]   it 930  |r|inf=5.690728e-10  r/r0=2.6656e-08
[mg]   it 931  |r|inf=5.666669e-10  r/r0=2.6543e-08
[mg]   it 932  |r|inf=5.641584e-10  r/r0=2.6425e-08
[mg]   it 933  |r|inf=5.615483e-10  r/r0=2.6303e-08
[mg]   it 934  |r|inf=5.588376e-10  r/r0=2.6176e-08
[mg]   it 935  |r|inf=5.560273e-10  r/r0=2.6044e-08
[mg]   it 936  |r|inf=5.531183e-10  r/r0=2.5908e-08
[mg]   it 937  |r|inf=5.501117e-10  r/r0=2.5767e-08
[mg]   it 938  |r|inf=5.470085e-10  r/r0=2.5622e-08
[mg]   it 939  |r|inf=5.438097e-10  r/r0=2.5472e-08
[mg]   it 940  |r|inf=5.405163e-10  r/r0=2.5318e-08
[mg]   it 941  |r|inf=5.371294e-10  r/r0=2.5159e-08
[mg]   it 942  |r|inf=5.336501e-10  r/r0=2.4996e-08
[mg]   it 943  |r|inf=5.300794e-10  r/r0=2.4829e-08
[mg]   it 944  |r|inf=5.264184e-10  r/r0=2.4658e-08
[mg]   it 945  |r|inf=5.226681e-10  r/r0=2.4482e-08
[mg]   it 946  |r|inf=5.188298e-10  r/r0=2.4302e-08
[mg]   it 947  |r|inf=5.149044e-10  r/r0=2.4118e-08
[mg]   it 948  |r|inf=5.108931e-10  r/r0=2.3930e-08
[mg]   it 949  |r|inf=5.067971e-10  r/r0=2.3739e-08
[mg]   it 950  |r|inf=5.026174e-10  r/r0=2.3543e-08
[mg]   it 951  |r|inf=4.983552e-10  r/r0=2.3343e-08
[mg]   it 952  |r|inf=4.940117e-10  r/r0=2.3140e-08
[mg]   it 953  |r|inf=4.895879e-10  r/r0=2.2932e-08
[mg]   it 954  |r|inf=4.850850e-10  r/r0=2.2722e-08
[mg]   it 955  |r|inf=4.805042e-10  r/r0=2.2507e-08
[mg]   it 956  |r|inf=4.758467e-10  r/r0=2.2289e-08
[mg]   it 957  |r|inf=4.711136e-10  r/r0=2.2067e-08
[mg]   it 958  |r|inf=4.663061e-10  r/r0=2.1842e-08
[mg]   it 959  |r|inf=4.627434e-10  r/r0=2.1675e-08
[mg]   it 960  |r|inf=4.612832e-10  r/r0=2.1607e-08
[mg]   it 961  |r|inf=4.597463e-10  r/r0=2.1535e-08
[mg]   it 962  |r|inf=4.581333e-10  r/r0=2.1459e-08
[mg]   it 963  |r|inf=4.564448e-10  r/r0=2.1380e-08
[mg]   it 964  |r|inf=4.546815e-10  r/r0=2.1297e-08
[mg]   it 965  |r|inf=4.528438e-10  r/r0=2.1211e-08
[mg]   it 966  |r|inf=4.509325e-10  r/r0=2.1122e-08
[mg]   it 967  |r|inf=4.489482e-10  r/r0=2.1029e-08
[mg]   it 968  |r|inf=4.468916e-10  r/r0=2.0933e-08
[mg]   it 969  |r|inf=4.458546e-10  r/r0=2.0884e-08
[mg]   it 970  |r|inf=4.469528e-10  r/r0=2.0935e-08
[mg]   it 971  |r|inf=4.479748e-10  r/r0=2.0983e-08
[mg]   it 972  |r|inf=4.489207e-10  r/r0=2.1028e-08
[mg]   it 973  |r|inf=4.497905e-10  r/r0=2.1068e-08
[mg]   it 974  |r|inf=4.505846e-10  r/r0=2.1106e-08
[mg]   it 975  |r|inf=4.517604e-10  r/r0=2.1161e-08
[mg]   it 976  |r|inf=4.608262e-10  r/r0=2.1585e-08
[mg]   it 977  |r|inf=4.698030e-10  r/r0=2.2006e-08
[mg]   it 978  |r|inf=4.786899e-10  r/r0=2.2422e-08
[mg]   it 979  |r|inf=4.874857e-10  r/r0=2.2834e-08
[mg]   it 980  |r|inf=4.961895e-10  r/r0=2.3242e-08
[mg]   it 981  |r|inf=5.048001e-10  r/r0=2.3645e-08
[mg]   it 982  |r|inf=5.133167e-10  r/r0=2.4044e-08
[mg]   it 983  |r|inf=5.217383e-10  r/r0=2.4438e-08
[mg]   it 984  |r|inf=5.300639e-10  r/r0=2.4828e-08
[mg]   it 985  |r|inf=5.382927e-10  r/r0=2.5214e-08
[mg]   it 986  |r|inf=5.464237e-10  r/r0=2.5595e-08
[mg]   it 987  |r|inf=5.544560e-10  r/r0=2.5971e-08
[mg]   it 988  |r|inf=5.623888e-10  r/r0=2.6342e-08
[mg]   it 989  |r|inf=5.702213e-10  r/r0=2.6709e-08
[mg]   it 990  |r|inf=5.779526e-10  r/r0=2.7071e-08
[mg]   it 991  |r|inf=5.855820e-10  r/r0=2.7429e-08
[mg]   it 992  |r|inf=5.931086e-10  r/r0=2.7781e-08
[mg]   it 993  |r|inf=6.005319e-10  r/r0=2.8129e-08
[mg]   it 994  |r|inf=6.078509e-10  r/r0=2.8472e-08
[mg]   it 995  |r|inf=6.150650e-10  r/r0=2.8810e-08
[mg]   it 996  |r|inf=6.221734e-10  r/r0=2.9143e-08
[mg]   it 997  |r|inf=6.291756e-10  r/r0=2.9471e-08
[mg]   it 998  |r|inf=6.360709e-10  r/r0=2.9794e-08
[mg]   it 999  |r|inf=6.428586e-10  r/r0=3.0112e-08
[mg]   it 1000  |r|inf=6.495381e-10  r/r0=3.0425e-08
[mg]   it 1001  |r|inf=6.561089e-10  r/r0=3.0732e-08
[mg]   it 1002  |r|inf=6.625702e-10  r/r0=3.1035e-08
[mg]   it 1003  |r|inf=6.689216e-10  r/r0=3.1332e-08
[mg]   it 1004  |r|inf=6.751626e-10  r/r0=3.1625e-08
[mg]   it 1005  |r|inf=6.812925e-10  r/r0=3.1912e-08
[mg]   it 1006  |r|inf=6.873109e-10  r/r0=3.2194e-08
[mg]   it 1007  |r|inf=6.932173e-10  r/r0=3.2470e-08
[mg]   it 1008  |r|inf=6.990112e-10  r/r0=3.2742e-08
[mg]   it 1009  |r|inf=7.046922e-10  r/r0=3.3008e-08
[mg]   it 1010  |r|inf=7.102598e-10  r/r0=3.3269e-08
[mg]   it 1011  |r|inf=7.157136e-10  r/r0=3.3524e-08
[mg]   it 1012  |r|inf=7.210532e-10  r/r0=3.3774e-08
[mg]   it 1013  |r|inf=7.262782e-10  r/r0=3.4019e-08
[mg]   it 1014  |r|inf=7.313882e-10  r/r0=3.4258e-08
[mg]   it 1015  |r|inf=7.363828e-10  r/r0=3.4492e-08
[mg]   it 1016  |r|inf=7.412618e-10  r/r0=3.4721e-08
[mg]   it 1017  |r|inf=7.460248e-10  r/r0=3.4944e-08
[mg]   it 1018  |r|inf=7.506714e-10  r/r0=3.5162e-08
[mg]   it 1019  |r|inf=7.552015e-10  r/r0=3.5374e-08
[mg]   it 1020  |r|inf=7.596146e-10  r/r0=3.5581e-08
[mg]   it 1021  |r|inf=7.639106e-10  r/r0=3.5782e-08
[mg]   it 1022  |r|inf=7.680892e-10  r/r0=3.5978e-08
[mg]   it 1023  |r|inf=7.721501e-10  r/r0=3.6168e-08
[mg]   it 1024  |r|inf=7.760932e-10  r/r0=3.6352e-08
[mg]   it 1025  |r|inf=7.799183e-10  r/r0=3.6532e-08
[mg]   it 1026  |r|inf=7.836251e-10  r/r0=3.6705e-08
[mg]   it 1027  |r|inf=7.872135e-10  r/r0=3.6873e-08
[mg]   it 1028  |r|inf=7.906833e-10  r/r0=3.7036e-08
[mg]   it 1029  |r|inf=7.940345e-10  r/r0=3.7193e-08
[mg]   it 1030  |r|inf=7.972668e-10  r/r0=3.7344e-08
[mg]   it 1031  |r|inf=8.003801e-10  r/r0=3.7490e-08
[mg]   it 1032  |r|inf=8.033744e-10  r/r0=3.7630e-08
[mg]   it 1033  |r|inf=8.062495e-10  r/r0=3.7765e-08
[mg]   it 1034  |r|inf=8.090055e-10  r/r0=3.7894e-08
[mg]   it 1035  |r|inf=8.116422e-10  r/r0=3.8018e-08
[mg]   it 1036  |r|inf=8.141596e-10  r/r0=3.8135e-08
[mg]   it 1037  |r|inf=8.165577e-10  r/r0=3.8248e-08
[mg]   it 1038  |r|inf=8.188364e-10  r/r0=3.8355e-08
[mg]   it 1039  |r|inf=8.209959e-10  r/r0=3.8456e-08
[mg]   it 1040  |r|inf=8.230360e-10  r/r0=3.8551e-08
[mg]   it 1041  |r|inf=8.249568e-10  r/r0=3.8641e-08
[mg]   it 1042  |r|inf=8.267584e-10  r/r0=3.8726e-08
[mg]   it 1043  |r|inf=8.284408e-10  r/r0=3.8804e-08
[mg]   it 1044  |r|inf=8.300042e-10  r/r0=3.8878e-08
[mg]   it 1045  |r|inf=8.314485e-10  r/r0=3.8945e-08
[mg]   it 1046  |r|inf=8.327739e-10  r/r0=3.9007e-08
[mg]   it 1047  |r|inf=8.339805e-10  r/r0=3.9064e-08
[mg]   it 1048  |r|inf=8.350685e-10  r/r0=3.9115e-08
[mg]   it 1049  |r|inf=8.360379e-10  r/r0=3.9160e-08
[mg]   it 1050  |r|inf=8.368890e-10  r/r0=3.9200e-08
[mg]   it 1051  |r|inf=8.376219e-10  r/r0=3.9234e-08
[mg]   it 1052  |r|inf=8.382367e-10  r/r0=3.9263e-08
[mg]   it 1053  |r|inf=8.387338e-10  r/r0=3.9287e-08
[mg]   it 1054  |r|inf=8.391133e-10  r/r0=3.9304e-08
[mg]   it 1055  |r|inf=8.393754e-10  r/r0=3.9317e-08
[mg]   it 1056  |r|inf=8.395204e-10  r/r0=3.9323e-08
[mg]   it 1057  |r|inf=8.395485e-10  r/r0=3.9325e-08
[mg]   it 1058  |r|inf=8.394601e-10  r/r0=3.9321e-08
[mg]   it 1059  |r|inf=8.392553e-10  r/r0=3.9311e-08
[mg]   it 1060  |r|inf=8.389345e-10  r/r0=3.9296e-08
[mg]   it 1061  |r|inf=8.384979e-10  r/r0=3.9275e-08
[mg]   it 1062  |r|inf=8.379460e-10  r/r0=3.9250e-08
[mg]   it 1063  |r|inf=8.372790e-10  r/r0=3.9218e-08
[mg]   it 1064  |r|inf=8.364974e-10  r/r0=3.9182e-08
[mg]   it 1065  |r|inf=8.356014e-10  r/r0=3.9140e-08
[mg]   it 1066  |r|inf=8.345914e-10  r/r0=3.9092e-08
[mg]   it 1067  |r|inf=8.334679e-10  r/r0=3.9040e-08
[mg]   it 1068  |r|inf=8.322312e-10  r/r0=3.8982e-08
[mg]   it 1069  |r|inf=8.308818e-10  r/r0=3.8919e-08
[mg]   it 1070  |r|inf=8.294200e-10  r/r0=3.8850e-08
[mg]   it 1071  |r|inf=8.278464e-10  r/r0=3.8777e-08
[mg]   it 1072  |r|inf=8.261614e-10  r/r0=3.8698e-08
[mg]   it 1073  |r|inf=8.243654e-10  r/r0=3.8614e-08
[mg]   it 1074  |r|inf=8.224590e-10  r/r0=3.8524e-08
[mg]   it 1075  |r|inf=8.204426e-10  r/r0=3.8430e-08
[mg]   it 1076  |r|inf=8.183168e-10  r/r0=3.8330e-08
[mg]   it 1077  |r|inf=8.160821e-10  r/r0=3.8226e-08
[mg]   it 1078  |r|inf=8.137390e-10  r/r0=3.8116e-08
[mg]   it 1079  |r|inf=8.112880e-10  r/r0=3.8001e-08
[mg]   it 1080  |r|inf=8.087298e-10  r/r0=3.7881e-08
[mg]   it 1081  |r|inf=8.060649e-10  r/r0=3.7756e-08
[mg]   it 1082  |r|inf=8.032940e-10  r/r0=3.7627e-08
[mg]   it 1083  |r|inf=8.004175e-10  r/r0=3.7492e-08
[mg]   it 1084  |r|inf=7.974361e-10  r/r0=3.7352e-08
[mg]   it 1085  |r|inf=7.943505e-10  r/r0=3.7208e-08
[mg]   it 1086  |r|inf=7.911613e-10  r/r0=3.7058e-08
[mg]   it 1087  |r|inf=7.878691e-10  r/r0=3.6904e-08
[mg]   it 1088  |r|inf=7.844747e-10  r/r0=3.6745e-08
[mg]   it 1089  |r|inf=7.809786e-10  r/r0=3.6581e-08
[mg]   it 1090  |r|inf=7.773816e-10  r/r0=3.6413e-08
[mg]   it 1091  |r|inf=7.736844e-10  r/r0=3.6240e-08
[mg]   it 1092  |r|inf=7.698877e-10  r/r0=3.6062e-08
[mg]   it 1093  |r|inf=7.659922e-10  r/r0=3.5879e-08
[mg]   it 1094  |r|inf=7.619987e-10  r/r0=3.5692e-08
[mg]   it 1095  |r|inf=7.579079e-10  r/r0=3.5501e-08
[mg]   it 1096  |r|inf=7.537206e-10  r/r0=3.5304e-08
[mg]   it 1097  |r|inf=7.494375e-10  r/r0=3.5104e-08
[mg]   it 1098  |r|inf=7.450595e-10  r/r0=3.4899e-08
[mg]   it 1099  |r|inf=7.418511e-10  r/r0=3.4749e-08
[mg]   it 1100  |r|inf=7.418359e-10  r/r0=3.4748e-08
[mg]   it 1101  |r|inf=7.417234e-10  r/r0=3.4743e-08
[mg]   it 1102  |r|inf=7.415139e-10  r/r0=3.4733e-08
[mg]   it 1103  |r|inf=7.412076e-10  r/r0=3.4718e-08
[mg]   it 1104  |r|inf=7.408048e-10  r/r0=3.4700e-08
[mg]   it 1105  |r|inf=7.403057e-10  r/r0=3.4676e-08
[mg]   it 1106  |r|inf=7.397107e-10  r/r0=3.4648e-08
[mg]   it 1107  |r|inf=7.390199e-10  r/r0=3.4616e-08
[mg]   it 1108  |r|inf=7.382338e-10  r/r0=3.4579e-08
[mg]   it 1109  |r|inf=7.373527e-10  r/r0=3.4538e-08
[mg]   it 1110  |r|inf=7.363768e-10  r/r0=3.4492e-08
[mg]   it 1111  |r|inf=7.353065e-10  r/r0=3.4442e-08
[mg]   it 1112  |r|inf=7.341423e-10  r/r0=3.4387e-08
[mg]   it 1113  |r|inf=7.328844e-10  r/r0=3.4329e-08
[mg]   it 1114  |r|inf=7.315333e-10  r/r0=3.4265e-08
[mg]   it 1115  |r|inf=7.300893e-10  r/r0=3.4198e-08
[mg]   it 1116  |r|inf=7.285529e-10  r/r0=3.4126e-08
[mg]   it 1117  |r|inf=7.269245e-10  r/r0=3.4049e-08
[mg]   it 1118  |r|inf=7.252045e-10  r/r0=3.3969e-08
[mg]   it 1119  |r|inf=7.233933e-10  r/r0=3.3884e-08
[mg]   it 1120  |r|inf=7.214915e-10  r/r0=3.3795e-08
[mg]   it 1121  |r|inf=7.194995e-10  r/r0=3.3702e-08
[mg]   it 1122  |r|inf=7.174177e-10  r/r0=3.3604e-08
[mg]   it 1123  |r|inf=7.152467e-10  r/r0=3.3502e-08
[mg]   it 1124  |r|inf=7.129870e-10  r/r0=3.3397e-08
[mg]   it 1125  |r|inf=7.106391e-10  r/r0=3.3287e-08
[mg]   it 1126  |r|inf=7.082035e-10  r/r0=3.3172e-08
[mg]   it 1127  |r|inf=7.056808e-10  r/r0=3.3054e-08
[mg]   it 1128  |r|inf=7.030715e-10  r/r0=3.2932e-08
[mg]   it 1129  |r|inf=7.003761e-10  r/r0=3.2806e-08
[mg]   it 1130  |r|inf=6.975953e-10  r/r0=3.2676e-08
[mg]   it 1131  |r|inf=6.947296e-10  r/r0=3.2541e-08
[mg]   it 1132  |r|inf=6.917796e-10  r/r0=3.2403e-08
[mg]   it 1133  |r|inf=6.887460e-10  r/r0=3.2261e-08
[mg]   it 1134  |r|inf=6.856292e-10  r/r0=3.2115e-08
[mg]   it 1135  |r|inf=6.824301e-10  r/r0=3.1965e-08
[mg]   it 1136  |r|inf=6.791491e-10  r/r0=3.1812e-08
[mg]   it 1137  |r|inf=6.757869e-10  r/r0=3.1654e-08
[mg]   it 1138  |r|inf=6.723443e-10  r/r0=3.1493e-08
[mg]   it 1139  |r|inf=6.688217e-10  r/r0=3.1328e-08
[mg]   it 1140  |r|inf=6.652200e-10  r/r0=3.1159e-08
[mg]   it 1141  |r|inf=6.615398e-10  r/r0=3.0987e-08
[mg]   it 1142  |r|inf=6.577817e-10  r/r0=3.0811e-08
[mg]   it 1143  |r|inf=6.539465e-10  r/r0=3.0631e-08
[mg]   it 1144  |r|inf=6.500349e-10  r/r0=3.0448e-08
[mg]   it 1145  |r|inf=6.460476e-10  r/r0=3.0261e-08
[mg]   it 1146  |r|inf=6.419853e-10  r/r0=3.0071e-08
[mg]   it 1147  |r|inf=6.378488e-10  r/r0=2.9877e-08
[mg]   it 1148  |r|inf=6.336387e-10  r/r0=2.9680e-08
[mg]   it 1149  |r|inf=6.293559e-10  r/r0=2.9479e-08
[mg]   it 1150  |r|inf=6.250010e-10  r/r0=2.9275e-08
[mg]   it 1151  |r|inf=6.205748e-10  r/r0=2.9068e-08
[mg]   it 1152  |r|inf=6.160782e-10  r/r0=2.8857e-08
[mg]   it 1153  |r|inf=6.115118e-10  r/r0=2.8643e-08
[mg]   it 1154  |r|inf=6.068765e-10  r/r0=2.8426e-08
[mg]   it 1155  |r|inf=6.021730e-10  r/r0=2.8206e-08
[mg]   it 1156  |r|inf=5.974022e-10  r/r0=2.7982e-08
[mg]   it 1157  |r|inf=5.925648e-10  r/r0=2.7756e-08
[mg]   it 1158  |r|inf=5.876616e-10  r/r0=2.7526e-08
[mg]   it 1159  |r|inf=5.826934e-10  r/r0=2.7294e-08
[mg]   it 1160  |r|inf=5.824319e-10  r/r0=2.7281e-08
[mg]   it 1161  |r|inf=5.828490e-10  r/r0=2.7301e-08
[mg]   it 1162  |r|inf=5.831964e-10  r/r0=2.7317e-08
[mg]   it 1163  |r|inf=5.834743e-10  r/r0=2.7330e-08
[mg]   it 1164  |r|inf=5.836828e-10  r/r0=2.7340e-08
[mg]   it 1165  |r|inf=5.838223e-10  r/r0=2.7346e-08
[mg]   it 1166  |r|inf=5.838927e-10  r/r0=2.7350e-08
[mg]   it 1167  |r|inf=5.838945e-10  r/r0=2.7350e-08
[mg]   it 1168  |r|inf=5.838277e-10  r/r0=2.7347e-08
[mg]   it 1169  |r|inf=5.836926e-10  r/r0=2.7340e-08
[mg]   it 1170  |r|inf=5.834895e-10  r/r0=2.7331e-08
[mg]   it 1171  |r|inf=5.832185e-10  r/r0=2.7318e-08
[mg]   it 1172  |r|inf=5.828799e-10  r/r0=2.7302e-08
[mg]   it 1173  |r|inf=5.824740e-10  r/r0=2.7283e-08
[mg]   it 1174  |r|inf=5.820010e-10  r/r0=2.7261e-08
[mg]   it 1175  |r|inf=5.814612e-10  r/r0=2.7236e-08
[mg]   it 1176  |r|inf=5.808549e-10  r/r0=2.7207e-08
[mg]   it 1177  |r|inf=5.801824e-10  r/r0=2.7176e-08
[mg]   it 1178  |r|inf=5.794439e-10  r/r0=2.7141e-08
[mg]   it 1179  |r|inf=5.786398e-10  r/r0=2.7104e-08
[mg]   it 1180  |r|inf=5.777704e-10  r/r0=2.7063e-08
[mg]   it 1181  |r|inf=5.768360e-10  r/r0=2.7019e-08
[mg]   it 1182  |r|inf=5.758368e-10  r/r0=2.6972e-08
[mg]   it 1183  |r|inf=5.747733e-10  r/r0=2.6923e-08
[mg]   it 1184  |r|inf=5.736458e-10  r/r0=2.6870e-08
[mg]   it 1185  |r|inf=5.724547e-10  r/r0=2.6814e-08
[mg]   it 1186  |r|inf=5.712001e-10  r/r0=2.6755e-08
[mg]   it 1187  |r|inf=5.698827e-10  r/r0=2.6693e-08
[mg]   it 1188  |r|inf=5.685026e-10  r/r0=2.6629e-08
[mg]   it 1189  |r|inf=5.670602e-10  r/r0=2.6561e-08
[mg]   it 1190  |r|inf=5.655561e-10  r/r0=2.6491e-08
[mg]   it 1191  |r|inf=5.639904e-10  r/r0=2.6417e-08
[mg]   it 1192  |r|inf=5.623636e-10  r/r0=2.6341e-08
[mg]   it 1193  |r|inf=5.606761e-10  r/r0=2.6262e-08
[mg]   it 1194  |r|inf=5.589284e-10  r/r0=2.6180e-08
[mg]   it 1195  |r|inf=5.571207e-10  r/r0=2.6096e-08
[mg]   it 1196  |r|inf=5.552535e-10  r/r0=2.6008e-08
[mg]   it 1197  |r|inf=5.533273e-10  r/r0=2.5918e-08
[mg]   it 1198  |r|inf=5.513424e-10  r/r0=2.5825e-08
[mg]   it 1199  |r|inf=5.492992e-10  r/r0=2.5729e-08
[mg]   it 1200  |r|inf=5.471982e-10  r/r0=2.5631e-08
[mg]   it 1201  |r|inf=5.450399e-10  r/r0=2.5530e-08
[mg]   it 1202  |r|inf=5.428246e-10  r/r0=2.5426e-08
[mg]   it 1203  |r|inf=5.405529e-10  r/r0=2.5320e-08
[mg]   it 1204  |r|inf=5.382251e-10  r/r0=2.5211e-08
[mg]   it 1205  |r|inf=5.358416e-10  r/r0=2.5099e-08
[mg]   it 1206  |r|inf=5.334031e-10  r/r0=2.4985e-08
[mg]   it 1207  |r|inf=5.309098e-10  r/r0=2.4868e-08
[mg]   it 1208  |r|inf=5.283623e-10  r/r0=2.4749e-08
[mg]   it 1209  |r|inf=5.257611e-10  r/r0=2.4627e-08
[mg]   it 1210  |r|inf=5.231066e-10  r/r0=2.4502e-08
[mg]   it 1211  |r|inf=5.203992e-10  r/r0=2.4376e-08
[mg]   it 1212  |r|inf=5.176395e-10  r/r0=2.4246e-08
[mg]   it 1213  |r|inf=5.148280e-10  r/r0=2.4115e-08
[mg]   it 1214  |r|inf=5.119651e-10  r/r0=2.3981e-08
[mg]   it 1215  |r|inf=5.090512e-10  r/r0=2.3844e-08
[mg]   it 1216  |r|inf=5.060870e-10  r/r0=2.3705e-08
[mg]   it 1217  |r|inf=5.030728e-10  r/r0=2.3564e-08
[mg]   it 1218  |r|inf=5.000092e-10  r/r0=2.3421e-08
[mg]   it 1219  |r|inf=4.968967e-10  r/r0=2.3275e-08
[mg]   it 1220  |r|inf=4.937357e-10  r/r0=2.3127e-08
[mg]   it 1221  |r|inf=4.905269e-10  r/r0=2.2976e-08
[mg]   it 1222  |r|inf=4.872705e-10  r/r0=2.2824e-08
[mg]   it 1223  |r|inf=4.839673e-10  r/r0=2.2669e-08
[mg]   it 1224  |r|inf=4.806176e-10  r/r0=2.2512e-08
[mg]   it 1225  |r|inf=4.772221e-10  r/r0=2.2353e-08
[mg]   it 1226  |r|inf=4.737811e-10  r/r0=2.2192e-08
[mg]   it 1227  |r|inf=4.702952e-10  r/r0=2.2029e-08
[mg]   it 1228  |r|inf=4.667650e-10  r/r0=2.1863e-08
[mg]   it 1229  |r|inf=4.639516e-10  r/r0=2.1732e-08
[mg]   it 1230  |r|inf=4.630349e-10  r/r0=2.1689e-08
[mg]   it 1231  |r|inf=4.620723e-10  r/r0=2.1644e-08
[mg]   it 1232  |r|inf=4.610640e-10  r/r0=2.1596e-08
[mg]   it 1233  |r|inf=4.600102e-10  r/r0=2.1547e-08
[mg]   it 1234  |r|inf=4.589111e-10  r/r0=2.1496e-08
[mg]   it 1235  |r|inf=4.577672e-10  r/r0=2.1442e-08
[mg]   it 1236  |r|inf=4.565785e-10  r/r0=2.1386e-08
[mg]   it 1237  |r|inf=4.553454e-10  r/r0=2.1329e-08
[mg]   it 1238  |r|inf=4.540681e-10  r/r0=2.1269e-08
[mg]   it 1239  |r|inf=4.527469e-10  r/r0=2.1207e-08
[mg]   it 1240  |r|inf=4.513821e-10  r/r0=2.1143e-08
[mg]   it 1241  |r|inf=4.499740e-10  r/r0=2.1077e-08
[mg]   it 1242  |r|inf=4.485227e-10  r/r0=2.1009e-08
[mg]   it 1243  |r|inf=4.470287e-10  r/r0=2.0939e-08
[mg]   it 1244  |r|inf=4.454922e-10  r/r0=2.0867e-08
[mg]   it 1245  |r|inf=4.439135e-10  r/r0=2.0793e-08
[mg]   it 1246  |r|inf=4.422928e-10  r/r0=2.0717e-08
[mg]   it 1247  |r|inf=4.406305e-10  r/r0=2.0639e-08
[mg]   it 1248  |r|inf=4.389268e-10  r/r0=2.0559e-08
[mg]   it 1249  |r|inf=4.395802e-10  r/r0=2.0590e-08
[mg]   it 1250  |r|inf=4.402668e-10  r/r0=2.0622e-08
[mg]   it 1251  |r|inf=4.409098e-10  r/r0=2.0652e-08
[mg]   it 1252  |r|inf=4.415090e-10  r/r0=2.0680e-08
[mg]   it 1253  |r|inf=4.438313e-10  r/r0=2.0789e-08
[mg]   it 1254  |r|inf=4.507480e-10  r/r0=2.1113e-08
[mg]   it 1255  |r|inf=4.576138e-10  r/r0=2.1435e-08
[mg]   it 1256  |r|inf=4.644281e-10  r/r0=2.1754e-08
[mg]   it 1257  |r|inf=4.711905e-10  r/r0=2.2071e-08
[mg]   it 1258  |r|inf=4.779005e-10  r/r0=2.2385e-08
[mg]   it 1259  |r|inf=4.845577e-10  r/r0=2.2697e-08
[mg]   it 1260  |r|inf=4.911615e-10  r/r0=2.3006e-08
[mg]   it 1261  |r|inf=4.977116e-10  r/r0=2.3313e-08
[mg]   it 1262  |r|inf=5.042074e-10  r/r0=2.3617e-08
[mg]   it 1263  |r|inf=5.106486e-10  r/r0=2.3919e-08
[mg]   it 1264  |r|inf=5.170347e-10  r/r0=2.4218e-08
[mg]   it 1265  |r|inf=5.233654e-10  r/r0=2.4515e-08
[mg]   it 1266  |r|inf=5.296400e-10  r/r0=2.4808e-08
[mg]   it 1267  |r|inf=5.358584e-10  r/r0=2.5100e-08
[mg]   it 1268  |r|inf=5.420200e-10  r/r0=2.5388e-08
[mg]   it 1269  |r|inf=5.481245e-10  r/r0=2.5674e-08
[mg]   it 1270  |r|inf=5.541715e-10  r/r0=2.5958e-08
[mg]   it 1271  |r|inf=5.601605e-10  r/r0=2.6238e-08
[mg]   it 1272  |r|inf=5.660913e-10  r/r0=2.6516e-08
[mg]   it 1273  |r|inf=5.719635e-10  r/r0=2.6791e-08
[mg]   it 1274  |r|inf=5.777766e-10  r/r0=2.7063e-08
[mg]   it 1275  |r|inf=5.835304e-10  r/r0=2.7333e-08
[mg]   it 1276  |r|inf=5.892245e-10  r/r0=2.7599e-08
[mg]   it 1277  |r|inf=5.948586e-10  r/r0=2.7863e-08
[mg]   it 1278  |r|inf=6.004323e-10  r/r0=2.8124e-08
[mg]   it 1279  |r|inf=6.059453e-10  r/r0=2.8383e-08
[mg]   it 1280  |r|inf=6.113973e-10  r/r0=2.8638e-08
[mg]   it 1281  |r|inf=6.167879e-10  r/r0=2.8891e-08
[mg]   it 1282  |r|inf=6.221169e-10  r/r0=2.9140e-08
[mg]   it 1283  |r|inf=6.273840e-10  r/r0=2.9387e-08
[mg]   it 1284  |r|inf=6.325888e-10  r/r0=2.9631e-08
[mg]   it 1285  |r|inf=6.377311e-10  r/r0=2.9872e-08
[mg]   it 1286  |r|inf=6.428106e-10  r/r0=3.0109e-08
[mg]   it 1287  |r|inf=6.478271e-10  r/r0=3.0344e-08
[mg]   it 1288  |r|inf=6.527801e-10  r/r0=3.0576e-08
[mg]   it 1289  |r|inf=6.576696e-10  r/r0=3.0805e-08
[mg]   it 1290  |r|inf=6.624952e-10  r/r0=3.1031e-08
[mg]   it 1291  |r|inf=6.672567e-10  r/r0=3.1254e-08
[mg]   it 1292  |r|inf=6.719539e-10  r/r0=3.1475e-08
[mg]   it 1293  |r|inf=6.765864e-10  r/r0=3.1691e-08
[mg]   it 1294  |r|inf=6.811541e-10  r/r0=3.1905e-08
[mg]   it 1295  |r|inf=6.856568e-10  r/r0=3.2116e-08
[mg]   it 1296  |r|inf=6.900941e-10  r/r0=3.2324e-08
[mg]   it 1297  |r|inf=6.944660e-10  r/r0=3.2529e-08
[mg]   it 1298  |r|inf=6.987722e-10  r/r0=3.2731e-08
[mg]   it 1299  |r|inf=7.030125e-10  r/r0=3.2929e-08
[mg]   it 1300  |r|inf=7.071866e-10  r/r0=3.3125e-08
[mg]   it 1301  |r|inf=7.112945e-10  r/r0=3.3317e-08
[mg]   it 1302  |r|inf=7.153359e-10  r/r0=3.3507e-08
[mg]   it 1303  |r|inf=7.193107e-10  r/r0=3.3693e-08
[mg]   it 1304  |r|inf=7.232186e-10  r/r0=3.3876e-08
[mg]   it 1305  |r|inf=7.270595e-10  r/r0=3.4056e-08
[mg]   it 1306  |r|inf=7.308332e-10  r/r0=3.4232e-08
[mg]   it 1307  |r|inf=7.345397e-10  r/r0=3.4406e-08
[mg]   it 1308  |r|inf=7.381786e-10  r/r0=3.4576e-08
[mg]   it 1309  |r|inf=7.417499e-10  r/r0=3.4744e-08
[mg]   it 1310  |r|inf=7.452535e-10  r/r0=3.4908e-08
[mg]   it 1311  |r|inf=7.486891e-10  r/r0=3.5069e-08
[mg]   it 1312  |r|inf=7.520568e-10  r/r0=3.5227e-08
[mg]   it 1313  |r|inf=7.553563e-10  r/r0=3.5381e-08
[mg]   it 1314  |r|inf=7.585875e-10  r/r0=3.5532e-08
[mg]   it 1315  |r|inf=7.617503e-10  r/r0=3.5681e-08
[mg]   it 1316  |r|inf=7.648446e-10  r/r0=3.5826e-08
[mg]   it 1317  |r|inf=7.678703e-10  r/r0=3.5967e-08
[mg]   it 1318  |r|inf=7.708273e-10  r/r0=3.6106e-08
[mg]   it 1319  |r|inf=7.737156e-10  r/r0=3.6241e-08
[mg]   it 1320  |r|inf=7.765349e-10  r/r0=3.6373e-08
[mg]   it 1321  |r|inf=7.792853e-10  r/r0=3.6502e-08
[mg]   it 1322  |r|inf=7.819666e-10  r/r0=3.6628e-08
[mg]   it 1323  |r|inf=7.845788e-10  r/r0=3.6750e-08
[mg]   it 1324  |r|inf=7.871219e-10  r/r0=3.6869e-08
[mg]   it 1325  |r|inf=7.895957e-10  r/r0=3.6985e-08
[mg]   it 1326  |r|inf=7.920002e-10  r/r0=3.7098e-08
[mg]   it 1327  |r|inf=7.943353e-10  r/r0=3.7207e-08
[mg]   it 1328  |r|inf=7.966011e-10  r/r0=3.7313e-08
[mg]   it 1329  |r|inf=7.987974e-10  r/r0=3.7416e-08
[mg]   it 1330  |r|inf=8.009243e-10  r/r0=3.7516e-08
[mg]   it 1331  |r|inf=8.029816e-10  r/r0=3.7612e-08
[mg]   it 1332  |r|inf=8.049694e-10  r/r0=3.7705e-08
[mg]   it 1333  |r|inf=8.068876e-10  r/r0=3.7795e-08
[mg]   it 1334  |r|inf=8.087363e-10  r/r0=3.7881e-08
[mg]   it 1335  |r|inf=8.105154e-10  r/r0=3.7965e-08
[mg]   it 1336  |r|inf=8.122249e-10  r/r0=3.8045e-08
[mg]   it 1337  |r|inf=8.138648e-10  r/r0=3.8122e-08
[mg]   it 1338  |r|inf=8.154351e-10  r/r0=3.8195e-08
[mg]   it 1339  |r|inf=8.169359e-10  r/r0=3.8266e-08
[mg]   it 1340  |r|inf=8.183670e-10  r/r0=3.8333e-08
[mg]   it 1341  |r|inf=8.197287e-10  r/r0=3.8396e-08
[mg]   it 1342  |r|inf=8.210208e-10  r/r0=3.8457e-08
[mg]   it 1343  |r|inf=8.222434e-10  r/r0=3.8514e-08
[mg]   it 1344  |r|inf=8.233965e-10  r/r0=3.8568e-08
[mg]   it 1345  |r|inf=8.244803e-10  r/r0=3.8619e-08
[mg]   it 1346  |r|inf=8.254946e-10  r/r0=3.8666e-08
[mg]   it 1347  |r|inf=8.264397e-10  r/r0=3.8711e-08
[mg]   it 1348  |r|inf=8.273154e-10  r/r0=3.8752e-08
[mg]   it 1349  |r|inf=8.281219e-10  r/r0=3.8789e-08
[mg]   it 1350  |r|inf=8.288593e-10  r/r0=3.8824e-08
[mg]   it 1351  |r|inf=8.295276e-10  r/r0=3.8855e-08
[mg]   it 1352  |r|inf=8.301269e-10  r/r0=3.8883e-08
[mg]   it 1353  |r|inf=8.306572e-10  r/r0=3.8908e-08
[mg]   it 1354  |r|inf=8.311187e-10  r/r0=3.8930e-08
[mg]   it 1355  |r|inf=8.315114e-10  r/r0=3.8948e-08
[mg]   it 1356  |r|inf=8.318354e-10  r/r0=3.8963e-08
[mg]   it 1357  |r|inf=8.320909e-10  r/r0=3.8975e-08
[mg]   it 1358  |r|inf=8.322778e-10  r/r0=3.8984e-08
[mg]   it 1359  |r|inf=8.323964e-10  r/r0=3.8990e-08
[mg]   it 1360  |r|inf=8.324468e-10  r/r0=3.8992e-08
[mg]   it 1361  |r|inf=8.324290e-10  r/r0=3.8991e-08
[mg]   it 1362  |r|inf=8.323432e-10  r/r0=3.8987e-08
[mg]   it 1363  |r|inf=8.321895e-10  r/r0=3.8980e-08
[mg]   it 1364  |r|inf=8.319680e-10  r/r0=3.8970e-08
[mg]   it 1365  |r|inf=8.316789e-10  r/r0=3.8956e-08
[mg]   it 1366  |r|inf=8.313223e-10  r/r0=3.8939e-08
[mg]   it 1367  |r|inf=8.308984e-10  r/r0=3.8920e-08
[mg]   it 1368  |r|inf=8.304073e-10  r/r0=3.8897e-08
[mg]   it 1369  |r|inf=8.298491e-10  r/r0=3.8870e-08
[mg]   it 1370  |r|inf=8.292241e-10  r/r0=3.8841e-08
[mg]   it 1371  |r|inf=8.285324e-10  r/r0=3.8809e-08
[mg]   it 1372  |r|inf=8.277741e-10  r/r0=3.8773e-08
[mg]   it 1373  |r|inf=8.269495e-10  r/r0=3.8735e-08
[mg]   it 1374  |r|inf=8.260586e-10  r/r0=3.8693e-08
[mg]   it 1375  |r|inf=8.251018e-10  r/r0=3.8648e-08
[mg]   it 1376  |r|inf=8.240791e-10  r/r0=3.8600e-08
[mg]   it 1377  |r|inf=8.229909e-10  r/r0=3.8549e-08
[mg]   it 1378  |r|inf=8.218372e-10  r/r0=3.8495e-08
[mg]   it 1379  |r|inf=8.206183e-10  r/r0=3.8438e-08
[mg]   it 1380  |r|inf=8.193343e-10  r/r0=3.8378e-08
[mg]   it 1381  |r|inf=8.179856e-10  r/r0=3.8315e-08
[mg]   it 1382  |r|inf=8.165723e-10  r/r0=3.8248e-08
[mg]   it 1383  |r|inf=8.150946e-10  r/r0=3.8179e-08
[mg]   it 1384  |r|inf=8.135527e-10  r/r0=3.8107e-08
[mg]   it 1385  |r|inf=8.119470e-10  r/r0=3.8032e-08
[mg]   it 1386  |r|inf=8.102776e-10  r/r0=3.7954e-08
[mg]   it 1387  |r|inf=8.085447e-10  r/r0=3.7872e-08
[mg]   it 1388  |r|inf=8.067487e-10  r/r0=3.7788e-08
[mg]   it 1389  |r|inf=8.048897e-10  r/r0=3.7701e-08
[mg]   it 1390  |r|inf=8.029681e-10  r/r0=3.7611e-08
[mg]   it 1391  |r|inf=8.009840e-10  r/r0=3.7518e-08
[mg]   it 1392  |r|inf=7.989378e-10  r/r0=3.7422e-08
[mg]   it 1393  |r|inf=7.968296e-10  r/r0=3.7324e-08
[mg]   it 1394  |r|inf=7.946598e-10  r/r0=3.7222e-08
[mg]   it 1395  |r|inf=7.924287e-10  r/r0=3.7118e-08
[mg]   it 1396  |r|inf=7.901365e-10  r/r0=3.7010e-08
[mg]   it 1397  |r|inf=7.877836e-10  r/r0=3.6900e-08
[mg]   it 1398  |r|inf=7.853701e-10  r/r0=3.6787e-08
[mg]   it 1399  |r|inf=7.828964e-10  r/r0=3.6671e-08
[mg]   it 1400  |r|inf=7.803628e-10  r/r0=3.6552e-08
[mg]   it 1401  |r|inf=7.777697e-10  r/r0=3.6431e-08
[mg]   it 1402  |r|inf=7.751172e-10  r/r0=3.6307e-08
[mg]   it 1403  |r|inf=7.724057e-10  r/r0=3.6180e-08
[mg]   it 1404  |r|inf=7.696356e-10  r/r0=3.6050e-08
[mg]   it 1405  |r|inf=7.668071e-10  r/r0=3.5917e-08
[mg]   it 1406  |r|inf=7.639207e-10  r/r0=3.5782e-08
[mg]   it 1407  |r|inf=7.609765e-10  r/r0=3.5644e-08
[mg]   it 1408  |r|inf=7.579749e-10  r/r0=3.5504e-08
[mg]   it 1409  |r|inf=7.549163e-10[run] step 1/6
  r/r0=3.5360e-08
[mg]   it 1410  |r|inf=7.518011e-10  r/r0=3.5215e-08
[mg]   it 1411  |r|inf=7.486295e-10  r/r0=3.5066e-08
[mg]   it 1412  |r|inf=7.454019e-10  r/r0=3.4915e-08
[mg]   it 1413  |r|inf=7.421186e-10  r/r0=3.4761e-08
[mg]   it 1414  |r|inf=7.387801e-10  r/r0=3.4605e-08
[mg]   it 1415  |r|inf=7.380575e-10  r/r0=3.4571e-08
[mg]   it 1416  |r|inf=7.380357e-10  r/r0=3.4570e-08
[mg]   it 1417  |r|inf=7.379570e-10  r/r0=3.4566e-08
[mg]   it 1418  |r|inf=7.378215e-10  r/r0=3.4560e-08
[mg]   it 1419  |r|inf=7.376292e-10  r/r0=3.4551e-08
[mg]   it 1420  |r|inf=7.373802e-10  r/r0=3.4539e-08
[mg]   it 1421  |r|inf=7.370748e-10  r/r0=3.4525e-08
[mg]   it 1422  |r|inf=7.367130e-10  r/r0=3.4508e-08
[mg]   it 1423  |r|inf=7.362948e-10  r/r0=3.4488e-08
[mg]   it 1424  |r|inf=7.358206e-10  r/r0=3.4466e-08
[mg]   it 1425  |r|inf=7.352904e-10  r/r0=3.4441e-08
[mg]   it 1426  |r|inf=7.347043e-10  r/r0=3.4414e-08
[mg]   it 1427  |r|inf=7.340625e-10  r/r0=3.4384e-08
[mg]   it 1428  |r|inf=7.333651e-10  r/r0=3.4351e-08
[mg]   it 1429  |r|inf=7.326124e-10  r/r0=3.4316e-08
[mg]   it 1430  |r|inf=7.318044e-10  r/r0=3.4278e-08
[mg]   it 1431  |r|inf=7.309413e-10  r/r0=3.4237e-08
[mg]   it 1432  |r|inf=7.300233e-10  r/r0=3.4194e-08
[mg]   it 1433  |r|inf=7.290505e-10  r/r0=3.4149e-08
[mg]   it 1434  |r|inf=7.280232e-10  r/r0=3.4101e-08
[mg]   it 1435  |r|inf=7.269415e-10  r/r0=3.4050e-08
[mg]   it 1436  |r|inf=7.258056e-10  r/r0=3.3997e-08
[mg]   it 1437  |r|inf=7.246156e-10  r/r0=3.3941e-08
[mg]   it 1438  |r|inf=7.233719e-10  r/r0=3.3883e-08
[mg]   it 1439  |r|inf=7.220745e-10  r/r0=3.3822e-08
[mg]   it 1440  |r|inf=7.207237e-10  r/r0=3.3759e-08
[mg]   it 1441  |r|inf=7.193197e-10  r/r0=3.3693e-08
[mg]   it 1442  |r|inf=7.178627e-10  r/r0=3.3625e-08
[mg]   it 1443  |r|inf=7.163529e-10  r/r0=3.3554e-08
[mg]   it 1444  |r|inf=7.147905e-10  r/r0=3.3481e-08
[mg]   it 1445  |r|inf=7.131757e-10  r/r0=3.3405e-08
[mg]   it 1446  |r|inf=7.115089e-10  r/r0=3.3327e-08
[mg]   it 1447  |r|inf=7.097901e-10  r/r0=3.3247e-08
[mg]   it 1448  |r|inf=7.080197e-10  r/r0=3.3164e-08
[mg]   it 1449  |r|inf=7.061978e-10  r/r0=3.3079e-08
[mg]   it 1450  |r|inf=7.043248e-10  r/r0=3.2991e-08
[mg]   it 1451  |r|inf=7.024008e-10  r/r0=3.2901e-08
[mg]   it 1452  |r|inf=7.004262e-10  r/r0=3.2808e-08
[mg]   it 1453  |r|inf=6.984011e-10  r/r0=3.2713e-08
[mg]   it 1454  |r|inf=6.963258e-10  r/r0=3.2616e-08
[mg]   it 1455  |r|inf=6.942006e-10  r/r0=3.2517e-08
[mg]   it 1456  |r|inf=6.920258e-10  r/r0=3.2415e-08
[mg]   it 1457  |r|inf=6.898016e-10  r/r0=3.2310e-08
[mg]   it 1458  |r|inf=6.875282e-10  r/r0=3.2204e-08
[mg]   it 1459  |r|inf=6.852060e-10  r/r0=3.2095e-08
[mg]   it 1460  |r|inf=6.828353e-10  r/r0=3.1984e-08
[mg]   it 1461  |r|inf=6.804163e-10  r/r0=3.1871e-08
[mg]   it 1462  |r|inf=6.779493e-10  r/r0=3.1755e-08
[mg]   it 1463  |r|inf=6.754345e-10  r/r0=3.1638e-08
[mg]   it 1464  |r|inf=6.728724e-10  r/r0=3.1518e-08
[mg]   it 1465  |r|inf=6.702631e-10  r/r0=3.1395e-08
[mg]   it 1466  |r|inf=6.676070e-10  r/r0=3.1271e-08
[mg]   it 1467  |r|inf=6.649044e-10  r/r0=3.1144e-08
[mg]   it 1468  |r|inf=6.621556e-10  r/r0=3.1016e-08
[mg]   it 1469  |r|inf=6.593608e-10  r/r0=3.0885e-08
[mg]   it 1470  |r|inf=6.565205e-10  r/r0=3.0752e-08
[mg]   it 1471  |r|inf=6.536349e-10  r/r0=3.0616e-08
[mg]   it 1472  |r|inf=6.507043e-10  r/r0=3.0479e-08
[mg]   it 1473  |r|inf=6.477290e-10  r/r0=3.0340e-08
[mg]   it 1474  |r|inf=6.447094e-10  r/r0=3.0198e-08
[mg]   it 1475  |r|inf=6.416458e-10  r/r0=3.0055e-08
[mg]   it 1476  |r|inf=6.385386e-10  r/r0=2.9909e-08
[mg]   it 1477  |r|inf=6.353879e-10  r/r0=2.9762e-08
[mg]   it 1478  |r|inf=6.321943e-10  r/r0=2.9612e-08
[mg]   it 1479  |r|inf=6.289580e-10  r/r0=2.9461e-08
[mg]   it 1480  |r|inf=6.256793e-10  r/r0=2.9307e-08
[mg]   it 1481  |r|inf=6.223587e-10  r/r0=2.9151e-08
[mg]   it 1482  |r|inf=6.189963e-10  r/r0=2.8994e-08
[mg]   it 1483  |r|inf=6.155927e-10  r/r0=2.8835e-08
[mg]   it 1484  |r|inf=6.121481e-10  r/r0=2.8673e-08
[mg]   it 1485  |r|inf=6.086629e-10  r/r0=2.8510e-08
[mg]   it 1486  |r|inf=6.051374e-10  r/r0=2.8345e-08
[mg]   it 1487  |r|inf=6.015720e-10  r/r0=2.8178e-08
[mg]   it 1488  |r|inf=5.979670e-10  r/r0=2.8009e-08
[mg]   it 1489  |r|inf=5.943228e-10  r/r0=2.7838e-08
[mg]   it 1490  |r|inf=5.906398e-10  r/r0=2.7666e-08
[mg]   it 1491  |r|inf=5.869183e-10  r/r0=2.7491e-08
[mg]   it 1492  |r|inf=5.831587e-10  r/r0=2.7315e-08
[mg]   it 1493  |r|inf=5.793614e-10  r/r0=2.7137e-08
[mg]   it 1494  |r|inf=5.762361e-10  r/r0=2.6991e-08
[mg]   it 1495  |r|inf=5.765320e-10  r/r0=2.7005e-08
[mg]   it 1496  |r|inf=5.767874e-10  r/r0=2.7017e-08
[mg]   it 1497  |r|inf=5.770023e-10  r/r0=2.7027e-08
[mg]   it 1498  |r|inf=5.771768e-10  r/r0=2.7035e-08
[mg]   it 1499  |r|inf=5.773110e-10  r/r0=2.7041e-08
[mg]   it 1500  |r|inf=5.774049e-10  r/r0=2.7046e-08
[mg] solve 1: r0=1.286798e-02 rtol=1.0e-08 (pre=2 post=2 bottom=12)
[mg]   it   1  |r|inf=2.501283e-02  r/r0=1.9438e+00
[mg]   it   2  |r|inf=4.128196e-03  r/r0=3.2081e-01
[mg]   it   3  |r|inf=8.903603e-04  r/r0=6.9192e-02
[mg]   it   4  |r|inf=6.037886e-04  r/r0=4.6922e-02
[mg]   it   5  |r|inf=3.656488e-04  r/r0=2.8415e-02
[mg]   it   6  |r|inf=1.485113e-04  r/r0=1.1541e-02
[mg]   it   7  |r|inf=9.891070e-05  r/r0=7.6866e-03
[mg]   it   8  |r|inf=8.552150e-05  r/r0=6.6461e-03
[mg]   it   9  |r|inf=6.862654e-05  r/r0=5.3331e-03
[mg]   it  10  |r|inf=5.518858e-05  r/r0=4.2888e-03
[mg]   it  11  |r|inf=3.176023e-05  r/r0=2.4682e-03
[mg]   it  12  |r|inf=1.993116e-05  r/r0=1.5489e-03
[mg]   it  13  |r|inf=2.239335e-05  r/r0=1.7402e-03
[mg]   it  14  |r|inf=1.167064e-05  r/r0=9.0695e-04
[mg]   it  15  |r|inf=7.428031e-06  r/r0=5.7725e-04
[mg]   it  16  |r|inf=6.201101e-06  r/r0=4.8190e-04
[mg]   it  17  |r|inf=4.203947e-06  r/r0=3.2670e-04
[mg]   it  18  |r|inf=3.013018e-06  r/r0=2.3415e-04
[mg]   it  19  |r|inf=2.321560e-06  r/r0=1.8041e-04
[mg]   it  20  |r|inf=2.158233e-06  r/r0=1.6772e-04
[mg]   it  21  |r|inf=1.070353e-06  r/r0=8.3180e-05
[mg]   it  22  |r|inf=6.444393e-07  r/r0=5.0081e-05
[mg]   it  23  |r|inf=1.011594e-06  r/r0=7.8613e-05
[mg]   it  24  |r|inf=3.606114e-07  r/r0=2.8024e-05
[mg]   it  25  |r|inf=6.717729e-07  r/r0=5.2205e-05
[mg]   it  26  |r|inf=4.210019e-07  r/r0=3.2717e-05
[mg]   it  27  |r|inf=3.479685e-07  r/r0=2.7041e-05
[mg]   it  28  |r|inf=3.959575e-07  r/r0=3.0771e-05
[mg]   it  29  |r|inf=2.095199e-07  r/r0=1.6282e-05
[mg]   it  30  |r|inf=2.967095e-07  r/r0=2.3058e-05
[mg]   it  31  |r|inf=1.252365e-07  r/r0=9.7324e-06
[mg]   it  32  |r|inf=1.853655e-07  r/r0=1.4405e-05
[mg]   it  33  |r|inf=8.732920e-08  r/r0=6.7866e-06
[mg]   it  34  |r|inf=1.182940e-07  r/r0=9.1929e-06
[mg]   it  35  |r|inf=7.779483e-08  r/r0=6.0456e-06
[mg]   it  36  |r|inf=1.119953e-07  r/r0=8.7034e-06
[mg]   it  37  |r|inf=6.921679e-08  r/r0=5.3790e-06
[mg]   it  38  |r|inf=7.312834e-08  r/r0=5.6830e-06
[mg]   it  39  |r|inf=8.284095e-08  r/r0=6.4378e-06
[mg]   it  40  |r|inf=4.064598e-08  r/r0=3.1587e-06
[mg]   it  41  |r|inf=5.784158e-08  r/r0=4.4950e-06
[mg]   it  42  |r|inf=3.714808e-08  r/r0=2.8869e-06
[mg]   it  43  |r|inf=1.873784e-08  r/r0=1.4562e-06
[mg]   it  44  |r|inf=2.898643e-08  r/r0=2.2526e-06
[mg]   it  45  |r|inf=1.856513e-08  r/r0=1.4427e-06
[mg]   it  46  |r|inf=1.167902e-08  r/r0=9.0760e-07
[mg]   it  47  |r|inf=1.950688e-08  r/r0=1.5159e-06
[mg]   it  48  |r|inf=1.513182e-08  r/r0=1.1759e-06
[mg]   it  49  |r|inf=1.043379e-08  r/r0=8.1083e-07
[mg]   it  50  |r|inf=1.544051e-08  r/r0=1.1999e-06
[mg]   it  51  |r|inf=1.628545e-08  r/r0=1.2656e-06
[mg]   it  52  |r|inf=1.293285e-08  r/r0=1.0050e-06
[mg]   it  53  |r|inf=9.441253e-09  r/r0=7.3370e-07
[mg]   it  54  |r|inf=1.245231e-08  r/r0=9.6770e-07
[mg]   it  55  |r|inf=1.276978e-08  r/r0=9.9237e-07
[mg]   it  56  |r|inf=1.034500e-08  r/r0=8.0393e-07
[mg]   it  57  |r|inf=8.310608e-09  r/r0=6.4584e-07
[mg]   it  58  |r|inf=5.974831e-09  r/r0=4.6432e-07
[mg]   it  59  |r|inf=8.492829e-09  r/r0=6.6000e-07
[mg]   it  60  |r|inf=7.802508e-09  r/r0=6.0635e-07
[mg]   it  61  |r|inf=6.385133e-09  r/r0=4.9620e-07
[mg]   it  62  |r|inf=5.326430e-09  r/r0=4.1393e-07
[mg]   it  63  |r|inf=3.885848e-09  r/r0=3.0198e-07
[mg]   it  64  |r|inf=4.841876e-09  r/r0=3.7627e-07
[mg]   it  65  |r|inf=5.536544e-09  r/r0=4.3026e-07
[mg]   it  66  |r|inf=4.874142e-09  r/r0=3.7878e-07
[mg]   it  67  |r|inf=4.179813e-09  r/r0=3.2482e-07
[mg]   it  68  |r|inf=3.526183e-09  r/r0=2.7403e-07
[mg]   it  69  |r|inf=2.970784e-09  r/r0=2.3087e-07
[mg]   it  70  |r|inf=2.449926e-09  r/r0=1.9039e-07
[mg]   it  71  |r|inf=3.390653e-09  r/r0=2.6350e-07
[mg]   it  72  |r|inf=3.681403e-09  r/r0=2.8609e-07
[mg]   it  73  |r|inf=3.364405e-09  r/r0=2.6146e-07
[mg]   it  74  |r|inf=3.043906e-09  r/r0=2.3655e-07
[mg]   it  75  |r|inf=2.539279e-09  r/r0=1.9733e-07
[mg]   it  76  |r|inf=2.455302e-09  r/r0=1.9081e-07
[mg]   it  77  |r|inf=2.057052e-09  r/r0=1.5986e-07
[mg]   it  78  |r|inf=1.737224e-09  r/r0=1.3500e-07
[mg]   it  79  |r|inf=2.310118e-09  r/r0=1.7952e-07
[mg]   it  80  |r|inf=2.591798e-09  r/r0=2.0141e-07
[mg]   it  81  |r|inf=2.579834e-09  r/r0=2.0048e-07
[mg]   it  82  |r|inf=2.298598e-09  r/r0=1.7863e-07
[mg]   it  83  |r|inf=2.210051e-09  r/r0=1.7175e-07
[mg]   it  84  |r|inf=1.936662e-09  r/r0=1.5050e-07
[mg]   it  85  |r|inf=1.956594e-09  r/r0=1.5205e-07
[mg]   it  86  |r|inf=1.814860e-09  r/r0=1.4104e-07
[mg]   it  87  |r|inf=1.527797e-09  r/r0=1.1873e-07
[mg]   it  88  |r|inf=1.512832e-09  r/r0=1.1757e-07
[mg]   it  89  |r|inf=1.896321e-09  r/r0=1.4737e-07
[mg]   it  90  |r|inf=2.122726e-09  r/r0=1.6496e-07
[mg]   it  91  |r|inf=2.191366e-09  r/r0=1.7030e-07
[mg]   it  92  |r|inf=2.108808e-09  r/r0=1.6388e-07
[mg]   it  93  |r|inf=1.888692e-09  r/r0=1.4677e-07
[mg]   it  94  |r|inf=1.839535e-09  r/r0=1.4295e-07
[mg]   it  95  |r|inf=1.689106e-09  r/r0=1.3126e-07
[mg]   it  96  |r|inf=1.616410e-09  r/r0=1.2561e-07
[mg]   it  97  |r|inf=1.602308e-09  r/r0=1.2452e-07
[mg]   it  98  |r|inf=1.497429e-09  r/r0=1.1637e-07
[mg]   it  99  |r|inf=1.316979e-09  r/r0=1.0235e-07
[mg]   it 100  |r|inf=1.218811e-09  r/r0=9.4717e-08
[mg]   it 101  |r|inf=1.436914e-09  r/r0=1.1167e-07
[mg]   it 102  |r|inf=1.657581e-09  r/r0=1.2881e-07
[mg]   it 103  |r|inf=1.794530e-09  r/r0=1.3946e-07
[mg]   it 104  |r|inf=1.848164e-09  r/r0=1.4363e-07
[mg]   it 105  |r|inf=1.821415e-09  r/r0=1.4155e-07
[mg]   it 106  |r|inf=1.719616e-09  r/r0=1.3364e-07
[mg]   it 107  |r|inf=1.559279e-09  r/r0=1.2118e-07
[mg]   it 108  |r|inf=1.529904e-09  r/r0=1.1889e-07
[mg]   it 109  |r|inf=1.440651e-09  r/r0=1.1196e-07
[mg]   it 110  |r|inf=1.298711e-09  r/r0=1.0093e-07
[mg]   it 111  |r|inf=1.320111e-09  r/r0=1.0259e-07
[mg]   it 112  |r|inf=1.298336e-09  r/r0=1.0090e-07
[mg]   it 113  |r|inf=1.231854e-09  r/r0=9.5730e-08
[mg]   it 114  |r|inf=1.126722e-09  r/r0=8.7560e-08
[mg]   it 115  |r|inf=9.896586e-10  r/r0=7.6909e-08
[mg]   it 116  |r|inf=9.865201e-10  r/r0=7.6665e-08
[mg]   it 117  |r|inf=1.169669e-09  r/r0=9.0898e-08
[mg]   it 118  |r|inf=1.321082e-09  r/r0=1.0266e-07
[mg]   it 119  |r|inf=1.431188e-09  r/r0=1.1122e-07
[mg]   it 120  |r|inf=1.499565e-09  r/r0=1.1653e-07
[mg]   it 121  |r|inf=1.526513e-09  r/r0=1.1863e-07
[mg]   it 122  |r|inf=1.513014e-09  r/r0=1.1758e-07
[mg]   it 123  |r|inf=1.460767e-09  r/r0=1.1352e-07
[mg]   it 124  |r|inf=1.372256e-09  r/r0=1.0664e-07
[mg]   it 125  |r|inf=1.315310e-09  r/r0=1.0222e-07
[mg]   it 126  |r|inf=1.294335e-09  r/r0=1.0059e-07
[mg]   it 127  |r|inf=1.242078e-09  r/r0=9.6525e-08
[mg]   it 128  |r|inf=1.161099e-09  r/r0=9.0232e-08
[mg]   it 129  |r|inf=1.133100e-09  r/r0=8.8056e-08
[mg]   it 130  |r|inf=1.145142e-09  r/r0=8.8992e-08
[mg]   it 131  |r|inf=1.131350e-09  r/r0=8.7920e-08
[mg]   it 132  |r|inf=1.093554e-09  r/r0=8.4983e-08
[mg]   it 133  |r|inf=1.034083e-09  r/r0=8.0361e-08
[mg]   it 134  |r|inf=9.555790e-10  r/r0=7.4260e-08
[mg]   it 135  |r|inf=8.608349e-10  r/r0=6.6897e-08
[mg]   it 136  |r|inf=8.665996e-10  r/r0=6.7345e-08
[mg]   it 137  |r|inf=9.626495e-10  r/r0=7.4810e-08
[mg]   it 138  |r|inf=1.078963e-09  r/r0=8.3849e-08
[mg]   it 139  |r|inf=1.174005e-09  r/r0=9.1235e-08
[mg]   it 140  |r|inf=1.247322e-09  r/r0=9.6932e-08
[mg]   it 141  |r|inf=1.298735e-09  r/r0=1.0093e-07
[mg]   it 142  |r|inf=1.328300e-09  r/r0=1.0323e-07
[mg]   it 143  |r|inf=1.336291e-09  r/r0=1.0385e-07
[mg]   it 144  |r|inf=1.323199e-09  r/r0=1.0283e-07
[mg]   it 145  |r|inf=1.289748e-09  r/r0=1.0023e-07
[mg]   it 146  |r|inf=1.236911e-09  r/r0=9.6123e-08
[mg]   it 147  |r|inf=1.165922e-09  r/r0=9.0606e-08
[mg]   it 148  |r|inf=1.152749e-09  r/r0=8.9583e-08
[mg]   it 149  |r|inf=1.138858e-09  r/r0=8.8503e-08
[mg]   it 150  |r|inf=1.108366e-09  r/r0=8.6134e-08
[mg]   it 151  |r|inf=1.062228e-09  r/r0=8.2548e-08
[mg]   it 152  |r|inf=1.001668e-09  r/r0=7.7842e-08
[mg]   it 153  |r|inf=1.002743e-09  r/r0=7.7925e-08
[mg]   it 154  |r|inf=1.013880e-09  r/r0=7.8791e-08
[mg]   it 155  |r|inf=1.011133e-09  r/r0=7.8577e-08
[mg]   it 156  |r|inf=9.951648e-10  r/r0=7.7337e-08
[mg]   it 157  |r|inf=9.668291e-10  r/r0=7.5134e-08
[mg]   it 158  |r|inf=9.271226e-10  r/r0=7.2049e-08
[mg]   it 159  |r|inf=8.771406e-10  r/r0=6.8165e-08
[mg]   it 160  |r|inf=8.180342e-10  r/r0=6.3571e-08
[mg]   it 161  |r|inf=7.660476e-10  r/r0=5.9531e-08
[mg]   it 162  |r|inf=7.700588e-10  r/r0=5.9843e-08
[mg]   it 163  |r|inf=8.171785e-10  r/r0=6.3505e-08
[mg]   it 164  |r|inf=9.006560e-10  r/r0=6.9992e-08
[mg]   it 165  |r|inf=9.730794e-10  r/r0=7.5620e-08
[mg]   it 166  |r|inf=1.034220e-09  r/r0=8.0372e-08
[mg]   it 167  |r|inf=1.083951e-09  r/r0=8.4236e-08
[mg]   it 168  |r|inf=1.122231e-09  r/r0=8.7211e-08
[mg]   it 169  |r|inf=1.149091e-09  r/r0=8.9298e-08
[mg]   it 170  |r|inf=1.164630e-09  r/r0=9.0506e-08
[mg]   it 171  |r|inf=1.169010e-09  r/r0=9.0846e-08
[mg]   it 172  |r|inf=1.162455e-09  r/r0=9.0337e-08
[mg]   it 173  |r|inf=1.145255e-09  r/r0=8.9000e-08
[mg]   it 174  |r|inf=1.117765e-09  r/r0=8.6864e-08
[mg]   it 175  |r|inf=1.080416e-09  r/r0=8.3962e-08
[mg]   it 176  |r|inf=1.033709e-09  r/r0=8.0332e-08
[mg]   it 177  |r|inf=1.000194e-09  r/r0=7.7727e-08
[mg]   it 178  |r|inf=9.979362e-10  r/r0=7.7552e-08
[mg]   it 179  |r|inf=9.869012e-10  r/r0=7.6694e-08
[mg]   it 180  |r|inf=9.673592e-10  r/r0=7.5176e-08
[mg]   it 181  |r|inf=9.396648e-10  r/r0=7.3023e-08
[mg]   it 182  |r|inf=9.042517e-10  r/r0=7.0271e-08
[mg]   it 183  |r|inf=8.616266e-10  r/r0=6.6959e-08
[mg]   it 184  |r|inf=8.730390e-10  r/r0=6.7846e-08
[mg]   it 185  |r|inf=8.839292e-10  r/r0=6.8692e-08
[mg]   it 186  |r|inf=8.875536e-10  r/r0=6.8974e-08
[mg]   it 187  |r|inf=8.841075e-10  r/r0=6.8706e-08
[mg]   it 188  |r|inf=8.738517e-10  r/r0=6.7909e-08
[mg]   it 189  |r|inf=8.571028e-10  r/r0=6.6607e-08
[mg]   it 190  |r|inf=8.342240e-10  r/r0=6.4829e-08
[mg]   it 191  |r|inf=8.056145e-10  r/r0=6.2606e-08
[mg]   it 192  |r|inf=7.717002e-10  r/r0=5.9971e-08
[mg]   it 193  |r|inf=7.329244e-10  r/r0=5.6957e-08
[mg]   it 194  |r|inf=6.897399e-10  r/r0=5.3601e-08
[mg]   it 195  |r|inf=6.898949e-10  r/r0=5.3613e-08
[mg]   it 196  |r|inf=6.922997e-10  r/r0=5.3800e-08
[mg]   it 197  |r|inf=7.372121e-10  r/r0=5.7290e-08
[mg]   it 198  |r|inf=7.971628e-10  r/r0=6.1949e-08
[mg]   it 199  |r|inf=8.513752e-10  r/r0=6.6162e-08
[mg]   it 200  |r|inf=8.997113e-10  r/r0=6.9919e-08
[mg]   it 201  |r|inf=9.420692e-10  r/r0=7.3210e-08
[mg]   it 202  |r|inf=9.783794e-10  r/r0=7.6032e-08
[mg]   it 203  |r|inf=1.008601e-09  r/r0=7.8381e-08
[mg]   it 204  |r|inf=1.032721e-09  r/r0=8.0255e-08
[mg]   it 205  |r|inf=1.050747e-09  r/r0=8.1656e-08
[mg]   it 206  |r|inf=1.062714e-09  r/r0=8.2586e-08
[mg]   it 207  |r|inf=1.068676e-09  r/r0=8.3049e-08
[mg]   it 208  |r|inf=1.068710e-09  r/r0=8.3052e-08
[mg]   it 209  |r|inf=1.062915e-09  r/r0=8.2602e-08
[mg]   it 210  |r|inf=1.051415e-09  r/r0=8.1708e-08
[mg]   it 211  |r|inf=1.034352e-09  r/r0=8.0382e-08
[mg]   it 212  |r|inf=1.011898e-09  r/r0=7.8637e-08
[mg]   it 213  |r|inf=9.842448e-10  r/r0=7.6488e-08
[mg]   it 214  |r|inf=9.516105e-10  r/r0=7.3952e-08
[mg]   it 215  |r|inf=9.142373e-10  r/r0=7.1047e-08
[mg]   it 216  |r|inf=9.129556e-10  r/r0=7.0948e-08
[mg]   it 217  |r|inf=9.091449e-10  r/r0=7.0652e-08
[mg]   it 218  |r|inf=9.006821e-10  r/r0=6.9994e-08
[mg]   it 219  |r|inf=8.876851e-10  r/r0=6.8984e-08
[mg]   it 220  |r|inf=8.702984e-10  r/r0=6.7633e-08
[mg]   it 221  |r|inf=8.486912e-10  r/r0=6.5954e-08
[mg]   it 222  |r|inf=8.230562e-10  r/r0=6.3962e-08
[mg]   it 223  |r|inf=7.936078e-10  r/r0=6.1673e-08
[mg]   it 224  |r|inf=7.827579e-10  r/r0=6.0830e-08
[mg]   it 225  |r|inf=7.929799e-10  r/r0=6.1624e-08
[mg]   it 226  |r|inf=7.993176e-10  r/r0=6.2117e-08
[mg]   it 227  |r|inf=8.018297e-10  r/r0=6.2312e-08
[mg]   it 228  |r|inf=8.005971e-10  r/r0=6.2216e-08
[mg]   it 229  |r|inf=7.957203e-10  r/r0=6.1837e-08
[mg]   it 230  |r|inf=7.873176e-10  r/r0=6.1184e-08
[mg]   it 231  |r|inf=7.755230e-10  r/r0=6.0268e-08
[mg]   it 232  |r|inf=7.604835e-10  r/r0=5.9099e-08
[mg]   it 233  |r|inf=7.423569e-10  r/r0=5.7690e-08
[mg]   it 234  |r|inf=7.213093e-10  r/r0=5.6055e-08
[mg]   it 235  |r|inf=6.975135e-10  r/r0=5.4205e-08
[mg]   it 236  |r|inf=6.711464e-10  r/r0=5.2156e-08
[mg]   it 237  |r|inf=6.423875e-10  r/r0=4.9921e-08
[mg]   it 238  |r|inf=6.179727e-10  r/r0=4.8024e-08
[mg]   it 239  |r|inf=6.226609e-10  r/r0=4.8388e-08
[mg]   it 240  |r|inf=6.249193e-10  r/r0=4.8564e-08
[mg]   it 241  |r|inf=6.414632e-10  r/r0=4.9850e-08
[mg]   it 242  |r|inf=6.858472e-10  r/r0=5.3299e-08
[mg]   it 243  |r|inf=7.272855e-10  r/r0=5.6519e-08
[mg]   it 244  |r|inf=7.657072e-10  r/r0=5.9505e-08
[mg]   it 245  |r|inf=8.010534e-10  r/r0=6.2252e-08
[mg]   it 246  |r|inf=8.332760e-10  r/r0=6.4756e-08
[mg]   it 247  |r|inf=8.623371e-10  r/r0=6.7014e-08
[mg]   it 248  |r|inf=8.882076e-10  r/r0=6.9025e-08
[mg]   it 249  |r|inf=9.108669e-10  r/r0=7.0786e-08
[mg]   it 250  |r|inf=9.303022e-10  r/r0=7.2296e-08
[mg]   it 251  |r|inf=9.465081e-10  r/r0=7.3555e-08
[mg]   it 252  |r|inf=9.594861e-10  r/r0=7.4564e-08
[mg]   it 253  |r|inf=9.692447e-10  r/r0=7.5322e-08
[mg]   it 254  |r|inf=9.757992e-10  r/r0=7.5832e-08
[mg]   it 255  |r|inf=9.791713e-10  r/r0=7.6094e-08
[mg]   it 256  |r|inf=9.793899e-10  r/r0=7.6111e-08
[mg]   it 257  |r|inf=9.764907e-10  r/r0=7.5885e-08
[mg]   it 258  |r|inf=9.705166e-10  r/r0=7.5421e-08
[mg]   it 259  |r|inf=9.615175e-10  r/r0=7.4722e-08
[mg]   it 260  |r|inf=9.495511e-10  r/r0=7.3792e-08
[mg]   it 261  |r|inf=9.346827e-10  r/r0=7.2636e-08
[mg]   it 262  |r|inf=9.169855e-10  r/r0=7.1261e-08
[mg]   it 263  |r|inf=8.965404e-10  r/r0=6.9672e-08
[mg]   it 264  |r|inf=8.734364e-10  r/r0=6.7877e-08
[mg]   it 265  |r|inf=8.477705e-10  r/r0=6.5882e-08
[mg]   it 266  |r|inf=8.455243e-10  r/r0=6.5708e-08
[mg]   it 267  |r|inf=8.449159e-10  r/r0=6.5660e-08
[mg]   it 268  |r|inf=8.417644e-10  r/r0=6.5415e-08
[mg]   it 269  |r|inf=8.361062e-10  r/r0=6.4976e-08
[mg]   it 270  |r|inf=8.279866e-10  r/r0=6.4345e-08
[mg]   it 271  |r|inf=8.174589e-10  r/r0=6.3527e-08
[mg]   it 272  |r|inf=8.045852e-10  r/r0=6.2526e-08
[mg]   it 273  |r|inf=7.894352e-10  r/r0=6.1349e-08
[mg]   it 274  |r|inf=7.720863e-10  r/r0=6.0001e-08
[mg]   it 275  |r|inf=7.526227e-10  r/r0=5.8488e-08
[mg]   it 276  |r|inf=7.311353e-10  r/r0=5.6818e-08
[mg]   it 277  |r|inf=7.298771e-10  r/r0=5.6720e-08
[mg]   it 278  |r|inf=7.375849e-10  r/r0=5.7319e-08
[mg]   it 279  |r|inf=7.431896e-10  r/r0=5.7755e-08
[mg]   it 280  |r|inf=7.467098e-10  r/r0=5.8029e-08
[mg]   it 281  |r|inf=7.481714e-10  r/r0=5.8142e-08
[mg]   it 282  |r|inf=7.476073e-10  r/r0=5.8098e-08
[mg]   it 283  |r|inf=7.450567e-10  r/r0=5.7900e-08
[mg]   it 284  |r|inf=7.405646e-10  r/r0=5.7551e-08
[mg]   it 285  |r|inf=7.341815e-10  r/r0=5.7055e-08
[mg]   it 286  |r|inf=7.259624e-10  r/r0=5.6416e-08
[mg]   it 287  |r|inf=7.159667e-10  r/r0=5.5639e-08
[mg]   it 288  |r|inf=7.042573e-10  r/r0=5.4729e-08
[mg]   it 289  |r|inf=6.909001e-10  r/r0=5.3691e-08
[mg]   it 290  |r|inf=6.759637e-10  r/r0=5.2531e-08
[mg]   it 291  |r|inf=6.595186e-10  r/r0=5.1253e-08
[mg]   it 292  |r|inf=6.416367e-10  r/r0=4.9863e-08
[mg]   it 293  |r|inf=6.223910e-10  r/r0=4.8367e-08
[mg]   it 294  |r|inf=6.018552e-10  r/r0=4.6772e-08
[mg]   it 295  |r|inf=5.801034e-10  r/r0=4.5081e-08
[mg]   it 296  |r|inf=5.802541e-10  r/r0=4.5093e-08
[mg]   it 297  |r|inf=5.830623e-10  r/r0=4.5311e-08
[mg]   it 298  |r|inf=5.845613e-10  r/r0=4.5428e-08
[mg]   it 299  |r|inf=5.899967e-10  r/r0=4.5850e-08
[mg]   it 300  |r|inf=6.225576e-10  r/r0=4.8380e-08
[mg]   it 301  |r|inf=6.535592e-10  r/r0=5.0790e-08
[mg]   it 302  |r|inf=6.829676e-10  r/r0=5.3075e-08
[mg]   it 303  |r|inf=7.107533e-10  r/r0=5.5234e-08
[mg]   it 304  |r|inf=7.368901e-10  r/r0=5.7265e-08
[mg]   it 305  |r|inf=7.613555e-10  r/r0=5.9167e-08
[mg]   it 306  |r|inf=7.841302e-10  r/r0=6.0937e-08
[mg]   it 307  |r|inf=8.051979e-10  r/r0=6.2574e-08
[mg]   it 308  |r|inf=8.245452e-10  r/r0=6.4077e-08
[mg]   it 309  |r|inf=8.421613e-10  r/r0=6.5446e-08
[mg]   it 310  |r|inf=8.580378e-10  r/r0=6.6680e-08
[mg]   it 311  |r|inf=8.721689e-10  r/r0=6.7778e-08
[mg]   it 312  |r|inf=8.845509e-10  r/r0=6.8740e-08
[mg]   it 313  |r|inf=8.951823e-10  r/r0=6.9567e-08
[mg]   it 314  |r|inf=9.040638e-10  r/r0=7.0257e-08
[mg]   it 315  |r|inf=9.111983e-10  r/r0=7.0811e-08
[mg]   it 316  |r|inf=9.165908e-10  r/r0=7.1230e-08
[mg]   it 317  |r|inf=9.202481e-10  r/r0=7.1515e-08
[mg]   it 318  |r|inf=9.221795e-10  r/r0=7.1665e-08
[mg]   it 319  |r|inf=9.223963e-10  r/r0=7.1682e-08
[mg]   it 320  |r|inf=9.209120e-10  r/r0=7.1566e-08
[mg]   it 321  |r|inf=9.177422e-10  r/r0=7.1320e-08
[mg]   it 322  |r|inf=9.129050e-10  r/r0=7.0944e-08
[mg]   it 323  |r|inf=9.064207e-10  r/r0=7.0440e-08
[mg]   it 324  |r|inf=8.983121e-10  r/r0=6.9810e-08
[mg]   it 325  |r|inf=8.886043e-10  r/r0=6.9055e-08
[mg]   it 326  |r|inf=8.773249e-10  r/r0=6.8179e-08
[mg]   it 327  |r|inf=8.645043e-10  r/r0=6.7183e-08
[mg]   it 328  |r|inf=8.501749e-10  r/r0=6.6069e-08
[mg]   it 329  |r|inf=8.343723e-10  r/r0=6.4841e-08
[mg]   it 330  |r|inf=8.171340e-10  r/r0=6.3501e-08
[mg]   it 331  |r|inf=8.001787e-10  r/r0=6.2184e-08
[mg]   it 332  |r|inf=8.018854e-10  r/r0=6.2316e-08
[mg]   it 333  |r|inf=8.021803e-10  r/r0=6.2339e-08
[mg]   it 334  |r|inf=8.010724e-10  r/r0=6.2253e-08
[mg]   it 335  |r|inf=7.985738e-10  r/r0=6.2059e-08
[mg]   it 336  |r|inf=7.946992e-10  r/r0=6.1758e-08
[mg]   it 337  |r|inf=7.894661e-10  r/r0=6.1351e-08
[mg]   it 338  |r|inf=7.828948e-10  r/r0=6.0841e-08
[mg]   it 339  |r|inf=7.750082e-10  r/r0=6.0228e-08
[mg]   it 340  |r|inf=7.658319e-10  r/r0=5.9515e-08
[mg]   it 341  |r|inf=7.553941e-10  r/r0=5.8703e-08
[mg]   it 342  |r|inf=7.437254e-10  r/r0=5.7797e-08
[mg]   it 343  |r|inf=7.308587e-10  r/r0=5.6797e-08
[mg]   it 344  |r|inf=7.168293e-10  r/r0=5.5706e-08
[mg]   it 345  |r|inf=7.016746e-10  r/r0=5.4529e-08
[mg]   it 346  |r|inf=6.934202e-10  r/r0=5.3887e-08
[mg]   it 347  |r|inf=7.001136e-10  r/r0=5.4407e-08
[mg]   it 348  |r|inf=7.056439e-10  r/r0=5.4837e-08
[mg]   it 349  |r|inf=7.100151e-10  r/r0=5.5177e-08
[mg]   it 350  |r|inf=7.132338e-10  r/r0=5.5427e-08
[mg]   it 351  |r|inf=7.153088e-10  r/r0=5.5588e-08
[mg]   it 352  |r|inf=7.162513e-10  r/r0=5.5662e-08
[mg]   it 353  |r|inf=7.160749e-10  r/r0=5.5648e-08
[mg]   it 354  |r|inf=7.147949e-10  r/r0=5.5548e-08
[mg]   it 355  |r|inf=7.124289e-10  r/r0=5.5364e-08
[mg]   it 356  |r|inf=7.089960e-10  r/r0=5.5098e-08
[mg]   it 357  |r|inf=7.045173e-10  r/r0=5.4750e-08
[mg]   it 358  |r|inf=6.990153e-10  r/r0=5.4322e-08
[mg]   it 359  |r|inf=6.925140e-10  r/r0=5.3817e-08
[mg]   it 360  |r|inf=6.850385e-10  r/r0=5.3236e-08
[mg]   it 361  |r|inf=6.766154e-10  r/r0=5.2581e-08
[mg]   it 362  |r|inf=6.672718e-10  r/r0=5.1855e-08
[mg]   it 363  |r|inf=6.570361e-10  r/r0=5.1060e-08
[mg]   it 364  |r|inf=6.459374e-10  r/r0=5.0197e-08
[mg]   it 365  |r|inf=6.340051e-10  r/r0=4.9270e-08
[mg]   it 366  |r|inf=6.212695e-10  r/r0=4.8280e-08
[mg]   it 367  |r|inf=6.077610e-10  r/r0=4.7230e-08
[mg]   it 368  |r|inf=5.935105e-10  r/r0=4.6123e-08
[mg]   it 369  |r|inf=5.785490e-10  r/r0=4.4960e-08
[mg]   it 370  |r|inf=5.629075e-10  r/r0=4.3745e-08
[mg]   it 371  |r|inf=5.561843e-10  r/r0=4.3222e-08
[mg]   it 372  |r|inf=5.588852e-10  r/r0=4.3432e-08
[mg]   it 373  |r|inf=5.608521e-10  r/r0=4.3585e-08
[mg]   it 374  |r|inf=5.620934e-10  r/r0=4.3682e-08
[mg]   it 375  |r|inf=5.626181e-10  r/r0=4.3722e-08
[mg]   it 376  |r|inf=5.770064e-10  r/r0=4.4840e-08
[mg]   it 377  |r|inf=6.005706e-10  r/r0=4.6672e-08
[mg]   it 378  |r|inf=6.232738e-10  r/r0=4.8436e-08
[mg]   it 379  |r|inf=6.451013e-10  r/r0=5.0132e-08
[mg]   it 380  |r|inf=6.660397e-10  r/r0=5.1759e-08
[mg]   it 381  |r|inf=6.860768e-10  r/r0=5.3317e-08
[mg]   it 382  |r|inf=7.052018e-10  r/r0=5.4803e-08
[mg]   it 383  |r|inf=7.234047e-10  r/r0=5.6217e-08
[mg]   it 384  |r|inf=7.406768e-10  r/r0=5.7560e-08
[mg]   it 385  |r|inf=7.570105e-10  r/r0=5.8829e-08
[mg]   it 386  |r|inf=7.723989e-10  r/r0=6.0025e-08
[mg]   it 387  |r|inf=7.868363e-10  r/r0=6.1147e-08
[mg]   it 388  |r|inf=8.003176e-10  r/r0=6.2195e-08
[mg]   it 389  |r|inf=8.128388e-10  r/r0=6.3168e-08
[mg]   it 390  |r|inf=8.243965e-10  r/r0=6.4066e-08
[mg]   it 391  |r|inf=8.349883e-10  r/r0=6.4889e-08
[mg]   it 392  |r|inf=8.446123e-10  r/r0=6.5637e-08
[mg]   it 393  |r|inf=8.532674e-10  r/r0=6.6309e-08
[mg]   it 394  |r|inf=8.609533e-10  r/r0=6.6907e-08
[mg]   it 395  |r|inf=8.676704e-10  r/r0=6.7429e-08
[mg]   it 396  |r|inf=8.734196e-10  r/r0=6.7875e-08
[mg]   it 397  |r|inf=8.782027e-10  r/r0=6.8247e-08
[mg]   it 398  |r|inf=8.820221e-10  r/r0=6.8544e-08
[mg]   it 399  |r|inf=8.848807e-10  r/r0=6.8766e-08
[mg]   it 400  |r|inf=8.867824e-10  r/r0=6.8914e-08
[mg]   it 401  |r|inf=8.877316e-10  r/r0=6.8988e-08
[mg]   it 402  |r|inf=8.877333e-10  r/r0=6.8988e-08
[mg]   it 403  |r|inf=8.867934e-10  r/r0=6.8915e-08
[mg]   it 404  |r|inf=8.849184e-10  r/r0=6.8769e-08
[mg]   it 405  |r|inf=8.821156e-10  r/r0=6.8551e-08
[mg]   it 406  |r|inf=8.783928e-10  r/r0=6.8262e-08
[mg]   it 407  |r|inf=8.737588e-10  r/r0=6.7902e-08
[mg]   it 408  |r|inf=8.682231e-10  r/r0=6.7472e-08
[mg]   it 409  |r|inf=8.617960e-10  r/r0=6.6972e-08
[mg]   it 410  |r|inf=8.544883e-10  r/r0=6.6404e-08
[mg]   it 411  |r|inf=8.463118e-10  r/r0=6.5769e-08
[mg]   it 412  |r|inf=8.372793e-10  r/r0=6.5067e-08
[mg]   it 413  |r|inf=8.274039e-10  r/r0=6.4299e-08
[mg]   it 414  |r|inf=8.167000e-10  r/r0=6.3468e-08
[mg]   it 415  |r|inf=8.051824e-10  r/r0=6.2573e-08
[mg]   it 416  |r|inf=7.928669e-10  r/r0=6.1615e-08
[mg]   it 417  |r|inf=7.797702e-10  r/r0=6.0598e-08
[mg]   it 418  |r|inf=7.700552e-10  r/r0=5.9843e-08
[mg]   it 419  |r|inf=7.712897e-10  r/r0=5.9939e-08
[mg]   it 420  |r|inf=7.717433e-10  r/r0=5.9974e-08
[mg]   it 421  |r|inf=7.714194e-10  r/r0=5.9949e-08
[mg]   it 422  |r|inf=7.703224e-10  r/r0=5.9864e-08
[mg]   it 423  |r|inf=7.684578e-10  r/r0=5.9719e-08
[mg]   it 424  |r|inf=7.658316e-10  r/r0=5.9515e-08
[mg]   it 425  |r|inf=7.624508e-10  r/r0=5.9252e-08
[mg]   it 426  |r|inf=7.583234e-10  r/r0=5.8931e-08
[mg]   it 427  |r|inf=7.534580e-10  r/r0=5.8553e-08
[mg]   it 428  |r|inf=7.478643e-10  r/r0=5.8118e-08
[mg]   it 429  |r|inf=7.415527e-10  r/r0=5.7628e-08
[mg]   it 430  |r|inf=7.345344e-10  r/r0=5.7082e-08
[mg]   it 431  |r|inf=7.268215e-10  r/r0=5.6483e-08
[mg]   it 432  |r|inf=7.184267e-10  r/r0=5.5831e-08
[mg]   it 433  |r|inf=7.093635e-10  r/r0=5.5126e-08
[mg]   it 434  |r|inf=6.996464e-10  r/r0=5.4371e-08
[mg]   it 435  |r|inf=6.892901e-10  r/r0=5.3566e-08
[mg]   it 436  |r|inf=6.783102e-10  r/r0=5.2713e-08
[mg]   it 437  |r|inf=6.667231e-10  r/r0=5.1813e-08
[mg]   it 438  |r|inf=6.695994e-10  r/r0=5.2036e-08
[mg]   it 439  |r|inf=6.743866e-10  r/r0=5.2408e-08
[mg]   it 440  |r|inf=6.785314e-10  r/r0=5.2730e-08
[mg]   it 441  |r|inf=6.820353e-10  r/r0=5.3003e-08
[mg]   it 442  |r|inf=6.849004e-10  r/r0=5.3225e-08
[mg]   it 443  |r|inf=6.871299e-10  r/r0=5.3398e-08
[mg]   it 444  |r|inf=6.887274e-10  r/r0=5.3523e-08
[mg]   it 445  |r|inf=6.896976e-10  r/r0=5.3598e-08
[mg]   it 446  |r|inf=6.900454e-10  r/r0=5.3625e-08
[mg]   it 447  |r|inf=6.897769e-10  r/r0=5.3604e-08
[mg]   it 448  |r|inf=6.888986e-10  r/r0=5.3536e-08
[mg]   it 449  |r|inf=6.874174e-10  r/r0=5.3421e-08
[mg]   it 450  |r|inf=6.853413e-10  r/r0=5.3259e-08
[mg]   it 451  |r|inf=6.826783e-10  r/r0=5.3052e-08
[mg]   it 452  |r|inf=6.794374e-10  r/r0=5.2801e-08
[mg]   it 453  |r|inf=6.756279e-10  r/r0=5.2505e-08
[mg]   it 454  |r|inf=6.712594e-10  r/r0=5.2165e-08
[mg]   it 455  |r|inf=6.663421e-10  r/r0=5.1783e-08
[mg]   it 456  |r|inf=6.608867e-10  r/r0=5.1359e-08
[mg]   it 457  |r|inf=6.549041e-10  r/r0=5.0894e-08
[mg]   it 458  |r|inf=6.484055e-10  r/r0=5.0389e-08
[mg]   it 459  |r|inf=6.414025e-10  r/r0=4.9845e-08
[mg]   it 460  |r|inf=6.339069e-10  r/r0=4.9262e-08
[mg]   it 461  |r|inf=6.259309e-10  r/r0=4.8643e-08
[mg]   it 462  |r|inf=6.174867e-10  r/r0=4.7986e-08
[mg]   it 463  |r|inf=6.085868e-10  r/r0=4.7295e-08
[mg]   it 464  |r|inf=5.992437e-10  r/r0=4.6569e-08
[mg]   it 465  |r|inf=5.894704e-10  r/r0=4.5809e-08
[mg]   it 466  |r|inf=5.792795e-10  r/r0=4.5017e-08
[mg]   it 467  |r|inf=5.686841e-10  r/r0=4.4194e-08
[mg]   it 468  |r|inf=5.576971e-10  r/r0=4.3340e-08
[mg]   it 469  |r|inf=5.463316e-10  r/r0=4.2457e-08
[mg]   it 470  |r|inf=5.371858e-10  r/r0=4.1746e-08
[mg]   it 471  |r|inf=5.395446e-10  r/r0=4.1929e-08
[mg]   it 472  |r|inf=5.414924e-10  r/r0=4.2081e-08
[mg]   it 473  |r|inf=5.430325e-10  r/r0=4.2200e-08
[mg]   it 474  |r|inf=5.441680e-10  r/r0=4.2289e-08
[mg]   it 475  |r|inf=5.449029e-10  r/r0=4.2346e-08
[mg]   it 476  |r|inf=5.452407e-10  r/r0=4.2372e-08
[mg]   it 477  |r|inf=5.580811e-10  r/r0=4.3370e-08
[mg]   it 478  |r|inf=5.755986e-10  r/r0=4.4731e-08
[mg]   it 479  |r|inf=5.926414e-10  r/r0=4.6056e-08
[mg]   it 480  |r|inf=6.092028e-10  r/r0=4.7343e-08
[mg]   it 481  |r|inf=6.252763e-10  r/r0=4.8592e-08
[mg]   it 482  |r|inf=6.408563e-10  r/r0=4.9802e-08
[mg]   it 483  |r|inf=6.559373e-10  r/r0=5.0974e-08
[mg]   it 484  |r|inf=6.705142e-10  r/r0=5.2107e-08
[mg]   it 485  |r|inf=6.845825e-10  r/r0=5.3200e-08
[mg]   it 486  |r|inf=6.981378e-10  r/r0=5.4254e-08
[mg]   it 487  |r|inf=7.111763e-10  r/r0=5.5267e-08
[mg]   it 488  |r|inf=7.236943e-10  r/r0=5.6240e-08
[mg]   it 489  |r|inf=7.356885e-10  r/r0=5.7172e-08
[mg]   it 490  |r|inf=7.471562e-10  r/r0=5.8063e-08
[mg]   it 491  |r|inf=7.580945e-10  r/r0=5.8913e-08
[mg]   it 492  |r|inf=7.685013e-10  r/r0=5.9722e-08
[mg]   it 493  |r|inf=7.783744e-10  r/r0=6.0489e-08
[mg]   it 494  |r|inf=7.877120e-10  r/r0=6.1215e-08
[mg]   it 495  |r|inf=7.965126e-10  r/r0=6.1899e-08
[mg]   it 496  |r|inf=8.047751e-10  r/r0=6.2541e-08
[mg]   it 497  |r|inf=8.124983e-10  r/r0=6.3141e-08
[mg]   it 498  |r|inf=8.196815e-10  r/r0=6.3699e-08
[mg]   it 499  |r|inf=8.263243e-10  r/r0=6.4216e-08
[mg]   it 500  |r|inf=8.324263e-10  r/r0=6.4690e-08
[mg]   it 501  |r|inf=8.379875e-10  r/r0=6.5122e-08
[mg]   it 502  |r|inf=8.430081e-10  r/r0=6.5512e-08
[mg]   it 503  |r|inf=8.474885e-10  r/r0=6.5860e-08
[mg]   it 504  |r|inf=8.514294e-10  r/r0=6.6167e-08
[mg]   it 505  |r|inf=8.548315e-10  r/r0=6.6431e-08
[mg]   it 506  |r|inf=8.576961e-10  r/r0=6.6654e-08
[mg]   it 507  |r|inf=8.600244e-10  r/r0=6.6834e-08
[mg]   it 508  |r|inf=8.618179e-10  r/r0=6.6974e-08
[mg]   it 509  |r|inf=8.630785e-10  r/r0=6.7072e-08
[mg]   it 510  |r|inf=8.638080e-10  r/r0=6.7128e-08
[mg]   it 511  |r|inf=8.640088e-10  r/r0=6.7144e-08
[mg]   it 512  |r|inf=8.636833e-10  r/r0=6.7119e-08
[mg]   it 513  |r|inf=8.628341e-10  r/r0=6.7053e-08
[mg]   it 514  |r|inf=8.614641e-10  r/r0=6.6946e-08
[mg]   it 515  |r|inf=8.595764e-10  r/r0=6.6800e-08
[mg]   it 516  |r|inf=8.571746e-10  r/r0=6.6613e-08
[mg]   it 517  |r|inf=8.542620e-10  r/r0=6.6387e-08
[mg]   it 518  |r|inf=8.508427e-10  r/r0=6.6121e-08
[mg]   it 519  |r|inf=8.469207e-10  r/r0=6.5816e-08
[mg]   it 520  |r|inf=8.425003e-10  r/r0=6.5473e-08
[mg]   it 521  |r|inf=8.375861e-10  r/r0=6.5091e-08
[mg]   it 522  |r|inf=8.321830e-10  r/r0=6.4671e-08
[mg]   it 523  |r|inf=8.262960e-10  r/r0=6.4213e-08
[mg]   it 524  |r|inf=8.199304e-10  r/r0=6.3719e-08
[mg]   it 525  |r|inf=8.130919e-10  r/r0=6.3187e-08
[mg]   it 526  |r|inf=8.057863e-10  r/r0=6.2619e-08
[mg]   it 527  |r|inf=7.980197e-10  r/r0=6.2016e-08
[mg]   it 528  |r|inf=7.897983e-10  r/r0=6.1377e-08
[mg]   it 529  |r|inf=7.811289e-10  r/r0=6.0703e-08
[mg]   it 530  |r|inf=7.720182e-10  r/r0=5.9995e-08
[mg]   it 531  |r|inf=7.624734e-10  r/r0=5.9254e-08
[mg]   it 532  |r|inf=7.525017e-10  r/r0=5.8479e-08
[mg]   it 533  |r|inf=7.479120e-10  r/r0=5.8122e-08
[mg]   it 534  |r|inf=7.486827e-10  r/r0=5.8182e-08
[mg]   it 535  |r|inf=7.490196e-10  r/r0=5.8208e-08
[mg]   it 536  |r|inf=7.489244e-10  r/r0=5.8201e-08
[mg]   it 537  |r|inf=7.483989e-10  r/r0=5.8160e-08
[mg]   it 538  |r|inf=7.474451e-10  r/r0=5.8086e-08
[mg]   it 539  |r|inf=7.460655e-10  r/r0=5.7978e-08
[mg]   it 540  |r|inf=7.442627e-10  r/r0=5.7838e-08
[mg]   it 541  |r|inf=7.420397e-10  r/r0=5.7666e-08
[mg]   it 542  |r|inf=7.393996e-10  r/r0=5.7460e-08
[mg]   it 543  |r|inf=7.363459e-10  r/r0=5.7223e-08
[mg]   it 544  |r|inf=7.328824e-10  r/r0=5.6954e-08
[mg]   it 545  |r|inf=7.290131e-10  r/r0=5.6653e-08
[mg]   it 546  |r|inf=7.247422e-10  r/r0=5.6321e-08
[mg]   it 547  |r|inf=7.200743e-10  r/r0=5.5959e-08
[mg]   it 548  |r|inf=7.150140e-10  r/r0=5.5565e-08
[mg]   it 549  |r|inf=7.095665e-10  r/r0=5.5142e-08
[mg]   it 550  |r|inf=7.037371e-10  r/r0=5.4689e-08
[mg]   it 551  |r|inf=6.975311e-10  r/r0=5.4207e-08
[mg]   it 552  |r|inf=6.909543e-10  r/r0=5.3696e-08
[mg]   it 553  |r|inf=6.840127e-10  r/r0=5.3156e-08
[mg]   it 554  |r|inf=6.767124e-10  r/r0=5.2589e-08
[mg]   it 555  |r|inf=6.690599e-10  r/r0=5.1994e-08
[mg]   it 556  |r|inf=6.610616e-10  r/r0=5.1373e-08
[mg]   it 557  |r|inf=6.527243e-10  r/r0=5.0725e-08
[mg]   it 558  |r|inf=6.440550e-10  r/r0=5.0051e-08
[mg]   it 559  |r|inf=6.453725e-10  r/r0=5.0153e-08
[mg]   it 560  |r|inf=6.489242e-10  r/r0=5.0429e-08
[mg]   it 561  |r|inf=6.521213e-10  r/r0=5.0678e-08
[mg]   it 562  |r|inf=6.549644e-10  r/r0=5.0899e-08
[mg]   it 563  |r|inf=6.574543e-10  r/r0=5.1092e-08
[mg]   it 564  |r|inf=6.595920e-10  r/r0=5.1258e-08
[mg]   it 565  |r|inf=6.613786e-10  r/r0=5.1397e-08
[mg]   it 566  |r|inf=6.628158e-10  r/r0=5.1509e-08
[mg]   it 567  |r|inf=6.639051e-10  r/r0=5.1594e-08
[mg]   it 568  |r|inf=6.646486e-10  r/r0=5.1651e-08
[mg]   it 569  |r|inf=6.650483e-10  r/r0=5.1682e-08
[mg]   it 570  |r|inf=6.651066e-10  r/r0=5.1687e-08
[mg]   it 571  |r|inf=6.648261e-10  r/r0=5.1665e-08
[mg]   it 572  |r|inf=6.642095e-10  r/r0=5.1617e-08
[mg]   it 573  |r|inf=6.632598e-10  r/r0=5.1543e-08
[mg]   it 574  |r|inf=6.619801e-10  r/r0=5.1444e-08
[mg]   it 575  |r|inf=6.603737e-10  r/r0=5.1319e-08
[mg]   it 576  |r|inf=6.584441e-10  r/r0=5.1169e-08
[mg]   it 577  |r|inf=6.561948e-10  r/r0=5.0994e-08
[mg]   it 578  |r|inf=6.536298e-10  r/r0=5.0795e-08
[mg]   it 579  |r|inf=6.507529e-10  r/r0=5.0571e-08
[mg]   it 580  |r|inf=6.475683e-10  r/r0=5.0324e-08
[mg]   it 581  |r|inf=6.440800e-10  r/r0=5.0053e-08
[mg]   it 582  |r|inf=6.402925e-10  r/r0=4.9759e-08
[mg]   it 583  |r|inf=6.362102e-10  r/r0=4.9441e-08
[mg]   it 584  |r|inf=6.318377e-10  r/r0=4.9102e-08
[mg]   it 585  |r|inf=6.271795e-10  r/r0=4.8740e-08
[mg]   it 586  |r|inf=6.222405e-10  r/r0=4.8356e-08
[mg]   it 587  |r|inf=6.170255e-10  r/r0=4.7950e-08
[mg]   it 588  |r|inf=6.115394e-10  r/r0=4.7524e-08
[mg]   it 589  |r|inf=6.057872e-10  r/r0=4.7077e-08
[mg]   it 590  |r|inf=5.997739e-10  r/r0=4.6610e-08
[mg]   it 591  |r|inf=5.935047e-10  r/r0=4.6123e-08
[mg]   it 592  |r|inf=5.869847e-10  r/r0=4.5616e-08
[mg]   it 593  |r|inf=5.802192e-10  r/r0=4.5090e-08
[mg]   it 594  |r|inf=5.732133e-10  r/r0=4.4546e-08
[mg]   it 595  |r|inf=5.659724e-10  r/r0=4.3983e-08
[mg]   it 596  |r|inf=5.585019e-10  r/r0=4.3402e-08
[mg]   it 597  |r|inf=5.508069e-10  r/r0=4.2804e-08
[mg]   it 598  |r|inf=5.428930e-10  r/r0=4.2189e-08
[mg]   it 599  |r|inf=5.347655e-10  r/r0=4.1558e-08
[mg]   it 600  |r|inf=5.264297e-10  r/r0=4.0910e-08
[mg]   it 601  |r|inf=5.178911e-10  r/r0=4.0246e-08
[mg]   it 602  |r|inf=5.191528e-10  r/r0=4.0345e-08
[mg]   it 603  |r|inf=5.208396e-10  r/r0=4.0476e-08
[mg]   it 604  |r|inf=5.222999e-10  r/r0=4.0589e-08
[mg]   it 605  |r|inf=5.235351e-10  r/r0=4.0685e-08
[mg]   it 606  |r|inf=5.245464e-10  r/r0=4.0764e-08
[mg]   it 607  |r|inf=5.253354e-10  r/r0=4.0825e-08
[mg]   it 608  |r|inf=5.259034e-10  r/r0=4.0869e-08
[mg]   it 609  |r|inf=5.262520e-10  r/r0=4.0896e-08
[mg]   it 610  |r|inf=5.325135e-10  r/r0=4.1383e-08
[mg]   it 611  |r|inf=5.456862e-10  r/r0=4.2407e-08
[mg]   it 612  |r|inf=5.586005e-10  r/r0=4.3410e-08
[mg]   it 613  |r|inf=5.712531e-10  r/r0=4.4393e-08
[mg]   it 614  |r|inf=5.836412e-10  r/r0=4.5356e-08
[mg]   it 615  |r|inf=5.957621e-10  r/r0=4.6298e-08
[mg]   it 616  |r|inf=6.076130e-10  r/r0=4.7219e-08
[mg]   it 617  |r|inf=6.191915e-10  r/r0=4.8119e-08
[mg]   it 618  |r|inf=6.304952e-10  r/r0=4.8997e-08
[mg]   it 619  |r|inf=6.415219e-10  r/r0=4.9854e-08
[mg]   it 620  |r|inf=6.522693e-10  r/r0=5.0689e-08
[mg]   it 621  |r|inf=6.627355e-10  r/r0=5.1503e-08
[mg]   it 622  |r|inf=6.729187e-10  r/r0=5.2294e-08
[mg]   it 623  |r|inf=6.828169e-10  r/r0=5.3063e-08
[mg]   it 624  |r|inf=6.924286e-10  r/r0=5.3810e-08
[mg]   it 625  |r|inf=7.017521e-10  r/r0=5.4535e-08
[mg]   it 626  |r|inf=7.107861e-10  r/r0=5.5237e-08
[mg]   it 627  |r|inf=7.195290e-10  r/r0=5.5916e-08
[mg]   it 628  |r|inf=7.279797e-10  r/r0=5.6573e-08
[mg]   it 629  |r|inf=7.361369e-10  r/r0=5.7207e-08
[mg]   it 630  |r|inf=7.439997e-10  r/r0=5.7818e-08
[mg]   it 631  |r|inf=7.515669e-10  r/r0=5.8406e-08
[mg]   it 632  |r|inf=7.588377e-10  r/r0=5.8971e-08
[mg]   it 633  |r|inf=7.658112e-10  r/r0=5.9513e-08
[mg]   it 634  |r|inf=7.724868e-10  r/r0=6.0032e-08
[mg]   it 635  |r|inf=7.788638e-10  r/r0=6.0527e-08
[mg]   it 636  |r|inf=7.849416e-10  r/r0=6.1000e-08
[mg]   it 637  |r|inf=7.907197e-10  r/r0=6.1449e-08
[mg]   it 638  |r|inf=7.961977e-10  r/r0=6.1874e-08
[mg]   it 639  |r|inf=8.013753e-10  r/r0=6.2277e-08
[mg]   it 640  |r|inf=8.062522e-10  r/r0=6.2656e-08
[mg]   it 641  |r|inf=8.108283e-10  r/r0=6.3011e-08
[mg]   it 642  |r|inf=8.151033e-10  r/r0=6.3344e-08
[mg]   it 643  |r|inf=8.190774e-10  r/r0=6.3652e-08
[mg]   it 644  |r|inf=8.227506e-10  r/r0=6.3938e-08
[mg]   it 645  |r|inf=8.261229e-10  r/r0=6.4200e-08
[mg]   it 646  |r|inf=8.291946e-10  r/r0=6.4439e-08
[mg]   it 647  |r|inf=8.319659e-10  r/r0=6.4654e-08
[mg]   it 648  |r|inf=8.344372e-10  r/r0=6.4846e-08
[mg]   it 649  |r|inf=8.366088e-10  r/r0=6.5015e-08
[mg]   it 650  |r|inf=8.384813e-10  r/r0=6.5160e-08
[mg]   it 651  |r|inf=8.400552e-10  r/r0=6.5283e-08
[mg]   it 652  |r|inf=8.413312e-10  r/r0=6.5382e-08
[mg]   it 653  |r|inf=8.423099e-10  r/r0=6.5458e-08
[mg]   it 654  |r|inf=8.429922e-10  r/r0=6.5511e-08
[mg]   it 655  |r|inf=8.433788e-10  r/r0=6.5541e-08
[mg]   it 656  |r|inf=8.434707e-10  r/r0=6.5548e-08
[mg]   it 657  |r|inf=8.432690e-10  r/r0=6.5532e-08
[mg]   it 658  |r|inf=8.427746e-10  r/r0=6.5494e-08
[mg]   it 659  |r|inf=8.419888e-10  r/r0=6.5433e-08
[mg]   it 660  |r|inf=8.409128e-10  r/r0=6.5349e-08
[mg]   it 661  |r|inf=8.395478e-10  r/r0=6.5243e-08
[mg]   it 662  |r|inf=8.378953e-10  r/r0=6.5115e-08
[mg]   it 663  |r|inf=8.359568e-10  r/r0=6.4964e-08
[mg]   it 664  |r|inf=8.337337e-10  r/r0=6.4791e-08
[mg]   it 665  |r|inf=8.312277e-10  r/r0=6.4597e-08
[mg]   it 666  |r|inf=8.284405e-10  r/r0=6.4380e-08
[mg]   it 667  |r|inf=8.253739e-10  r/r0=6.4142e-08
[mg]   it 668  |r|inf=8.220298e-10  r/r0=6.3882e-08
[mg]   it 669  |r|inf=8.184100e-10  r/r0=6.3601e-08
[mg]   it 670  |r|inf=8.145167e-10  r/r0=6.3298e-08
[mg]   it 671  |r|inf=8.103519e-10  r/r0=6.2974e-08
[mg]   it 672  |r|inf=8.059178e-10  r/r0=6.2630e-08
[mg]   it 673  |r|inf=8.012167e-10  r/r0=6.2264e-08
[mg]   it 674  |r|inf=7.962510e-10  r/r0=6.1878e-08
[mg]   it 675  |r|inf=7.910230e-10  r/r0=6.1472e-08
[mg]   it 676  |r|inf=7.855354e-10  r/r0=6.1046e-08
[mg]   it 677  |r|inf=7.797906e-10  r/r0=6.0599e-08
[mg]   it 678  |r|inf=7.737915e-10  r/r0=6.0133e-08
[mg]   it 679  |r|inf=7.675408e-10  r/r0=5.9647e-08
[mg]   it 680  |r|inf=7.610413e-10  r/r0=5.9142e-08
[mg]   it 681  |r|inf=7.542959e-10  r/r0=5.8618e-08
[mg]   it 682  |r|inf=7.473077e-10  r/r0=5.8075e-08
[mg]   it 683  |r|inf=7.400798e-10  r/r0=5.7513e-08
[mg]   it 684  |r|inf=7.326153e-10  r/r0=5.6933e-08
[mg]   it 685  |r|inf=7.332242e-10  r/r0=5.6981e-08
[mg]   it 686  |r|inf=7.337810e-10  r/r0=5.7024e-08
[mg]   it 687  |r|inf=7.340949e-10  r/r0=5.7048e-08
[mg]   it 688  |r|inf=7.341665e-10  r/r0=5.7054e-08
[mg]   it 689  |r|inf=7.339966e-10  r/r0=5.7041e-08
[mg]   it 690  |r|inf=7.335859e-10  r/r0=5.7009e-08
[mg]   it 691  |r|inf=7.329355e-10  r/r0=5.6958e-08
[mg]   it 692  |r|inf=7.320461e-10  r/r0=5.6889e-08
[mg]   it 693  |r|inf=7.309191e-10  r/r0=5.6801e-08
[mg]   it 694  |r|inf=7.295554e-10  r/r0=5.6695e-08
[mg]   it 695  |r|inf=7.279564e-10  r/r0=5.6571e-08
[mg]   it 696  |r|inf=7.261234e-10  r/r0=5.6429e-08
[mg]   it 697  |r|inf=7.240578e-10  r/r0=5.6268e-08
[mg]   it 698  |r|inf=7.217612e-10  r/r0=5.6090e-08
[mg]   it 699  |r|inf=7.192351e-10  r/r0=5.5893e-08
[mg]   it 700  |r|inf=7.164813e-10  r/r0=5.5679e-08
[mg]   it 701  |r|inf=7.135015e-10  r/r0=5.5448e-08
[mg]   it 702  |r|inf=7.102976e-10  r/r0=5.5199e-08
[mg]   it 703  |r|inf=7.068716e-10  r/r0=5.4933e-08
[mg]   it 704  |r|inf=7.032253e-10  r/r0=5.4649e-08
[mg]   it 705  |r|inf=6.993611e-10  r/r0=5.4349e-08
[mg]   it 706  |r|inf=6.952809e-10  r/r0=5.4032e-08
[mg]   it 707  |r|inf=6.909872e-10  r/r0=5.3698e-08
[mg]   it 708  |r|inf=6.864821e-10  r/r0=5.3348e-08
[mg]   it 709  |r|inf=6.817682e-10  r/r0=5.2982e-08
[mg]   it 710  |r|inf=6.768479e-10  r/r0=5.2599e-08
[mg]   it 711  |r|inf=6.717237e-10  r/r0=5.2201e-08
[mg]   it 712  |r|inf=6.663983e-10  r/r0=5.1787e-08
[mg]   it 713  |r|inf=6.608744e-10  r/r0=5.1358e-08
[mg]   it 714  |r|inf=6.551547e-10  r/r0=5.0914e-08
[mg]   it 715  |r|inf=6.492420e-10  r/r0=5.0454e-08
[mg]   it 716  |r|inf=6.431392e-10  r/r0=4.9980e-08
[mg]   it 717  |r|inf=6.368493e-10  r/r0=4.9491e-08
[mg]   it 718  |r|inf=6.303751e-10  r/r0=4.8988e-08
[mg]   it 719  |r|inf=6.300530e-10  r/r0=4.8963e-08
[mg]   it 720  |r|inf=6.326829e-10  r/r0=4.9167e-08
[mg]   it 721  |r|inf=6.351151e-10  r/r0=4.9356e-08
[mg]   it 722  |r|inf=6.373498e-10  r/r0=4.9530e-08
[mg]   it 723  |r|inf=6.393873e-10  r/r0=4.9688e-08
[mg]   it 724  |r|inf=6.412280e-10  r/r0=4.9831e-08
[mg]   it 725  |r|inf=6.428723e-10  r/r0=4.9959e-08
[mg]   it 726  |r|inf=6.443206e-10  r/r0=5.0072e-08
[mg]   it 727  |r|inf=6.455737e-10  r/r0=5.0169e-08
[mg]   it 728  |r|inf=6.466320e-10  r/r0=5.0251e-08
[mg]   it 729  |r|inf=6.474963e-10  r/r0=5.0318e-08
[mg]   it 730  |r|inf=6.481675e-10  r/r0=5.0371e-08
[mg]   it 731  |r|inf=6.486464e-10  r/r0=5.0408e-08
[mg]   it 732  |r|inf=6.489339e-10  r/r0=5.0430e-08
[mg]   it 733  |r|inf=6.490311e-10  r/r0=5.0438e-08
[mg]   it 734  |r|inf=6.489389e-10  r/r0=5.0431e-08
[mg]   it 735  |r|inf=6.486586e-10  r/r0=5.0409e-08
[mg]   it 736  |r|inf=6.481913e-10  r/r0=5.0372e-08
[mg]   it 737  |r|inf=6.475382e-10  r/r0=5.0322e-08
[mg]   it 738  |r|inf=6.467008e-10  r/r0=5.0257e-08
[mg]   it 739  |r|inf=6.456803e-10  r/r0=5.0177e-08
[mg]   it 740  |r|inf=6.444781e-10  r/r0=5.0084e-08
[mg]   it 741  |r|inf=6.430959e-10  r/r0=4.9976e-08
[mg]   it 742  |r|inf=6.415350e-10  r/r0=4.9855e-08
[mg]   it 743  |r|inf=6.397970e-10  r/r0=4.9720e-08
[mg]   it 744  |r|inf=6.378836e-10  r/r0=4.9571e-08
[mg]   it 745  |r|inf=6.357965e-10  r/r0=4.9409e-08
[mg]   it 746  |r|inf=6.335374e-10  r/r0=4.9234e-08
[mg]   it 747  |r|inf=6.311079e-10  r/r0=4.9045e-08
[mg]   it 748  |r|inf=6.285100e-10  r/r0=4.8843e-08
[mg]   it 749  |r|inf=6.257455e-10  r/r0=4.8628e-08
[mg]   it 750  |r|inf=6.228162e-10  r/r0=4.8400e-08
[mg]   it 751  |r|inf=6.197240e-10  r/r0=4.8160e-08
[mg]   it 752  |r|inf=6.164709e-10  r/r0=4.7907e-08
[mg]   it 753  |r|inf=6.130589e-10  r/r0=4.7642e-08
[mg]   it 754  |r|inf=6.094899e-10  r/r0=4.7365e-08
[mg]   it 755  |r|inf=6.057660e-10  r/r0=4.7075e-08
[mg]   it 756  |r|inf=6.018892e-10  r/r0=4.6774e-08
[mg]   it 757  |r|inf=5.978617e-10  r/r0=4.6461e-08
[mg]   it 758  |r|inf=5.936855e-10  r/r0=4.6137e-08
[mg]   it 759  |r|inf=5.893627e-10  r/r0=4.5801e-08
[mg]   it 760  |r|inf=5.848956e-10  r/r0=4.5454e-08
[mg]   it 761  |r|inf=5.802862e-10  r/r0=4.5095e-08
[mg]   it 762  |r|inf=5.755367e-10  r/r0=4.4726e-08
[mg]   it 763  |r|inf=5.706494e-10  r/r0=4.4346e-08
[mg]   it 764  |r|inf=5.656264e-10  r/r0=4.3956e-08
[mg]   it 765  |r|inf=5.604699e-10  r/r0=4.3555e-08
[mg]   it 766  |r|inf=5.551822e-10  r/r0=4.3144e-08
[mg]   it 767  |r|inf=5.497656e-10  r/r0=4.2724e-08
[mg]   it 768  |r|inf=5.442222e-10  r/r0=4.2293e-08
[mg]   it 769  |r|inf=5.385543e-10  r/r0=4.1852e-08
[mg]   it 770  |r|inf=5.327642e-10  r/r0=4.1402e-08
[mg]   it 771  |r|inf=5.268542e-10  r/r0=4.0943e-08
[mg]   it 772  |r|inf=5.208264e-10  r/r0=4.0475e-08
[mg]   it 773  |r|inf=5.146833e-10  r/r0=3.9997e-08
[mg]   it 774  |r|inf=5.084269e-10  r/r0=3.9511e-08
[mg]   it 775  |r|inf=5.022689e-10  r/r0=3.9032e-08
[mg]   it 776  |r|inf=5.036602e-10  r/r0=3.9141e-08
[mg]   it 777  |r|inf=5.049254e-10  r/r0=3.9239e-08
[mg]   it 778  |r|inf=5.060650e-10  r/r0=3.9327e-08
[mg]   it 779  |r|inf=5.070794e-10  r/r0=3.9406e-08
[mg]   it 780  |r|inf=5.079694e-10  r/r0=3.9475e-08
[mg]   it 781  |r|inf=5.087353e-10  r/r0=3.9535e-08
[mg]   it 782  |r|inf=5.093778e-10  r/r0=3.9585e-08
[mg]   it 783  |r|inf=5.098976e-10  r/r0=3.9625e-08
[mg]   it 784  |r|inf=5.102952e-10  r/r0=3.9656e-08
[mg]   it 785  |r|inf=5.105713e-10  r/r0=3.9678e-08
[mg]   it 786  |r|inf=5.107266e-10  r/r0=3.9690e-08
[mg]   it 787  |r|inf=5.193500e-10  r/r0=4.0360e-08
[mg]   it 788  |r|inf=5.290571e-10  r/r0=4.1114e-08
[mg]   it 789  |r|inf=5.386207e-10  r/r0=4.1857e-08
[mg]   it 790  |r|inf=5.480396e-10  r/r0=4.2589e-08
[mg]   it 791  |r|inf=5.573124e-10  r/r0=4.3310e-08
[mg]   it 792  |r|inf=5.664380e-10  r/r0=4.4019e-08
[mg]   it 793  |r|inf=5.754153e-10  r/r0=4.4717e-08
[mg]   it 794  |r|inf=5.842430e-10  r/r0=4.5403e-08
[mg]   it 795  |r|inf=5.929202e-10  r/r0=4.6077e-08
[mg]   it 796  |r|inf=6.014458e-10  r/r0=4.6740e-08
[mg]   it 797  |r|inf=6.098189e-10  r/r0=4.7390e-08
[mg]   it 798  |r|inf=6.180384e-10  r/r0=4.8029e-08
[mg]   it 799  |r|inf=6.261034e-10  r/r0=4.8656e-08
[mg]   it 800  |r|inf=6.340132e-10  r/r0=4.9271e-08
[mg]   it 801  |r|inf=6.417668e-10  r/r0=4.9873e-08
[mg]   it 802  |r|inf=6.493634e-10  r/r0=5.0464e-08
[mg]   it 803  |r|inf=6.568024e-10  r/r0=5.1042e-08
[mg]   it 804  |r|inf=6.640828e-10  r/r0=5.1607e-08
[mg]   it 805  |r|inf=6.712042e-10  r/r0=5.2161e-08
[mg]   it 806  |r|inf=6.781657e-10  r/r0=5.2702e-08
[mg]   it 807  |r|inf=6.849668e-10  r/r0=5.3230e-08
[mg]   it 808  |r|inf=6.916068e-10  r/r0=5.3746e-08
[mg]   it 809  |r|inf=6.980852e-10  r/r0=5.4250e-08
[mg]   it 810  |r|inf=7.044015e-10  r/r0=5.4741e-08
[mg]   it 811  |r|inf=7.105551e-10  r/r0=5.5219e-08
[mg]   it 812  |r|inf=7.165456e-10  r/r0=5.5684e-08
[mg]   it 813  |r|inf=7.223725e-10  r/r0=5.6137e-08
[mg]   it 814  |r|inf=7.280353e-10  r/r0=5.6577e-08
[mg]   it 815  |r|inf=7.335338e-10  r/r0=5.7005e-08
[mg]   it 816  |r|inf=7.388675e-10  r/r0=5.7419e-08
[mg]   it 817  |r|inf=7.440361e-10  r/r0=5.7821e-08
[mg]   it 818  |r|inf=7.490393e-10  r/r0=5.8210e-08
[mg]   it 819  |r|inf=7.538768e-10  r/r0=5.8585e-08
[mg]   it 820  |r|inf=7.585483e-10  r/r0=5.8949e-08
[mg]   it 821  |r|inf=7.630536e-10  r/r0=5.9299e-08
[mg]   it 822  |r|inf=7.673925e-10  r/r0=5.9636e-08
[mg]   it 823  |r|inf=7.715647e-10  r/r0=5.9960e-08
[mg]   it 824  |r|inf=7.755702e-10  r/r0=6.0271e-08
[mg]   it 825  |r|inf=7.794089e-10  r/r0=6.0570e-08
[mg]   it 826  |r|inf=7.830805e-10  r/r0=6.0855e-08
[mg]   it 827  |r|inf=7.865850e-10  r/r0=6.1127e-08
[mg]   it 828  |r|inf=7.899223e-10  r/r0=6.1387e-08
[mg]   it 829  |r|inf=7.930924e-10  r/r0=6.1633e-08
[mg]   it 830  |r|inf=7.960953e-10  r/r0=6.1866e-08
[mg]   it 831  |r|inf=7.989310e-10  r/r0=6.2087e-08
[mg]   it 832  |r|inf=8.015995e-10  r/r0=6.2294e-08
[mg]   it 833  |r|inf=8.041008e-10  r/r0=6.2489e-08
[mg]   it 834  |r|inf=8.064351e-10  r/r0=6.2670e-08
[mg]   it 835  |r|inf=8.086024e-10  r/r0=6.2838e-08
[mg]   it 836  |r|inf=8.106029e-10  r/r0=6.2994e-08
[mg]   it 837  |r|inf=8.124366e-10  r/r0=6.3136e-08
[mg]   it 838  |r|inf=8.141038e-10  r/r0=6.3266e-08
[mg]   it 839  |r|inf=8.156046e-10  r/r0=6.3382e-08
[mg]   it 840  |r|inf=8.169393e-10  r/r0=6.3486e-08
[mg]   it 841  |r|inf=8.181081e-10  r/r0=6.3577e-08
[mg]   it 842  |r|inf=8.191113e-10  r/r0=6.3655e-08
[mg]   it 843  |r|inf=8.199490e-10  r/r0=6.3720e-08
[mg]   it 844  |r|inf=8.206217e-10  r/r0=6.3772e-08
[mg]   it 845  |r|inf=8.211297e-10  r/r0=6.3812e-08
[mg]   it 846  |r|inf=8.214733e-10  r/r0=6.3839e-08
[mg]   it 847  |r|inf=8.216529e-10  r/r0=6.3853e-08
[mg]   it 848  |r|inf=8.216688e-10  r/r0=6.3854e-08
[mg]   it 849  |r|inf=8.215216e-10  r/r0=6.3842e-08
[mg]   it 850  |r|inf=8.212116e-10  r/r0=6.3818e-08
[mg]   it 851  |r|inf=8.207393e-10  r/r0=6.3782e-08
[mg]   it 852  |r|inf=8.201053e-10  r/r0=6.3732e-08
[mg]   it 853  |r|inf=8.193100e-10  r/r0=6.3670e-08
[mg]   it 854  |r|inf=8.183540e-10  r/r0=6.3596e-08
[mg]   it 855  |r|inf=8.172378e-10  r/r0=6.3509e-08
[mg]   it 856  |r|inf=8.159620e-10  r/r0=6.3410e-08
[mg]   it 857  |r|inf=8.145274e-10  r/r0=6.3299e-08
[mg]   it 858  |r|inf=8.129344e-10  r/r0=6.3175e-08
[mg]   it 859  |r|inf=8.111838e-10  r/r0=6.3039e-08
[mg]   it 860  |r|inf=8.092762e-10  r/r0=6.2891e-08
[mg]   it 861  |r|inf=8.072124e-10  r/r0=6.2730e-08
[mg]   it 862  |r|inf=8.049931e-10  r/r0=6.2558e-08
[mg]   it 863  |r|inf=8.026192e-10  r/r0=6.2373e-08
[mg]   it 864  |r|inf=8.000913e-10  r/r0=6.2177e-08
[mg]   it 865  |r|inf=7.974103e-10  r/r0=6.1969e-08
[mg]   it 866  |r|inf=7.945770e-10  r/r0=6.1748e-08
[mg]   it 867  |r|inf=7.915924e-10  r/r0=6.1516e-08
[mg]   it 868  |r|inf=7.884573e-10  r/r0=6.1273e-08
[mg]   it 869  |r|inf=7.851726e-10  r/r0=6.1018e-08
[mg]   it 870  |r|inf=7.817394e-10  r/r0=6.0751e-08
[mg]   it 871  |r|inf=7.781585e-10  r/r0=6.0472e-08
[mg]   it 872  |r|inf=7.744310e-10  r/r0=6.0183e-08
[mg]   it 873  |r|inf=7.705579e-10  r/r0=5.9882e-08
[mg]   it 874  |r|inf=7.665402e-10  r/r0=5.9570e-08
[mg]   it 875  |r|inf=7.623791e-10  r/r0=5.9246e-08
[mg]   it 876  |r|inf=7.580757e-10  r/r0=5.8912e-08
[mg]   it 877  |r|inf=7.536310e-10  r/r0=5.8566e-08
[mg]   it 878  |r|inf=7.490463e-10  r/r0=5.8210e-08
[mg]   it 879  |r|inf=7.443227e-10  r/r0=5.7843e-08
[mg]   it 880  |r|inf=7.394615e-10  r/r0=5.7465e-08
[mg]   it 881  |r|inf=7.344639e-10  r/r0=5.7077e-08
[mg]   it 882  |r|inf=7.293311e-10  r/r0=5.6678e-08
[mg]   it 883  |r|inf=7.240644e-10  r/r0=5.6269e-08
[mg]   it 884  |r|inf=7.186652e-10  r/r0=5.5849e-08
[mg]   it 885  |r|inf=7.163027e-10  r/r0=5.5666e-08
[mg]   it 886  |r|inf=7.168855e-10  r/r0=5.5711e-08
[mg]   it 887  |r|inf=7.173325e-10  r/r0=5.5746e-08
[mg]   it 888  |r|inf=7.176439e-10  r/r0=5.5770e-08
[mg]   it 889  |r|inf=7.178199e-10  r/r0=5.5783e-08
[mg]   it 890  |r|inf=7.178610e-10  r/r0=5.5787e-08
[mg]   it 891  |r|inf=7.177672e-10  r/r0=5.5779e-08
[mg]   it 892  |r|inf=7.175391e-10  r/r0=5.5762e-08
[mg]   it 893  |r|inf=7.171768e-10  r/r0=5.5733e-08
[mg]   it 894  |r|inf=7.166809e-10  r/r0=5.5695e-08
[mg]   it 895  |r|inf=7.160517e-10  r/r0=5.5646e-08
[mg]   it 896  |r|inf=7.152897e-10  r/r0=5.5587e-08
[mg]   it 897  |r|inf=7.143953e-10  r/r0=5.5517e-08
[mg]   it 898  |r|inf=7.133690e-10  r/r0=5.5438e-08
[mg]   it 899  |r|inf=7.122115e-10  r/r0=5.5348e-08
[mg]   it 900  |r|inf=7.109231e-10  r/r0=5.5247e-08
[mg]   it 901  |r|inf=7.095046e-10  r/r0=5.5137e-08
[mg]   it 902  |r|inf=7.079564e-10  r/r0=5.5017e-08
[mg]   it 903  |r|inf=7.062794e-10  r/r0=5.4887e-08
[mg]   it 904  |r|inf=7.044740e-10  r/r0=5.4746e-08
[mg]   it 905  |r|inf=7.025411e-10  r/r0=5.4596e-08
[mg]   it 906  |r|inf=7.004813e-10  r/r0=5.4436e-08
[mg]   it 907  |r|inf=6.982954e-10  r/r0=5.4266e-08
[mg]   it 908  |r|inf=6.959841e-10  r/r0=5.4087e-08
[mg]   it 909  |r|inf=6.935483e-10  r/r0=5.3897e-08
[mg]   it 910  |r|inf=6.909888e-10  r/r0=5.3698e-08
[mg]   it 911  |r|inf=6.883064e-10  r/r0=5.3490e-08
[mg]   it 912  |r|inf=6.855021e-10  r/r0=5.3272e-08
[mg]   it 913  |r|inf=6.825766e-10  r/r0=5.3045e-08
[mg]   it 914  |r|inf=6.795310e-10  r/r0=5.2808e-08
[mg]   it 915  |r|inf=6.763662e-10  r/r0=5.2562e-08
[mg]   it 916  |r|inf=6.730831e-10  r/r0=5.2307e-08
[mg]   it 917  |r|inf=6.696829e-10  r/r0=5.2043e-08
[mg]   it 918  |r|inf=6.661664e-10  r/r0=5.1769e-08
[mg]   it 919  |r|inf=6.625347e-10  r/r0=5.1487e-08
[mg]   it 920  |r|inf=6.587890e-10  r/r0=5.1196e-08
[mg]   it 921  |r|inf=6.549302e-10  r/r0=5.0896e-08
[mg]   it 922  |r|inf=6.509596e-10  r/r0=5.0588e-08
[mg]   it 923  |r|inf=6.468782e-10  r/r0=5.0270e-08
[mg]   it 924  |r|inf=6.426872e-10  r/r0=4.9945e-08
[mg]   it 925  |r|inf=6.383878e-10  r/r0=4.9611e-08
[mg]   it 926  |r|inf=6.339811e-10  r/r0=4.9268e-08
[mg]   it 927  |r|inf=6.294684e-10  r/r0=4.8917e-08
[mg]   it 928  |r|inf=6.248510e-10  r/r0=4.8559e-08
[mg]   it 929  |r|inf=6.201300e-10  r/r0=4.8192e-08
[mg]   it 930  |r|inf=6.153067e-10  r/r0=4.7817e-08
[mg]   it 931  |r|inf=6.163953e-10  r/r0=4.7901e-08
[mg]   it 932  |r|inf=6.183413e-10  r/r0=4.8053e-08
[mg]   it 933  |r|inf=6.201770e-10  r/r0=4.8195e-08
[mg]   it 934  |r|inf=6.219028e-10  r/r0=4.8329e-08
[mg]   it 935  |r|inf=6.235185e-10  r/r0=4.8455e-08
[mg]   it 936  |r|inf=6.250244e-10  r/r0=4.8572e-08
[mg]   it 937  |r|inf=6.264205e-10  r/r0=4.8681e-08
[mg]   it 938  |r|inf=6.277071e-10  r/r0=4.8781e-08
[mg]   it 939  |r|inf=6.288844e-10  r/r0=4.8872e-08
[mg]   it 940  |r|inf=6.299524e-10  r/r0=4.8955e-08
[mg]   it 941  |r|inf=6.309116e-10  r/r0=4.9030e-08
[mg]   it 942  |r|inf=6.317621e-10  r/r0=4.9096e-08
[mg]   it 943  |r|inf=6.325042e-10  r/r0=4.9153e-08
[mg]   it 944  |r|inf=6.331383e-10  r/r0=4.9203e-08
[mg]   it 945  |r|inf=6.336646e-10  r/r0=4.9244e-08
[mg]   it 946  |r|inf=6.340835e-10  r/r0=4.9276e-08
[mg]   it 947  |r|inf=6.343954e-10  r/r0=4.9300e-08
[mg]   it 948  |r|inf=6.346007e-10  r/r0=4.9316e-08
[mg]   it 949  |r|inf=6.346998e-10  r/r0=4.9324e-08
[mg]   it 950  |r|inf=6.346931e-10  r/r0=4.9323e-08
[mg]   it 951  |r|inf=6.345811e-10  r/r0=4.9315e-08
[mg]   it 952  |r|inf=6.343643e-10  r/r0=4.9298e-08
[mg]   it 953  |r|inf=6.340432e-10  r/r0=4.9273e-08
[mg]   it 954  |r|inf=6.336182e-10  r/r0=4.9240e-08
[mg]   it 955  |r|inf=6.330900e-10  r/r0=4.9199e-08
[mg]   it 956  |r|inf=6.324591e-10  r/r0=4.9150e-08
[mg]   it 957  |r|inf=6.317260e-10  r/r0=4.9093e-08
[mg]   it 958  |r|inf=6.308913e-10  r/r0=4.9028e-08
[mg]   it 959  |r|inf=6.299557e-10  r/r0=4.8955e-08
[mg]   it 960  |r|inf=6.289198e-10  r/r0=4.8875e-08
[mg]   it 961  |r|inf=6.277842e-10  r/r0=4.8787e-08
[mg]   it 962  |r|inf=6.265495e-10  r/r0=4.8691e-08
[mg]   it 963  |r|inf=6.252165e-10  r/r0=4.8587e-08
[mg]   it 964  |r|inf=6.237859e-10  r/r0=4.8476e-08
[mg]   it 965  |r|inf=6.222582e-10  r/r0=4.8357e-08
[mg]   it 966  |r|inf=6.206343e-10  r/r0=4.8231e-08
[mg]   it 967  |r|inf=6.189149e-10  r/r0=4.8097e-08
[mg]   it 968  |r|inf=6.171007e-10  r/r0=4.7956e-08
[mg]   it 969  |r|inf=6.151925e-10  r/r0=4.7808e-08
[mg]   it 970  |r|inf=6.131910e-10  r/r0=4.7652e-08
[mg]   it 971  |r|inf=6.110971e-10  r/r0=4.7490e-08
[mg]   it 972  |r|inf=6.089114e-10  r/r0=4.7320e-08
[mg]   it 973  |r|inf=6.066349e-10  r/r0=4.7143e-08
[mg]   it 974  |r|inf=6.042683e-10  r/r0=4.6959e-08
[mg]   it 975  |r|inf=6.018125e-10  r/r0=4.6768e-08
[mg]   it 976  |r|inf=5.992683e-10  r/r0=4.6571e-08
[mg]   it 977  |r|inf=5.966365e-10  r/r0=4.6366e-08
[mg]   it 978  |r|inf=5.939180e-10  r/r0=4.6155e-08
[mg]   it 979  |r|inf=5.911136e-10  r/r0=4.5937e-08
[mg]   it 980  |r|inf=5.882242e-10  r/r0=4.5712e-08
[mg]   it 981  |r|inf=5.852508e-10  r/r0=4.5481e-08
[mg]   it 982  |r|inf=5.821941e-10  r/r0=4.5244e-08
[mg]   it 983  |r|inf=5.790550e-10  r/r0=4.5000e-08
[mg]   it 984  |r|inf=5.758346e-10  r/r0=4.4749e-08
[mg]   it 985  |r|inf=5.725335e-10  r/r0=4.4493e-08
[mg]   it 986  |r|inf=5.691529e-10  r/r0=4.4230e-08
[mg]   it 987  |r|inf=5.656935e-10  r/r0=4.3961e-08
[mg]   it 988  |r|inf=5.621564e-10  r/r0=4.3686e-08
[mg]   it 989  |r|inf=5.585424e-10  r/r0=4.3406e-08
[mg]   it 990  |r|inf=5.548524e-10  r/r0=4.3119e-08
[mg]   it 991  |r|inf=5.510874e-10  r/r0=4.2826e-08
[mg]   it 992  |r|inf=5.472484e-10  r/r0=4.2528e-08
[mg]   it 993  |r|inf=5.433362e-10  r/r0=4.2224e-08
[mg]   it 994  |r|inf=5.393518e-10  r/r0=4.1914e-08
[mg]   it 995  |r|inf=5.352962e-10  r/r0=4.1599e-08
[mg]   it 996  |r|inf=5.311703e-10  r/r0=4.1278e-08
[mg]   it 997  |r|inf=5.269750e-10  r/r0=4.0952e-08
[mg]   it 998  |r|inf=5.227114e-10  r/r0=4.0621e-08
[mg]   it 999  |r|inf=5.183803e-10  r/r0=4.0285e-08
[mg]   it 1000  |r|inf=5.139826e-10  r/r0=3.9943e-08
[mg]   it 1001  |r|inf=5.095195e-10  r/r0=3.9596e-08
[mg]   it 1002  |r|inf=5.049918e-10  r/r0=3.9244e-08
[mg]   it 1003  |r|inf=5.004004e-10  r/r0=3.8887e-08
[mg]   it 1004  |r|inf=4.957464e-10  r/r0=3.8526e-08
[mg]   it 1005  |r|inf=4.910307e-10  r/r0=3.8159e-08
[mg]   it 1006  |r|inf=4.915438e-10  r/r0=3.8199e-08
[mg]   it 1007  |r|inf=4.925258e-10  r/r0=3.8275e-08
[mg]   it 1008  |r|inf=4.934376e-10  r/r0=3.8346e-08
[mg]   it 1009  |r|inf=4.942795e-10  r/r0=3.8412e-08
[mg]   it 1010  |r|inf=4.950518e-10  r/r0=3.8472e-08
[mg]   it 1011  |r|inf=4.957546e-10  r/r0=3.8526e-08
[mg]   it 1012  |r|inf=4.963881e-10  r/r0=3.8575e-08
[mg]   it 1013  |r|inf=4.969527e-10  r/r0=3.8619e-08
[mg]   it 1014  |r|inf=4.974485e-10  r/r0=3.8658e-08
[mg]   it 1015  |r|inf=4.978759e-10  r/r0=3.8691e-08
[mg]   it 1016  |r|inf=4.982350e-10  r/r0=3.8719e-08
[mg]   it 1017  |r|inf=4.985261e-10  r/r0=3.8742e-08
[mg]   it 1018  |r|inf=4.987496e-10  r/r0=3.8759e-08
[mg]   it 1019  |r|inf=4.989056e-10  r/r0=3.8771e-08
[mg]   it 1020  |r|inf=5.003295e-10  r/r0=3.8882e-08
[mg]   it 1021  |r|inf=5.076196e-10  r/r0=3.9448e-08
[mg]   it 1022  |r|inf=5.148307e-10  r/r0=4.0009e-08
[mg]   it 1023  |r|inf=5.219621e-10  r/r0=4.0563e-08
[mg]   it 1024  |r|inf=5.290133e-10  r/r0=4.1111e-08
[mg]   it 1025  |r|inf=5.359838e-10  r/r0=4.1653e-08
[mg]   it 1026  |r|inf=5.428729e-10  r/r0=4.2188e-08
[mg]   it 1027  |r|inf=5.496803e-10  r/r0=4.2717e-08
[mg]   it 1028  |r|inf=5.564053e-10  r/r0=4.3240e-08
[mg]   it 1029  |r|inf=5.630475e-10  r/r0=4.3756e-08
[mg]   it 1030  |r|inf=5.696065e-10  r/r0=4.4265e-08
[mg]   it 1031  |r|inf=5.760817e-10  r/r0=4.4769e-08
[mg]   it 1032  |r|inf=5.824728e-10  r/r0=4.5265e-08
[mg]   it 1033  |r|inf=5.887792e-10  r/r0=4.5755e-08
[mg]   it 1034  |r|inf=5.950006e-10  r/r0=4.6239e-08
[mg]   it 1035  |r|inf=6.011365e-10  r/r0=4.6716e-08
[mg]   it 1036  |r|inf=6.071866e-10  r/r0=4.7186e-08
[mg]   it 1037  |r|inf=6.131505e-10  r/r0=4.7649e-08
[mg]   it 1038  |r|inf=6.190277e-10  r/r0=4.8106e-08
[mg]   it 1039  |r|inf=6.248180e-10  r/r0=4.8556e-08
[mg]   it 1040  |r|inf=6.305210e-10  r/r0=4.8999e-08
[mg]   it 1041  |r|inf=6.361363e-10  r/r0=4.9436e-08
[mg]   it 1042  |r|inf=6.416637e-10  r/r0=4.9865e-08
[mg]   it 1043  |r|inf=6.471027e-10  r/r0=5.0288e-08
[mg]   it 1044  |r|inf=6.524532e-10  r/r0=5.0704e-08
[mg]   it 1045  |r|inf=6.577147e-10  r/r0=5.1113e-08
[mg]   it 1046  |r|inf=6.628871e-10  r/r0=5.1514e-08
[mg]   it 1047  |r|inf=6.679700e-10  r/r0=5.1909e-08
[mg]   it 1048  |r|inf=6.729632e-10  r/r0=5.2297e-08
[mg]   it 1049  |r|inf=6.778664e-10  r/r0=5.2679e-08
[mg]   it 1050  |r|inf=6.826795e-10  r/r0=5.3053e-08
[mg]   it 1051  |r|inf=6.874021e-10  r/r0=5.3420e-08
[mg]   it 1052  |r|inf=6.920340e-10  r/r0=5.3780e-08
[mg]   it 1053  |r|inf=6.965750e-10  r/r0=5.4132e-08
[mg]   it 1054  |r|inf=7.010250e-10  r/r0=5.4478e-08
[mg]   it 1055  |r|inf=7.053837e-10  r/r0=5.4817e-08
[mg]   it 1056  |r|inf=7.096509e-10  r/r0=5.5149e-08
[mg]   it 1057  |r|inf=7.138265e-10  r/r0=5.5473e-08
[mg]   it 1058  |r|inf=7.179102e-10  r/r0=5.5790e-08
[mg]   it 1059  |r|inf=7.219021e-10  r/r0=5.6101e-08
[mg]   it 1060  |r|inf=7.258017e-10  r/r0=5.6404e-08
[mg]   it 1061  |r|inf=7.296092e-10  r/r0=5.6700e-08
[mg]   it 1062  |r|inf=7.333242e-10  r/r0=5.6988e-08
[mg]   it 1063  |r|inf=7.369467e-10  r/r0=5.7270e-08
[mg]   it 1064  |r|inf=7.404766e-10  r/r0=5.7544e-08
[mg]   it 1065  |r|inf=7.439138e-10  r/r0=5.7811e-08
[mg]   it 1066  |r|inf=7.472581e-10  r/r0=5.8071e-08
[mg]   it 1067  |r|inf=7.505094e-10  r/r0=5.8324e-08
[mg]   it 1068  |r|inf=7.536678e-10  r/r0=5.8569e-08
[mg]   it 1069  |r|inf=7.567330e-10  r/r0=5.8807e-08
[mg]   it 1070  |r|inf=7.597051e-10  r/r0=5.9038e-08
[mg]   it 1071  |r|inf=7.625840e-10  r/r0=5.9262e-08
[mg]   it 1072  |r|inf=7.653695e-10  r/r0=5.9479e-08
[mg]   it 1073  |r|inf=7.680618e-10  r/r0=5.9688e-08
[mg]   it 1074  |r|inf=7.706607e-10  r/r0=5.9890e-08
[mg]   it 1075  |r|inf=7.731662e-10  r/r0=6.0085e-08
[mg]   it 1076  |r|inf=7.755783e-10  r/r0=6.0272e-08
[mg]   it 1077  |r|inf=7.778970e-10  r/r0=6.0452e-08
[mg]   it 1078  |r|inf=7.801222e-10  r/r0=6.0625e-08
[mg]   it 1079  |r|inf=7.822540e-10  r/r0=6.0791e-08
[mg]   it 1080  |r|inf=7.842923e-10  r/r0=6.0949e-08
[mg]   it 1081  |r|inf=7.862373e-10  r/r0=6.1100e-08
[mg]   it 1082  |r|inf=7.880888e-10  r/r0=6.1244e-08
[mg]   it 1083  |r|inf=7.898470e-10  r/r0=6.1381e-08
[mg]   it 1084  |r|inf=7.915119e-10  r/r0=6.1510e-08
[mg]   it 1085  |r|inf=7.930835e-10  r/r0=6.1632e-08
[mg]   it 1086  |r|inf=7.945618e-10  r/r0=6.1747e-08
[mg]   it 1087  |r|inf=7.959470e-10  r/r0=6.1855e-08
[mg]   it 1088  |r|inf=7.972391e-10  r/r0=6.1955e-08
[mg]   it 1089  |r|inf=7.984382e-10  r/r0=6.2048e-08
[mg]   it 1090  |r|inf=7.995443e-10  r/r0=6.2134e-08
[mg]   it 1091  |r|inf=8.005575e-10  r/r0=6.2213e-08
[mg]   it 1092  |r|inf=8.014780e-10  r/r0=6.2285e-08
[mg]   it 1093  |r|inf=8.023058e-10  r/r0=6.2349e-08
[mg]   it 1094  |r|inf=8.030410e-10  r/r0=6.2406e-08
[mg]   it 1095  |r|inf=8.036839e-10  r/r0=6.2456e-08
[mg]   it 1096  |r|inf=8.042344e-10  r/r0=6.2499e-08
[mg]   it 1097  |r|inf=8.046927e-10  r/r0=6.2534e-08
[mg]   it 1098  |r|inf=8.050590e-10  r/r0=6.2563e-08
[mg]   it 1099  |r|inf=8.053334e-10  r/r0=6.2584e-08
[mg]   it 1100  |r|inf=8.055161e-10  r/r0=6.2598e-08
[mg]   it 1101  |r|inf=8.056072e-10  r/r0=6.2606e-08
[mg]   it 1102  |r|inf=8.056069e-10  r/r0=6.2606e-08
[mg]   it 1103  |r|inf=8.055154e-10  r/r0=6.2598e-08
[mg]   it 1104  |r|inf=8.053328e-10  r/r0=6.2584e-08
[mg]   it 1105  |r|inf=8.050594e-10  r/r0=6.2563e-08
[mg]   it 1106  |r|inf=8.046954e-10  r/r0=6.2535e-08
[mg]   it 1107  |r|inf=8.042409e-10  r/r0=6.2499e-08
[mg]   it 1108  |r|inf=8.036962e-10  r/r0=6.2457e-08
[mg]   it 1109  |r|inf=8.030615e-10  r/r0=6.2408e-08
[mg]   it 1110  |r|inf=8.023371e-10  r/r0=6.2351e-08
[mg]   it 1111  |r|inf=8.015231e-10  r/r0=6.2288e-08
[mg]   it 1112  |r|inf=8.006198e-10  r/r0=6.2218e-08
[mg]   it 1113  |r|inf=7.996276e-10  r/r0=6.2141e-08
[mg]   it 1114  |r|inf=7.985465e-10  r/r0=6.2057e-08
[mg]   it 1115  |r|inf=7.973770e-10  r/r0=6.1966e-08
[mg]   it 1116  |r|inf=7.961193e-10  r/r0=6.1868e-08
[mg]   it 1117  |r|inf=7.947736e-10  r/r0=6.1764e-08
[mg]   it 1118  |r|inf=7.933404e-10  r/r0=6.1652e-08
[mg]   it 1119  |r|inf=7.918198e-10  r/r0=6.1534e-08
[mg]   it 1120  |r|inf=7.902122e-10  r/r0=6.1409e-08
[mg]   it 1121  |r|inf=7.885179e-10  r/r0=6.1278e-08
[mg]   it 1122  |r|inf=7.867373e-10  r/r0=6.1139e-08
[mg]   it 1123  |r|inf=7.848706e-10  r/r0=6.0994e-08
[mg]   it 1124  |r|inf=7.829183e-10  r/r0=6.0842e-08
[mg]   it 1125  |r|inf=7.808806e-10  r/r0=6.0684e-08
[mg]   it 1126  |r|inf=7.787579e-10  r/r0=6.0519e-08
[mg]   it 1127  |r|inf=7.765507e-10  r/r0=6.0348e-08
[mg]   it 1128  |r|inf=7.742592e-10  r/r0=6.0169e-08
[mg]   it 1129  |r|inf=7.718839e-10  r/r0=5.9985e-08
[mg]   it 1130  |r|inf=7.694252e-10  r/r0=5.9794e-08
[mg]   it 1131  |r|inf=7.668834e-10  r/r0=5.9596e-08
[mg]   it 1132  |r|inf=7.642590e-10  r/r0=5.9392e-08
[mg]   it 1133  |r|inf=7.615523e-10  r/r0=5.9182e-08
[mg]   it 1134  |r|inf=7.587639e-10  r/r0=5.8965e-08
[mg]   it 1135  |r|inf=7.558942e-10  r/r0=5.8742e-08
[mg]   it 1136  |r|inf=7.529435e-10  r/r0=5.8513e-08
[mg]   it 1137  |r|inf=7.499124e-10  r/r0=5.8277e-08
[mg]   it 1138  |r|inf=7.468013e-10  r/r0=5.8036e-08
[mg]   it 1139  |r|inf=7.436106e-10  r/r0=5.7788e-08
[mg]   it 1140  |r|inf=7.403409e-10  r/r0=5.7534e-08
[mg]   it 1141  |r|inf=7.369927e-10  r/r0=5.7273e-08
[mg]   it 1142  |r|inf=7.335664e-10  r/r0=5.7007e-08
[mg]   it 1143  |r|inf=7.300625e-10  r/r0=5.6735e-08
[mg]   it 1144  |r|inf=7.264815e-10  r/r0=5.6457e-08
[mg]   it 1145  |r|inf=7.228241e-10  r/r0=5.6172e-08
[mg]   it 1146  |r|inf=7.190906e-10  r/r0=5.5882e-08
[mg]   it 1147  |r|inf=7.152816e-10  r/r0=5.5586e-08
[mg]   it 1148  |r|inf=7.113977e-10  r/r0=5.5284e-08
[mg]   it 1149  |r|inf=7.074394e-10  r/r0=5.4977e-08
[mg]   it 1150  |r|inf=7.034073e-10  r/r0=5.4663e-08
[mg]   it 1151  |r|inf=7.035929e-10  r/r0=5.4678e-08
[mg]   it 1152  |r|inf=7.040261e-10  r/r0=5.4711e-08
[mg]   it 1153  |r|inf=7.043833e-10  r/r0=5.4739e-08
[mg]   it 1154  |r|inf=7.046645e-10  r/r0=5.4761e-08
[mg]   it 1155  |r|inf=7.048698e-10  r/r0=5.4777e-08
[mg]   it 1156  |r|inf=7.049995e-10  r/r0=5.4787e-08
[mg]   it 1157  |r|inf=7.050535e-10  r/r0=5.4791e-08
[mg]   it 1158  |r|inf=7.050320e-10  r/r0=5.4790e-08
[mg]   it 1159  |r|inf=7.049351e-10  r/r0=5.4782e-08
[mg]   it 1160  |r|inf=7.047630e-10  r/r0=5.4769e-08
[mg]   it 1161  |r|inf=7.045159e-10  r/r0=5.4750e-08
[mg]   it 1162  |r|inf=7.041938e-10  r/r0=5.4725e-08
[mg]   it 1163  |r|inf=7.037969e-10  r/r0=5.4694e-08
[mg]   it 1164  |r|inf=7.033255e-10  r/r0=5.4657e-08
[mg]   it 1165  |r|inf=7.027797e-10  r/r0=5.4615e-08
[mg]   it 1166  |r|inf=7.021597e-10  r/r0=5.4566e-08
[mg]   it 1167  |r|inf=7.014657e-10  r/r0=5.4512e-08
[mg]   it 1168  |r|inf=7.006980e-10  r/r0=5.4453e-08
[mg]   it 1169  |r|inf=6.998566e-10  r/r0=5.4387e-08
[mg]   it 1170  |r|inf=6.989420e-10  r/r0=5.4316e-08
[mg]   it 1171  |r|inf=6.979542e-10  r/r0=5.4240e-08
[mg]   it 1172  |r|inf=6.968936e-10  r/r0=5.4157e-08
[mg]   it 1173  |r|inf=6.957604e-10  r/r0=5.4069e-08
[mg]   it 1174  |r|inf=6.945549e-10  r/r0=5.3975e-08
[mg]   it 1175  |r|inf=6.932774e-10  r/r0=5.3876e-08
[mg]   it 1176  |r|inf=6.919280e-10  r/r0=5.3771e-08
[mg]   it 1177  |r|inf=6.905073e-10  r/r0=5.3661e-08
[mg]   it 1178  |r|inf=6.890153e-10  r/r0=5.3545e-08
[mg]   it 1179  |r|inf=6.874525e-10  r/r0=5.3423e-08
[mg]   it 1180  |r|inf=6.858191e-10  r/r0=5.3297e-08
[mg]   it 1181  |r|inf=6.841155e-10  r/r0=5.3164e-08
[mg]   it 1182  |r|inf=6.823420e-10  r/r0=5.3026e-08
[mg]   it 1183  |r|inf=6.804989e-10  r/r0=5.2883e-08
[mg]   it 1184  |r|inf=6.785867e-10  r/r0=5.2735e-08
[mg]   it 1185  |r|inf=6.766056e-10  r/r0=5.2581e-08
[mg]   it 1186  |r|inf=6.745561e-10  r/r0=5.2421e-08
[mg]   it 1187  |r|inf=6.724384e-10  r/r0=5.2257e-08
[mg]   it 1188  |r|inf=6.702530e-10  r/r0=5.2087e-08
[mg]   it 1189  |r|inf=6.680003e-10  r/r0=5.1912e-08
[mg]   it 1190  |r|inf=6.656807e-10  r/r0=5.1732e-08
[mg]   it 1191  |r|inf=6.632945e-10  r/r0=5.1546e-08
[mg]   it 1192  |r|inf=6.608423e-10  r/r0=5.1356e-08
[mg]   it 1193  |r|inf=6.583243e-10  r/r0=5.1160e-08
[mg]   it 1194  |r|inf=6.557411e-10  r/r0=5.0959e-08
[mg]   it 1195  |r|inf=6.530930e-10  r/r0=5.0753e-08
[mg]   it 1196  |r|inf=6.503806e-10  r/r0=5.0543e-08
[mg]   it 1197  |r|inf=6.476042e-10  r/r0=5.0327e-08
[mg]   it 1198  |r|inf=6.447644e-10  r/r0=5.0106e-08
[mg]   it 1199  |r|inf=6.418615e-10  r/r0=4.9881e-08
[mg]   it 1200  |r|inf=6.388961e-10  r/r0=4.9650e-08
[mg]   it 1201  |r|inf=6.358686e-10  r/r0=4.9415e-08
[mg]   it 1202  |r|inf=6.327796e-10  r/r0=4.9175e-08
[mg]   it 1203  |r|inf=6.296294e-10  r/r0=4.8930e-08
[mg]   it 1204  |r|inf=6.264187e-10  r/r0=4.8680e-08
[mg]   it 1205  |r|inf=6.231478e-10  r/r0=4.8426e-08
[mg]   it 1206  |r|inf=6.198174e-10  r/r0=4.8167e-08
[mg]   it 1207  |r|inf=6.164279e-10  r/r0=4.7904e-08
[mg]   it 1208  |r|inf=6.129798e-10  r/r0=4.7636e-08
[mg]   it 1209  |r|inf=6.094737e-10  r/r0=4.7364e-08
[mg]   it 1210  |r|inf=6.059101e-10  r/r0=4.7087e-08
[mg]   it 1211  |r|inf=6.038885e-10  r/r0=4.6930e-08
[mg]   it 1212  |r|inf=6.053809e-10  r/r0=4.7046e-08
[mg]   it 1213  |r|inf=6.068117e-10  r/r0=4.7157e-08
[mg]   it 1214  |r|inf=6.081810e-10  r/r0=4.7263e-08
[mg]   it 1215  |r|inf=6.094889e-10  r/r0=4.7365e-08
[mg]   it 1216  |r|inf=6.107352e-10  r/r0=4.7462e-08
[mg]   it 1217  |r|inf=6.119202e-10  r/r0=4.7554e-08
[mg]   it 1218  |r|inf=6.130438e-10  r/r0=4.7641e-08
[mg]   it 1219  |r|inf=6.141061e-10  r/r0=4.7724e-08
[mg]   it 1220  |r|inf=6.151071e-10  r/r0=4.7801e-08
[mg]   it 1221  |r|inf=6.160470e-10  r/r0=4.7874e-08
[mg]   it 1222  |r|inf=6.169257e-10  r/r0=4.7943e-08
[mg]   it 1223  |r|inf=6.177435e-10  r/r0=4.8006e-08
[mg]   it 1224  |r|inf=6.185003e-10  r/r0=4.8065e-08
[mg]   it 1225  |r|inf=6.191962e-10  r/r0=4.8119e-08
[mg]   it 1226  |r|inf=6.198315e-10  r/r0=4.8169e-08
[mg]   it 1227  |r|inf=6.204062e-10  r/r0=4.8213e-08
[mg]   it 1228  |r|inf=6.209203e-10  r/r0=4.8253e-08
[mg]   it 1229  |r|inf=6.213742e-10  r/r0=4.8288e-08
[mg]   it 1230  |r|inf=6.217678e-10  r/r0=4.8319e-08
[mg]   it 1231  |r|inf=6.221014e-10  r/r0=4.8345e-08
[mg]   it 1232  |r|inf=6.223750e-10  r/r0=4.8366e-08
[mg]   it 1233  |r|inf=6.225889e-10  r/r0=4.8383e-08
[mg]   it 1234  |r|inf=6.227432e-10  r/r0=4.8395e-08
[mg]   it 1235  |r|inf=6.228381e-10  r/r0=4.8402e-08
[mg]   it 1236  |r|inf=6.228737e-10  r/r0=4.8405e-08
[mg]   it 1237  |r|inf=6.228503e-10  r/r0=4.8403e-08
[mg]   it 1238  |r|inf=6.227680e-10  r/r0=4.8397e-08
[mg]   it 1239  |r|inf=6.226270e-10  r/r0=4.8386e-08
[mg]   it 1240  |r|inf=6.224276e-10  r/r0=4.8370e-08
[mg]   it 1241  |r|inf=6.221699e-10  r/r0=4.8350e-08
[mg]   it 1242  |r|inf=6.218542e-10  r/r0=4.8326e-08
[mg]   it 1243  |r|inf=6.214806e-10  r/r0=4.8297e-08
[mg]   it 1244  |r|inf=6.210495e-10  r/r0=4.8263e-08
[mg]   it 1245  |r|inf=6.205610e-10  r/r0=4.8225e-08
[mg]   it 1246  |r|inf=6.200154e-10  r/r0=4.8183e-08
[mg]   it 1247  |r|inf=6.194130e-10  r/r0=4.8136e-08
[mg]   it 1248  |r|inf=6.187539e-10  r/r0=4.8085e-08
[mg]   it 1249  |r|inf=6.180385e-10  r/r0=4.8029e-08
[mg]   it 1250  |r|inf=6.172669e-10  r/r0=4.7969e-08
[mg]   it 1251  |r|inf=6.164395e-10  r/r0=4.7905e-08
[mg]   it 1252  |r|inf=6.155566e-10  r/r0=4.7836e-08
[mg]   it 1253  |r|inf=6.146184e-10  r/r0=4.7763e-08
[mg]   it 1254  |r|inf=6.136252e-10  r/r0=4.7686e-08
[mg]   it 1255  |r|inf=6.125772e-10  r/r0=4.7605e-08
[mg]   it 1256  |r|inf=6.114749e-10  r/r0=4.7519e-08
[mg]   it 1257  |r|inf=6.103184e-10  r/r0=4.7429e-08
[mg]   it 1258  |r|inf=6.091080e-10  r/r0=4.7335e-08
[mg]   it 1259  |r|inf=6.078442e-10  r/r0=4.7237e-08
[mg]   it 1260  |r|inf=6.065271e-10  r/r0=4.7135e-08
[mg]   it 1261  |r|inf=6.051572e-10  r/r0=4.7028e-08
[mg]   it 1262  |r|inf=6.037346e-10  r/r0=4.6918e-08
[mg]   it 1263  |r|inf=6.022598e-10  r/r0=4.6803e-08
[mg]   it 1264  |r|inf=6.007330e-10  r/r0=4.6684e-08
[mg]   it 1265  |r|inf=5.991547e-10  r/r0=4.6562e-08
[mg]   it 1266  |r|inf=5.975250e-10  r/r0=4.6435e-08
[mg]   it 1267  |r|inf=5.958444e-10  r/r0=4.6304e-08
[mg]   it 1268  |r|inf=5.941132e-10  r/r0=4.6170e-08
[mg]   it 1269  |r|inf=5.923318e-10  r/r0=4.6031e-08
[mg]   it 1270  |r|inf=5.905004e-10  r/r0=4.5889e-08
[mg]   it 1271  |r|inf=5.886195e-10  r/r0=4.5743e-08
[mg]   it 1272  |r|inf=5.866893e-10  r/r0=4.5593e-08
[mg]   it 1273  |r|inf=5.847103e-10  r/r0=4.5439e-08
[mg]   it 1274  |r|inf=5.826828e-10  r/r0=4.5282e-08
[mg]   it 1275  |r|inf=5.806071e-10  r/r0=4.5120e-08
[mg]   it 1276  |r|inf=5.784837e-10  r/r0=4.4955e-08
[mg]   it 1277  |r|inf=5.763128e-10  r/r0=4.4787e-08
[mg]   it 1278  |r|inf=5.740949e-10  r/r0=4.4614e-08
[mg]   it 1279  |r|inf=5.718304e-10  r/r0=4.4438e-08
[mg]   it 1280  |r|inf=5.695195e-10  r/r0=4.4259e-08
[mg]   it 1281  |r|inf=5.671627e-10  r/r0=4.4076e-08
[mg]   it 1282  |r|inf=5.647604e-10  r/r0=4.3889e-08
[mg]   it 1283  |r|inf=5.623129e-10  r/r0=4.3699e-08
[mg]   it 1284  |r|inf=5.598206e-10  r/r0=4.3505e-08
[mg]   it 1285  |r|inf=5.572838e-10  r/r0=4.3308e-08
[mg]   it 1286  |r|inf=5.547031e-10  r/r0=4.3107e-08
[mg]   it 1287  |r|inf=5.520787e-10  r/r0=4.2903e-08
[mg]   it 1288  |r|inf=5.494111e-10  r/r0=4.2696e-08
[mg]   it 1289  |r|inf=5.467006e-10  r/r0=4.2485e-08
[mg]   it 1290  |r|inf=5.439477e-10  r/r0=4.2271e-08
[mg]   it 1291  |r|inf=5.411527e-10  r/r0=4.2054e-08
[mg]   it 1292  |r|inf=5.383160e-10  r/r0=4.1834e-08
[mg]   it 1293  |r|inf=5.354380e-10  r/r0=4.1610e-08
[mg]   it 1294  |r|inf=5.325191e-10  r/r0=4.1383e-08
[mg]   it 1295  |r|inf=5.295597e-10  r/r0=4.1153e-08
[mg]   it 1296  |r|inf=5.265602e-10  r/r0=4.0920e-08
[mg]   it 1297  |r|inf=5.235210e-10  r/r0=4.0684e-08
[mg]   it 1298  |r|inf=5.204425e-10  r/r0=4.0445e-08
[mg]   it 1299  |r|inf=5.173250e-10  r/r0=4.0203e-08
[mg]   it 1300  |r|inf=5.141691e-10  r/r0=3.9957e-08
[mg]   it 1301  |r|inf=5.109751e-10  r/r0=3.9709e-08
[mg]   it 1302  |r|inf=5.077434e-10  r/r0=3.9458e-08
[mg]   it 1303  |r|inf=5.044743e-10  r/r0=3.9204e-08
[mg]   it 1304  |r|inf=5.011684e-10  r/r0=3.8947e-08
[mg]   it 1305  |r|inf=4.978260e-10  r/r0=3.8687e-08
[mg]   it 1306  |r|inf=4.944475e-10  r/r0=3.8425e-08
[mg]   it 1307  |r|inf=4.910332e-10  r/r0=3.8159e-08
[mg]   it 1308  |r|inf=4.875837e-10  r/r0=3.7891e-08
[mg]   it 1309  |r|inf=4.840993e-10  r/r0=3.7620e-08
[mg]   it 1310  |r|inf=4.822225e-10  r/r0=3.7475e-08
[mg]   it 1311  |r|inf=4.830144e-10  r/r0=3.7536e-08
[mg]   it 1312  |r|inf=4.837670e-10  r/r0=3.7595e-08
[mg]   it 1313  |r|inf=4.844804e-10  r/r0=3.7650e-08
[mg]   it 1314  |r|inf=4.851545e-10  r/r0=3.7702e-08
[mg]   it 1315  |r|inf=4.857895e-10  r/r0=3.7752e-08
[mg]   it 1316  |r|inf=4.863855e-10  r/r0=3.7798e-08
[mg]   it 1317  |r|inf=4.869425e-10  r/r0=3.7841e-08
[mg]   it 1318  |r|inf=4.874607e-10  r/r0=3.7882e-08
[mg]   it 1319  |r|inf=4.879401e-10  r/r0=3.7919e-08
[mg]   it 1320  |r|inf=4.883809e-10  r/r0=3.7953e-08
[mg]   it 1321  |r|inf=4.887831e-10  r/r0=3.7984e-08
[mg]   it 1322  |r|inf=4.891469e-10  r/r0=3.8013e-08
[mg]   it 1323  |r|inf=4.894723e-10  r/r0=3.8038e-08
[mg]   it 1324  |r|inf=4.897595e-10  r/r0=3.8060e-08
[mg]   it 1325  |r|inf=4.900086e-10  r/r0=3.8080e-08
[mg]   it 1326  |r|inf=4.902196e-10  r/r0=3.8096e-08
[mg]   it 1327  |r|inf=4.903927e-10  r/r0=3.8110e-08
[mg]   it 1328  |r|inf=4.905281e-10  r/r0=3.8120e-08
[mg]   it 1329  |r|inf=4.906257e-10  r/r0=3.8128e-08
[mg]   it 1330  |r|inf=4.958872e-10  r/r0=3.8537e-08
[mg]   it 1331  |r|inf=5.013287e-10  r/r0=3.8959e-08
[mg]   it 1332  |r|inf=5.067261e-10  r/r0=3.9379e-08
[mg]   it 1333  |r|inf=5.120790e-10  r/r0=3.9795e-08
[mg]   it 1334  |r|inf=5.173873e-10  r/r0=4.0207e-08
[mg]   it 1335  |r|inf=5.226506e-10  r/r0=4.0616e-08
[mg]   it 1336  |r|inf=5.278687e-10  r/r0=4.1022e-08
[mg]   it 1337  |r|inf=5.330414e-10  r/r0=4.1424e-08
[mg]   it 1338  |r|inf=5.381685e-10  r/r0=4.1822e-08
[mg]   it 1339  |r|inf=5.432497e-10  r/r0=4.2217e-08
[mg]   it 1340  |r|inf=5.482849e-10  r/r0=4.2608e-08
[mg]   it 1341  |r|inf=5.532737e-10  r/r0=4.2996e-08
[mg]   it 1342  |r|inf=5.582161e-10  r/r0=4.3380e-08
[mg]   it 1343  |r|inf=5.631117e-10  r/r0=4.3761e-08
[mg]   it 1344  |r|inf=5.679605e-10  r/r0=4.4138e-08
[mg]   it 1345  |r|inf=5.727621e-10  r/r0=4.4511e-08
[mg]   it 1346  |r|inf=5.775165e-10  r/r0=4.4880e-08
[mg]   it 1347  |r|inf=5.822234e-10  r/r0=4.5246e-08
[mg]   it 1348  |r|inf=5.868826e-10  r/r0=4.5608e-08
[mg]   it 1349  |r|inf=5.914939e-10  r/r0=4.5966e-08
[mg]   it 1350  |r|inf=5.960573e-10  r/r0=4.6321e-08
[mg]   it 1351  |r|inf=6.005724e-10  r/r0=4.6672e-08
[mg]   it 1352  |r|inf=6.050392e-10  r/r0=4.7019e-08
[mg]   it 1353  |r|inf=6.094574e-10  r/r0=4.7362e-08
[mg]   it 1354  |r|inf=6.138270e-10  r/r0=4.7702e-08
[mg]   it 1355  |r|inf=6.181477e-10  r/r0=4.8038e-08
[mg]   it 1356  |r|inf=6.224194e-10  r/r0=4.8370e-08
[mg]   it 1357  |r|inf=6.266419e-10  r/r0=4.8698e-08
[mg]   it 1358  |r|inf=6.308152e-10  r/r0=4.9022e-08
[mg]   it 1359  |r|inf=6.349390e-10  r/r0=4.9343e-08
[mg]   it 1360  |r|inf=6.390132e-10  r/r0=4.9659e-08
[mg]   it 1361  |r|inf=6.430378e-10  r/r0=4.9972e-08
[mg]   it 1362  |r|inf=6.470124e-10  r/r0=5.0281e-08
[mg]   it 1363  |r|inf=6.509372e-10  r/r0=5.0586e-08
[mg]   it 1364  |r|inf=6.548118e-10  r/r0=5.0887e-08
[mg]   it 1365  |r|inf=6.586362e-10  r/r0=5.1184e-08
[mg]   it 1366  |r|inf=6.624102e-10  r/r0=5.1477e-08
[mg]   it 1367  |r|inf=6.661338e-10  r/r0=5.1767e-08
[mg]   it 1368  |r|inf=6.698069e-10  r/r0=5.2052e-08
[mg]   it 1369  |r|inf=6.734292e-10  r/r0=5.2334e-08
[mg]   it 1370  |r|inf=6.770008e-10  r/r0=5.2611e-08
[mg]   it 1371  |r|inf=6.805216e-10  r/r0=5.2885e-08
[mg]   it 1372  |r|inf=6.839913e-10  r/r0=5.3155e-08
[mg]   it 1373  |r|inf=6.874100e-10  r/r0=5.3420e-08
[mg]   it 1374  |r|inf=6.907775e-10  r/r0=5.3682e-08
[mg]   it 1375  |r|inf=6.940937e-10  r/r0=5.3940e-08
[mg]   it 1376  |r|inf=6.973586e-10  r/r0=5.4193e-08
[mg]   it 1377  |r|inf=7.005721e-10  r/r0=5.4443e-08
[mg]   it 1378  |r|inf=7.037341e-10  r/r0=5.4689e-08
[mg]   it 1379  |r|inf=7.068444e-10  r/r0=5.4930e-08
[mg]   it 1380  |r|inf=7.099032e-10  r/r0=5.5168e-08
[mg]   it 1381  |r|inf=7.129102e-10  r/r0=5.5402e-08
[mg]   it 1382  |r|inf=7.158654e-10  r/r0=5.5632e-08
[mg]   it 1383  |r|inf=7.187687e-10  r/r0=5.5857e-08
[mg]   it 1384  |r|inf=7.216201e-10  r/r0=5.6079e-08
[mg]   it 1385  |r|inf=7.244195e-10  r/r0=5.6296e-08
[mg]   it 1386  |r|inf=7.271668e-10  r/r0=5.6510e-08
[mg]   it 1387  |r|inf=7.298621e-10  r/r0=5.6719e-08
[mg]   it 1388  |r|inf=7.325052e-10  r/r0=5.6925e-08
[mg]   it 1389  |r|inf=7.350960e-10  r/r0=5.7126e-08
[mg]   it 1390  |r|inf=7.376347e-10  r/r0=5.7323e-08
[mg]   it 1391  |r|inf=7.401210e-10  r/r0=5.7516e-08
[mg]   it 1392  |r|inf=7.425550e-10  r/r0=5.7706e-08
[mg]   it 1393  |r|inf=7.449366e-10  r/r0=5.7891e-08
[mg]   it 1394  |r|inf=7.472657e-10  r/r0=5.8072e-08
[mg]   it 1395  |r|inf=7.495425e-10  r/r0=5.8249e-08
[mg]   it 1396  |r|inf=7.517667e-10  r/r0=5.8421e-08
[mg]   it 1397  |r|inf=7.539384e-10  r/r0=5.8590e-08
[mg]   it 1398  |r|inf=7.560576e-10  r/r0=5.8755e-08
[mg]   it 1399  |r|inf=7.581242e-10  r/r0=5.8916e-08
[mg]   it 1400  |r|inf=7.601382e-10  r/r0=5.9072e-08
[mg]   it 1401  |r|inf=7.620997e-10  r/r0=5.9224e-08
[mg]   it 1402  |r|inf=7.640085e-10  r/r0=5.9373e-08
[mg]   it 1403  |r|inf=7.658646e-10  r/r0=5.9517e-08
[mg]   it 1404  |r|inf=7.676681e-10  r/r0=5.9657e-08
[mg]   it 1405  |r|inf=7.694190e-10  r/r0=5.9793e-08
[mg]   it 1406  |r|inf=7.711172e-10  r/r0=5.9925e-08
[mg]   it 1407  |r|inf=7.727627e-10  r/r0=6.0053e-08
[mg]   it 1408  |r|inf=7.743555e-10  r/r0=6.0177e-08
[mg]   it 1409  |r|inf=7.758957e-10  r/r0=6.0297e-08
[mg]   it 1410  |r|inf=7.773832e-10  r/r0=6.0412e-08
[mg]   it 1411  |r|inf=7.788181e-10  r/r0=6.0524e-08
[mg]   it 1412  |r|inf=7.802002e-10  r/r0=6.0631e-08
[mg]   it 1413  |r|inf=7.815298e-10  r/r0=6.0734e-08
[mg]   it 1414  |r|inf=7.828067e-10  r/r0=6.0834e-08
[mg]   it 1415  |r|inf=7.840310e-10  r/r0=6.0929e-08
[mg]   it 1416  |r|inf=7.852027e-10  r/r0=6.1020e-08
[mg]   it 1417  |r|inf=7.863218e-10  r/r0=6.1107e-08
[mg]   it 1418  |r|inf=7.873883e-10  r/r0=6.1190e-08
[mg]   it 1419  |r|inf=7.884024e-10  r/r0=6.1269e-08
[mg]   it 1420  |r|inf=7.893639e-10  r/r0=6.1343e-08
[mg]   it 1421  |r|inf=7.902729e-10  r/r0=6.1414e-08
[mg]   it 1422  |r|inf=7.911295e-10  r/r0=6.1480e-08
[mg]   it 1423  |r|inf=7.919337e-10  r/r0=6.1543e-08
[mg]   it 1424  |r|inf=7.926855e-10  r/r0=6.1601e-08
[mg]   it 1425  |r|inf=7.933850e-10  r/r0=6.1656e-08
[mg]   it 1426  |r|inf=7.940322e-10  r/r0=6.1706e-08
[mg]   it 1427  |r|inf=7.946271e-10  r/r0=6.1752e-08
[mg]   it 1428  |r|inf=7.951698e-10  r/r0=6.1794e-08
[mg]   it 1429  |r|inf=7.956604e-10  r/r0=6.1833e-08
[mg]   it 1430  |r|inf=7.960989e-10  r/r0=6.1867e-08
[mg]   it 1431  |r|inf=7.964853e-10  r/r0=6.1897e-08
[mg]   it 1432  |r|inf=7.968197e-10  r/r0=6.1923e-08
[mg]   it 1433  |r|inf=7.971022e-10  r/r0=6.1945e-08
[mg]   it 1434  |r|inf=7.973329e-10  r/r0=6.1963e-08
[mg]   it 1435  |r|inf=7.975117e-10  r/r0=6.1976e-08
[mg]   it 1436  |r|inf=7.976388e-10  r/r0=6.1986e-08
[mg]   it 1437  |r|inf=7.977142e-10  r/r0=6.1992e-08
[mg]   it 1438  |r|inf=7.977380e-10  r/r0=6.1994e-08
[mg]   it 1439  |r|inf=7.977102e-10  r/r0=6.1992e-08
[mg]   it 1440  |r|inf=7.976310e-10  r/r0=6.1986e-08
[mg]   it 1441  |r|inf=7.975005e-10  r/r0=6.1976e-08
[mg]   it 1442  |r|inf=7.973186e-10  r/r0=6.1961e-08
[mg]   it 1443  |r|inf=7.970855e-10  r/r0=6.1943e-08
[mg]   it 1444  |r|inf=7.968014e-10  r/r0=6.1921e-08
[mg]   it 1445  |r|inf=7.964661e-10  r/r0=6.1895e-08
[mg]   it 1446  |r|inf=7.960799e-10  r/r0=6.1865e-08
[mg]   it 1447  |r|inf=7.956429e-10  r/r0=6.1831e-08
[mg]   it 1448  |r|inf=7.951551e-10  r/r0=6.1793e-08
[mg]   it 1449  |r|inf=7.946167e-10  r/r0=6.1751e-08
[mg]   it 1450  |r|inf=7.940277e-10  r/r0=6.1706e-08
[mg]   it 1451  |r|inf=7.933882e-10  r/r0=6.1656e-08
[mg]   it 1452  |r|inf=7.926984e-10  r/r0=6.1602e-08
[mg]   it 1453  |r|inf=7.919584e-10  r/r0=6.1545e-08
[mg]   it 1454  |r|inf=7.911682e-10  r/r0=6.1483e-08
[mg]   it 1455  |r|inf=7.903280e-10  r/r0=6.1418e-08
[mg]   it 1456  |r|inf=7.894379e-10  r/r0=6.1349e-08
[mg]   it 1457  |r|inf=7.884981e-10  r/r0=6.1276e-08
[mg]   it 1458  |r|inf=7.875085e-10  r/r0=6.1199e-08
[mg]   it 1459  |r|inf=7.864695e-10  r/r0=6.1118e-08
[mg]   it 1460  |r|inf=7.853810e-10  r/r0=6.1034e-08
[mg]   it 1461  |r|inf=7.842433e-10  r/r0=6.0945e-08
[mg]   it 1462  |r|inf=7.830565e-10  r/r0=6.0853e-08
[mg]   it 1463  |r|inf=7.818206e-10  r/r0=6.0757e-08
[mg]   it 1464  |r|inf=7.805359e-10  r/r0=6.0657e-08
[mg]   it 1465  |r|inf=7.792024e-10  r/r0=6.0554e-08
[mg]   it 1466  |r|inf=7.778203e-10  r/r0=6.0446e-08
[mg]   it 1467  |r|inf=7.763898e-10  r/r0=6.0335e-08
[mg]   it 1468  |r|inf=7.749110e-10  r/r0=6.0220e-08
[mg]   it 1469  |r|inf=7.733841e-10  r/r0=6.0101e-08
[mg]   it 1470  |r|inf=7.718092e-10  r/r0=5.9979e-08
[mg]   it 1471  |r|inf=7.701865e-10  r/r0=5.9853e-08
[mg]   it 1472  |r|inf=7.685160e-10  r/r0=5.972[run] step 2/6
3e-08
[mg]   it 1473  |r|inf=7.667981e-10  r/r0=5.9590e-08
[mg]   it 1474  |r|inf=7.650328e-10  r/r0=5.9452e-08
[mg]   it 1475  |r|inf=7.632204e-10  r/r0=5.9312e-08
[mg]   it 1476  |r|inf=7.613609e-10  r/r0=5.9167e-08
[mg]   it 1477  |r|inf=7.594546e-10  r/r0=5.9019e-08
[mg]   it 1478  |r|inf=7.575016e-10  r/r0=5.8867e-08
[mg]   it 1479  |r|inf=7.555022e-10  r/r0=5.8712e-08
[mg]   it 1480  |r|inf=7.534564e-10  r/r0=5.8553e-08
[mg]   it 1481  |r|inf=7.513645e-10  r/r0=5.8390e-08
[mg]   it 1482  |r|inf=7.492267e-10  r/r0=5.8224e-08
[mg]   it 1483  |r|inf=7.470432e-10  r/r0=5.8054e-08
[mg]   it 1484  |r|inf=7.448141e-10  r/r0=5.7881e-08
[mg]   it 1485  |r|inf=7.425396e-10  r/r0=5.7704e-08
[mg]   it 1486  |r|inf=7.402199e-10  r/r0=5.7524e-08
[mg]   it 1487  |r|inf=7.378553e-10  r/r0=5.7340e-08
[mg]   it 1488  |r|inf=7.354460e-10  r/r0=5.7153e-08
[mg]   it 1489  |r|inf=7.329920e-10  r/r0=5.6962e-08
[mg]   it 1490  |r|inf=7.304938e-10  r/r0=5.6768e-08
[mg]   it 1491  |r|inf=7.279513e-10  r/r0=5.6571e-08
[mg]   it 1492  |r|inf=7.253650e-10  r/r0=5.6370e-08
[mg]   it 1493  |r|inf=7.227349e-10  r/r0=5.6165e-08
[mg]   it 1494  |r|inf=7.200614e-10  r/r0=5.5958e-08
[mg]   it 1495  |r|inf=7.173445e-10  r/r0=5.5746e-08
[mg]   it 1496  |r|inf=7.145846e-10  r/r0=5.5532e-08
[mg]   it 1497  |r|inf=7.117819e-10  r/r0=5.5314e-08
[mg]   it 1498  |r|inf=7.089366e-10  r/r0=5.5093e-08
[mg]   it 1499  |r|inf=7.060489e-10  r/r0=5.4869e-08
[mg]   it 1500  |r|inf=7.031191e-10  r/r0=5.4641e-08
[mg] solve 2: r0=1.209453e-02 rtol=1.0e-08 (pre=2 post=2 bottom=12)
[mg]   it   1  |r|inf=1.800715e-02  r/r0=1.4889e+00
[mg]   it   2  |r|inf=3.055803e-03  r/r0=2.5266e-01
[mg]   it   3  |r|inf=6.343491e-04  r/r0=5.2449e-02
[mg]   it   4  |r|inf=4.210919e-04  r/r0=3.4817e-02
[mg]   it   5  |r|inf=2.549213e-04  r/r0=2.1077e-02
[mg]   it   6  |r|inf=1.059285e-04  r/r0=8.7584e-03
[mg]   it   7  |r|inf=6.199458e-05  r/r0=5.1258e-03
[mg]   it   8  |r|inf=5.411954e-05  r/r0=4.4747e-03
[mg]   it   9  |r|inf=4.429511e-05  r/r0=3.6624e-03
[mg]   it  10  |r|inf=3.146963e-05  r/r0=2.6020e-03
[mg]   it  11  |r|inf=2.144905e-05  r/r0=1.7735e-03
[mg]   it  12  |r|inf=1.371390e-05  r/r0=1.1339e-03
[mg]   it  13  |r|inf=1.268082e-05  r/r0=1.0485e-03
[mg]   it  14  |r|inf=7.194859e-06  r/r0=5.9489e-04
[mg]   it  15  |r|inf=4.420556e-06  r/r0=3.6550e-04
[mg]   it  16  |r|inf=3.518802e-06  r/r0=2.9094e-04
[mg]   it  17  |r|inf=2.634846e-06  r/r0=2.1785e-04
[mg]   it  18  |r|inf=1.881950e-06  r/r0=1.5560e-04
[mg]   it  19  |r|inf=1.313078e-06  r/r0=1.0857e-04
[mg]   it  20  |r|inf=1.507583e-06  r/r0=1.2465e-04
[mg]   it  21  |r|inf=5.862047e-07  r/r0=4.8469e-05
[mg]   it  22  |r|inf=5.263308e-07  r/r0=4.3518e-05
[mg]   it  23  |r|inf=6.539167e-07  r/r0=5.4067e-05
[mg]   it  24  |r|inf=2.566315e-07  r/r0=2.1219e-05
[mg]   it  25  |r|inf=4.915572e-07  r/r0=4.0643e-05
[mg]   it  26  |r|inf=2.309358e-07  r/r0=1.9094e-05
[mg]   it  27  |r|inf=2.834443e-07  r/r0=2.3436e-05
[mg]   it  28  |r|inf=2.622522e-07  r/r0=2.1684e-05
[mg]   it  29  |r|inf=1.765499e-07  r/r0=1.4598e-05
[mg]   it  30  |r|inf=2.228900e-07  r/r0=1.8429e-05
[mg]   it  31  |r|inf=1.087537e-07  r/r0=8.9920e-06
[mg]   it  32  |r|inf=1.490256e-07  r/r0=1.2322e-05
[mg]   it  33  |r|inf=8.577225e-08  r/r0=7.0918e-06
[mg]   it  34  |r|inf=1.023049e-07  r/r0=8.4588e-06
[mg]   it  35  |r|inf=7.443483e-08  r/r0=6.1544e-06
[mg]   it  36  |r|inf=8.889211e-08  r/r0=7.3498e-06
[mg]   it  37  |r|inf=6.820763e-08  r/r0=5.6395e-06
[mg]   it  38  |r|inf=4.836183e-08  r/r0=3.9987e-06
[mg]   it  39  |r|inf=6.850024e-08  r/r0=5.6637e-06
[mg]   it  40  |r|inf=3.831297e-08  r/r0=3.1678e-06
[mg]   it  41  |r|inf=4.374564e-08  r/r0=3.6170e-06
[mg]   it  42  |r|inf=3.224562e-08  r/r0=2.6661e-06
[mg]   it  43  |r|inf=1.518504e-08  r/r0=1.2555e-06
[mg]   it  44  |r|inf=2.118339e-08  r/r0=1.7515e-06
[mg]   it  45  |r|inf=1.518275e-08  r/r0=1.2553e-06
[mg]   it  46  |r|inf=8.737119e-09  r/r0=7.2240e-07
[mg]   it  47  |r|inf=1.302112e-08  r/r0=1.0766e-06
[mg]   it  48  |r|inf=1.077094e-08  r/r0=8.9056e-07
[mg]   it  49  |r|inf=7.652706e-09  r/r0=6.3274e-07
[mg]   it  50  |r|inf=8.952155e-09  r/r0=7.4018e-07
[mg]   it  51  |r|inf=1.081847e-08  r/r0=8.9449e-07
[mg]   it  52  |r|inf=8.912783e-09  r/r0=7.3693e-07
[mg]   it  53  |r|inf=6.881519e-09  r/r0=5.6898e-07
[mg]   it  54  |r|inf=7.420379e-09  r/r0=6.1353e-07
[mg]   it  55  |r|inf=8.378294e-09  r/r0=6.9273e-07
[mg]   it  56  |r|inf=6.984138e-09  r/r0=5.7746e-07
[mg]   it  57  |r|inf=5.653270e-09  r/r0=4.6742e-07
[mg]   it  58  |r|inf=3.808404e-09  r/r0=3.1489e-07
[mg]   it  59  |r|inf=5.166620e-09  r/r0=4.2719e-07
[mg]   it  60  |r|inf=5.061157e-09  r/r0=4.1847e-07
[mg]   it  61  |r|inf=4.226533e-09  r/r0=3.4946e-07
[mg]   it  62  |r|inf=3.595845e-09  r/r0=2.9731e-07
[mg]   it  63  |r|inf=2.819859e-09  r/r0=2.3315e-07
[mg]   it  64  |r|inf=3.020838e-09  r/r0=2.4977e-07
[mg]   it  65  |r|inf=3.627236e-09  r/r0=2.9991e-07
[mg]   it  66  |r|inf=3.322154e-09  r/r0=2.7468e-07
[mg]   it  67  |r|inf=2.874717e-09  r/r0=2.3769e-07
[mg]   it  68  |r|inf=2.450948e-09  r/r0=2.0265e-07
[mg]   it  69  |r|inf=2.160612e-09  r/r0=1.7864e-07
[mg]   it  70  |r|inf=1.673655e-09  r/r0=1.3838e-07
[mg]   it  71  |r|inf=2.197819e-09  r/r0=1.8172e-07
[mg]   it  72  |r|inf=2.451089e-09  r/r0=2.0266e-07
[mg]   it  73  |r|inf=2.295498e-09  r/r0=1.8980e-07
[mg]   it  74  |r|inf=2.074878e-09  r/r0=1.7156e-07
[mg]   it  75  |r|inf=1.789157e-09  r/r0=1.4793e-07
[mg]   it  76  |r|inf=1.754721e-09  r/r0=1.4508e-07
[mg]   it  77  |r|inf=1.525149e-09  r/r0=1.2610e-07
[mg]   it  78  |r|inf=1.242807e-09  r/r0=1.0276e-07
[mg]   it  79  |r|inf=1.535314e-09  r/r0=1.2694e-07
[mg]   it  80  |r|inf=1.757100e-09  r/r0=1.4528e-07
[mg]   it  81  |r|inf=1.779603e-09  r/r0=1.4714e-07
[mg]   it  82  |r|inf=1.616179e-09  r/r0=1.3363e-07
[mg]   it  83  |r|inf=1.542752e-09  r/r0=1.2756e-07
[mg]   it  84  |r|inf=1.394080e-09  r/r0=1.1527e-07
[mg]   it  85  |r|inf=1.404671e-09  r/r0=1.1614e-07
[mg]   it  86  |r|inf=1.339036e-09  r/r0=1.1071e-07
[mg]   it  87  |r|inf=1.164116e-09  r/r0=9.6251e-08
[mg]   it  88  |r|inf=1.030565e-09  r/r0=8.5209e-08
[mg]   it  89  |r|inf=1.235454e-09  r/r0=1.0215e-07
[mg]   it  90  |r|inf=1.405742e-09  r/r0=1.1623e-07
[mg]   it  91  |r|inf=1.471538e-09  r/r0=1.2167e-07
[mg]   it  92  |r|inf=1.436724e-09  r/r0=1.1879e-07
[mg]   it  93  |r|inf=1.309171e-09  r/r0=1.0824e-07
[mg]   it  94  |r|inf=1.249841e-09  r/r0=1.0334e-07
[mg]   it  95  |r|inf=1.179508e-09  r/r0=9.7524e-08
[mg]   it  96  |r|inf=1.116179e-09  r/r0=9.2288e-08
[mg]   it  97  |r|inf=1.136921e-09  r/r0=9.4003e-08
[mg]   it  98  |r|inf=1.091941e-09  r/r0=9.0284e-08
[mg]   it  99  |r|inf=9.906160e-10  r/r0=8.1906e-08
[mg]   it 100  |r|inf=8.584537e-10  r/r0=7.0979e-08
[mg]   it 101  |r|inf=9.008543e-10  r/r0=7.4484e-08
[mg]   it 102  |r|inf=1.061823e-09  r/r0=8.7794e-08
[mg]   it 103  |r|inf=1.168879e-09  r/r0=9.6645e-08
[mg]   it 104  |r|inf=1.222027e-09  r/r0=1.0104e-07
[mg]   it 105  |r|inf=1.222730e-09  r/r0=1.0110e-07
[mg]   it 106  |r|inf=1.173760e-09  r/r0=9.7049e-08
[mg]   it 107  |r|inf=1.079295e-09  r/r0=8.9238e-08
[mg]   it 108  |r|inf=1.030193e-09  r/r0=8.5178e-08
[mg]   it 109  |r|inf=9.962424e-10  r/r0=8.2371e-08
[mg]   it 110  |r|inf=9.252647e-10  r/r0=7.6503e-08
[mg]   it 111  |r|inf=9.137863e-10  r/r0=7.5554e-08
[mg]   it 112  |r|inf=9.236874e-10  r/r0=7.6372e-08
[mg]   it 113  |r|inf=9.009561e-10  r/r0=7.4493e-08
[mg]   it 114  |r|inf=8.491031e-10  r/r0=7.0206e-08
[mg]   it 115  |r|inf=7.723858e-10  r/r0=6.3862e-08
[mg]   it 116  |r|inf=7.001577e-10  r/r0=5.7890e-08
[mg]   it 117  |r|inf=7.171014e-10  r/r0=5.9291e-08
[mg]   it 118  |r|inf=8.301272e-10  r/r0=6.8637e-08
[mg]   it 119  |r|inf=9.169892e-10  r/r0=7.5819e-08
[mg]   it 120  |r|inf=9.772752e-10  r/r0=8.0803e-08
[mg]   it 121  |r|inf=1.011012e-09  r/r0=8.3593e-08
[mg]   it 122  |r|inf=1.018592e-09  r/r0=8.4219e-08
[mg]   it 123  |r|inf=1.000772e-09  r/r0=8.2746e-08
[mg]   it 124  |r|inf=9.587177e-10  r/r0=7.9269e-08
[mg]   it 125  |r|inf=8.940646e-10  r/r0=7.3923e-08
[mg]   it 126  |r|inf=8.742345e-10  r/r0=7.2283e-08
[mg]   it 127  |r|inf=8.612899e-10  r/r0=7.1213e-08
[mg]   it 128  |r|inf=8.284029e-10  r/r0=6.8494e-08
[mg]   it 129  |r|inf=7.771289e-10  r/r0=6.4255e-08
[mg]   it 130  |r|inf=7.939847e-10  r/r0=6.5648e-08
[mg]   it 131  |r|inf=8.061858e-10  r/r0=6.6657e-08
[mg]   it 132  |r|inf=8.008928e-10  r/r0=6.6219e-08
[mg]   it 133  |r|inf=7.792629e-10  r/r0=6.4431e-08
[mg]   it 134  |r|inf=7.427994e-10  r/r0=6.1416e-08
[mg]   it 135  |r|inf=6.932263e-10  r/r0=5.7317e-08
[mg]   it 136  |r|inf=6.323719e-10  r/r0=5.2286e-08
[mg]   it 137  |r|inf=6.196163e-10  r/r0=5.1231e-08
[mg]   it 138  |r|inf=6.472540e-10  r/r0=5.3516e-08
[mg]   it 139  |r|inf=7.226356e-10  r/r0=5.9749e-08
[mg]   it 140  |r|inf=7.844876e-10  r/r0=6.4863e-08
[mg]   it 141  |r|inf=8.325975e-10  r/r0=6.8841e-08
[mg]   it 142  |r|inf=8.669050e-10  r/r0=7.1677e-08
[mg]   it 143  |r|inf=8.874737e-10  r/r0=7.3378e-08
[mg]   it 144  |r|inf=8.944779e-10  r/r0=7.3957e-08
[mg]   it 145  |r|inf=8.882024e-10  r/r0=7.3438e-08
[mg]   it 146  |r|inf=8.690523e-10  r/r0=7.1855e-08
[mg]   it 147  |r|inf=8.375666e-10  r/r0=6.9252e-08
[mg]   it 148  |r|inf=7.944337e-10  r/r0=6.5685e-08
[mg]   it 149  |r|inf=7.657278e-10  r/r0=6.3312e-08
[mg]   it 150  |r|inf=7.647437e-10  r/r0=6.3231e-08
[mg]   it 151  |r|inf=7.530791e-10  r/r0=6.2266e-08
[mg]   it 152  |r|inf=7.311739e-10  r/r0=6.0455e-08
[mg]   it 153  |r|inf=6.996464e-10  r/r0=5.7848e-08
[mg]   it 154  |r|inf=6.891934e-10  r/r0=5.6984e-08
[mg]   it 155  |r|inf=7.066176e-10  r/r0=5.8425e-08
[mg]   it 156  |r|inf=7.145963e-10  r/r0=5.9084e-08
[mg]   it 157  |r|inf=7.134214e-10  r/r0=5.8987e-08
[mg]   it 158  |r|inf=7.035329e-10  r/r0=5.8170e-08
[mg]   it 159  |r|inf=6.854908e-10  r/r0=5.6678e-08
[mg]   it 160  |r|inf=6.599443e-10  r/r0=5.4566e-08
[mg]   it 161  |r|inf=6.276011e-10  r/r0=5.1891e-08
[mg]   it 162  |r|inf=5.892003e-10  r/r0=4.8716e-08
[mg]   it 163  |r|inf=5.498986e-10  r/r0=4.5467e-08
[mg]   it 164  |r|inf=5.512275e-10  r/r0=4.5577e-08
[mg]   it 165  |r|inf=5.598571e-10  r/r0=4.6290e-08
[mg]   it 166  |r|inf=6.121175e-10  r/r0=5.0611e-08
[mg]   it 167  |r|inf=6.574377e-10  r/r0=5.4358e-08
[mg]   it 168  |r|inf=6.957243e-10  r/r0=5.7524e-08
[mg]   it 169  |r|inf=7.269371e-10  r/r0=6.0105e-08
[mg]   it 170  |r|inf=7.510789e-10  r/r0=6.2101e-08
[mg]   it 171  |r|inf=7.681883e-10  r/r0=6.3515e-08
[mg]   it 172  |r|inf=7.783351e-10  r/r0=6.4354e-08
[mg]   it 173  |r|inf=7.816180e-10  r/r0=6.4626e-08
[mg]   it 174  |r|inf=7.781656e-10  r/r0=6.4340e-08
[mg]   it 175  |r|inf=7.681372e-10  r/r0=6.3511e-08
[mg]   it 176  |r|inf=7.517266e-10  r/r0=6.2154e-08
[mg]   it 177  |r|inf=7.291646e-10  r/r0=6.0289e-08
[mg]   it 178  |r|inf=7.007229e-10  r/r0=5.7937e-08
[mg]   it 179  |r|inf=6.667161e-10  r/r0=5.5125e-08
[mg]   it 180  |r|inf=6.642381e-10  r/r0=5.4921e-08
[mg]   it 181  |r|inf=6.625775e-10  r/r0=5.4783e-08
[mg]   it 182  |r|inf=6.555476e-10  r/r0=5.4202e-08
[mg]   it 183  |r|inf=6.432999e-10  r/r0=5.3189e-08
[mg]   it 184  |r|inf=6.260365e-10  r/r0=5.1762e-08
[mg]   it 185  |r|inf=6.040078e-10  r/r0=4.9941e-08
[mg]   it 186  |r|inf=6.013802e-10  r/r0=4.9723e-08
[mg]   it 187  |r|inf=6.158479e-10  r/r0=5.0920e-08
[mg]   it 188  |r|inf=6.254844e-10  r/r0=5.1716e-08
[mg]   it 189  |r|inf=6.303489e-10  r/r0=5.2119e-08
[mg]   it 190  |r|inf=6.305483e-10  r/r0=5.2135e-08
[mg]   it 191  |r|inf=6.262324e-10  r/r0=5.1778e-08
[mg]   it 192  |r|inf=6.175885e-10  r/r0=5.1063e-08
[mg]   it 193  |r|inf=6.048352e-10  r/r0=5.0009e-08
[mg]   it 194  |r|inf=5.882155e-10  r/r0=4.8635e-08
[mg]   it 195  |r|inf=5.679911e-10  r/r0=4.6963e-08
[mg]   it 196  |r|inf=5.444357e-10  r/r0=4.5015e-08
[mg]   it 197  |r|inf=5.178304e-10  r/r0=4.2815e-08
[mg]   it 198  |r|inf=4.997154e-10  r/r0=4.1317e-08
[mg]   it 199  |r|inf=5.018260e-10  r/r0=4.1492e-08
[mg]   it 200  |r|inf=5.009641e-10  r/r0=4.1421e-08
[mg]   it 201  |r|inf=5.323519e-10  r/r0=4.4016e-08
[mg]   it 202  |r|inf=5.678831e-10  r/r0=4.6954e-08
[mg]   it 203  |r|inf=5.998040e-10  r/r0=4.9593e-08
[mg]   it 204  |r|inf=6.280622e-10  r/r0=5.1929e-08
[mg]   it 205  |r|inf=6.526230e-10  r/r0=5.3960e-08
[mg]   it 206  |r|inf=6.734675e-10  r/r0=5.5684e-08
[mg]   it 207  |r|inf=6.905900e-10  r/r0=5.7099e-08
[mg]   it 208  |r|inf=7.039971e-10  r/r0=5.8208e-08
[mg]   it 209  |r|inf=7.137062e-10  r/r0=5.9011e-08
[mg]   it 210  |r|inf=7.197453e-10  r/r0=5.9510e-08
[mg]   it 211  |r|inf=7.221525e-10  r/r0=5.9709e-08
[mg]   it 212  |r|inf=7.209761e-10  r/r0=5.9612e-08
[mg]   it 213  |r|inf=7.162750e-10  r/r0=5.9223e-08
[mg]   it 214  |r|inf=7.081193e-10  r/r0=5.8549e-08
[mg]   it 215  |r|inf=6.965907e-10  r/r0=5.7596e-08
[mg]   it 216  |r|inf=6.817835e-10  r/r0=5.6371e-08
[mg]   it 217  |r|inf=6.638047e-10  r/r0=5.4885e-08
[mg]   it 218  |r|inf=6.427749e-10  r/r0=5.3146e-08
[mg]   it 219  |r|inf=6.188283e-10  r/r0=5.1166e-08
[mg]   it 220  |r|inf=6.105352e-10  r/r0=5.0480e-08
[mg]   it 221  |r|inf=6.108653e-10  r/r0=5.0508e-08
[mg]   it 222  |r|inf=6.083386e-10  r/r0=5.0299e-08
[mg]   it 223  |r|inf=6.030039e-10  r/r0=4.9858e-08
[mg]   it 224  |r|inf=5.949258e-10  r/r0=4.9190e-08
[mg]   it 225  |r|inf=5.841839e-10  r/r0=4.8302e-08
[mg]   it 226  |r|inf=5.708728e-10  r/r0=4.7201e-08
[mg]   it 227  |r|inf=5.551007e-10  r/r0=4.5897e-08
[mg]   it 228  |r|inf=5.450640e-10  r/r0=4.5067e-08
[mg]   it 229  |r|inf=5.563665e-10  r/r0=4.6002e-08
[mg]   it 230  |r|inf=5.651371e-10  r/r0=4.6727e-08
[mg]   it 231  |r|inf=5.713880e-10  r/r0=4.7244e-08
[mg]   it 232  |r|inf=5.751465e-10  r/r0=4.7554e-08
[mg]   it 233  |r|inf=5.764543e-10  r/r0=4.7662e-08
[mg]   it 234  |r|inf=5.753658e-10  r/r0=4.7572e-08
[mg]   it 235  |r|inf=5.719473e-10  r/r0=4.7290e-08
[mg]   it 236  |r|inf=5.662753e-10  r/r0=4.6821e-08
[mg]   it 237  |r|inf=5.584354e-10  r/r0=4.6173e-08
[mg]   it 238  |r|inf=5.485207e-10  r/r0=4.5353e-08
[mg]   it 239  |r|inf=5.366302e-10  r/r0=4.4370e-08
[mg]   it 240  |r|inf=5.228674e-10  r/r0=4.3232e-08
[mg]   it 241  |r|inf=5.073394e-10  r/r0=4.1948e-08
[mg]   it 242  |r|inf=4.901553e-10  r/r0=4.0527e-08
[mg]   it 243  |r|inf=4.714249e-10  r/r0=3.8978e-08
[mg]   it 244  |r|inf=4.565835e-10  r/r0=3.7751e-08
[mg]   it 245  |r|inf=4.588192e-10  r/r0=3.7936e-08
[mg]   it 246  |r|inf=4.594798e-10  r/r0=3.7991e-08
[mg]   it 247  |r|inf=4.586056e-10  r/r0=3.7918e-08
[mg]   it 248  |r|inf=4.835441e-10  r/r0=3.9980e-08
[mg]   it 249  |r|inf=5.090728e-10  r/r0=4.2091e-08
[mg]   it 250  |r|inf=5.327371e-10  r/r0=4.4048e-08
[mg]   it 251  |r|inf=5.545118e-10  r/r0=4.5848e-08
[mg]   it 252  |r|inf=5.743774e-10  r/r0=4.7491e-08
[mg]   it 253  |r|inf=5.923195e-10  r/r0=4.8974e-08
[mg]   it 254  |r|inf=6.083280e-10  r/r0=5.0298e-08
[mg]   it 255  |r|inf=6.223967e-10  r/r0=5.1461e-08
[mg]   it 256  |r|inf=6.345235e-10  r/r0=5.2464e-08
[mg]   it 257  |r|inf=6.447091e-10  r/r0=5.3306e-08
[mg]   it 258  |r|inf=6.529578e-10  r/r0=5.3988e-08
[mg]   it 259  |r|inf=6.592767e-10  r/r0=5.4510e-08
[mg]   it 260  |r|inf=6.636759e-10  r/r0=5.4874e-08
[mg]   it 261  |r|inf=6.661683e-10  r/r0=5.5080e-08
[mg]   it 262  |r|inf=6.667701e-10  r/r0=5.5130e-08
[mg]   it 263  |r|inf=6.655003e-10  r/r0=5.5025e-08
[mg]   it 264  |r|inf=6.623811e-10  r/r0=5.4767e-08
[mg]   it 265  |r|inf=6.574383e-10  r/r0=5.4358e-08
[mg]   it 266  |r|inf=6.507010e-10  r/r0=5.3801e-08
[mg]   it 267  |r|inf=6.422019e-10  r/r0=5.3099e-08
[mg]   it 268  |r|inf=6.319777e-10  r/r0=5.2253e-08
[mg]   it 269  |r|inf=6.200691e-10  r/r0=5.1269e-08
[mg]   it 270  |r|inf=6.065209e-10  r/r0=5.0148e-08
[mg]   it 271  |r|inf=5.913818e-10  r/r0=4.8897e-08
[mg]   it 272  |r|inf=5.747053e-10  r/r0=4.7518e-08
[mg]   it 273  |r|inf=5.670528e-10  r/r0=4.6885e-08
[mg]   it 274  |r|inf=5.683572e-10  r/r0=4.6993e-08
[mg]   it 275  |r|inf=5.681419e-10  r/r0=4.6975e-08
[mg]   it 276  |r|inf=5.664201e-10  r/r0=4.6833e-08
[mg]   it 277  |r|inf=5.632101e-10  r/r0=4.6567e-08
[mg]   it 278  |r|inf=5.585348e-10  r/r0=4.6181e-08
[mg]   it 279  |r|inf=5.524217e-10  r/r0=4.5675e-08
[mg]   it 280  |r|inf=5.449031e-10  r/r0=4.5054e-08
[mg]   it 281  |r|inf=5.360156e-10  r/r0=4.4319e-08
[mg]   it 282  |r|inf=5.258003e-10  r/r0=4.3474e-08
[mg]   it 283  |r|inf=5.143022e-10  r/r0=4.2524e-08
[mg]   it 284  |r|inf=5.104177e-10  r/r0=4.2202e-08
[mg]   it 285  |r|inf=5.187866e-10  r/r0=4.2894e-08
[mg]   it 286  |r|inf=5.258153e-10  r/r0=4.3475e-08
[mg]   it 287  |r|inf=5.315047e-10  r/r0=4.3946e-08
[mg]   it 288  |r|inf=5.358607e-10  r/r0=4.4306e-08
[mg]   it 289  |r|inf=5.388936e-10  r/r0=4.4557e-08
[mg]   it 290  |r|inf=5.406179e-10  r/r0=4.4699e-08
[mg]   it 291  |r|inf=5.410524e-10  r/r0=4.4735e-08
[mg]   it 292  |r|inf=5.402196e-10  r/r0=4.4666e-08
[mg]   it 293  |r|inf=5.381455e-10  r/r0=4.4495e-08
[mg]   it 294  |r|inf=5.348594e-10  r/r0=4.4223e-08
[mg]   it 295  |r|inf=5.303934e-10  r/r0=4.3854e-08
[mg]   it 296  |r|inf=5.247822e-10  r/r0=4.3390e-08
[mg]   it 297  |r|inf=5.180625e-10  r/r0=4.2834e-08
[mg]   it 298  |r|inf=5.102731e-10  r/r0=4.2190e-08
[mg]   it 299  |r|inf=5.014542e-10  r/r0=4.1461e-08
[mg]   it 300  |r|inf=4.916474e-10  r/r0=4.0650e-08
[mg]   it 301  |r|inf=4.808950e-10  r/r0=3.9761e-08
[mg]   it 302  |r|inf=4.692402e-10  r/r0=3.8798e-08
[mg]   it 303  |r|inf=4.567265e-10  r/r0=3.7763e-08
[mg]   it 304  |r|inf=4.433977e-10  r/r0=3.6661e-08
[mg]   it 305  |r|inf=4.300289e-10  r/r0=3.5556e-08
[mg]   it 306  |r|inf=4.320669e-10  r/r0=3.5724e-08
[mg]   it 307  |r|inf=4.332560e-10  r/r0=3.5822e-08
[mg]   it 308  |r|inf=4.336109e-10  r/r0=3.5852e-08
[mg]   it 309  |r|inf=4.331474e-10  r/r0=3.5814e-08
[mg]   it 310  |r|inf=4.453568e-10  r/r0=3.6823e-08
[mg]   it 311  |r|inf=4.642725e-10  r/r0=3.8387e-08
[mg]   it 312  |r|inf=4.822141e-10  r/r0=3.9870e-08
[mg]   it 313  |r|inf=4.991689e-10  r/r0=4.1272e-08
[mg]   it 314  |r|inf=5.151263e-10  r/r0=4.2592e-08
[mg]   it 315  |r|inf=5.300770e-10  r/r0=4.3828e-08
[mg]   it 316  |r|inf=5.440137e-10  r/r0=4.4980e-08
[mg]   it 317  |r|inf=5.569302e-10  r/r0=4.6048e-08
[mg]   it 318  |r|inf=5.688219e-10  r/r0=4.7031e-08
[mg]   it 319  |r|inf=5.796853e-10  r/r0=4.7930e-08
[mg]   it 320  |r|inf=5.895179e-10  r/r0=4.8743e-08
[mg]   it 321  |r|inf=5.983186e-10  r/r0=4.9470e-08
[mg]   it 322  |r|inf=6.060870e-10  r/r0=5.0112e-08
[mg]   it 323  |r|inf=6.128236e-10  r/r0=5.0670e-08
[mg]   it 324  |r|inf=6.185302e-10  r/r0=5.1141e-08
[mg]   it 325  |r|inf=6.232091e-10  r/r0=5.1528e-08
[mg]   it 326  |r|inf=6.268636e-10  r/r0=5.1830e-08
[mg]   it 327  |r|inf=6.294979e-10  r/r0=5.2048e-08
[mg]   it 328  |r|inf=6.311171e-10  r/r0=5.2182e-08
[mg]   it 329  |r|inf=6.317271e-10  r/r0=5.2232e-08
[mg]   it 330  |r|inf=6.313349e-10  r/r0=5.2200e-08
[mg]   it 331  |r|inf=6.299482e-10  r/r0=5.2085e-08
[mg]   it 332  |r|inf=6.275759e-10  r/r0=5.1889e-08
[mg]   it 333  |r|inf=6.242278e-10  r/r0=5.1612e-08
[mg]   it 334  |r|inf=6.199149e-10  r/r0=5.1256e-08
[mg]   it 335  |r|inf=6.146491e-10  r/r0=5.0820e-08
[mg]   it 336  |r|inf=6.084437e-10  r/r0=5.0307e-08
[mg]   it 337  |r|inf=6.013128e-10  r/r0=4.9718e-08
[mg]   it 338  |r|inf=5.932722e-10  r/r0=4.9053e-08
[mg]   it 339  |r|inf=5.843386e-10  r/r0=4.8314e-08
[mg]   it 340  |r|inf=5.745300e-10  r/r0=4.7503e-08
[mg]   it 341  |r|inf=5.638659e-10  r/r0=4.6622e-08
[mg]   it 342  |r|inf=5.523670e-10  r/r0=4.5671e-08
[mg]   it 343  |r|inf=5.400552e-10  r/r0=4.4653e-08
[mg]   it 344  |r|inf=5.402390e-10  r/r0=4.4668e-08
[mg]   it 345  |r|inf=5.413627e-10  r/r0=4.4761e-08
[mg]   it 346  |r|inf=5.416697e-10  r/r0=4.4786e-08
[mg]   it 347  |r|inf=5.411641e-10  r/r0=4.4745e-08
[mg]   it 348  |r|inf=5.398515e-10  r/r0=4.4636e-08
[mg]   it 349  |r|inf=5.377389e-10  r/r0=4.4461e-08
[mg]   it 350  |r|inf=5.348348e-10  r/r0=4.4221e-08
[mg]   it 351  |r|inf=5.311493e-10  r/r0=4.3916e-08
[mg]   it 352  |r|inf=5.266935e-10  r/r0=4.3548e-08
[mg]   it 353  |r|inf=5.214803e-10  r/r0=4.3117e-08
[mg]   it 354  |r|inf=5.155239e-10  r/r0=4.2625e-08
[mg]   it 355  |r|inf=5.088398e-10  r/r0=4.2072e-08
[mg]   it 356  |r|inf=5.014449e-10  r/r0=4.1460e-08
[mg]   it 357  |r|inf=4.933571e-10  r/r0=4.0792e-08
[mg]   it 358  |r|inf=4.865161e-10  r/r0=4.0226e-08
[mg]   it 359  |r|inf=4.931850e-10  r/r0=4.0778e-08
[mg]   it 360  |r|inf=4.991331e-10  r/r0=4.1269e-08
[mg]   it 361  |r|inf=5.043585e-10  r/r0=4.1701e-08
[mg]   it 362  |r|inf=5.088611e-10  r/r0=4.2074e-08
[mg]   it 363  |r|inf=5.126421e-10  r/r0=4.2386e-08
[mg]   it 364  |r|inf=5.157041e-10  r/r0=4.2639e-08
[mg]   it 365  |r|inf=5.180513e-10  r/r0=4.2834e-08
[mg]   it 366  |r|inf=5.196889e-10  r/r0=4.2969e-08
[mg]   it 367  |r|inf=5.206236e-10  r/r0=4.3046e-08
[mg]   it 368  |r|inf=5.208634e-10  r/r0=4.3066e-08
[mg]   it 369  |r|inf=5.204173e-10  r/r0=4.3029e-08
[mg]   it 370  |r|inf=5.192955e-10  r/r0=4.2936e-08
[mg]   it 371  |r|inf=5.175091e-10  r/r0=4.2789e-08
[mg]   it 372  |r|inf=5.150702e-10  r/r0=4.2587e-08
[mg]   it 373  |r|inf=5.119918e-10  r/r0=4.2333e-08
[mg]   it 374  |r|inf=5.082878e-10  r/r0=4.2026e-08
[mg]   it 375  |r|inf=5.039725e-10  r/r0=4.1669e-08
[mg]   it 376  |r|inf=4.990613e-10  r/r0=4.1263e-08
[mg]   it 377  |r|inf=4.935696e-10  r/r0=4.0809e-08
[mg]   it 378  |r|inf=4.875139e-10  r/r0=4.0309e-08
[mg]   it 379  |r|inf=4.809106e-10  r/r0=3.9763e-08
[mg]   it 380  |r|inf=4.737767e-10  r/r0=3.9173e-08
[mg]   it 381  |r|inf=4.661294e-10  r/r0=3.8541e-08
[mg]   it 382  |r|inf=4.579863e-10  r/r0=3.7867e-08
[mg]   it 383  |r|inf=4.493650e-10  r/r0=3.7154e-08
[mg]   it 384  |r|inf=4.402830e-10  r/r0=3.6403e-08
[mg]   it 385  |r|inf=4.307584e-10  r/r0=3.5616e-08
[mg]   it 386  |r|inf=4.208087e-10  r/r0=3.4793e-08
[mg]   it 387  |r|inf=4.167738e-10  r/r0=3.4460e-08
[mg]   it 388  |r|inf=4.181427e-10  r/r0=3.4573e-08
[mg]   it 389  |r|inf=4.190511e-10  r/r0=3.4648e-08
[mg]   it 390  |r|inf=4.195052e-10  r/r0=3.4686e-08
[mg]   it 391  |r|inf=4.195111e-10  r/r0=3.4686e-08
[mg]   it 392  |r|inf=4.190754e-10  r/r0=3.4650e-08
[mg]   it 393  |r|inf=4.272163e-10  r/r0=3.5323e-08
[mg]   it 394  |r|inf=4.410513e-10  r/r0=3.6467e-08
[mg]   it 395  |r|inf=4.543629e-10  r/r0=3.7568e-08
[mg]   it 396  |r|inf=4.671454e-10  r/r0=3.8625e-08
[mg]   it 397  |r|inf=4.793939e-10  r/r0=3.9637e-08
[mg]   it 398  |r|inf=4.911039e-10  r/r0=4.0605e-08
[mg]   it 399  |r|inf=5.022715e-10  r/r0=4.1529e-08
[mg]   it 400  |r|inf=5.128933e-10  r/r0=4.2407e-08
[mg]   it 401  |r|inf=5.229664e-10  r/r0=4.3240e-08
[mg]   it 402  |r|inf=5.324884e-10  r/r0=4.4027e-08
[mg]   it 403  |r|inf=5.414572e-10  r/r0=4.4769e-08
[mg]   it 404  |r|inf=5.498712e-10  r/r0=4.5464e-08
[mg]   it 405  |r|inf=5.577291e-10  r/r0=4.6114e-08
[mg]   it 406  |r|inf=5.650298e-10  r/r0=4.6718e-08
[mg]   it 407  |r|inf=5.717730e-10  r/r0=4.7275e-08
[mg]   it 408  |r|inf=5.779582e-10  r/r0=4.7787e-08
[mg]   it 409  |r|inf=5.835854e-10  r/r0=4.8252e-08
[mg]   it 410  |r|inf=5.886551e-10  r/r0=4.8671e-08
[mg]   it 411  |r|inf=5.931676e-10  r/r0=4.9044e-08
[mg]   it 412  |r|inf=5.971240e-10  r/r0=4.9371e-08
[mg]   it 413  |r|inf=6.005253e-10  r/r0=4.9653e-08
[mg]   it 414  |r|inf=6.033729e-10  r/r0=4.9888e-08
[mg]   it 415  |r|inf=6.056685e-10  r/r0=5.0078e-08
[mg]   it 416  |r|inf=6.074139e-10  r/r0=5.0222e-08
[mg]   it 417  |r|inf=6.086114e-10  r/r0=5.0321e-08
[mg]   it 418  |r|inf=6.092634e-10  r/r0=5.0375e-08
[mg]   it 419  |r|inf=6.093726e-10  r/r0=5.0384e-08
[mg]   it 420  |r|inf=6.089420e-10  r/r0=5.0349e-08
[mg]   it 421  |r|inf=6.079749e-10  r/r0=5.0269e-08
[mg]   it 422  |r|inf=6.064748e-10  r/r0=5.0145e-08
[mg]   it 423  |r|inf=6.044458e-10  r/r0=4.9977e-08
[mg]   it 424  |r|inf=6.018918e-10  r/r0=4.9766e-08
[mg]   it 425  |r|inf=5.988175e-10  r/r0=4.9511e-08
[mg]   it 426  |r|inf=5.952277e-10  r/r0=4.9215e-08
[mg]   it 427  |r|inf=5.911275e-10  r/r0=4.8876e-08
[mg]   it 428  |r|inf=5.865224e-10  r/r0=4.8495e-08
[mg]   it 429  |r|inf=5.814184e-10  r/r0=4.8073e-08
[mg]   it 430  |r|inf=5.758215e-10  r/r0=4.7610e-08
[mg]   it 431  |r|inf=5.697385e-10  r/r0=4.7107e-08
[mg]   it 432  |r|inf=5.631763e-10  r/r0=4.6565e-08
[mg]   it 433  |r|inf=5.561423e-10  r/r0=4.5983e-08
[mg]   it 434  |r|inf=5.486441e-10  r/r0=4.5363e-08
[mg]   it 435  |r|inf=5.406898e-10  r/r0=4.4705e-08
[mg]   it 436  |r|inf=5.322881e-10  r/r0=4.4011e-08
[mg]   it 437  |r|inf=5.234478e-10  r/r0=4.3280e-08
[mg]   it 438  |r|inf=5.191595e-10  r/r0=4.2925e-08
[mg]   it 439  |r|inf=5.203566e-10  r/r0=4.3024e-08
[mg]   it 440  |r|inf=5.211131e-10  r/r0=4.3087e-08
[mg]   it 441  |r|inf=5.214300e-10  r/r0=4.3113e-08
[mg]   it 442  |r|inf=5.213089e-10  r/r0=4.3103e-08
[mg]   it 443  |r|inf=5.207516e-10  r/r0=4.3057e-08
[mg]   it 444  |r|inf=5.197607e-10  r/r0=4.2975e-08
[mg]   it 445  |r|inf=5.183389e-10  r/r0=4.2857e-08
[mg]   it 446  |r|inf=5.164895e-10  r/r0=4.2704e-08
[mg]   it 447  |r|inf=5.142161e-10  r/r0=4.2516e-08
[mg]   it 448  |r|inf=5.115230e-10  r/r0=4.2294e-08
[mg]   it 449  |r|inf=5.084146e-10  r/r0=4.2037e-08
[mg]   it 450  |r|inf=5.048959e-10  r/r0=4.1746e-08
[mg]   it 451  |r|inf=5.009723e-10  r/r0=4.1421e-08
[mg]   it 452  |r|inf=4.966496e-10  r/r0=4.1064e-08
[mg]   it 453  |r|inf=4.919340e-10  r/r0=4.0674e-08
[mg]   it 454  |r|inf=4.868320e-10  r/r0=4.0252e-08
[mg]   it 455  |r|inf=4.813508e-10  r/r0=3.9799e-08
[mg]   it 456  |r|inf=4.754975e-10  r/r0=3.9315e-08
[mg]   it 457  |r|inf=4.692800e-10  r/r0=3.8801e-08
[mg]   it 458  |r|inf=4.725580e-10  r/r0=3.9072e-08
[mg]   it 459  |r|inf=4.772846e-10  r/r0=3.9463e-08
[mg]   it 460  |r|inf=4.816227e-10  r/r0=3.9822e-08
[mg]   it 461  |r|inf=4.855713e-10  r/r0=4.0148e-08
[mg]   it 462  |r|inf=4.891303e-10  r/r0=4.0442e-08
[mg]   it 463  |r|inf=4.922997e-10  r/r0=4.0704e-08
[mg]   it 464  |r|inf=4.950800e-10  r/r0=4.0934e-08
[mg]   it 465  |r|inf=4.974723e-10  r/r0=4.1132e-08
[mg]   it 466  |r|inf=4.994778e-10  r/r0=4.1298e-08
[mg]   it 467  |r|inf=5.010984e-10  r/r0=4.1432e-08
[mg]   it 468  |r|inf=5.023362e-10  r/r0=4.1534e-08
[mg]   it 469  |r|inf=5.031939e-10  r/r0=4.1605e-08
[mg]   it 470  |r|inf=5.036744e-10  r/r0=4.1645e-08
[mg]   it 471  |r|inf=5.037810e-10  r/r0=4.1654e-08
[mg]   it 472  |r|inf=5.035174e-10  r/r0=4.1632e-08
[mg]   it 473  |r|inf=5.028875e-10  r/r0=4.1580e-08
[mg]   it 474  |r|inf=5.018956e-10  r/r0=4.1498e-08
[mg]   it 475  |r|inf=5.005463e-10  r/r0=4.1386e-08
[mg]   it 476  |r|inf=4.988446e-10  r/r0=4.1245e-08
[mg]   it 477  |r|inf=4.967954e-10  r/r0=4.1076e-08
[mg]   it 478  |r|inf=4.944042e-10  r/r0=4.0878e-08
[mg]   it 479  |r|inf=4.916767e-10  r/r0=4.0653e-08
[mg]   it 480  |r|inf=4.886186e-10  r/r0=4.0400e-08
[mg]   it 481  |r|inf=4.852359e-10  r/r0=4.0120e-08
[mg]   it 482  |r|inf=4.815349e-10  r/r0=3.9814e-08
[mg]   it 483  |r|inf=4.775220e-10  r/r0=3.9482e-08
[mg]   it 484  |r|inf=4.732035e-10  r/r0=3.9125e-08
[mg]   it 485  |r|inf=4.685862e-10  r/r0=3.8744e-08
[mg]   it 486  |r|inf=4.636767e-10  r/r0=3.8338e-08
[mg]   it 487  |r|inf=4.584821e-10  r/r0=3.7908e-08
[mg]   it 488  |r|inf=4.530091e-10  r/r0=3.7456e-08
[mg]   it 489  |r|inf=4.472647e-10  r/r0=3.6981e-08
[mg]   it 490  |r|inf=4.412561e-10  r/r0=3.6484e-08
[mg]   it 491  |r|inf=4.349904e-10  r/r0=3.5966e-08
[mg]   it 492  |r|inf=4.284746e-10  r/r0=3.5427e-08
[mg]   it 493  |r|inf=4.217159e-10  r/r0=3.4868e-08
[mg]   it 494  |r|inf=4.147215e-10  r/r0=3.4290e-08
[mg]   it 495  |r|inf=4.074986e-10  r/r0=3.3693e-08
[mg]   it 496  |r|inf=4.058183e-10  r/r0=3.3554e-08
[mg]   it 497  |r|inf=4.069542e-10  r/r0=3.3648e-08
[mg]   it 498  |r|inf=4.078383e-10  r/r0=3.3721e-08
[mg]   it 499  |r|inf=4.084730e-10  r/r0=3.3773e-08
[mg]   it 500  |r|inf=4.088607e-10  r/r0=3.3805e-08
[mg]   it 501  |r|inf=4.090039e-10  r/r0=3.3817e-08
[mg]   it 502  |r|inf=4.089052e-10  r/r0=3.3809e-08
[mg]   it 503  |r|inf=4.085671e-10  r/r0=3.3781e-08
[mg]   it 504  |r|inf=4.154583e-10  r/r0=3.4351e-08
[mg]   it 505  |r|inf=4.256316e-10  r/r0=3.5192e-08
[mg]   it 506  |r|inf=4.355222e-10  r/r0=3.6010e-08
[mg]   it 507  |r|inf=4.451277e-10  r/r0=3.6804e-08
[mg]   it 508  |r|inf=4.544457e-10  r/r0=3.7574e-08
[mg]   it 509  |r|inf=4.634742e-10  r/r0=3.8321e-08
[mg]   it 510  |r|inf=4.722112e-10  r/r0=3.9043e-08
[mg]   it 511  |r|inf=4.806549e-10  r/r0=3.9742e-08
[mg]   it 512  |r|inf=4.888038e-10  r/r0=4.0415e-08
[mg]   it 513  |r|inf=4.966565e-10  r/r0=4.1065e-08
[mg]   it 514  |r|inf=5.042116e-10  r/r0=4.1689e-08
[mg]   it 515  |r|inf=5.114680e-10  r/r0=4.2289e-08
[mg]   it 516  |r|inf=5.184247e-10  r/r0=4.2864e-08
[mg]   it 517  |r|inf=5.250808e-10  r/r0=4.3415e-08
[mg]   it 518  |r|inf=5.314356e-10  r/r0=4.3940e-08
[mg]   it 519  |r|inf=5.374884e-10  r/r0=4.4441e-08
[mg]   it 520  |r|inf=5.432387e-10  r/r0=4.4916e-08
[mg]   it 521  |r|inf=5.486862e-10  r/r0=4.5366e-08
[mg]   it 522  |r|inf=5.538304e-10  r/r0=4.5792e-08
[mg]   it 523  |r|inf=5.586712e-10  r/r0=4.6192e-08
[mg]   it 524  |r|inf=5.632086e-10  r/r0=4.6567e-08
[mg]   it 525  |r|inf=5.674424e-10  r/r0=4.6917e-08
[mg]   it 526  |r|inf=5.713728e-10  r/r0=4.7242e-08
[mg]   it 527  |r|inf=5.749999e-10  r/r0=4.7542e-08
[mg]   it 528  |r|inf=5.783239e-10  r/r0=4.7817e-08
[mg]   it 529  |r|inf=5.813454e-10  r/r0=4.8067e-08
[mg]   it 530  |r|inf=5.840645e-10  r/r0=4.8292e-08
[mg]   it 531  |r|inf=5.864820e-10  r/r0=4.8492e-08
[mg]   it 532  |r|inf=5.885983e-10  r/r0=4.8666e-08
[mg]   it 533  |r|inf=5.904141e-10  r/r0=4.8817e-08
[mg]   it 534  |r|inf=5.919302e-10  r/r0=4.8942e-08
[mg]   it 535  |r|inf=5.931475e-10  r/r0=4.9043e-08
[mg]   it 536  |r|inf=5.940668e-10  r/r0=4.9119e-08
[mg]   it 537  |r|inf=5.946892e-10  r/r0=4.9170e-08
[mg]   it 538  |r|inf=5.950157e-10  r/r0=4.9197e-08
[mg]   it 539  |r|inf=5.950476e-10  r/r0=4.9200e-08
[mg]   it 540  |r|inf=5.947860e-10  r/r0=4.9178e-08
[mg]   it 541  |r|inf=5.942324e-10  r/r0=4.9132e-08
[mg]   it 542  |r|inf=5.933882e-10  r/r0=4.9063e-08
[mg]   it 543  |r|inf=5.922549e-10  r/r0=4.8969e-08
[mg]   it 544  |r|inf=5.908341e-10  r/r0=4.8851e-08
[mg]   it 545  |r|inf=5.891276e-10  r/r0=4.8710e-08
[mg]   it 546  |r|inf=5.871371e-10  r/r0=4.8546e-08
[mg]   it 547  |r|inf=5.848645e-10  r/r0=4.8358e-08
[mg]   it 548  |r|inf=5.823120e-10  r/r0=4.8147e-08
[mg]   it 549  |r|inf=5.794815e-10  r/r0=4.7913e-08
[mg]   it 550  |r|inf=5.763754e-10  r/r0=4.7656e-08
[mg]   it 551  |r|inf=5.729958e-10  r/r0=4.7376e-08
[mg]   it 552  |r|inf=5.693453e-10  r/r0=4.7075e-08
[mg]   it 553  |r|inf=5.654264e-10  r/r0=4.6751e-08
[mg]   it 554  |r|inf=5.612417e-10  r/r0=4.6405e-08
[mg]   it 555  |r|inf=5.567939e-10  r/r0=4.6037e-08
[mg]   it 556  |r|inf=5.520860e-10  r/r0=4.5648e-08
[mg]   it 557  |r|inf=5.471209e-10  r/r0=4.5237e-08
[mg]   it 558  |r|inf=5.419017e-10  r/r0=4.4806e-08
[mg]   it 559  |r|inf=5.364316e-10  r/r0=4.4353e-08
[mg]   it 560  |r|inf=5.307139e-10  r/r0=4.3881e-08
[mg]   it 561  |r|inf=5.247521e-10  r/r0=4.3388e-08
[mg]   it 562  |r|inf=5.185498e-10  r/r0=4.2875e-08
[mg]   it 563  |r|inf=5.121105e-10  r/r0=4.2342e-08
[mg]   it 564  |r|inf=5.054381e-10  r/r0=4.1791e-08
[mg]   it 565  |r|inf=5.055156e-10  r/r0=4.1797e-08
[mg]   it 566  |r|inf=5.062842e-10  r/r0=4.1861e-08
[mg]   it 567  |r|inf=5.068146e-10  r/r0=4.1904e-08
[mg]   it 568  |r|inf=5.071072e-10  r/r0=4.1929e-08
[mg]   it 569  |r|inf=5.071626e-10  r/r0=4.1933e-08
[mg]   it 570  |r|inf=5.069815e-10  r/r0=4.1918e-08
[mg]   it 571  |r|inf=5.065649e-10  r/r0=4.1884e-08
[mg]   it 572  |r|inf=5.059137e-10  r/r0=4.1830e-08
[mg]   it 573  |r|inf=5.050291e-10  r/r0=4.1757e-08
[mg]   it 574  |r|inf=5.039122e-10  r/r0=4.1664e-08
[mg]   it 575  |r|inf=5.025645e-10  r/r0=4.1553e-08
[mg]   it 576  |r|inf=5.009874e-10  r/r0=4.1423e-08
[mg]   it 577  |r|inf=4.991826e-10  r/r0=4.1273e-08
[mg]   it 578  |r|inf=4.971520e-10  r/r0=4.1106e-08
[mg]   it 579  |r|inf=4.948972e-10  r/r0=4.0919e-08
[mg]   it 580  |r|inf=4.924204e-10  r/r0=4.0714e-08
[mg]   it 581  |r|inf=4.897237e-10  r/r0=4.0491e-08
[mg]   it 582  |r|inf=4.868094e-10  r/r0=4.0250e-08
[mg]   it 583  |r|inf=4.836798e-10  r/r0=3.9992e-08
[mg]   it 584  |r|inf=4.803375e-10  r/r0=3.9715e-08
[mg]   it 585  |r|inf=4.767849e-10  r/r0=3.9422e-08
[mg]   it 586  |r|inf=4.730250e-10  r/r0=3.9111e-08
[mg]   it 587  |r|inf=4.690605e-10  r/r0=3.8783e-08
[mg]   it 588  |r|inf=4.648943e-10  r/r0=3.8438e-08
[mg]   it 589  |r|inf=4.605296e-10  r/r0=3.8078e-08
[mg]   it 590  |r|inf=4.559694e-10  r/r0=3.7700e-08
[mg]   it 591  |r|inf=4.566296e-10  r/r0=3.7755e-08
[mg]   it 592  |r|inf=4.601680e-10  r/r0=3.8048e-08
[mg]   it 593  |r|inf=4.634974e-10  r/r0=3.8323e-08
[mg]   it 594  |r|inf=4.666174e-10  r/r0=3.8581e-08
[mg]   it 595  |r|inf=4.695276e-10  r/r0=3.8821e-08
[mg]   it 596  |r|inf=4.722280e-10  r/r0=3.9045e-08
[mg]   it 597  |r|inf=4.747184e-10  r/r0=3.9251e-08
[mg]   it 598  |r|inf=4.769991e-10  r/r0=3.9439e-08
[mg]   it 599  |r|inf=4.790702e-10  r/r0=3.9610e-08
[mg]   it 600  |r|inf=4.809320e-10  r/r0=3.9764e-08
[mg]   it 601  |r|inf=4.825852e-10  r/r0=3.9901e-08
[mg]   it 602  |r|inf=4.840302e-10  r/r0=4.0021e-08
[mg]   it 603  |r|inf=4.852678e-10  r/r0=4.0123e-08
[mg]   it 604  |r|inf=4.862989e-10  r/r0=4.0208e-08
[mg]   it 605  |r|inf=4.871244e-10  r/r0=4.0276e-08
[mg]   it 606  |r|inf=4.877454e-10  r/r0=4.0328e-08
[mg]   it 607  |r|inf=4.881630e-10  r/r0=4.0362e-08
[mg]   it 608  |r|inf=4.883786e-10  r/r0=4.0380e-08
[mg]   it 609  |r|inf=4.883935e-10  r/r0=4.0381e-08
[mg]   it 610  |r|inf=4.882093e-10  r/r0=4.0366e-08
[mg]   it 611  |r|inf=4.878275e-10  r/r0=4.0335e-08
[mg]   it 612  |r|inf=4.872497e-10  r/r0=4.0287e-08
[mg]   it 613  |r|inf=4.864779e-10  r/r0=4.0223e-08
[mg]   it 614  |r|inf=4.855137e-10  r/r0=4.0143e-08
[mg]   it 615  |r|inf=4.843593e-10  r/r0=4.0048e-08
[mg]   it 616  |r|inf=4.830165e-10  r/r0=3.9937e-08
[mg]   it 617  |r|inf=4.814875e-10  r/r0=3.9810e-08
[mg]   it 618  |r|inf=4.797744e-10  r/r0=3.9669e-08
[mg]   it 619  |r|inf=4.778795e-10  r/r0=3.9512e-08
[mg]   it 620  |r|inf=4.758050e-10  r/r0=3.9341e-08
[mg]   it 621  |r|inf=4.735533e-10  r/r0=3.9154e-08
[mg]   it 622  |r|inf=4.711269e-10  r/r0=3.8954e-08
[mg]   it 623  |r|inf=4.685281e-10  r/r0=3.8739e-08
[mg]   it 624  |r|inf=4.657595e-10  r/r0=3.8510e-08
[mg]   it 625  |r|inf=4.628237e-10  r/r0=3.8267e-08
[mg]   it 626  |r|inf=4.597232e-10  r/r0=3.8011e-08
[mg]   it 627  |r|inf=4.564607e-10  r/r0=3.7741e-08
[mg]   it 628  |r|inf=4.530388e-10  r/r0=3.7458e-08
[mg]   it 629  |r|inf=4.494603e-10  r/r0=3.7162e-08
[mg]   it 630  |r|inf=4.457279e-10  r/r0=3.6854e-08
[mg]   it 631  |r|inf=4.418443e-10  r/r0=3.6533e-08
[mg]   it 632  |r|inf=4.378123e-10  r/r0=3.6199e-08
[mg]   it 633  |r|inf=4.336347e-10  r/r0=3.5854e-08
[mg]   it 634  |r|inf=4.293144e-10  r/r0=3.5497e-08
[mg]   it 635  |r|inf=4.248541e-10  r/r0=3.5128e-08
[mg]   it 636  |r|inf=4.202566e-10  r/r0=3.4748e-08
[mg]   it 637  |r|inf=4.155249e-10  r/r0=3.4356e-08
[mg]   it 638  |r|inf=4.106618e-10  r/r0=3.3954e-08
[mg]   it 639  |r|inf=4.056701e-10  r/r0=3.3542e-08
[mg]   it 640  |r|inf=4.005527e-10  r/r0=3.3119e-08
[mg]   it 641  |r|inf=3.953124e-10  r/r0=3.2685e-08
[mg]   it 642  |r|inf=3.944858e-10  r/r0=3.2617e-08
[mg]   it 643  |r|inf=3.954174e-10  r/r0=3.2694e-08
[mg]   it 644  |r|inf=3.962124e-10  r/r0=3.2760e-08
[mg]   it 645  |r|inf=3.968716e-10  r/r0=3.2814e-08
[mg]   it 646  |r|inf=3.973959e-10  r/r0=3.2857e-08
[mg]   it 647  |r|inf=3.977862e-10  r/r0=3.2890e-08
[mg]   it 648  |r|inf=3.980434e-10  r/r0=3.2911e-08
[mg]   it 649  |r|inf=3.981687e-10  r/r0=3.2921e-08
[mg]   it 650  |r|inf=3.981630e-10  r/r0=3.2921e-08
[mg]   it 651  |r|inf=3.980273e-10  r/r0=3.2910e-08
[mg]   it 652  |r|inf=3.980091e-10  r/r0=3.2908e-08
[mg]   it 653  |r|inf=4.056344e-10  r/r0=3.3539e-08
[mg]   it 654  |r|inf=4.131086e-10  r/r0=3.4157e-08
[mg]   it 655  |r|inf=4.204308e-10  r/r0=3.4762e-08
[mg]   it 656  |r|inf=4.275998e-10  r/r0=3.5355e-08
[mg]   it 657  |r|inf=4.346147e-10  r/r0=3.5935e-08
[mg]   it 658  |r|inf=4.414743e-10  r/r0=3.6502e-08
[mg]   it 659  |r|inf=4.481780e-10  r/r0=3.7056e-08
[mg]   it 660  |r|inf=4.547248e-10  r/r0=3.7598e-08
[mg]   it 661  |r|inf=4.611139e-10  r/r0=3.8126e-08
[mg]   it 662  |r|inf=4.673446e-10  r/r0=3.8641e-08
[mg]   it 663  |r|inf=4.734162e-10  r/r0=3.9143e-08
[mg]   it 664  |r|inf=4.793280e-10  r/r0=3.9632e-08
[mg]   it 665  |r|inf=4.850795e-10  r/r0=4.0107e-08
[mg]   it 666  |r|inf=4.906702e-10  r/r0=4.0570e-08
[mg]   it 667  |r|inf=4.960994e-10  r/r0=4.1019e-08
[mg]   it 668  |r|inf=5.013668e-10  r/r0=4.1454e-08
[mg]   it 669  |r|inf=5.064719e-10  r/r0=4.1876e-08
[mg]   it 670  |r|inf=5.114144e-10  r/r0=4.2285e-08
[mg]   it 671  |r|inf=5.161938e-10  r/r0=4.2680e-08
[mg]   it 672  |r|inf=5.208099e-10  r/r0=4.3062e-08
[mg]   it 673  |r|inf=5.252624e-10  r/r0=4.3430e-08
[mg]   it 674  |r|inf=5.295510e-10  r/r0=4.3784e-08
[mg]   it 675  |r|inf=5.336756e-10  r/r0=4.4125e-08
[mg]   it 676  |r|inf=5.376359e-10  r/r0=4.4453e-08
[mg]   it 677  |r|inf=5.414319e-10  r/r0=4.4767e-08
[mg]   it 678  |r|inf=5.450633e-10  r/r0=4.5067e-08
[mg]   it 679  |r|inf=5.485302e-10  r/r0=4.5354e-08
[mg]   it 680  |r|inf=5.518324e-10  r/r0=4.5627e-08
[mg]   it 681  |r|inf=5.549700e-10  r/r0=4.5886e-08
[mg]   it 682  |r|inf=5.579429e-10  r/r0=4.6132e-08
[mg]   it 683  |r|inf=5.607512e-10  r/r0=4.6364e-08
[mg]   it 684  |r|inf=5.633949e-10  r/r0=4.6583e-08
[mg]   it 685  |r|inf=5.658740e-10  r/r0=4.6788e-08
[mg]   it 686  |r|inf=5.681888e-10  r/r0=4.6979e-08
[mg]   it 687  |r|inf=5.703394e-10  r/r0=4.7157e-08
[mg]   it 688  |r|inf=5.723258e-10  r/r0=4.7321e-08
[mg]   it 689  |r|inf=5.741483e-10  r/r0=4.7472e-08
[mg]   it 690  |r|inf=5.758071e-10  r/r0=4.7609e-08
[mg]   it 691  |r|inf=5.773025e-10  r/r0=4.7733e-08
[mg]   it 692  |r|inf=5.786346e-10  r/r0=4.7843e-08
[mg]   it 693  |r|inf=5.798038e-10  r/r0=4.7939e-08
[mg]   it 694  |r|inf=5.808105e-10  r/r0=4.8023e-08
[mg]   it 695  |r|inf=5.816548e-10  r/r0=4.8092e-08
[mg]   it 696  |r|inf=5.823373e-10  r/r0=4.8149e-08
[mg]   it 697  |r|inf=5.828582e-10  r/r0=4.8192e-08
[mg]   it 698  |r|inf=5.832181e-10  r/r0=4.8222e-08
[mg]   it 699  |r|inf=5.834173e-10  r/r0=4.8238e-08
[mg]   it 700  |r|inf=5.834563e-10  r/r0=4.8241e-08
[mg]   it 701  |r|inf=5.833357e-10  r/r0=4.8231e-08
[mg]   it 702  |r|inf=5.830558e-10  r/r0=4.8208e-08
[mg]   it 703  |r|inf=5.826174e-10  r/r0=4.8172e-08
[mg]   it 704  |r|inf=5.820209e-10  r/r0=4.8123e-08
[mg]   it 705  |r|inf=5.812670e-10  r/r0=4.8060e-08
[mg]   it 706  |r|inf=5.803563e-10  r/r0=4.7985e-08
[mg]   it 707  |r|inf=5.792895e-10  r/r0=4.7897e-08
[mg]   it 708  |r|inf=5.780673e-10  r/r0=4.7796e-08
[mg]   it 709  |r|inf=5.766903e-10  r/r0=4.7682e-08
[mg]   it 710  |r|inf=5.751594e-10  r/r0=4.7555e-08
[mg]   it 711  |r|inf=5.734753e-10  r/r0=4.7416e-08
[mg]   it 712  |r|inf=5.716388e-10  r/r0=4.7264e-08
[mg]   it 713  |r|inf=5.696509e-10  r/r0=4.7100e-08
[mg]   it 714  |r|inf=5.675123e-10  r/r0=4.6923e-08
[mg]   it 715  |r|inf=5.652239e-10  r/r0=4.6734e-08
[mg]   it 716  |r|inf=5.627868e-10  r/r0=4.6532e-08
[mg]   it 717  |r|inf=5.602019e-10  r/r0=4.6319e-08
[mg]   it 718  |r|inf=5.574702e-10  r/r0=4.6093e-08
[mg]   it 719  |r|inf=5.545927e-10  r/r0=4.5855e-08
[mg]   it 720  |r|inf=5.515706e-10  r/r0=4.5605e-08
[mg]   it 721  |r|inf=5.484048e-10  r/r0=4.5343e-08
[mg]   it 722  |r|inf=5.450967e-10  r/r0=4.5070e-08
[mg]   it 723  |r|inf=5.416473e-10  r/r0=4.4784e-08
[mg]   it 724  |r|inf=5.380579e-10  r/r0=4.4488e-08
[mg]   it 725  |r|inf=5.343297e-10  r/r0=4.4179e-08
[mg]   it 726  |r|inf=5.304639e-10  r/r0=4.3860e-08
[mg]   it 727  |r|inf=5.264620e-10  r/r0=4.3529e-08
[mg]   it 728  |r|inf=5.223253e-10  r/r0=4.3187e-08
[mg]   it 729  |r|inf=5.180552e-10  r/r0=4.2834e-08
[mg]   it 730  |r|inf=5.136530e-10  r/r0=4.2470e-08
[mg]   it 731  |r|inf=5.091203e-10  r/r0=4.2095e-08
[mg]   it 732  |r|inf=5.044586e-10  r/r0=4.1710e-08
[mg]   it 733  |r|inf=4.996693e-10  r/r0=4.1314e-08
[mg]   it 734  |r|inf=4.957132e-10  r/r0=4.0987e-08
[mg]   it 735  |r|inf=4.964233e-10  r/r0=4.1045e-08
[mg]   it 736  |r|inf=4.970036e-10  r/r0=4.1093e-08
[mg]   it 737  |r|inf=4.974542e-10  r/r0=4.1131e-08
[mg]   it 738  |r|inf=4.977753e-10  r/r0=4.1157e-08
[mg]   it 739  |r|inf=4.979671e-10  r/r0=4.1173e-08
[mg]   it 740  |r|inf=4.980298e-10  r/r0=4.1178e-08
[mg]   it 741  |r|inf=4.979638e-10  r/r0=4.1173e-08
[mg]   it 742  |r|inf=4.977694e-10  r/r0=4.1157e-08
[mg]   it 743  |r|inf=4.974470e-10  r/r0=4.1130e-08
[mg]   it 744  |r|inf=4.969969e-10  r/r0=4.1093e-08
[mg]   it 745  |r|inf=4.964197e-10  r/r0=4.1045e-08
[mg]   it 746  |r|inf=4.957157e-10  r/r0=4.0987e-08
[mg]   it 747  |r|inf=4.948856e-10  r/r0=4.0918e-08
[mg]   it 748  |r|inf=4.939299e-10  r/r0=4.0839e-08
[mg]   it 749  |r|inf=4.928492e-10  r/r0=4.0750e-08
[mg]   it 750  |r|inf=4.916442e-10  r/r0=4.0650e-08
[mg]   it 751  |r|inf=4.903155e-10  r/r0=4.0540e-08
[mg]   it 752  |r|inf=4.888638e-10  r/r0=4.0420e-08
[mg]   it 753  |r|inf=4.872900e-10  r/r0=4.0290e-08
[mg]   it 754  |r|inf=4.855947e-10  r/r0=4.0150e-08
[mg]   it 755  |r|inf=4.837790e-10  r/r0=4.0000e-08
[mg]   it 756  |r|inf=4.818435e-10  r/r0=3.9840e-08
[mg]   it 757  |r|inf=4.797893e-10  r/r0=3.9670e-08
[mg]   it 758  |r|inf=4.776173e-10  r/r0=3.9490e-08
[mg]   it 759  |r|inf=4.753285e-10  r/r0=3.9301e-08
[mg]   it 760  |r|inf=4.729238e-10  r/r0=3.9102e-08
[mg]   it 761  |r|inf=4.704044e-10  r/r0=3.8894e-08
[mg]   it 762  |r|inf=4.677713e-10  r/r0=3.8676e-08
[mg]   it 763  |r|inf=4.650257e-10  r/r0=3.8449e-08
[mg]   it 764  |r|inf=4.621686e-10  r/r0=3.8213e-08
[mg]   it 765  |r|inf=4.592014e-10  r/r0=3.7968e-08
[mg]   it 766  |r|inf=4.561252e-10  r/r0=3.7713e-08
[mg]   it 767  |r|inf=4.529413e-10  r/r0=3.7450e-08
[mg]   it 768  |r|inf=4.496509e-10  r/r0=3.7178e-08
[mg]   it 769  |r|inf=4.462554e-10  r/r0=3.6897e-08
[mg]   it 770  |r|inf=4.474318e-10  r/r0=3.6995e-08
[mg]   it 771  |r|inf=4.500051e-10  r/r0=3.7207e-08
[mg]   it 772  |r|inf=4.524651e-10  r/r0=3.7411e-08
[mg]   it 773  |r|inf=4.548116e-10  r/r0=3.7605e-08
[mg]   it 774  |r|inf=4.570445e-10  r/r0=3.7789e-08
[mg]   it 775  |r|inf=4.591636e-10  r/r0=3.7965e-08
[mg]   it 776  |r|inf=4.611688e-10  r/r0=3.8130e-08
[mg]   it 777  |r|inf=4.630603e-10  r/r0=3.8287e-08
[mg]   it 778  |r|inf=4.648379e-10  r/r0=3.8434e-08
[mg]   it 779  |r|inf=4.665018e-10  r/r0=3.8571e-08
[mg]   it 780  |r|inf=4.680521e-10  r/r0=3.8699e-08
[mg]   it 781  |r|inf=4.694888e-10  r/r0=3.8818e-08
[mg]   it 782  |r|inf=4.708121e-10  r/r0=3.8928e-08
[mg]   it 783  |r|inf=4.720223e-10  r/r0=3.9028e-08
[mg]   it 784  |r|inf=4.731197e-10  r/r0=3.9118e-08
[mg]   it 785  |r|inf=4.741044e-10  r/r0=3.9200e-08
[mg]   it 786  |r|inf=4.749768e-10  r/r0=3.9272e-08
[mg]   it 787  |r|inf=4.757373e-10  r/r0=3.9335e-08
[mg]   it 788  |r|inf=4.763863e-10  r/r0=3.9389e-08
[mg]   it 789  |r|inf=4.769242e-10  r/r0=3.9433e-08
[mg]   it 790  |r|inf=4.773513e-10  r/r0=3.9468e-08
[mg]   it 791  |r|inf=4.776683e-10  r/r0=3.9495e-08
[mg]   it 792  |r|inf=4.778757e-10  r/r0=3.9512e-08
[mg]   it 793  |r|inf=4.779739e-10  r/r0=3.9520e-08
[mg]   it 794  |r|inf=4.779636e-10  r/r0=3.9519e-08
[mg]   it 795  |r|inf=4.778455e-10  r/r0=3.9509e-08
[mg]   it 796  |r|inf=4.776200e-10  r/r0=3.9491e-08
[mg]   it 797  |r|inf=4.772880e-10  r/r0=3.9463e-08
[mg]   it 798  |r|inf=4.768500e-10  r/r0=3.9427e-08
[mg]   it 799  |r|inf=4.763069e-10  r/r0=3.9382e-08
[mg]   it 800  |r|inf=4.756593e-10  r/r0=3.9328e-08
[mg]   it 801  |r|inf=4.749081e-10  r/r0=3.9266e-08
[mg]   it 802  |r|inf=4.740541e-10  r/r0=3.9196e-08
[mg]   it 803  |r|inf=4.730980e-10  r/r0=3.9117e-08
[mg]   it 804  |r|inf=4.720407e-10  r/r0=3.9029e-08
[mg]   it 805  |r|inf=4.708830e-10  r/r0=3.8934e-08
[mg]   it 806  |r|inf=4.696260e-10  r/r0=3.8830e-08
[mg]   it 807  |r|inf=4.682704e-10  r/r0=3.8718e-08
[mg]   it 808  |r|inf=4.668172e-10  r/r0=3.8597e-08
[mg]   it 809  |r|inf=4.652673e-10  r/r0=3.8469e-08
[mg]   it 810  |r|inf=4.636217e-10  r/r0=3.8333e-08
[mg]   it 811  |r|inf=4.618814e-10  r/r0=3.8189e-08
[mg]   it 812  |r|inf=4.600473e-10  r/r0=3.8038e-08
[mg]   it 813  |r|inf=4.581205e-10  r/r0=3.7878e-08
[mg]   it 814  |r|inf=4.561020e-10  r/r0=3.7711e-08
[mg]   it 815  |r|inf=4.539928e-10  r/r0=3.7537e-08
[mg]   it 816  |r|inf=4.517940e-10  r/r0=3.7355e-08
[mg]   it 817  |r|inf=4.495066e-10  r/r0=3.7166e-08
[mg]   it 818  |r|inf=4.471317e-10  r/r0=3.6970e-08
[mg]   it 819  |r|inf=4.446704e-10  r/r0=3.6766e-08
[mg]   it 820  |r|inf=4.421237e-10  r/r0=3.6556e-08
[mg]   it 821  |r|inf=4.394928e-10  r/r0=3.6338e-08
[mg]   it 822  |r|inf=4.367788e-10  r/r0=3.6114e-08
[mg]   it 823  |r|inf=4.339828e-10  r/r0=3.5883e-08
[mg]   it 824  |r|inf=4.311058e-10  r/r0=3.5645e-08
[mg]   it 825  |r|inf=4.281491e-10  r/r0=3.5400e-08
[mg]   it 826  |r|inf=4.251137e-10  r/r0=3.5149e-08
[mg]   it 827  |r|inf=4.220009e-10  r/r0=3.4892e-08
[mg]   it 828  |r|inf=4.188116e-10  r/r0=3.4628e-08
[mg]   it 829  |r|inf=4.155471e-10  r/r0=3.4358e-08
[mg]   it 830  |r|inf=4.122086e-10  r/r0=3.4082e-08
[mg]   it 831  |r|inf=4.087971e-10  r/r0=3.3800e-08
[mg]   it 832  |r|inf=4.053138e-10  r/r0=3.3512e-08
[mg]   it 833  |r|inf=4.017599e-10  r/r0=3.3218e-08
[mg]   it 834  |r|inf=3.981365e-10  r/r0=3.2919e-08
[mg]   it 835  |r|inf=3.944447e-10  r/r0=3.2613e-08
[mg]   it 836  |r|inf=3.906858e-10  r/r0=3.2303e-08
[mg]   it 837  |r|inf=3.868608e-10  r/r0=3.1986e-08
[mg]   it 838  |r|inf=3.847679e-10  r/r0=3.1813e-08
[mg]   it 839  |r|inf=3.854940e-10  r/r0=3.1873e-08
[mg]   it 840  |r|inf=3.861460e-10  r/r0=3.1927e-08
[mg]   it 841  |r|inf=3.867243e-10  r/r0=3.1975e-08
[mg]   it 842  |r|inf=3.872291e-10  r/r0=3.2017e-08
[mg]   it 843  |r|inf=3.876608e-10  r/r0=3.2053e-08
[mg]   it 844  |r|inf=3.880198e-10  r/r0=3.2082e-08
[mg]   it 845  |r|inf=3.883065e-10  r/r0=3.2106e-08
[mg]   it 846  |r|inf=3.885213e-10  r/r0=3.2124e-08
[mg]   it 847  |r|inf=3.886645e-10  r/r0=3.2136e-08
[mg]   it 848  |r|inf=3.887366e-10  r/r0=3.2142e-08
[mg]   it 849  |r|inf=3.887379e-10  r/r0=3.2142e-08
[mg]   it 850  |r|inf=3.886690e-10  r/r0=3.2136e-08
[mg]   it 851  |r|inf=3.885302e-10  r/r0=3.2124e-08
[mg]   it 852  |r|inf=3.887393e-10  r/r0=3.2142e-08
[mg]   it 853  |r|inf=3.943069e-10  r/r0=3.2602e-08
[mg]   it 854  |r|inf=3.997929e-10  r/r0=3.3056e-08
[mg]   it 855  |r|inf=4.051969e-10  r/r0=3.3503e-08
[mg]   it 856  |r|inf=4.105185e-10  r/r0=3.3943e-08
[mg]   it 857  |r|inf=4.157572e-10  r/r0=3.4376e-08
[mg]   it 858  |r|inf=4.209126e-10  r/r0=3.4802e-08
[mg]   it 859  |r|inf=4.259844e-10  r/r0=3.5221e-08
[mg]   it 860  |r|inf=4.309722e-10  r/r0=3.5634e-08
[mg]   it 861  |r|inf=4.358755e-10  r/r0=3.6039e-08
[mg]   it 862  |r|inf=4.406941e-10  r/r0=3.6437e-08
[mg]   it 863  |r|inf=4.454277e-10  r/r0=3.6829e-08
[mg]   it 864  |r|inf=4.500760e-10  r/r0=3.7213e-08
[mg]   it 865  |r|inf=4.546385e-10  r/r0=3.7590e-08
[mg]   it 866  |r|inf=4.591152e-10  r/r0=3.7961e-08
[mg]   it 867  |r|inf=4.635057e-10  r/r0=3.8324e-08
[mg]   it 868  |r|inf=4.678097e-10  r/r0=3.8679e-08
[mg]   it 869  |r|inf=4.720270e-10  r/r0=3.9028e-08
[mg]   it 870  |r|inf=4.761575e-10  r/r0=3.9370e-08
[mg]   it 871  |r|inf=4.802008e-10  r/r0=3.9704e-08
[mg]   it 872  |r|inf=4.841569e-10  r/r0=4.0031e-08
[mg]   it 873  |r|inf=4.880254e-10  r/r0=4.0351e-08
[mg]   it 874  |r|inf=4.918063e-10  r/r0=4.0664e-08
[mg]   it 875  |r|inf=4.954994e-10  r/r0=4.0969e-08
[mg]   it 876  |r|inf=4.991045e-10  r/r0=4.1267e-08
[mg]   it 877  |r|inf=5.026215e-10  r/r0=4.1558e-08
[mg]   it 878  |r|inf=5.060502e-10  r/r0=4.1841e-08
[mg]   it 879  |r|inf=5.093906e-10  r/r0=4.2117e-08
[mg]   it 880  |r|inf=5.126425e-10  r/r0=4.2386e-08
[mg]   it 881  |r|inf=5.158059e-10  r/r0=4.2648e-08
[mg]   it 882  |r|inf=5.188806e-10  r/r0=4.2902e-08
[mg]   it 883  |r|inf=5.218666e-10  r/r0=4.3149e-08
[mg]   it 884  |r|inf=5.247638e-10  r/r0=4.3389e-08
[mg]   it 885  |r|inf=5.275722e-10  r/r0=4.3621e-08
[mg]   it 886  |r|inf=5.302916e-10  r/r0=4.3846e-08
[mg]   it 887  |r|inf=5.329221e-10  r/r0=4.4063e-08
[mg]   it 888  |r|inf=5.354636e-10  r/r0=4.4273e-08
[mg]   it 889  |r|inf=5.379162e-10  r/r0=4.4476e-08
[mg]   it 890  |r|inf=5.402797e-10  r/r0=4.4671e-08
[mg]   it 891  |r|inf=5.425542e-10  r/r0=4.4859e-08
[mg]   it 892  |r|inf=5.447396e-10  r/r0=4.5040e-08
[mg]   it 893  |r|inf=5.468361e-10  r/r0=4.5214e-08
[mg]   it 894  |r|inf=5.488436e-10  r/r0=4.5379e-08
[mg]   it 895  |r|inf=5.507621e-10  r/r0=4.5538e-08
[mg]   it 896  |r|inf=5.525916e-10  r/r0=4.5689e-08
[mg]   it 897  |r|inf=5.543323e-10  r/r0=4.5833e-08
[mg]   it 898  |r|inf=5.559841e-10  r/r0=4.5970e-08
[mg]   it 899  |r|inf=5.575472e-10  r/r0=4.6099e-08
[mg]   it 900  |r|inf=5.590215e-10  r/r0=4.6221e-08
[mg]   it 901  |r|inf=5.604072e-10  r/r0=4.6336e-08
[mg]   it 902  |r|inf=5.617043e-10  r/r0=4.6443e-08
[mg]   it 903  |r|inf=5.629129e-10  r/r0=4.6543e-08
[mg]   it 904  |r|inf=5.640331e-10  r/r0=4.6635e-08
[mg]   it 905  |r|inf=5.650650e-10  r/r0=4.6721e-08
[mg]   it 906  |r|inf=5.660087e-10  r/r0=4.6799e-08
[mg]   it 907  |r|inf=5.668644e-10  r/r0=4.6869e-08
[mg]   it 908  |r|inf=5.676321e-10  r/r0=4.6933e-08
[mg]   it 909  |r|inf=5.683120e-10  r/r0=4.6989e-08
[mg]   it 910  |r|inf=5.689042e-10  r/r0=4.7038e-08
[mg]   it 911  |r|inf=5.694089e-10  r/r0=4.7080e-08
[mg]   it 912  |r|inf=5.698263e-10  r/r0=4.7114e-08
[mg]   it 913  |r|inf=5.701564e-10  r/r0=4.7142e-08
[mg]   it 914  |r|inf=5.703995e-10  r/r0=4.7162e-08
[mg]   it 915  |r|inf=5.705557e-10  r/r0=4.7175e-08
[mg]   it 916  |r|inf=5.706252e-10  r/r0=4.7180e-08
[mg]   it 917  |r|inf=5.706083e-10  r/r0=4.7179e-08
[mg]   it 918  |r|inf=5.705050e-10  r/r0=4.7171e-08
[mg]   it 919  |r|inf=5.703157e-10  r/r0=4.7155e-08
[mg]   it 920  |r|inf=5.700406e-10  r/r0=4.7132e-08
[mg]   it 921  |r|inf=5.696798e-10  r/r0=4.7102e-08
[mg]   it 922  |r|inf=5.692336e-10  r/r0=4.7065e-08
[mg]   it 923  |r|inf=5.687022e-10  r/r0=4.7021e-08
[mg]   it 924  |r|inf=5.680860e-10  r/r0=4.6970e-08
[mg]   it 925  |r|inf=5.673851e-10  r/r0=4.6913e-08
[mg]   it 926  |r|inf=5.665998e-10  r/r0=4.6848e-08
[mg]   it 927  |r|inf=5.657304e-10  r/r0=4.6776e-08
[mg]   it 928  |r|inf=5.647772e-10  r/r0=4.6697e-08
[mg]   it 929  |r|inf=5.637405e-10  r/r0=4.6611e-08
[mg]   it 930  |r|inf=5.626206e-10  r/r0=4.6519e-08
[mg]   it 931  |r|inf=5.614177e-10  r/r0=4.6419e-08
[mg]   it 932  |r|inf=5.601323e-10  r/r0=4.6313e-08
[mg]   it 933  |r|inf=5.587647e-10  r/r0=4.6200e-08
[mg]   it 934  |r|inf=5.573151e-10  r/r0=4.6080e-08
[mg]   it 935  |r|inf=5.557840e-10  r/r0=4.5953e-08
[mg]   it 936  |r|inf=5.541716e-10  r/r0=4.5820e-08
[mg]   it 937  |r|inf=5.524785e-10  r/r0=4.5680e-08
[mg]   it 938  |r|inf=5.507049e-10  r/r0=4.5533e-08
[mg]   it 939  |r|inf=5.488512e-10  r/r0=4.5380e-08
[mg]   it 940  |r|inf=5.469178e-10  r/r0=4.5220e-08
[mg]   it 941  |r|inf=5.449052e-10  r/r0=4.5054e-08
[mg]   it 942  |r|inf=5.428138e-10  r/r0=4.4881e-08
[mg]   it 943  |r|inf=5.406440e-10  r/r0=4.4702e-08
[mg]   it 944  |r|inf=5.383962e-10  r/r0=4.4516e-08
[mg]   it 945  |r|inf=5.360708e-10  r/r0=4.4323e-08
[mg]   it 946  |r|inf=5.336685e-10  r/r0=4.4125e-08
[mg]   it 947  |r|inf=5.311895e-10  r/r0=4.3920e-08
[mg]   it 948  |r|inf=5.286344e-10  r/r0=4.3709e-08
[mg]   it 949  |r|inf=5.260037e-10  r/r0=4.3491e-08
[mg]   it 950  |r|inf=5.232979e-10  r/r0=4.3267e-08
[mg]   it 951  |r|inf=5.205175e-10  r/r0=4.3037e-08
[mg]   it 952  |r|inf=5.176630e-10  r/r0=4.2801e-08
[mg]   it 953  |r|inf=5.147349e-10  r/r0=4.2559e-08
[mg]   it 954  |r|inf=5.117339e-10  r/r0=4.2311e-08
[mg]   it 955  |r|inf=5.086604e-10  r/r0=4.2057e-08
[mg]   it 956  |r|inf=5.055150e-10  r/r0=4.1797e-08
[mg]   it 957  |r|inf=5.022983e-10  r/r0=4.1531e-08
[mg]   it 958  |r|inf=4.990109e-10  r/r0=4.1259e-08
[mg]   it 959  |r|inf=4.956534e-10  r/r0=4.0982e-08
[mg]   it 960  |r|inf=4.922263e-10  r/r0=4.0698e-08
[mg]   it 961  |r|inf=4.887304e-10  r/r0=4.0409e-08
[mg]   it 962  |r|inf=4.857376e-10  r/r0=4.0162e-08
[mg]   it 963  |r|inf=4.862908e-10  r/r0=4.0208e-08
[mg]   it 964  |r|inf=4.867737e-10  r/r0=4.0247e-08
[mg]   it 965  |r|inf=4.871862e-10  r/r0=4.0282e-08
[mg]   it 966  |r|inf=4.875285e-10  r/r0=4.0310e-08
[mg]   it 967  |r|inf=4.878006e-10  r/r0=4.0332e-08
[mg]   it 968  |r|inf=4.880026e-10  r/r0=4.0349e-08
[mg]   it 969  |r|inf=4.881345e-10  r/r0=4.0360e-08
[mg]   it 970  |r|inf=4.881966e-10  r/r0=4.0365e-08
[mg]   it 971  |r|inf=4.881888e-10  r/r0=4.0364e-08
[mg]   it 972  |r|inf=4.881114e-10  r/r0=4.0358e-08
[mg]   it 973  |r|inf=4.879645e-10  r/r0=4.0346e-08
[mg]   it 974  |r|inf=4.877481e-10  r/r0=4.0328e-08
[mg]   it 975  |r|inf=4.874625e-10  r/r0=4.0304e-08
[mg]   it 976  |r|inf=4.871079e-10  r/r0=4.0275e-08
[mg]   it 977  |r|inf=4.866843e-10  r/r0=4.0240e-08
[mg]   it 978  |r|inf=4.861921e-10  r/r0=4.0199e-08
[mg]   it 979  |r|inf=4.856314e-10  r/r0=4.0153e-08
[mg]   it 980  |r|inf=4.850024e-10  r/r0=4.0101e-08
[mg]   it 981  |r|inf=4.843054e-10  r/r0=4.0043e-08
[mg]   it 982  |r|inf=4.835406e-10  r/r0=3.9980e-08
[mg]   it 983  |r|inf=4.827083e-10  r/r0=3.9911e-08
[mg]   it 984  |r|inf=4.818087e-10  r/r0=3.9837e-08
[mg]   it 985  |r|inf=4.808421e-10  r/r0=3.9757e-08
[mg]   it 986  |r|inf=4.798088e-10  r/r0=3.9672e-08
[mg]   it 987  |r|inf=4.787091e-10  r/r0=3.9581e-08
[mg]   it 988  |r|inf=4.775433e-10  r/r0=3.9484e-08
[mg]   it 989  |r|inf=4.763117e-10  r/r0=3.9382e-08
[mg]   it 990  |r|inf=4.750147e-10  r/r0=3.9275e-08
[mg]   it 991  |r|inf=4.736525e-10  r/r0=3.9163e-08
[mg]   it 992  |r|inf=4.722256e-10  r/r0=3.9045e-08
[mg]   it 993  |r|inf=4.707344e-10  r/r0=3.8921e-08
[mg]   it 994  |r|inf=4.691791e-10  r/r0=3.8793e-08
[mg]   it 995  |r|inf=4.675603e-10  r/r0=3.8659e-08
[mg]   it 996  |r|inf=4.658782e-10  r/r0=3.8520e-08
[mg]   it 997  |r|inf=4.641333e-10  r/r0=3.8375e-08
[mg]   it 998  |r|inf=4.623261e-10  r/r0=3.8226e-08
[mg]   it 999  |r|inf=4.604569e-10  r/r0=3.8072e-08
[mg]   it 1000  |r|inf=4.585262e-10  r/r0=3.7912e-08
[mg]   it 1001  |r|inf=4.565345e-10  r/r0=3.7747e-08
[mg]   it 1002  |r|inf=4.544821e-10  r/r0=3.7578e-08
[mg]   it 1003  |r|inf=4.523697e-10  r/r0=3.7403e-08
[mg]   it 1004  |r|inf=4.501976e-10  r/r0=3.7223e-08
[mg]   it 1005  |r|inf=4.479663e-10  r/r0=3.7039e-08
[mg]   it 1006  |r|inf=4.456765e-10  r/r0=3.6849e-08
[mg]   it 1007  |r|inf=4.433284e-10  r/r0=3.6655e-08
[mg]   it 1008  |r|inf=4.409228e-10  r/r0=3.6456e-08
[mg]   it 1009  |r|inf=4.384601e-10  r/r0=3.6253e-08
[mg]   it 1010  |r|inf=4.379193e-10  r/r0=3.6208e-08
[mg]   it 1011  |r|inf=4.398479e-10  r/r0=3.6368e-08
[mg]   it 1012  |r|inf=4.417152e-10  r/r0=3.6522e-08
[mg]   it 1013  |r|inf=4.435211e-10  r/r0=3.6671e-08
[mg]   it 1014  |r|inf=4.452655e-10  r/r0=3.6815e-08
[mg]   it 1015  |r|inf=4.469485e-10  r/r0=3.6955e-08
[mg]   it 1016  |r|inf=4.485699e-10  r/r0=3.7089e-08
[mg]   it 1017  |r|inf=4.501296e-10  r/r0=3.7218e-08
[mg]   it 1018  |r|inf=4.516278e-10  r/r0=3.7341e-08
[mg]   it 1019  |r|inf=4.530643e-10  r/r0=3.7460e-08
[mg]   it 1020  |r|inf=4.544391e-10  r/r0=3.7574e-08
[mg]   it 1021  |r|inf=4.557522e-10  r/r0=3.7683e-08
[mg]   it 1022  |r|inf=4.570038e-10  r/r0=3.7786e-08
[mg]   it 1023  |r|inf=4.581937e-10  r/r0=3.7884e-08
[mg]   it 1024  |r|inf=4.593220e-10  r/r0=3.7978e-08
[mg]   it 1025  |r|inf=4.603889e-10  r/r0=3.8066e-08
[mg]   it 1026  |r|inf=4.613943e-10  r/r0=3.8149e-08
[mg]   it 1027  |r|inf=4.623383e-10  r/r0=3.8227e-08
[mg]   it 1028  |r|inf=4.632210e-10  r/r0=3.8300e-08
[mg]   it 1029  |r|inf=4.640425e-10  r/r0=3.8368e-08
[mg]   it 1030  |r|inf=4.648030e-10  r/r0=3.8431e-08
[mg]   it 1031  |r|inf=4.655024e-10  r/r0=3.8489e-08
[mg]   it 1032  |r|inf=4.661410e-10  r/r0=3.8541e-08
[mg]   it 1033  |r|inf=4.667190e-10  r/r0=3.8589e-08
[mg]   it 1034  |r|inf=4.672364e-10  r/r0=3.8632e-08
[mg]   it 1035  |r|inf=4.676934e-10  r/r0=3.8670e-08
[mg]   it 1036  |r|inf=4.680901e-10  r/r0=3.8703e-08
[mg]   it 1037  |r|inf=4.684269e-10  r/r0=3.8730e-08
[mg]   it 1038  |r|inf=4.687038e-10  r/r0=3.8753e-08
[mg]   it 1039  |r|inf=4.689210e-10  r/r0=3.8771e-08
[mg]   it 1040  |r|inf=4.690789e-10  r/r0=3.8784e-08
[mg]   it 1041  |r|inf=4.691775e-10  r/r0=3.8793e-08
[mg]   it 1042  |r|inf=4.692171e-10  r/r0=3.8796e-08
[mg]   it 1043  |r|inf=4.691980e-10  r/r0=3.8794e-08
[mg]   it 1044  |r|inf=4.691203e-10  r/r0=3.8788e-08
[mg]   it 1045  |r|inf=4.689844e-10  r/r0=3.8777e-08
[mg]   it 1046  |r|inf=4.687906e-10  r/r0=3.8761e-08
[mg]   it 1047  |r|inf=4.685390e-10  r/r0=3.8740e-08
[mg]   it 1048  |r|inf=4.682300e-10  r/r0=3.8714e-08
[mg]   it 1049  |r|inf=4.678638e-10  r/r0=3.8684e-08
[mg]   it 1050  |r|inf=4.674408e-10  r/r0=3.8649e-08
[mg]   it 1051  |r|inf=4.669612e-10  r/r0=3.8609e-08
[mg]   it 1052  |r|inf=4.664254e-10  r/r0=3.8565e-08
[mg]   it 1053  |r|inf=4.658337e-10  r/r0=3.8516e-08
[mg]   it 1054  |r|inf=4.651864e-10  r/r0=3.8463e-08
[mg]   it 1055  |r|inf=4.644839e-10  r/r0=3.8404e-08
[mg]   it 1056  |r|inf=4.637264e-10  r/r0=3.8342e-08
[mg]   it 1057  |r|inf=4.629143e-10  r/r0=3.8275e-08
[mg]   it 1058  |r|inf=4.620480e-10  r/r0=3.8203e-08
[mg]   it 1059  |r|inf=4.611279e-10  r/r0=3.8127e-08
[mg]   it 1060  |r|inf=4.601542e-10  r/r0=3.8046e-08
[mg]   it 1061  |r|inf=4.591275e-10  r/r0=3.7962e-08
[mg]   it 1062  |r|inf=4.580479e-10  r/r0=3.7872e-08
[mg]   it 1063  |r|inf=4.569160e-10  r/r0=3.7779e-08
[mg]   it 1064  |r|inf=4.557321e-10  r/r0=3.7681e-08
[mg]   it 1065  |r|inf=4.544966e-10  r/r0=3.7579e-08
[mg]   it 1066  |r|inf=4.532099e-10  r/r0=3.7472e-08
[mg]   it 1067  |r|inf=4.518724e-10  r/r0=3.7362e-08
[mg]   it 1068  |r|inf=4.504844e-10  r/r0=3.7247e-08
[mg]   it 1069  |r|inf=4.490465e-10  r/r0=3.7128e-08
[mg]   it 1070  |r|inf=4.475591e-10  r/r0=3.7005e-08
[mg]   it 1071  |r|inf=4.460224e-10  r/r0=3.6878e-08
[mg]   it 1072  |r|inf=4.444370e-10  r/r0=3.6747e-08
[mg]   it 1073  |r|inf=4.428033e-10  r/r0=3.6612e-08
[mg]   it 1074  |r|inf=4.411217e-10  r/r0=3.6473e-08
[mg]   it 1075  |r|inf=4.393927e-10  r/r0=3.6330e-08
[mg]   it 1076  |r|inf=4.376166e-10  r/r0=3.6183e-08
[mg]   it 1077  |r|inf=4.357940e-10  r/r0=3.6032e-08
[mg]   it 1078  |r|inf=4.339252e-10  r/r0=3.5878e-08
[mg]   it 1079  |r|inf=4.320107e-10  r/r0=3.5720e-08
[mg]   it 1080  |r|inf=4.300509e-10  r/r0=3.5557e-08
[mg]   it 1081  |r|inf=4.280463e-10  r/r0=3.5392e-08
[mg]   it 1082  |r|inf=4.259974e-10  r/r0=3.5222e-08
[mg]   it 1083  |r|inf=4.239045e-10  r/r0=3.5049e-08
[mg]   it 1084  |r|inf=4.217682e-10  r/r0=3.4873e-08
[mg]   it 1085  |r|inf=4.195889e-10  r/r0=3.4692e-08
[mg]   it 1086  |r|inf=4.173671e-10  r/r0=3.4509e-08
[mg]   it 1087  |r|inf=4.151031e-10  r/r0=3.4322e-08
[mg]   it 1088  |r|inf=4.127975e-10  r/r0=3.4131e-08
[mg]   it 1089  |r|inf=4.104507e-10  r/r0=3.3937e-08
[mg]   it 1090  |r|inf=4.080633e-10  r/r0=3.3739e-08
[mg]   it 1091  |r|inf=4.056355e-10  r/r0=3.3539e-08
[mg]   it 1092  |r|inf=4.031680e-10  r/r0=3.3335e-08
[mg]   it 1093  |r|inf=4.006612e-10  r/r0=3.3127e-08
[mg]   it 1094  |r|inf=3.981155e-10  r/r0=3.2917e-08
[mg]   it 1095  |r|inf=3.955314e-10  r/r0=3.2703e-08
[mg]   it 1096  |r|inf=3.929093e-10  r/r0=3.2487e-08
[mg]   it 1097  |r|inf=3.902498e-10  r/r0=3.2267e-08
[mg]   it 1098  |r|inf=3.875533e-10  r/r0=3.2044e-08
[mg]   it 1099  |r|inf=3.848202e-10  r/r0=3.1818e-08
[mg]   it 1100  |r|inf=3.820511e-10  r/r0=3.1589e-08
[mg]   it 1101  |r|inf=3.792463e-10  r/r0=3.1357e-08
[mg]   it 1102  |r|inf=3.779637e-10  r/r0=3.1251e-08
[mg]   it 1103  |r|inf=3.785094e-10  r/r0=3.1296e-08
[mg]   it 1104  |r|inf=3.790148e-10  r/r0=3.1338e-08
[mg]   it 1105  |r|inf=3.794800e-10  r/r0=3.1376e-08
[mg]   it 1106  |r|inf=3.799052e-10  r/r0=3.1411e-08
[mg]   it 1107  |r|inf=3.802905e-10  r/r0=3.1443e-08
[mg]   it 1108  |r|inf=3.806362e-10  r/r0=3.1472e-08
[mg]   it 1109  |r|inf=3.809422e-10  r/r0=3.1497e-08
[mg]   it 1110  |r|inf=3.812088e-10  r/r0=3.1519e-08
[mg]   it 1111  |r|inf=3.814362e-10  r/r0=3.1538e-08
[mg]   it 1112  |r|inf=3.816244e-10  r/r0=3.1553e-08
[mg]   it 1113  |r|inf=3.817737e-10  r/r0=3.1566e-08
[mg]   it 1114  |r|inf=3.818842e-10  r/r0=3.1575e-08
[mg]   it 1115  |r|inf=3.819560e-10  r/r0=3.1581e-08
[mg]   it 1116  |r|inf=3.819893e-10  r/r0=3.1584e-08
[mg]   it 1117  |r|inf=3.819844e-10  r/r0=3.1583e-08
[mg]   it 1118  |r|inf=3.819413e-10  r/r0=3.1580e-08
[mg]   it 1119  |r|inf=3.818602e-10  r/r0=3.1573e-08
[mg]   it 1120  |r|inf=3.817414e-10  r/r0=3.1563e-08
[mg]   it 1121  |r|inf=3.824011e-10  r/r0=3.1618e-08
[mg]   it 1122  |r|inf=3.864780e-10  r/r0=3.1955e-08
[mg]   it 1123  |r|inf=3.905108e-10  r/r0=3.2288e-08
[mg]   it 1124  |r|inf=3.944993e-10  r/r0=3.2618e-08
[mg]   it 1125  |r|inf=3.984433e-10  r/r0=3.2944e-08
[mg]   it 1126  |r|inf=4.023426e-10  r/r0=3.3266e-08
[mg]   it 1127  |r|inf=4.061970e-10  r/r0=3.3585e-08
[mg]   it 1128  |r|inf=4.100063e-10  r/r0=3.3900e-08
[mg]   it 1129  |r|inf=4.137705e-10  r/r0=3.4211e-08
[mg]   it 1130  |r|inf=4.174892e-10  r/r0=3.4519e-08
[mg]   it 1131  |r|inf=4.211625e-10  r/r0=3.4823e-08
[mg]   it 1132  |r|inf=4.247901e-10  r/r0=3.5123e-08
[mg]   it 1133  |r|inf=4.283719e-10  r/r0=3.5419e-08
[mg]   it 1134  |r|inf=4.319078e-10  r/r0=3.5711e-08
[mg]   it 1135  |r|inf=4.353975e-10  r/r0=3.6000e-08
[mg]   it 1136  |r|inf=4.388411e-10  r/r0=3.6284e-08
[mg]   it 1137  |r|inf=4.422383e-10  r/r0=3.6565e-08
[mg]   it 1138  |r|inf=4.455891e-10  r/r0=3.6842e-08
[mg]   it 1139  |r|inf=4.488934e-10  r/r0=3.7115e-08
[mg]   it 1140  |r|inf=4.521509e-10  r/r0=3.7385e-08
[mg]   it 1141  |r|inf=4.553617e-10  r/r0=3.7650e-08
[mg]   it 1142  |r|inf=4.585256e-10  r/r0=3.7912e-08
[mg]   it 1143  |r|inf=4.616425e-10  r/r0=3.8170e-08
[mg]   it 1144  |r|inf=4.647123e-10  r/r0=3.8423e-08
[mg]   it 1145  |r|inf=4.677350e-10  r/r0=3.8673e-08
[mg]   it 1146  |r|inf=4.707104e-10  r/r0=3.8919e-08
[mg]   it 1147  |r|inf=4.736385e-10  r/r0=3.9161e-08
[mg]   it 1148  |r|inf=4.765192e-10  r/r0=3.9400e-08
[mg]   it 1149  |r|inf=4.793524e-10  r/r0=3.9634e-08
[mg]   it 1150  |r|inf=4.821380e-10  r/r0=3.9864e-08
[mg]   it 1151  |r|inf=4.848761e-10  r/r0=4.0091e-08
[mg]   it 1152  |r|inf=4.875664e-10  r/r0=4.0313e-08
[mg]   it 1153  |r|inf=4.902090e-10  r/r0=4.0531e-08
[mg]   it 1154  |r|inf=4.928038e-10  r/r0=4.0746e-08
[mg]   it 1155  |r|inf=4.953507e-10  r/r0=4.0957e-08
[mg]   it 1156  |r|inf=4.978497e-10  r/r0=4.1163e-08
[mg]   it 1157  |r|inf=5.003007e-10  r/r0=4.1366e-08
[mg]   it 1158  |r|inf=5.027038e-10  r/r0=4.1565e-08
[mg]   it 1159  |r|inf=5.050588e-10  r/r0=4.1759e-08
[mg]   it 1160  |r|inf=5.073657e-10  r/r0=4.1950e-08
[mg]   it 1161  |r|inf=5.096245e-10  r/r0=4.2137e-08
[mg]   it 1162  |r|inf=5.118352e-10  r/r0=4.2320e-08
[mg]   it 1163  |r|inf=5.139977e-10  r/r0=4.2498e-08
[mg]   it 1164  |r|inf=5.161119e-10  r/r0=4.2673e-08
[mg]   it 1165  |r|inf=5.181780e-10  r/r0=4.2844e-08
[mg]   it 1166  |r|inf=5.201958e-10  r/r0=4.3011e-08
[mg]   it 1167  |r|inf=5.221653e-10  r/r0=4.3174e-08
[mg]   it 1168  |r|inf=5.240865e-10  r/r0=4.3333e-08
[mg]   it 1169  |r|inf=5.259594e-10  r/r0=4.3487e-08
[mg]   it 1170  |r|inf=5.277841e-10  r/r0=4.3638e-08
[mg]   it 1171  |r|inf=5.295604e-10  r/r0=4.3785e-08
[mg]   it 1172  |r|inf=5.312883e-10  r/r0=4.3928e-08
[mg]   it 1173  |r|inf=5.329680e-10  r/r0=4.4067e-08
[mg]   it 1174  |r|inf=5.345993e-10  r/r0=4.4202e-08
[mg]   it 1175  |r|inf=5.361823e-10  r/r0=4.4333e-08
[mg]   it 1176  |r|inf=5.377170e-10  r/r0=4.4460e-08
[mg]   it 1177  |r|inf=5.392033e-10  r/r0=4.4582e-08
[mg]   it 1178  |r|inf=5.406414e-10  r/r0=4.4701e-08
[mg]   it 1179  |r|inf=5.420311e-10  r/r0=4.4816e-08
[mg]   it 1180  |r|inf=5.433726e-10  r/r0=4.4927e-08
[mg]   it 1181  |r|inf=5.446658e-10  r/r0=4.5034e-08
[mg]   it 1182  |r|inf=5.459108e-10  r/r0=4.5137e-08
[mg]   it 1183  |r|inf=5.471075e-10  r/r0=4.5236e-08
[mg]   it 1184  |r|inf=5.482560e-10  r/r0=4.5331e-08
[mg]   it 1185  |r|inf=5.493564e-10  r/r0=4.5422e-08
[mg]   it 1186  |r|inf=5.504086e-10  r/r0=4.5509e-08
[mg]   it 1187  |r|inf=5.514127e-10  r/r0=4.5592e-08
[mg]   it 1188  |r|inf=5.523687e-10  r/r0=4.5671e-08
[mg]   it 1189  |r|inf=5.532766e-10  r/r0=4.5746e-08
[mg]   it 1190  |r|inf=5.541365e-10  r/r0=4.5817e-08
[mg]   it 1191  |r|inf=5.549484e-10  r/r0=4.5884e-08
[mg]   it 1192  |r|inf=5.557124e-10  r/r0=4.5947e-08
[mg]   it 1193  |r|inf=5.564285e-10  r/r0=4.6007e-08
[mg]   it 1194  |r|inf=5.570968e-10  r/r0=4.6062e-08
[mg]   it 1195  |r|inf=5.577172e-10  r/r0=4.6113e-08
[mg]   it 1196  |r|inf=5.582899e-10  r/r0=4.6161e-08
[mg]   it 1197  |r|inf=5.588149e-10  r/r0=4.6204e-08
[mg]   it 1198  |r|inf=5.592922e-10  r/r0=4.6243e-08
[mg]   it 1199  |r|inf=5.597220e-10  r/r0=4.6279e-08
[mg]   it 1200  |r|inf=5.601042e-10  r/r0=4.6311e-08
[mg]   it 1201  |r|inf=5.604390e-10  r/r0=4.6338e-08
[mg]   it 1202  |r|inf=5.607263e-10  r/r0=4.6362e-08
[mg]   it 1203  |r|inf=5.609663e-10  r/r0=4.6382e-08
[mg]   it 1204  |r|inf=5.611590e-10  r/r0=4.6398e-08
[mg]   it 1205  |r|inf=5.613046e-10  r/r0=4.6410e-08
[mg]   it 1206  |r|inf=5.614030e-10  r/r0=4.6418e-08
[mg]   it 1207  |r|inf=5.614543e-10  r/r0=4.6422e-08
[mg]   it 1208  |r|inf=5.614587e-10  r/r0=4.6423e-08
[mg]   it 1209  |r|inf=5.614162e-10  r/r0=4.6419e-08
[mg]   it 1210  |r|inf=5.613269e-10  r/r0=4.6412e-08
[mg]   it 1211  |r|inf=5.611908e-10  r/r0=4.6400e-08
[mg]   it 1212  |r|inf=5.610081e-10  r/r0=4.6385e-08
[mg]   it 1213  |r|inf=5.607789e-10  r/r0=4.6366e-08
[mg]   it 1214  |r|inf=5.605032e-10  r/r0=4.6344e-08
[mg]   it 1215  |r|inf=5.601811e-10  r/r0=4.6317e-08
[mg]   it 1216  |r|inf=5.598128e-10  r/r0=4.6286e-08
[mg]   it 1217  |r|inf=5.593982e-10  r/r0=4.6252e-08
[mg]   it 1218  |r|inf=5.589377e-10  r/r0=4.6214e-08
[mg]   it 1219  |r|inf=5.584311e-10  r/r0=4.6172e-08
[mg]   it 1220  |r|inf=5.578788e-10  r/r0=4.6127e-08
[mg]   it 1221  |r|inf=5.572806e-10  r/r0=4.6077e-08
[mg]   it 1222  |r|inf=5.566369e-10  r/r0=4.6024e-08
[mg]   it 1223  |r|inf=5.559476e-10  r/r0=4.5967e-08
[mg]   it 1224  |r|inf=5.552129e-10  r/r0=4.5906e-08
[mg]   it 1225  |r|inf=5.544330e-10  r/r0=4.5842e-08
[mg]   it 1226  |r|inf=5.536079e-10  r/r0=4.5773e-08
[mg]   it 1227  |r|inf=5.527378e-10  r/r0=4.5701e-08
[mg]   it 1228  |r|inf=5.518227e-10  r/r0=4.5626e-08
[mg]   it 1229  |r|inf=5.508629e-10  r/r0=4.5546e-08
[mg]   it 1230  |r|inf=5.498585e-10  r/r0=4.5463e-08
[mg]   it 1231  |r|inf=5.488096e-10  r/r0=4.5377e-08
[mg]   it 1232  |r|inf=5.477163e-10  r/r0=4.5286e-08
[mg]   it 1233  |r|inf=5.465788e-10  r/r0=4.5192e-08
[mg]   it 1234  |r|inf=5.453973e-10  r/r0=4.5095e-08
[mg]   it 1235  |r|inf=5.441718e-10  r/r0=4.4993e-08
[mg]   it 1236  |r|inf=5.429025e-10  r/r0=4.4888e-08
[mg]   it 1237  |r|inf=5.415897e-10  r/r0=4.4780e-08
[mg]   it 1238  |r|inf=5.402334e-10  r/r0=4.4668e-08
[mg]   it 1239  |r|inf=5.388337e-10  r/r0=4.4552e-08
[mg]   it 1240  |r|inf=5.373910e-10  r/r0=4.4433e-08
[mg]   it 1241  |r|inf=5.359053e-10  r/r0=4.4310e-08
[mg]   it 1242  |r|inf=5.343768e-10  r/r0=4.4183e-08
[mg]   it 1243  |r|inf=5.328056e-10  r/r0=4.4053e-08
[mg]   it 1244  |r|inf=5.311920e-10  r/r0=4.3920e-08
[mg]   it 1245  |r|inf=5.295362e-10  r/r0=4.3783e-08
[mg]   it 1246  |r|inf=5.278382e-10  r/r0=4.3643e-08
[mg]   it 1247  |r|inf=5.260984e-10  r/r0=4.3499e-08
[mg]   it 1248  |r|inf=5.243168e-10  r/r0=4.3352e-08
[mg]   it 1249  |r|inf=5.224937e-10  r/r0=4.3201e-08
[mg]   it 1250  |r|inf=5.206293e-10  r/r0=4.3047e-08
[mg]   it 1251  |r|inf=5.187237e-10  r/r0=4.2889e-08
[mg]   it 1252  |r|inf=5.167772e-10  r/r0=4.2728e-08
[mg]   it 1253  |r|inf=5.147899e-10  r/r0=4.2564e-08
[mg]   it 1254  |r|inf=5.127621e-10  r/r0=4.2396e-08
[mg]   it 1255  |r|inf=5.106940e-10  r/r0=4.2225e-08
[mg]   it 1256  |r|inf=5.085858e-10  r/r0=4.2051e-08
[mg]   it 1257  |r|inf=5.064377e-10  r/r0=4.1873e-08
[mg]   it 1258  |r|inf=5.042499e-10  r/r0=4.1692e-08
[mg]   it 1259  |r|inf=5.020227e-10  r/r0=4.1508e-08
[mg]   it 1260  |r|inf=4.997562e-10  r/r0=4.1321e-08
[mg]   it 1261  |r|inf=4.974508e-10  r/r0=4.1130e-08
[mg]   it 1262  |r|inf=4.951066e-10  r/r0=4.0936e-08
[mg]   it 1263  |r|inf=4.927238e-10  r/r0=4.0739e-08
[mg]   it 1264  |r|inf=4.903028e-10  r/r0=4.0539e-08
[mg]   it 1265  |r|inf=4.878437e-10  r/r0=4.0336e-08
[mg]   it 1266  |r|inf=4.853468e-10  r/r0=4.0129e-08
[mg]   it 1267  |r|inf=4.828123e-10  r/r0=3.9920e-08
[mg]   it 1268  |r|inf=4.802405e-10  r/r0=3.9707e-08
[mg]   it 1269  |r|inf=4.781340e-10  r/r0=3.9533e-08
[mg]   it 1270  |r|inf=4.785472e-10  r/r0=3.9567e-08
[mg]   it 1271  |r|inf=4.789221e-10  r/r0=3.9598e-08
[mg]   it 1272  |r|inf=4.792589e-10  r/r0=3.9626e-08
[mg]   it 1273  |r|inf=4.795575e-10  r/r0=3.9651e-08
[mg]   it 1274  |r|inf=4.798179e-10  r/r0=3.9672e-08
[mg]   it 1275  |r|inf=4.800402e-10  r/r0=3.9691e-08
[mg]   it 1276  |r|inf=4.802245e-10  r/r0=3.9706e-08
[mg]   it 1277  |r|inf=4.803706e-10  r/r0=3.9718e-08
[mg]   it 1278  |r|inf=4.804788e-10  r/r0=3.9727e-08
[mg]   it 1279  |r|inf=4.805489e-10  r/r0=3.9733e-08
[mg]   it 1280  |r|inf=4.805811e-10  r/r0=3.9735e-08
[mg]   it 1281  |r|inf=4.805755e-10  r/r0=3.9735e-08
[mg]   it 1282  |r|inf=4.805319e-10  r/r0=3.9731e-08
[mg]   it 1283  |r|inf=4.804506e-10  r/r0=3.9725e-08
[mg]   it 1284  |r|inf=4.803316e-10  r/r0=3.9715e-08
[mg]   it 1285  |r|inf=4.801748e-10  r/r0=3.9702e-08
[mg]   it 1286  |r|inf=4.799805e-10  r/r0=3.9686e-08
[mg]   it 1287  |r|inf=4.797486e-10  r/r0=3.9667e-08
[mg]   it 1288  |r|inf=4.794792e-10  r/r0=3.9644e-08
[mg]   it 1289  |r|inf=4.791724e-10  r/r0=3.9619e-08
[mg]   it 1290  |r|inf=4.788283e-10  r/r0=3.9590e-08
[mg]   it 1291  |r|inf=4.784469e-10  r/r0=3.9559e-08
[mg]   it 1292  |r|inf=4.780284e-10  r/r0=3.9524e-08
[mg]   it 1293  |r|inf=4.775728e-10  r/r0=3.9487e-08
[mg]   it 1294  |r|inf=4.770802e-10  r/r0=3.9446e-08
[mg]   it 1295  |r|inf=4.765507e-10  r/r0=3.9402e-08
[mg]   it 1296  |r|inf=4.759844e-10  r/r0=3.9355e-08
[mg]   it 1297  |r|inf=4.753814e-10  r/r0=3.9306e-08
[mg]   it 1298  |r|inf=4.747419e-10  r/r0=3.9253e-08
[mg]   it 1299  |r|inf=4.740658e-10  r/r0=3.9197e-08
[mg]   it 1300  |r|inf=4.733534e-10  r/r0=3.9138e-08
[mg]   it 1301  |r|inf=4.726048e-10  r/r0=3.9076e-08
[mg]   it 1302  |r|inf=4.718200e-10  r/r0=3.9011e-08
[mg]   it 1303  |r|inf=4.709992e-10  r/r0=3.8943e-08
[mg]   it 1304  |r|inf=4.701425e-10  r/r0=3.8872e-08
[mg]   it 1305  |r|inf=4.692501e-10  r/r0=3.8799e-08
[mg]   it 1306  |r|inf=4.683220e-10  r/r0=3.8722e-08
[mg]   it 1307  |r|inf=4.673585e-10  r/r0=3.8642e-08
[mg]   it 1308  |r|inf=4.663596e-10  r/r0=3.8560e-08
[mg]   it 1309  |r|inf=4.653255e-10  r/r0=3.8474e-08
[mg]   it 1310  |r|inf=4.642563e-10  r/r0=3.8386e-08
[mg]   it 1311  |r|inf=4.631522e-10  r/r0=3.8294e-08
[mg]   it 1312  |r|inf=4.620134e-10  r/r0=3.8200e-08
[mg]   it 1313  |r|inf=4.608400e-10  r/r0=3.8103e-08
[mg]   it 1314  |r|inf=4.596321e-10  r/r0=3.8003e-08
[mg]   it 1315  |r|inf=4.583899e-10  r/r0=3.7901e-08
[mg]   it 1316  |r|inf=4.571136e-10  r/r0=3.7795e-08
[mg]   it 1317  |r|inf=4.558034e-10  r/r0=3.7687e-08
[mg]   it 1318  |r|inf=4.544594e-10  r/r0=3.7576e-08
[mg]   it 1319  |r|inf=4.530817e-10  r/r0=3.7462e-08
[mg]   it 1320  |r|inf=4.516707e-10  r/r0=3.7345e-08
[mg]   it 1321  |r|inf=4.502264e-10  r/r0=3.7226e-08
[mg]   it 1322  |r|inf=4.487490e-10  r/r0=3.7103e-08
[mg]   it 1323  |r|inf=4.472388e-10  r/r0=3.6979e-08
[mg]   it 1324  |r|inf=4.456959e-10  r/r0=3.6851e-08
[mg]   it 1325  |r|inf=4.441205e-10  r/r0=3.6721e-08
[mg]   it 1326  |r|inf=4.425128e-10  r/r0=3.6588e-08
[mg]   it 1327  |r|inf=4.408730e-10  r/r0=3.6452e-08
[mg]   it 1328  |r|inf=4.392012e-10  r/r0=3.6314e-08
[mg]   it 1329  |r|inf=4.374978e-10  r/r0=3.6173e-08
[mg]   it 1330  |r|inf=4.357629e-10  r/r0=3.6030e-08
[mg]   it 1331  |r|inf=4.339968e-10  r/r0=3.5884e-08
[mg]   it 1332  |r|inf=4.321995e-10  r/r0=3.5735e-08
[mg]   it 1333  |r|inf=4.303714e-10  r/r0=3.5584e-08
[mg]   it 1334  |r|inf=4.317158e-10  r/r0=3.5695e-08
[mg]   it 1335  |r|inf=4.331245e-10  r/r0=3.5812e-08
[mg]   it 1336  |r|inf=4.344999e-10  r/r0=3.5925e-08
[mg]   it 1337  |r|inf=4.358421e-10  r/r0=3.6036e-08
[mg]   it 1338  |r|inf=4.371510e-10  r/r0=3.6145e-08
[mg]   it 1339  |r|inf=4.384265e-10  r/r0=3.6250e-08
[mg]   it 1340  |r|inf=4.396687e-10  r/r0=3.6353e-08
[mg]   it 1341  |r|inf=4.408776e-10  r/r0=3.6453e-08
[mg]   it 1342  |r|inf=4.420530e-10  r/r0=3.6550e-08
[mg]   it 1343  |r|inf=4.431950e-10  r/r0=3.6644e-08
[mg]   it 1344  |r|inf=4.443035e-10  r/r0=3.6736e-08
[mg]   it 1345  |r|inf=4.453786e-10  r/r0=3.6825e-08
[mg]   it 1346  |r|inf=4.464203e-10  r/r0=3.6911e-08
[mg]   it 1347  |r|inf=4.474285e-10  r/r0=3.6994e-08
[mg]   it 1348  |r|inf=4.484033e-10  r/r0=3.7075e-08
[mg]   it 1349  |r|inf=4.493446e-10  r/r0=3.7153e-08
[mg]   it 1350  |r|inf=4.502525e-10  r/r0=3.7228e-08
[mg]   it 1351  |r|inf=4.511270e-10  r/r0=3.7300e-08
[mg]   it 1352  |r|inf=4.519681e-10  r/r0=3.7370e-08
[mg]   it 1353  |r|inf=4.527757e-10  r/r0=3.7436e-08
[mg]   it 1354  |r|inf=4.535500e-10  r/r0=3.7500e-08
[mg]   it 1355  |r|inf=4.542910e-10  r/r0=3.7562e-08
[mg]   it 1356  |r|inf=4.549986e-10  r/r0=3.7620e-08
[mg]   it 1357  |r|inf=4.556729e-10  r/r0=3.7676e-08
[mg]   it 1358  |r|inf=4.563140e-10  r/r0=3.7729e-08
[mg]   it 1359  |r|inf=4.569219e-10  r/r0=3.7779e-08
[mg]   it 1360  |r|inf=4.574966e-10  r/r0=3.7827e-08
[mg]   it 1361  |r|inf=4.580382e-10  r/r0=3.7872e-08
[mg]   it 1362  |r|inf=4.585467e-10  r/r0=3.7914e-08
[mg]   it 1363  |r|inf=4.590221e-10  r/r0=3.7953e-08
[mg]   it 1364  |r|inf=4.594646e-10  r/r0=3.7989e-08
[mg]   it 1365  |r|inf=4.598742e-10  r/r0=3.8023e-08
[mg]   it 1366  |r|inf=4.602509e-10  r/r0=3.8054e-08
[mg]   it 1367  |r|inf=4.605948e-10  r/r0=3.8083e-08
[mg]   it 1368  |r|inf=4.609060e-10  r/r0=3.8109e-08
[mg]   it 1369  |r|inf=4.611845e-10  r/r0=3.8132e-08
[mg]   it 1370  |r|inf=4.614305e-10  r/r0=3.8152e-08
[mg]   it 1371  |r|inf=4.616439e-10  r/r0=3.8170e-08
[mg]   it 1372  |r|inf=4.618249e-10  r/r0=3.8185e-08
[mg]   it 1373  |r|inf=4.619736e-10  r/r0=3.8197e-08
[mg]   it 1374  |r|inf=4.620900e-10  r/r0=3.8207e-08
[mg]   it 1375  |r|inf=4.621742e-10  r/r0=3.8213e-08
[mg]   it 1376  |r|inf=4.622263e-10  r/r0=3.8218e-08
[mg]   it 1377  |r|inf=4.622464e-10  r/r0=3.8219e-08
[mg]   it 1378  |r|inf=4.622347e-10  r/r0=3.8218e-08
[mg]   it 1379  |r|inf=4.621911e-10  r/r0=3.8215e-08
[mg]   it 1380  |r|inf=4.621158e-10  r/r0=3.8209e-08
[mg]   it 1381  |r|inf=4.6200[run] step 3/6
[run] step 4/6
[run] step 5/6
[run] step 6/6
[perf] 85807.4 ms/step  0.7 Mcell/s (0.7/rank)  pressure iters/step 1500.0
[phases, rank-max ms/step] step=85807.2  predictor=4.2  momentum=935.0  projection=84864.4  pressure_allreduce=20.3  allreduce_count=7505
[out] spheres_bench_np1.json
