[cfg] global 384x384x384 = 56.6M cells  ranks=1  backend=Cuda  grid=staggered  IBM=cutcell  face_interp=9  bottom=auto  spheres=587 R=24.0 cells  phi=0.6003  levels=7  pressure=fcg(maxit=300,rtol=1e-08,warmstart=0)  steps=0+6 then march(tol=0,max=6)
  rank 0: block 384x384x384 at [0, 0, 0]  gcn121.local.snellius.surf.nl 0000:C6:00.0
[sdf] built in 1.5s  voxel solid fraction=0.6003 (packing 0.6003)
[mg] initMpi 384x384x384 np=1 -> 7 levels (requested 7)
[mg]  L0 global  384x 384x 384  rank0 block  384x 384x 384  ratio(2,2,2)
[mg]  L1 global  192x 192x 192  rank0 block  192x 192x 192  ratio(2,2,2)
[mg]  L2 global   96x  96x  96  rank0 block   96x  96x  96  ratio(2,2,2)
[mg]  L3 global   48x  48x  48  rank0 block   48x  48x  48  ratio(2,2,2)
[mg]  L4 global   24x  24x  24  rank0 block   24x  24x  24  ratio(2,2,2)
[mg]  L5 global   12x  12x  12  rank0 block   12x  12x  12  ratio(2,2,2)
[mg]  L6 global    6x   6x   6  rank0 block    6x   6x   6  ratio(1,1,1)
[run] warmup 0 steps...
[mg] fcg solve 0: r0=2.134915e-02 rtol=1.0e-08 (pre=2 post=2 bottom=12)
[mg]   it   1  |r|inf=2.935573e-02  r/r0=1.3750e+00
[mg]   it   1  beta=4.379967e-03  pr=3.978e-15 (|r^T z_k| / |r^T z_{k+1}|)
[mg]   it   2  |r|inf=5.575596e-03  r/r0=2.6116e-01
[mg]   it   2  beta=1.655656e-02  pr=5.862e-02 (|r^T z_k| / |r^T z_{k+1}|)
[mg]   it   3  |r|inf=1.279174e-03  r/r0=5.9917e-02
[mg]   it   3  beta=2.769079e-02  pr=3.578e-02 (|r^T z_k| / |r^T z_{k+1}|)
[mg]   it   4  |r|inf=7.968146e-04  r/r0=3.7323e-02
[mg]   it   4  beta=2.199599e-02  pr=4.464e-02 (|r^T z_k| / |r^T z_{k+1}|)
[mg]   it   5  |r|inf=5.852345e-04  r/r0=2.7413e-02
[mg]   it   5  beta=1.177929e-01  pr=1.211e-02 (|r^T z_k| / |r^T z_{k+1}|)
[mg]   it   6  |r|inf=2.578567e-04  r/r0=1.2078e-02
[mg]   it   6  beta=4.832284e-01  pr=5.985e-03 (|r^T z_k| / |r^T z_{k+1}|)
[mg]   it   7  |r|inf=1.787947e-04  r/r0=8.3748e-03
[mg]   it   7  beta=2.461329e-01  pr=1.006e-02 (|r^T z_k| / |r^T z_{k+1}|)
[mg]   it   8  |r|inf=1.211376e-04  r/r0=5.6741e-03
[mg]   it   8  beta=5.083730e-01  pr=5.982e-03 (|r^T z_k| / |r^T z_{k+1}|)
[mg]   it   9  |r|inf=9.390860e-05  r/r0=4.3987e-03
[mg]   it   9  beta=5.577188e-01  pr=7.362e-03 (|r^T z_k| / |r^T z_{k+1}|)
[mg]   it  10  |r|inf=8.241632e-05  r/r0=3.8604e-03
[mg]   it  10  beta=7.393536e-01  pr=7.056e-03 (|r^T z_k| / |r^T z_{k+1}|)
[mg]   it  11  |r|inf=4.459261e-05  r/r0=2.0887e-03
[mg]   it  11  beta=3.944122e-01  pr=8.420e-03 (|r^T z_k| / |r^T z_{k+1}|)
[mg]   it  12  |r|inf=5.244386e-05  r/r0=2.4565e-03
[mg]   it  12  beta=6.517885e-01  pr=5.655e-03 (|r^T z_k| / |r^T z_{k+1}|)
[mg]   it  13  |r|inf=5.359483e-05  r/r0=2.5104e-03
[mg]   it  13  beta=4.083010e-01  pr=8.531e-03 (|r^T z_k| / |r^T z_{k+1}|)
[mg]   it  14  |r|inf=5.361730e-05  r/r0=2.5114e-03
[mg]   it  14  beta=5.251310e-01  pr=7.859e-03 (|r^T z_k| / |r^T z_{k+1}|)
[mg]   it  15  |r|inf=3.725586e-05  r/r0=1.7451e-03
[mg]   it  15  beta=4.482799e-01  pr=9.671e-03 (|r^T z_k| / |r^T z_{k+1}|)
[mg]   it  16  |r|inf=1.785753e-05  r/r0=8.3645e-04
[mg]   it  16  beta=4.072585e-01  pr=9.071e-03 (|r^T z_k| / |r^T z_{k+1}|)
[mg]   it  17  |r|inf=7.010012e-06  r/r0=3.2835e-04
[mg]   it  17  beta=4.433195e-01  pr=9.840e-03 (|r^T z_k| / |r^T z_{k+1}|)
[mg]   it  18  |r|inf=3.709784e-06  r/r0=1.7377e-04
[mg]   it  18  beta=5.044796e-01  pr=8.948e-03 (|r^T z_k| / |r^T z_{k+1}|)
[mg]   it  19  |r|inf=3.570630e-06  r/r0=1.6725e-04
[mg]   it  19  beta=5.375702e-01  pr=1.148e-02 (|r^T z_k| / |r^T z_{k+1}|)
[mg]   it  20  |r|inf=2.162231e-06  r/r0=1.0128e-04
[mg]   it  20  beta=5.248065e-01  pr=1.259e-02 (|r^T z_k| / |r^T z_{k+1}|)
[mg]   it  21  |r|inf=1.285722e-06  r/r0=6.0224e-05
[mg]   it  21  beta=3.351790e-01  pr=1.682e-02 (|r^T z_k| / |r^T z_{k+1}|)
[mg]   it  22  |r|inf=1.677544e-06  r/r0=7.8577e-05
[mg]   it  22  beta=5.922591e-01  pr=1.171e-02 (|r^T z_k| / |r^T z_{k+1}|)
[mg]   it  23  |r|inf=1.867557e-06  r/r0=8.7477e-05
[mg]   it  23  beta=6.503551e-01  pr=1.336e-02 (|r^T z_k| / |r^T z_{k+1}|)
[mg]   it  24  |r|inf=1.472776e-06  r/r0=6.8985e-05
[mg]   it  24  beta=5.860297e-01  pr=1.503e-02 (|r^T z_k| / |r^T z_{k+1}|)
[mg]   it  25  |r|inf=1.091910e-06  r/r0=5.1145e-05
[mg]   it  25  beta=5.654467e-01  pr=1.794e-02 (|r^T z_k| / |r^T z_{k+1}|)
[mg]   it  26  |r|inf=7.538390e-07  r/r0=3.5310e-05
[mg]   it  26  beta=5.446906e-01  pr=2.114e-02 (|r^T z_k| / |r^T z_{k+1}|)
[mg]   it  27  |r|inf=5.325173e-07  r/r0=2.4943e-05
[mg]   it  27  beta=6.443770e-01  pr=2.322e-02 (|r^T z_k| / |r^T z_{k+1}|)
[mg]   it  28  |r|inf=6.981996e-07  r/r0=3.2704e-05
[mg]   it  28  beta=5.903852e-01  pr=2.812e-02 (|r^T z_k| / |r^T z_{k+1}|)
[mg]   it  29  |r|inf=4.735448e-07  r/r0=2.2181e-05
[mg]   it  29  beta=5.022260e-01  pr=3.683e-02 (|r^T z_k| / |r^T z_{k+1}|)
[mg]   it  30  |r|inf=2.945797e-07  r/r0=1.3798e-05
[mg]   it  30  beta=5.015550e-01  pr=4.190e-02 (|r^T z_k| / |r^T z_{k+1}|)
[mg]   it  31  |r|inf=3.504525e-07  r/r0=1.6415e-05
[mg]   it  31  beta=4.898106e-01  pr=4.575e-02 (|r^T z_k| / |r^T z_{k+1}|)
[mg]   it  32  |r|inf=1.642347e-07  r/r0=7.6928e-06
[mg]   it  32  beta=5.817514e-01  pr=5.175e-02 (|r^T z_k| / |r^T z_{k+1}|)
[mg]   it  33  |r|inf=2.412977e-07  r/r0=1.1302e-05
[mg]   it  33  beta=9.594961e-01  pr=4.210e-02 (|r^T z_k| / |r^T z_{k+1}|)
[mg]   it  34  |r|inf=2.598603e-07  r/r0=1.2172e-05
[mg]   it  34  beta=6.726623e-01  pr=6.231e-02 (|r^T z_k| / |r^T z_{k+1}|)
[mg]   it  35  |r|inf=1.602428e-07  r/r0=7.5058e-06
[mg]   it  35  beta=5.730301e-01  pr=7.572e-02 (|r^T z_k| / |r^T z_{k+1}|)
[mg]   it  36  |r|inf=1.913298e-07  r/r0=8.9619e-06
[mg]   it  36  beta=6.150754e-01  pr=7.277e-02 (|r^T z_k| / |r^T z_{k+1}|)
[mg]   it  37  |r|inf=9.374313e-08  r/r0=4.3910e-06
[mg]   it  37  beta=4.730070e-01  pr=1.092e-01 (|r^T z_k| / |r^T z_{k+1}|)
[mg]   it  38  |r|inf=9.402156e-08  r/r0=4.4040e-06
[mg]   it  38  beta=4.230051e-01  pr=1.016e-01 (|r^T z_k| / |r^T z_{k+1}|)
[mg]   it  39  |r|inf=4.227364e-08  r/r0=1.9801e-06
[mg]   it  39  beta=4.276697e-01  pr=1.240e-01 (|r^T z_k| / |r^T z_{k+1}|)
[mg]   it  40  |r|inf=5.303494e-08  r/r0=2.4842e-06
[mg]   it  40  beta=6.144837e-01  pr=9.195e-02 (|r^T z_k| / |r^T z_{k+1}|)
[mg]   it  41  |r|inf=4.046044e-08  r/r0=1.8952e-06
[mg]   it  41  beta=6.824523e-01  pr=1.060e-01 (|r^T z_k| / |r^T z_{k+1}|)
[mg]   it  42  |r|inf=4.700485e-08  r/r0=2.2017e-06
[mg]   it  42  beta=9.255775e-01  pr=8.820e-02 (|r^T z_k| / |r^T z_{k+1}|)
[mg]   it  43  |r|inf=4.427156e-08  r/r0=2.0737e-06
[mg]   it  43  beta=7.830046e-01  pr=1.079e-01 (|r^T z_k| / |r^T z_{k+1}|)
[mg]   it  44  |r|inf=4.517222e-08  r/r0=2.1159e-06
[mg]   it  44  beta=8.838788e-01  pr=1.029e-01 (|r^T z_k| / |r^T z_{k+1}|)
[mg]   it  45  |r|inf=3.887151e-08  r/r0=1.8208e-06
[mg]   it  45  beta=6.439944e-01  pr=1.319e-01 (|r^T z_k| / |r^T z_{k+1}|)
[mg]   it  46  |r|inf=3.634854e-08  r/r0=1.7026e-06
[mg]   it  46  beta=7.183347e-01  pr=1.195e-01 (|r^T z_k| / |r^T z_{k+1}|)
[mg]   it  47  |r|inf=3.005508e-08  r/r0=1.4078e-06
[mg]   it  47  beta=6.629316e-01  pr=1.332e-01 (|r^T z_k| / |r^T z_{k+1}|)
[mg]   it  48  |r|inf=3.265231e-08  r/r0=1.5294e-06
[mg]   it  48  beta=8.872294e-01  pr=1.103e-01 (|r^T z_k| / |r^T z_{k+1}|)
[mg]   it  49  |r|inf=2.961037e-08  r/r0=1.3870e-06
[mg]   it  49  beta=9.153559e-01  pr=1.207e-01 (|r^T z_k| / |r^T z_{k+1}|)
[mg]   it  50  |r|inf=4.080079e-08  r/r0=1.9111e-06
[mg]   it  50  beta=1.205273e+00  pr=1.008e-01 (|r^T z_k| / |r^T z_{k+1}|)
[mg]   it  51  |r|inf=3.380350e-08  r/r0=1.5834e-06
[mg]   it  51  beta=1.140325e+00  pr=1.167e-01 (|r^T z_k| / |r^T z_{k+1}|)
[mg]   it  52  |r|inf=5.649541e-08  r/r0=2.6463e-06
[mg]   it  52  beta=1.223539e+00  pr=1.038e-01 (|r^T z_k| / |r^T z_{k+1}|)
[mg]   it  53  |r|inf=4.801297e-08  r/r0=2.2489e-06
[mg]   it  53  beta=1.120376e+00  pr=1.261e-01 (|r^T z_k| / |r^T z_{k+1}|)
[mg]   it  54  |r|inf=7.937033e-08  r/r0=3.7177e-06
[mg]   it  54  beta=1.022995e+00  pr=1.173e-01 (|r^T z_k| / |r^T z_{k+1}|)
[mg]   it  55  |r|inf=6.373161e-08  r/r0=2.9852e-06
[mg]   it  55  beta=9.902946e-01  pr=1.362e-01 (|r^T z_k| / |r^T z_{k+1}|)
[mg]   it  56  |r|inf=8.677818e-08  r/r0=4.0647e-06
[mg]   it  56  beta=8.476308e-01  pr=1.315e-01 (|r^T z_k| / |r^T z_{k+1}|)
[mg]   it  57  |r|inf=6.528518e-08  r/r0=3.0580e-06
[mg]   it  57  beta=8.697301e-01  pr=1.432e-01 (|r^T z_k| / |r^T z_{k+1}|)
[mg]   it  58  |r|inf=7.127661e-08  r/r0=3.3386e-06
[mg]   it  58  beta=6.942282e-01  pr=1.508e-01 (|r^T z_k| / |r^T z_{k+1}|)
[mg]   it  59  |r|inf=6.005922e-08  r/r0=2.8132e-06
[mg]   it  59  beta=7.584822e-01  pr=1.461e-01 (|r^T z_k| / |r^T z_{k+1}|)
[mg]   it  60  |r|inf=4.512537e-08  r/r0=2.1137e-06
[mg]   it  60  beta=6.211036e-01  pr=1.633e-01 (|r^T z_k| / |r^T z_{k+1}|)
[mg]   it  61  |r|inf=5.008021e-08  r/r0=2.3458e-06
[mg]   it  61  beta=7.145588e-01  pr=1.420e-01 (|r^T z_k| / |r^T z_{k+1}|)
[mg]   it  62  |r|inf=3.038855e-08  r/r0=1.4234e-06
[mg]   it  62  beta=6.822136e-01  pr=1.585e-01 (|r^T z_k| / |r^T z_{k+1}|)
[mg]   it  63  |r|inf=4.619392e-08  r/r0=2.1637e-06
[mg]   it  63  beta=8.014579e-01  pr=1.310e-01 (|r^T z_k| / |r^T z_{k+1}|)
[mg]   it  64  |r|inf=3.298386e-08  r/r0=1.5450e-06
[mg]   it  64  beta=8.674533e-01  pr=1.415e-01 (|r^T z_k| / |r^T z_{k+1}|)
[mg]   it  65  |r|inf=5.173785e-08  r/r0=2.4234e-06
[mg]   it  65  beta=9.325072e-01  pr=1.223e-01 (|r^T z_k| / |r^T z_{k+1}|)
[mg]   it  66  |r|inf=4.101073e-08  r/r0=1.9210e-06
[mg]   it  66  beta=1.021758e+00  pr=1.332e-01 (|r^T z_k| / |r^T z_{k+1}|)
[mg]   it  67  |r|inf=5.870566e-08  r/r0=2.7498e-06
[mg]   it  67  beta=9.390138e-01  pr=1.270e-01 (|r^T z_k| / |r^T z_{k+1}|)
[mg]   it  68  |r|inf=4.725284e-08  r/r0=2.2133e-06
[mg]   it  68  beta=1.021875e+00  pr=1.322e-01 (|r^T z_k| / |r^T z_{k+1}|)
[mg]   it  69  |r|inf=5.665767e-08  r/r0=2.6539e-06
[mg]   it  69  beta=8.516256e-01  pr=1.377e-01 (|r^T z_k| / |r^T z_{k+1}|)
[mg]   it  70  |r|inf=5.443562e-08  r/r0=2.5498e-06
[mg]   it  70  beta=9.283005e-01  pr=1.340e-01 (|r^T z_k| / |r^T z_{k+1}|)
[mg]   it  71  |r|inf=4.254864e-08  r/r0=1.9930e-06
[mg]   it  71  beta=7.821614e-01  pr=1.491e-01 (|r^T z_k| / |r^T z_{k+1}|)
[mg]   it  72  |r|inf=5.511613e-08  r/r0=2.5817e-06
[mg]   it  72  beta=8.491864e-01  pr=1.347e-01 (|r^T z_k| / |r^T z_{k+1}|)
[mg]   it  73  |r|inf=3.500157e-08  r/r0=1.6395e-06
[mg]   it  73  beta=7.763689e-01  pr=1.517e-01 (|r^T z_k| / |r^T z_{k+1}|)
[mg]   it  74  |r|inf=5.658344e-08  r/r0=2.6504e-06
[mg]   it  74  beta=8.192782e-01  pr=1.333e-01 (|r^T z_k| / |r^T z_{k+1}|)
[mg]   it  75  |r|inf=3.946421e-08  r/r0=1.8485e-06
[mg]   it  75  beta=8.352416e-01  pr=1.469e-01 (|r^T z_k| / |r^T z_{k+1}|)
[mg]   it  76  |r|inf=5.631460e-08  r/r0=2.6378e-06
[mg]   it  76  beta=8.317446e-01  pr=1.328e-01 (|r^T z_k| / |r^T z_{k+1}|)
[mg]   it  77  |r|inf=4.235369e-08  r/r0=1.9839e-06
[mg]   it  77  beta=9.202920e-01  pr=1.382e-01 (|r^T z_k| / |r^T z_{k+1}|)
[mg]   it  78  |r|inf=5.406364e-08  r/r0=2.5324e-06
[mg]   it  78  beta=8.496766e-01  pr=1.339e-01 (|r^T z_k| / |r^T z_{k+1}|)
[mg]   it  79  |r|inf=4.659610e-08  r/r0=2.1826e-06
[mg]   it  79  beta=9.617648e-01  pr=1.325e-01 (|r^T z_k| / |r^T z_{k+1}|)
[mg]   it  80  |r|inf=4.674178e-08  r/r0=2.1894e-06
[mg]   it  80  beta=8.439666e-01  pr=1.396e-01 (|r^T z_k| / |r^T z_{k+1}|)
[mg]   it  81  |r|inf=5.430833e-08  r/r0=2.5438e-06
[mg]   it  81  beta=9.360744e-01  pr=1.306e-01 (|r^T z_k| / |r^T z_{k+1}|)
[mg]   it  82  |r|inf=3.418728e-08  r/r0=1.6013e-06
[mg]   it  82  beta=8.244664e-01  pr=1.448e-01 (|r^T z_k| / |r^T z_{k+1}|)
[mg]   it  83  |r|inf=5.691997e-08  r/r0=2.6661e-06
[mg]   it  83  beta=8.758915e-01  pr=1.310e-01 (|r^T z_k| / |r^T z_{k+1}|)
[mg]   it  84  |r|inf=3.804537e-08  r/r0=1.7821e-06
[mg]   it  84  beta=8.209198e-01  pr=1.477e-01 (|r^T z_k| / |r^T z_{k+1}|)
[mg]   it  85  |r|inf=5.863168e-08  r/r0=2.7463e-06
[mg]   it  85  beta=8.275314e-01  pr=1.332e-01 (|r^T z_k| / |r^T z_{k+1}|)
[mg]   it  86  |r|inf=4.153529e-08  r/r0=1.9455e-06
[mg]   it  86  beta=8.507680e-01  pr=1.438e-01 (|r^T z_k| / |r^T z_{k+1}|)
[mg]   it  87  |r|inf=5.490711e-08  r/r0=2.5719e-06
[mg]   it  87  beta=8.148120e-01  pr=1.343e-01 (|r^T z_k| / |r^T z_{k+1}|)
[mg]   it  88  |r|inf=4.186544e-08  r/r0=1.9610e-06
[mg]   it  88  beta=9.036527e-01  pr=1.372e-01 (|r^T z_k| / |r^T z_{k+1}|)
[mg]   it  89  |r|inf=4.818073e-08  r/r0=2.2568e-06
[mg]   it  89  beta=8.301454e-01  pr=1.368e-01 (|r^T z_k| / |r^T z_{k+1}|)
[mg]   it  90  |r|inf=4.974020e-08  r/r0=2.3298e-06
[mg]   it  90  beta=9.450996e-01  pr=1.309e-01 (|r^T z_k| / |r^T z_{k+1}|)
[mg]   it  91  |r|inf=3.785772e-08  r/r0=1.7733e-06
[mg]   it  91  beta=8.483893e-01  pr=1.388e-01 (|r^T z_k| / |r^T z_{k+1}|)
[mg]   it  92  |r|inf=5.473385e-08  r/r0=2.5637e-06
[mg]   it  92  beta=9.399745e-01  pr=1.280e-01 (|r^T z_k| / |r^T z_{k+1}|)
[mg]   it  93  |r|inf=3.459831e-08  r/r0=1.6206e-06
[mg]   it  93  beta=8.536143e-01  pr=1.426e-01 (|r^T z_k| / |r^T z_{k+1}|)
[mg]   it  94  |r|inf=5.981194e-08  r/r0=2.8016e-06
[mg]   it  94  beta=8.915687e-01  pr=1.292e-01 (|r^T z_k| / |r^T z_{k+1}|)
[mg]   it  95  |r|inf=4.127229e-08  r/r0=1.9332e-06
[mg]   it  95  beta=8.524033e-01  pr=1.437e-01 (|r^T z_k| / |r^T z_{k+1}|)
[mg]   it  96  |r|inf=5.931566e-08  r/r0=2.7784e-06
[mg]   it  96  beta=8.339800e-01  pr=1.323e-01 (|r^T z_k| / |r^T z_{k+1}|)
[mg]   it  97  |r|inf=4.354152e-08  r/r0=2.0395e-06
[mg]   it  97  beta=8.589244e-01  pr=1.423e-01 (|r^T z_k| / |r^T z_{k+1}|)
[mg]   it  98  |r|inf=5.195062e-08  r/r0=2.4334e-06
[mg]   it  98  beta=8.002496e-01  pr=1.368e-01 (|r^T z_k| / |r^T z_{k+1}|)
[mg]   it  99  |r|inf=4.655743e-08  r/r0=2.1808e-06
[mg]   it  99  beta=8.831628e-01  pr=1.369e-01 (|r^T z_k| / |r^T z_{k+1}|)
[mg]   it 100  |r|inf=4.102084e-08  r/r0=1.9214e-06
[mg]   it 100  beta=8.040993e-01  pr=1.386e-01 (|r^T z_k| / |r^T z_{k+1}|)
[mg]   it 101  |r|inf=5.131488e-08  r/r0=2.4036e-06
[mg]   it 101  beta=9.150453e-01  pr=1.309e-01 (|r^T z_k| / |r^T z_{k+1}|)
[mg]   it 102  |r|inf=3.264592e-08  r/r0=1.5291e-06
[mg]   it 102  beta=8.344002e-01  pr=1.404e-01 (|r^T z_k| / |r^T z_{k+1}|)
[mg]   it 103  |r|inf=5.378236e-08  r/r0=2.5192e-06
[mg]   it 103  beta=9.288569e-01  pr=1.273e-01 (|r^T z_k| / |r^T z_{k+1}|)
[mg]   it 104  |r|inf=3.571132e-08  r/r0=1.6727e-06
[mg]   it 104  beta=8.670755e-01  pr=1.404e-01 (|r^T z_k| / |r^T z_{k+1}|)
[mg]   it 105  |r|inf=5.879689e-08  r/r0=2.7541e-06
[mg]   it 105  beta=9.052721e-01  pr=1.270e-01 (|r^T z_k| / |r^T z_{k+1}|)
[mg]   it 106  |r|inf=4.276938e-08  r/r0=2.0033e-06
[mg]   it 106  beta=8.835998e-01  pr=1.410e-01 (|r^T z_k| / |r^T z_{k+1}|)
[mg]   it 107  |r|inf=5.688117e-08  r/r0=2.6643e-06
[mg]   it 107  beta=8.552653e-01  pr=1.312e-01 (|r^T z_k| / |r^T z_{k+1}|)
[mg]   it 108  |r|inf=4.475313e-08  r/r0=2.0962e-06
[mg]   it 108  beta=8.863588e-01  pr=1.394e-01 (|r^T z_k| / |r^T z_{k+1}|)
[mg]   it 109  |r|inf=4.773683e-08  r/r0=2.2360e-06
[mg]   it 109  beta=8.090473e-01  pr=1.361e-01 (|r^T z_k| / |r^T z_{k+1}|)
[mg]   it 110  |r|inf=5.166339e-08  r/r0=2.4199e-06
[mg]   it 110  beta=8.861109e-01  pr=1.362e-01 (|r^T z_k| / |r^T z_{k+1}|)
[mg]   it 111  |r|inf=3.392417e-08  r/r0=1.5890e-06
[mg]   it 111  beta=7.910389e-01  pr=1.413e-01 (|r^T z_k| / |r^T z_{k+1}|)
[mg]   it 112  |r|inf=5.297622e-08  r/r0=2.4814e-06
[mg]   it 112  beta=8.922530e-01  pr=1.319e-01 (|r^T z_k| / |r^T z_{k+1}|)
[mg]   it 113  |r|inf=3.489919e-08  r/r0=1.6347e-06
[mg]   it 113  beta=8.098941e-01  pr=1.424e-01 (|r^T z_k| / |r^T z_{k+1}|)
[mg]   it 114  |r|inf=5.428865e-08  r/r0=2.5429e-06
[mg]   it 114  beta=8.999743e-01  pr=1.280e-01 (|r^T z_k| / |r^T z_{k+1}|)
[mg]   it 115  |r|inf=3.752856e-08  r/r0=1.7578e-06
[mg]   it 115  beta=8.527437e-01  pr=1.421e-01 (|r^T z_k| / |r^T z_{k+1}|)
[mg]   it 116  |r|inf=5.525967e-08  r/r0=2.5884e-06
[mg]   it 116  beta=8.939065e-01  pr=1.276e-01 (|r^T z_k| / |r^T z_{k+1}|)
[mg]   it 117  |r|inf=4.292168e-08  r/r0=2.0105e-06
[mg]   it 117  beta=8.951520e-01  pr=1.396e-01 (|r^T z_k| / |r^T z_{k+1}|)
[mg]   it 118  |r|inf=5.122301e-08  r/r0=2.3993e-06
[mg]   it 118  beta=8.653714e-01  pr=1.298e-01 (|r^T z_k| / |r^T z_{k+1}|)
[mg]   it 119  |r|inf=4.891198e-08  r/r0=2.2911e-06
[mg]   it 119  beta=9.153372e-01  pr=1.373e-01 (|r^T z_k| / |r^T z_{k+1}|)
[mg]   it 120  |r|inf=4.109362e-08  r/r0=1.9248e-06
[mg]   it 120  beta=8.254452e-01  pr=1.361e-01 (|r^T z_k| / |r^T z_{k+1}|)
[mg]   it 121  |r|inf=5.489987e-08  r/r0=2.5715e-06
[mg]   it 121  beta=9.115284e-01  pr=1.345e-01 (|r^T z_k| / |r^T z_{k+1}|)
[mg]   it 122  |r|inf=3.652805e-08  r/r0=1.7110e-06
[mg]   it 122  beta=7.975414e-01  pr=1.415e-01 (|r^T z_k| / |r^T z_{k+1}|)
[mg]   it 123  |r|inf=5.387666e-08  r/r0=2.5236e-06
[mg]   it 123  beta=8.943461e-01  pr=1.316e-01 (|r^T z_k| / |r^T z_{k+1}|)
[mg]   it 124  |r|inf=3.651090e-08  r/r0=1.7102e-06
[mg]   it 124  beta=7.988153e-01  pr=1.456e-01 (|r^T z_k| / |r^T z_{k+1}|)
[mg]   it 125  |r|inf=5.429624e-08  r/r0=2.5433e-06
[mg]   it 125  beta=8.772903e-01  pr=1.298e-01 (|r^T z_k| / |r^T z_{k+1}|)
[mg]   it 126  |r|inf=3.991171e-08  r/r0=1.8695e-06
[mg]   it 126  beta=8.339284e-01  pr=1.446e-01 (|r^T z_k| / |r^T z_{k+1}|)
[mg]   it 127  |r|inf=5.082912e-08  r/r0=2.3809e-06
[mg]   it 127  beta=8.642833e-01  pr=1.290e-01 (|r^T z_k| / |r^T z_{k+1}|)
[mg]   it 128  |r|inf=4.279205e-08  r/r0=2.0044e-06
[mg]   it 128  beta=8.870988e-01  pr=1.413e-01 (|r^T z_k| / |r^T z_{k+1}|)
[mg]   it 129  |r|inf=4.363149e-08  r/r0=2.0437e-06
[mg]   it 129  beta=8.492090e-01  pr=1.319e-01 (|r^T z_k| / |r^T z_{k+1}|)
[mg]   it 130  |r|inf=5.134370e-08  r/r0=2.4050e-06
[mg]   it 130  beta=9.302971e-01  pr=1.365e-01 (|r^T z_k| / |r^T z_{k+1}|)
[mg]   it 131  |r|inf=3.540902e-08  r/r0=1.6586e-06
[mg]   it 131  beta=8.287473e-01  pr=1.365e-01 (|r^T z_k| / |r^T z_{k+1}|)
[mg]   it 132  |r|inf=5.534838e-08  r/r0=2.5925e-06
[mg]   it 132  beta=9.386196e-01  pr=1.327e-01 (|r^T z_k| / |r^T z_{k+1}|)
[mg]   it 133  |r|inf=3.832152e-08  r/r0=1.7950e-06
[mg]   it 133  beta=8.099159e-01  pr=1.433e-01 (|r^T z_k| / |r^T z_{k+1}|)
[mg]   it 134  |r|inf=5.472619e-08  r/r0=2.5634e-06
[mg]   it 134  beta=9.120390e-01  pr=1.307e-01 (|r^T z_k| / |r^T z_{k+1}|)
[mg]   it 135  |r|inf=3.851912e-08  r/r0=1.8042e-06
[mg]   it 135  beta=8.080510e-01  pr=1.474e-01 (|r^T z_k| / |r^T z_{k+1}|)
[mg]   it 136  |r|inf=5.282111e-08  r/r0=2.4742e-06
[mg]   it 136  beta=8.697056e-01  pr=1.303e-01 (|r^T z_k| / |r^T z_{k+1}|)
[mg]   it 137  |r|inf=4.263917e-08  r/r0=1.9972e-06
[mg]   it 137  beta=8.325434e-01  pr=1.479e-01 (|r^T z_k| / |r^T z_{k+1}|)
[mg]   it 138  |r|inf=4.555443e-08  r/r0=2.1338e-06
[mg]   it 138  beta=8.338444e-01  pr=1.326e-01 (|r^T z_k| / |r^T z_{k+1}|)
[mg]   it 139  |r|inf=4.724786e-08  r/r0=2.2131e-06
[mg]   it 139  beta=8.811355e-01  pr=1.432e-01 (|r^T z_k| / |r^T z_{k+1}|)
[mg]   it 140  |r|inf=3.505476e-08  r/r0=1.6420e-06
[mg]   it 140  beta=8.155295e-01  pr=1.356e-01 (|r^T z_k| / |r^T z_{k+1}|)
[mg]   it 141  |r|inf=5.246218e-08  r/r0=2.4573e-06
[mg]   it 141  beta=9.306260e-01  pr=1.369e-01 (|r^T z_k| / |r^T z_{k+1}|)
[mg]   it 142  |r|inf=3.696749e-08  r/r0=1.7316e-06
[mg]   it 142  beta=8.114729e-01  pr=1.412e-01 (|r^T z_k| / |r^T z_{k+1}|)
[mg]   it 143  |r|inf=5.301685e-08  r/r0=2.4833e-06
[mg]   it 143  beta=9.497320e-01  pr=1.317e-01 (|r^T z_k| / |r^T z_{k+1}|)
[mg]   it 144  |r|inf=3.767847e-08  r/r0=1.7649e-06
[mg]   it 144  beta=8.165914e-01  pr=1.460e-01 (|r^T z_k| / |r^T z_{k+1}|)
[mg]   it 145  |r|inf=5.293684e-08  r/r0=2.4796e-06
[mg]   it 145  beta=9.223671e-01  pr=1.294e-01 (|r^T z_k| / |r^T z_{k+1}|)
[mg]   it 146  |r|inf=4.206398e-08  r/r0=1.9703e-06
[mg]   it 146  beta=8.300826e-01  pr=1.500e-01 (|r^T z_k| / |r^T z_{k+1}|)
[mg]   it 147  |r|inf=4.845023e-08  r/r0=2.2694e-06
[mg]   it 147  beta=8.649317e-01  pr=1.316e-01 (|r^T z_k| / |r^T z_{k+1}|)
[mg]   it 148  |r|inf=4.531027e-08  r/r0=2.1223e-06
[mg]   it 148  beta=8.566657e-01  pr=1.491e-01 (|r^T z_k| / |r^T z_{k+1}|)
[mg]   it 149  |r|inf=3.839354e-08  r/r0=1.7984e-06
[mg]   it 149  beta=8.100074e-01  pr=1.360e-01 (|r^T z_k| / |r^T z_{k+1}|)
[mg]   it 150  |r|inf=5.141330e-08  r/r0=2.4082e-06
[mg]   it 150  beta=8.937742e-01  pr=1.442e-01 (|r^T z_k| / |r^T z_{k+1}|)
[mg]   it 151  |r|inf=3.632415e-08  r/r0=1.7014e-06
[mg]   it 151  beta=7.817215e-01  pr=1.428e-01 (|r^T z_k| / |r^T z_{k+1}|)
[mg]   it 152  |r|inf=5.209561e-08  r/r0=2.4402e-06
[mg]   it 152  beta=9.285412e-01  pr=1.371e-01 (|r^T z_k| / |r^T z_{k+1}|)
[mg]   it 153  |r|inf=3.698495e-08  r/r0=1.7324e-06
[mg]   it 153  beta=7.874750e-01  pr=1.479e-01 (|r^T z_k| / |r^T z_{k+1}|)
[mg]   it 154  |r|inf=4.963062e-08  r/r0=2.3247e-06
[mg]   it 154  beta=9.368558e-01  pr=1.313e-01 (|r^T z_k| / |r^T z_{k+1}|)
[mg]   it 155  |r|inf=3.884028e-08  r/r0=1.8193e-06
[mg]   it 155  beta=8.181825e-01  pr=1.520e-01 (|r^T z_k| / |r^T z_{k+1}|)
[mg]   it 156  |r|inf=4.781739e-08  r/r0=2.2398e-06
[mg]   it 156  beta=9.047488e-01  pr=1.304e-01 (|r^T z_k| / |r^T z_{k+1}|)
[mg]   it 157  |r|inf=4.424357e-08  r/r0=2.0724e-06
[mg]   it 157  beta=8.605209e-01  pr=1.520e-01 (|r^T z_k| / |r^T z_{k+1}|)
[mg]   it 158  |r|inf=4.045941e-08  r/r0=1.8951e-06
[mg]   it 158  beta=8.448937e-01  pr=1.339e-01 (|r^T z_k| / |r^T z_{k+1}|)
[mg]   it 159  |r|inf=5.057288e-08  r/r0=2.3688e-06
[mg]   it 159  beta=8.996034e-01  pr=1.488e-01 (|r^T z_k| / |r^T z_{k+1}|)
[mg]   it 160  |r|inf=3.686420e-08  r/r0=1.7267e-06
[mg]   it 160  beta=7.880172e-01  pr=1.425e-01 (|r^T z_k| / |r^T z_{k+1}|)
[mg]   it 161  |r|inf=5.292482e-08  r/r0=2.4790e-06
[mg]   it 161  beta=9.244185e-01  pr=1.424e-01 (|r^T z_k| / |r^T z_{k+1}|)
[mg]   it 162  |r|inf=3.771260e-08  r/r0=1.7665e-06
[mg]   it 162  beta=7.622031e-01  pr=1.509e-01 (|r^T z_k| / |r^T z_{k+1}|)
[mg]   it 163  |r|inf=4.864015e-08  r/r0=2.2783e-06
[mg]   it 163  beta=9.250026e-01  pr=1.359e-01 (|r^T z_k| / |r^T z_{k+1}|)
[mg]   it 164  |r|inf=3.689397e-08  r/r0=1.7281e-06
[mg]   it 164  beta=7.784805e-01  pr=1.574e-01 (|r^T z_k| / |r^T z_{k+1}|)
[mg]   it 165  |r|inf=4.582473e-08  r/r0=2.1464e-06
[mg]   it 165  beta=8.993077e-01  pr=1.329e-01 (|r^T z_k| / |r^T z_{k+1}|)
[mg]   it 166  |r|inf=4.253977e-08  r/r0=1.9926e-06
[mg]   it 166  beta=8.322575e-01  pr=1.574e-01 (|r^T z_k| / |r^T z_{k+1}|)
[mg]   it 167  |r|inf=3.939055e-08  r/r0=1.8451e-06
[mg]   it 167  beta=8.537699e-01  pr=1.342e-01 (|r^T z_k| / |r^T z_{k+1}|)
[mg]   it 168  |r|inf=4.764841e-08  r/r0=2.2319e-06
[mg]   it 168  beta=8.996167e-01  pr=1.529e-01 (|r^T z_k| / |r^T z_{k+1}|)
[mg]   it 169  |r|inf=3.609293e-08  r/r0=1.6906e-06
[mg]   it 169  beta=8.035443e-01  pr=1.418e-01 (|r^T z_k| / |r^T z_{k+1}|)
[mg]   it 170  |r|inf=5.203836e-08  r/r0=2.4375e-06
[mg]   it 170  beta=9.472745e-01  pr=1.454e-01 (|r^T z_k| / |r^T z_{k+1}|)
[mg]   it 171  |r|inf=3.809978e-08  r/r0=1.7846e-06
[mg]   it 171  beta=7.694235e-01  pr=1.516e-01 (|r^T z_k| / |r^T z_{k+1}|)
[mg]   it 172  |r|inf=4.934725e-08  r/r0=2.3114e-06
[mg]   it 172  beta=9.472070e-01  pr=1.385e-01 (|r^T z_k| / |r^T z_{k+1}|)
[mg]   it 173  |r|inf=3.668190e-08  r/r0=1.7182e-06
[mg]   it 173  beta=7.674190e-01  pr=1.614e-01 (|r^T z_k| / |r^T z_{k+1}|)
[mg]   it 174  |r|inf=4.502965e-08  r/r0=2.1092e-06
[mg]   it 174  beta=9.014027e-01  pr=1.356e-01 (|r^T z_k| / |r^T z_{k+1}|)
[mg]   it 175  |r|inf=4.271052e-08  r/r0=2.0006e-06
[mg]   it 175  beta=8.058428e-01  pr=1.640e-01 (|r^T z_k| / |r^T z_{k+1}|)
[mg]   it 176  |r|inf=3.806322e-08  r/r0=1.7829e-06
[mg]   it 176  beta=8.371772e-01  pr=1.372e-01 (|r^T z_k| / |r^T z_{k+1}|)
[mg]   it 177  |r|inf=4.600805e-08  r/r0=2.1550e-06
[mg]   it 177  beta=8.750081e-01  pr=1.593e-01 (|r^T z_k| / |r^T z_{k+1}|)
[mg]   it 178  |r|inf=3.546237e-08  r/r0=1.6611e-06
[mg]   it 178  beta=7.847031e-01  pr=1.449e-01 (|r^T z_k| / |r^T z_{k+1}|)
[mg]   it 179  |r|inf=4.974932e-08  r/r0=2.3303e-06
[mg]   it 179  beta=9.439924e-01  pr=1.493e-01 (|r^T z_k| / |r^T z_{k+1}|)
[mg]   it 180  |r|inf=3.703302e-08  r/r0=1.7346e-06
[mg]   it 180  beta=7.616566e-01  pr=1.546e-01 (|r^T z_k| / |r^T z_{k+1}|)
[mg]   it 181  |r|inf=4.745207e-08  r/r0=2.2227e-06
[mg]   it 181  beta=9.660113e-01  pr=1.402e-01 (|r^T z_k| / |r^T z_{k+1}|)
[mg]   it 182  |r|inf=3.631873e-08  r/r0=1.7012e-06
[mg]   it 182  beta=7.716991e-01  pr=1.647e-01 (|r^T z_k| / |r^T z_{k+1}|)
[mg]   it 183  |r|inf=4.312890e-08  r/r0=2.0202e-06
[mg]   it 183  beta=9.211892e-01  pr=1.365e-01 (|r^T z_k| / |r^T z_{k+1}|)
[mg]   it 184  |r|inf=4.331875e-08  r/r0=2.0291e-06
[mg]   it 184  beta=8.140820e-01  pr=1.681e-01 (|r^T z_k| / |r^T z_{k+1}|)
[mg]   it 185  |r|inf=3.656203e-08  r/r0=1.7126e-06
[mg]   it 185  beta=8.375334e-01  pr=1.395e-01 (|r^T z_k| / |r^T z_{k+1}|)
[mg]   it 186  |r|inf=4.625027e-08  r/r0=2.1664e-06
[mg]   it 186  beta=8.775437e-01  pr=1.640e-01 (|r^T z_k| / |r^T z_{k+1}|)
[mg]   it 187  |r|inf=3.623239e-08  r/r0=1.6971e-06
[mg]   it 187  beta=7.641970e-01  pr=1.498e-01 (|r^T z_k| / |r^T z_{k+1}|)
[mg]   it 188  |r|inf=4.869179e-08  r/r0=2.2807e-06
[mg]   it 188  beta=9.369197e-01  pr=1.531e-01 (|r^T z_k| / |r^T z_{k+1}|)
[mg]   it 189  |r|inf=3.626696e-08  r/r0=1.6988e-06
[mg]   it 189  beta=7.355152e-01  pr=1.616e-01 (|r^T z_k| / |r^T z_{k+1}|)
[mg]   it 190  |r|inf=4.456460e-08  r/r0=2.0874e-06
[mg]   it 190  beta=9.540316e-01  pr=1.427e-01 (|r^T z_k| / |r^T z_{k+1}|)
[mg]   it 191  |r|inf=3.679835e-08  r/r0=1.7236e-06
[mg]   it 191  beta=7.592573e-01  pr=1.714e-01 (|r^T z_k| / |r^T z_{k+1}|)
[mg]   it 192  |r|inf=3.973879e-08  r/r0=1.8614e-06
[mg]   it 192  beta=9.109370e-01  pr=1.384e-01 (|r^T z_k| / |r^T z_{k+1}|)
[mg]   it 193  |r|inf=4.315219e-08  r/r0=2.0213e-06
[mg]   it 193  beta=8.262558e-01  pr=1.722e-01 (|r^T z_k| / |r^T z_{k+1}|)
[mg]   it 194  |r|inf=3.317771e-08  r/r0=1.5541e-06
[mg]   it 194  beta=8.297378e-01  pr=1.422e-01 (|r^T z_k| / |r^T z_{k+1}|)
[mg]   it 195  |r|inf=4.607600e-08  r/r0=2.1582e-06
[mg]   it 195  beta=9.072794e-01  pr=1.654e-01 (|r^T z_k| / |r^T z_{k+1}|)
[mg]   it 196  |r|inf=3.675858e-08  r/r0=1.7218e-06
[mg]   it 196  beta=7.558156e-01  pr=1.549e-01 (|r^T z_k| / |r^T z_{k+1}|)
[mg]   it 197  |r|inf=4.755623e-08  r/r0=2.2275e-06
[mg]   it 197  beta=9.590810e-01  pr=1.536e-01 (|r^T z_k| / |r^T z_{k+1}|)
[mg]   it 198  |r|inf=3.554829e-08  r/r0=1.6651e-06
[mg]   it 198  beta=7.262772e-01  pr=1.693e-01 (|r^T z_k| / |r^T z_{k+1}|)
[mg]   it 199  |r|inf=4.148055e-08  r/r0=1.9430e-06
[mg]   it 199  beta=9.448206e-01  pr=1.439e-01 (|r^T z_k| / |r^T z_{k+1}|)
[mg]   it 200  |r|inf=3.905925e-08  r/r0=1.8295e-06
[mg]   it 200  beta=7.548734e-01  pr=1.794e-01 (|r^T z_k| / |r^T z_{k+1}|)
[mg]   it 201  |r|inf=3.638345e-08  r/r0=1.7042e-06
[mg]   it 201  beta=8.732639e-01  pr=1.420e-01 (|r^T z_k| / |r^T z_{k+1}|)
[mg]   it 202  |r|inf=4.330883e-08  r/r0=2.0286e-06
[mg]   it 202  beta=8.361937e-01  pr=1.770e-01 (|r^T z_k| / |r^T z_{k+1}|)
[mg]   it 203  |r|inf=3.419882e-08  r/r0=1.6019e-06
[mg]   it 203  beta=7.892180e-01  pr=1.486e-01 (|r^T z_k| / |r^T z_{k+1}|)
[mg]   it 204  |r|inf=4.522446e-08  r/r0=2.1183e-06
[mg]   it 204  beta=9.323559e-01  pr=1.655e-01 (|r^T z_k| / |r^T z_{k+1}|)
[mg]   it 205  |r|inf=3.601854e-08  r/r0=1.6871e-06
[mg]   it 205  beta=7.347452e-01  pr=1.634e-01 (|r^T z_k| / |r^T z_{k+1}|)
[mg]   it 206  |r|inf=4.438261e-08  r/r0=2.0789e-06
[mg]   it 206  beta=9.796129e-01  pr=1.515e-01 (|r^T z_k| / |r^T z_{k+1}|)
[mg]   it 207  |r|inf=3.344389e-08  r/r0=1.5665e-06
[mg]   it 207  beta=7.318914e-01  pr=1.777e-01 (|r^T z_k| / |r^T z_{k+1}|)
[mg]   it 208  |r|inf=3.750497e-08  r/r0=1.7567e-06
[mg]   it 208  beta=9.355017e-01  pr=1.436e-01 (|r^T z_k| / |r^T z_{k+1}|)
[mg]   it 209  |r|inf=4.164288e-08  r/r0=1.9506e-06
[mg]   it 209  beta=7.830121e-01  pr=1.850e-01 (|r^T z_k| / |r^T z_{k+1}|)
[mg]   it 210  |r|inf=3.256424e-08  r/r0=1.5253e-06
[mg]   it 210  beta=8.327772e-01  pr=1.465e-01 (|r^T z_k| / |r^T z_{k+1}|)
[mg]   it 211  |r|inf=4.334274e-08  r/r0=2.0302e-06
[mg]   it 211  beta=8.737988e-01  pr=1.780e-01 (|r^T z_k| / |r^T z_{k+1}|)
[mg]   it 212  |r|inf=3.551632e-08  r/r0=1.6636e-06
[mg]   it 212  beta=7.417110e-01  pr=1.587e-01 (|r^T z_k| / |r^T z_{k+1}|)
[mg]   it 213  |r|inf=4.400388e-08  r/r0=2.0612e-06
[mg]   it 213  beta=9.552186e-01  pr=1.630e-01 (|r^T z_k| / |r^T z_{k+1}|)
[mg]   it 214  |r|inf=3.421137e-08  r/r0=1.6025e-06
[mg]   it 214  beta=7.080036e-01  pr=1.765e-01 (|r^T z_k| / |r^T z_{k+1}|)
[mg]   it 215  |r|inf=3.922455e-08  r/r0=1.8373e-06
[mg]   it 215  beta=9.653982e-01  pr=1.492e-01 (|r^T z_k| / |r^T z_{k+1}|)
[mg]   it 216  |r|inf=3.741368e-08  r/r0=1.7525e-06
[mg]   it 216  beta=7.440069e-01  pr=1.876e-01 (|r^T z_k| / |r^T z_{k+1}|)
[mg]   it 217  |r|inf=3.373497e-08  r/r0=1.5802e-06
[mg]   it 217  beta=8.887439e-01  pr=1.451e-01 (|r^T z_k| / |r^T z_{k+1}|)
[mg]   it 218  |r|inf=4.277005e-08  r/r0=2.0034e-06
[mg]   it 218  beta=8.351290e-01  pr=1.869e-01 (|r^T z_k| / |r^T z_{k+1}|)
[mg]   it 219  |r|inf=3.442036e-08  r/r0=1.6123e-06
[mg]   it 219  beta=7.807714e-01  pr=1.543e-01 (|r^T z_k| / |r^T z_{k+1}|)
[mg]   it 220  |r|inf=4.256241e-08  r/r0=1.9936e-06
[mg]   it 220  beta=9.376032e-01  pr=1.730e-01 (|r^T z_k| / |r^T z_{k+1}|)
[mg]   it 221  |r|inf=3.519289e-08  r/r0=1.6484e-06
[mg]   it 221  beta=7.097842e-01  pr=1.721e-01 (|r^T z_k| / |r^T z_{k+1}|)
[mg]   it 222  |r|inf=4.084576e-08  r/r0=1.9132e-06
[mg]   it 222  beta=9.764793e-01  pr=1.569e-01 (|r^T z_k| / |r^T z_{k+1}|)
[mg]   it 223  |r|inf=3.365304e-08  r/r0=1.5763e-06
[mg]   it 223  beta=7.093626e-01  pr=1.904e-01 (|r^T z_k| / |r^T z_{k+1}|)
[mg]   it 224  |r|inf=3.344426e-08  r/r0=1.5665e-06
[mg]   it 224  beta=9.166174e-01  pr=1.482e-01 (|r^T z_k| / |r^T z_{k+1}|)
[mg]   it 225  |r|inf=4.091606e-08  r/r0=1.9165e-06
[mg]   it 225  beta=7.839093e-01  pr=1.944e-01 (|r^T z_k| / |r^T z_{k+1}|)
[mg]   it 226  |r|inf=3.261614e-08  r/r0=1.5277e-06
[mg]   it 226  beta=8.055322e-01  pr=1.522e-01 (|r^T z_k| / |r^T z_{k+1}|)
[mg]   it 227  |r|inf=4.142790e-08  r/r0=1.9405e-06
[mg]   it 227  beta=9.016795e-01  pr=1.830e-01 (|r^T z_k| / |r^T z_{k+1}|)
[mg]   it 228  |r|inf=3.475963e-08  r/r0=1.6282e-06
[mg]   it 228  beta=7.188994e-01  pr=1.692e-01 (|r^T z_k| / |r^T z_{k+1}|)
[mg]   it 229  |r|inf=4.032110e-08  r/r0=1.8887e-06
[mg]   it 229  beta=9.843925e-01  pr=1.638e-01 (|r^T z_k| / |r^T z_{k+1}|)
[mg]   it 230  |r|inf=3.169791e-08  r/r0=1.4847e-06
[mg]   it 230  beta=7.004973e-01  pr=1.885e-01 (|r^T z_k| / |r^T z_{k+1}|)
[mg]   it 231  |r|inf=3.400700e-08  r/r0=1.5929e-06
[mg]   it 231  beta=9.541882e-01  pr=1.509e-01 (|r^T z_k| / |r^T z_{k+1}|)
[mg]   it 232  |r|inf=3.909725e-08  r/r0=1.8313e-06
[mg]   it 232  beta=7.571839e-01  pr=1.994e-01 (|r^T z_k| / |r^T z_{k+1}|)
[mg]   it 233  |r|inf=3.150923e-08  r/r0=1.4759e-06
[mg]   it 233  beta=8.358722e-01  pr=1.521e-01 (|r^T z_k| / |r^T z_{k+1}|)
[mg]   it 234  |r|inf=4.170957e-08  r/r0=1.9537e-06
[mg]   it 234  beta=8.695940e-01  pr=1.911e-01 (|r^T z_k| / |r^T z_{k+1}|)
[mg]   it 235  |r|inf=3.459806e-08  r/r0=1.6206e-06
[mg]   it 235  beta=7.241243e-01  pr=1.672e-01 (|r^T z_k| / |r^T z_{k+1}|)
[mg]   it 236  |r|inf=3.909642e-08  r/r0=1.8313e-06
[mg]   it 236  beta=9.677716e-01  pr=1.717e-01 (|r^T z_k| / |r^T z_{k+1}|)
[mg]   it 237  |r|inf=3.199907e-08  r/r0=1.4988e-06
[mg]   it 237  beta=6.840997e-01  pr=1.899e-01 (|r^T z_k| / |r^T z_{k+1}|)
[mg]   it 238  |r|inf=3.428056e-08  r/r0=1.6057e-06
[mg]   it 238  beta=9.656888e-01  pr=1.550e-01 (|r^T z_k| / |r^T z_{k+1}|)
[mg]   it 239  |r|inf=3.669061e-08  r/r0=1.7186e-06
[mg]   it 239  beta=7.331647e-01  pr=2.025e-01 (|r^T z_k| / |r^T z_{k+1}|)
[mg]   it 240  |r|inf=3.015051e-08  r/r0=1.4123e-06
[mg]   it 240  beta=8.599773e-01  pr=1.519e-01 (|r^T z_k| / |r^T z_{k+1}|)
[mg]   it 241  |r|inf=4.087327e-08  r/r0=1.9145e-06
[mg]   it 241  beta=8.510833e-01  pr=1.973e-01 (|r^T z_k| / |r^T z_{k+1}|)
[mg]   it 242  |r|inf=3.417626e-08  r/r0=1.6008e-06
[mg]   it 242  beta=7.391012e-01  pr=1.661e-01 (|r^T z_k| / |r^T z_{k+1}|)
[mg]   it 243  |r|inf=3.758577e-08  r/r0=1.7605e-06
[mg]   it 243  beta=9.675779e-01  pr=1.770e-01 (|r^T z_k| / |r^T z_{k+1}|)
[mg]   it 244  |r|inf=3.231470e-08  r/r0=1.5136e-06
[mg]   it 244  beta=6.822112e-01  pr=1.890e-01 (|r^T z_k| / |r^T z_{k+1}|)
[mg]   it 245  |r|inf=3.419853e-08  r/r0=1.6019e-06
[mg]   it 245  beta=9.772048e-01  pr=1.585e-01 (|r^T z_k| / |r^T z_{k+1}|)
[mg]   it 246  |r|inf=3.517306e-08  r/r0=1.6475e-06
[mg]   it 246  beta=7.155024e-01  pr=2.068e-01 (|r^T z_k| / |r^T z_{k+1}|)
[mg]   it 247  |r|inf=2.964082e-08  r/r0=1.3884e-06
[mg]   it 247  beta=8.682712e-01  pr=1.539e-01 (|r^T z_k| / |r^T z_{k+1}|)
[mg]   it 248  |r|inf=3.998342e-08  r/r0=1.8728e-06
[mg]   it 248  beta=8.297907e-01  pr=2.025e-01 (|r^T z_k| / |r^T z_{k+1}|)
[mg]   it 249  |r|inf=3.370969e-08  r/r0=1.5790e-06
[mg]   it 249  beta=7.389822e-01  pr=1.663e-01 (|r^T z_k| / |r^T z_{k+1}|)
[mg]   it 250  |r|inf=3.670996e-08  r/r0=1.7195e-06
[mg]   it 250  beta=9.576667e-01  pr=1.820e-01 (|r^T z_k| / |r^T z_{k+1}|)
[mg]   it 251  |r|inf=3.185755e-08  r/r0=1.4922e-06
[mg]   it 251  beta=6.767143e-01  pr=1.909e-01 (|r^T z_k| / |r^T z_{k+1}|)
[mg]   it 252  |r|inf=3.311425e-08  r/r0=1.5511e-06
[mg]   it 252  beta=9.855082e-01  pr=1.610e-01 (|r^T z_k| / |r^T z_{k+1}|)
[mg]   it 253  |r|inf=3.412500e-08  r/r0=1.5984e-06
[mg]   it 253  beta=7.106294e-01  pr=2.085e-01 (|r^T z_k| / |r^T z_{k+1}|)
[mg]   it 254  |r|inf=2.943615e-08  r/r0=1.3788e-06
[mg]   it 254  beta=8.797625e-01  pr=1.545e-01 (|r^T z_k| / |r^T z_{k+1}|)
[mg]   it 255  |r|inf=3.916512e-08  r/r0=1.8345e-06
[mg]   it 255  beta=8.267618e-01  pr=2.064e-01 (|r^T z_k| / |r^T z_{k+1}|)
[mg]   it 256  |r|inf=3.362945e-08  r/r0=1.5752e-06
[mg]   it 256  beta=7.406644e-01  pr=1.679e-01 (|r^T z_k| / |r^T z_{k+1}|)
[mg]   it 257  |r|inf=3.630742e-08  r/r0=1.7006e-06
[mg]   it 257  beta=9.575992e-01  pr=1.847e-01 (|r^T z_k| / |r^T z_{k+1}|)
[mg]   it 258  |r|inf=3.151690e-08  r/r0=1.4763e-06
[mg] [run] step 1/6
  it 258  beta=6.702150e-01  pr=1.929e-01 (|r^T z_k| / |r^T z_{k+1}|)
[mg]   it 259  |r|inf=3.183584e-08  r/r0=1.4912e-06
[mg]   it 259  beta=9.823084e-01  pr=1.631e-01 (|r^T z_k| / |r^T z_{k+1}|)
[mg]   it 260  |r|inf=3.442386e-08  r/r0=1.6124e-06
[mg]   it 260  beta=7.023144e-01  pr=2.130e-01 (|r^T z_k| / |r^T z_{k+1}|)
[mg]   it 261  |r|inf=2.959877e-08  r/r0=1.3864e-06
[mg]   it 261  beta=8.728756e-01  pr=1.564e-01 (|r^T z_k| / |r^T z_{k+1}|)
[mg]   it 262  |r|inf=3.805852e-08  r/r0=1.7827e-06
[mg]   it 262  beta=8.263084e-01  pr=2.086e-01 (|r^T z_k| / |r^T z_{k+1}|)
[mg]   it 263  |r|inf=3.327441e-08  r/r0=1.5586e-06
[mg]   it 263  beta=7.347860e-01  pr=1.695e-01 (|r^T z_k| / |r^T z_{k+1}|)
[mg]   it 264  |r|inf=3.513251e-08  r/r0=1.6456e-06
[mg]   it 264  beta=9.643585e-01  pr=1.860e-01 (|r^T z_k| / |r^T z_{k+1}|)
[mg]   it 265  |r|inf=3.145348e-08  r/r0=1.4733e-06
[mg]   it 265  beta=6.681286e-01  pr=1.966e-01 (|r^T z_k| / |r^T z_{k+1}|)
[mg]   it 266  |r|inf=3.033860e-08  r/r0=1.4211e-06
[mg]   it 266  beta=9.860141e-01  pr=1.635e-01 (|r^T z_k| / |r^T z_{k+1}|)
[mg]   it 267  |r|inf=3.487686e-08  r/r0=1.6336e-06
[mg]   it 267  beta=7.065500e-01  pr=2.151e-01 (|r^T z_k| / |r^T z_{k+1}|)
[mg]   it 268  |r|inf=3.026955e-08  r/r0=1.4178e-06
[mg]   it 268  beta=8.644276e-01  pr=1.576e-01 (|r^T z_k| / |r^T z_{k+1}|)
[mg]   it 269  |r|inf=3.725590e-08  r/r0=1.7451e-06
[mg]   it 269  beta=8.342124e-01  pr=2.106e-01 (|r^T z_k| / |r^T z_{k+1}|)
[mg]   it 270  |r|inf=3.314345e-08  r/r0=1.5524e-06
[mg]   it 270  beta=7.208687e-01  pr=1.736e-01 (|r^T z_k| / |r^T z_{k+1}|)
[mg]   it 271  |r|inf=3.369714e-08  r/r0=1.5784e-06
[mg]   it 271  beta=9.696005e-01  pr=1.857e-01 (|r^T z_k| / |r^T z_{k+1}|)
[mg]   it 272  |r|inf=3.225195e-08  r/r0=1.5107e-06
[mg]   it 272  beta=6.609671e-01  pr=2.007e-01 (|r^T z_k| / |r^T z_{k+1}|)
[mg]   it 273  |r|inf=2.851448e-08  r/r0=1.3356e-06
[mg]   it 273  beta=9.773749e-01  pr=1.634e-01 (|r^T z_k| / |r^T z_{k+1}|)
[mg]   it 274  |r|inf=3.494951e-08  r/r0=1.6370e-06
[mg]   it 274  beta=7.122664e-01  pr=2.190e-01 (|r^T z_k| / |r^T z_{k+1}|)
[mg]   it 275  |r|inf=3.089226e-08  r/r0=1.4470e-06
[mg]   it 275  beta=8.475493e-01  pr=1.595e-01 (|r^T z_k| / |r^T z_{k+1}|)
[mg]   it 276  |r|inf=3.619088e-08  r/r0=1.6952e-06
[mg]   it 276  beta=8.536891e-01  pr=2.097e-01 (|r^T z_k| / |r^T z_{k+1}|)
[mg]   it 277  |r|inf=3.281609e-08  r/r0=1.5371e-06
[mg]   it 277  beta=7.087020e-01  pr=1.771e-01 (|r^T z_k| / |r^T z_{k+1}|)
[mg]   it 278  |r|inf=3.191851e-08  r/r0=1.4951e-06
[mg]   it 278  beta=9.833481e-01  pr=1.839e-01 (|r^T z_k| / |r^T z_{k+1}|)
[mg]   it 279  |r|inf=3.329821e-08  r/r0=1.5597e-06
[mg]   it 279  beta=6.594584e-01  pr=2.065e-01 (|r^T z_k| / |r^T z_{k+1}|)
[mg]   it 280  |r|inf=2.676936e-08  r/r0=1.2539e-06
[mg]   it 280  beta=9.668093e-01  pr=1.627e-01 (|r^T z_k| / |r^T z_{k+1}|)
[mg]   it 281  |r|inf=3.507349e-08  r/r0=1.6429e-06
[mg]   it 281  beta=7.247093e-01  pr=2.210e-01 (|r^T z_k| / |r^T z_{k+1}|)
[mg]   it 282  |r|inf=3.167672e-08  r/r0=1.4837e-06
[mg]   it 282  beta=8.214313e-01  pr=1.616e-01 (|r^T z_k| / |r^T z_{k+1}|)
[mg]   it 283  |r|inf=3.499092e-08  r/r0=1.6390e-06
[mg]   it 283  beta=8.737530e-01  pr=2.089e-01 (|r^T z_k| / |r^T z_{k+1}|)
[mg]   it 284  |r|inf=3.219398e-08  r/r0=1.5080e-06
[mg]   it 284  beta=6.894531e-01  pr=1.834e-01 (|r^T z_k| / |r^T z_{k+1}|)
[mg]   it 285  |r|inf=2.963049e-08  r/r0=1.3879e-06
[mg]   it 285  beta=9.925898e-01  pr=1.807e-01 (|r^T z_k| / |r^T z_{k+1}|)
[mg]   it 286  |r|inf=3.418658e-08  r/r0=1.6013e-06
[mg]   it 286  beta=6.604194e-01  pr=2.113e-01 (|r^T z_k| / |r^T z_{k+1}|)
[mg]   it 287  |r|inf=2.613243e-08  r/r0=1.2241e-06
[mg]   it 287  beta=9.497191e-01  pr=1.616e-01 (|r^T z_k| / |r^T z_{k+1}|)
[mg]   it 288  |r|inf=3.473154e-08  r/r0=1.6268e-06
[mg]   it 288  beta=7.463052e-01  pr=2.228e-01 (|r^T z_k| / |r^T z_{k+1}|)
[mg]   it 289  |r|inf=3.228356e-08  r/r0=1.5122e-06
[mg]   it 289  beta=7.943375e-01  pr=1.649e-01 (|r^T z_k| / |r^T z_{k+1}|)
[mg]   it 290  |r|inf=3.364183e-08  r/r0=1.5758e-06
[mg]   it 290  beta=9.043580e-01  pr=2.050e-01 (|r^T z_k| / |r^T z_{k+1}|)
[mg]   it 291  |r|inf=3.140256e-08  r/r0=1.4709e-06
[mg]   it 291  beta=6.742089e-01  pr=1.892e-01 (|r^T z_k| / |r^T z_{k+1}|)
[mg]   it 292  |r|inf=2.708503e-08  r/r0=1.2687e-06
[mg]   it 292  beta=9.979791e-01  pr=1.770e-01 (|r^T z_k| / |r^T z_{k+1}|)
[mg]   it 293  |r|inf=3.507261e-08  r/r0=1.6428e-06
[mg]   it 293  beta=6.650216e-01  pr=2.178e-01 (|r^T z_k| / |r^T z_{k+1}|)
[mg]   it 294  |r|inf=2.817264e-08  r/r0=1.3196e-06
[mg]   it 294  beta=9.211948e-01  pr=1.612e-01 (|r^T z_k| / |r^T z_{k+1}|)
[mg]   it 295  |r|inf=3.396521e-08  r/r0=1.5909e-06
[mg]   it 295  beta=7.724096e-01  pr=2.223e-01 (|r^T z_k| / |r^T z_{k+1}|)
[mg]   it 296  |r|inf=3.253842e-08  r/r0=1.5241e-06
[mg]   it 296  beta=7.612784e-01  pr=1.689e-01 (|r^T z_k| / |r^T z_{k+1}|)
[mg]   it 297  |r|inf=3.181310e-08  r/r0=1.4901e-06
[mg]   it 297  beta=9.337048e-01  pr=2.006e-01 (|r^T z_k| / |r^T z_{k+1}|)
[mg]   it 298  |r|inf=3.090911e-08  r/r0=1.4478e-06
[mg]   it 298  beta=6.611167e-01  pr=1.972e-01 (|r^T z_k| / |r^T z_{k+1}|)
[mg]   it 299  |r|inf=2.456726e-08  r/r0=1.1507e-06
[mg]   it 299  beta=9.983996e-01  pr=1.725e-01 (|r^T z_k| / |r^T z_{k+1}|)
[mg]   it 300  |r|inf=3.565324e-08  r/r0=1.6700e-06
[mg]   it 300  beta=6.794444e-01  pr=2.216e-01 (|r^T z_k| / |r^T z_{k+1}|)
[mg] fcg solve 1: r0=1.286798e-02 rtol=1.0e-08 (pre=2 post=2 bottom=12)
[mg]   it   1  |r|inf=2.465370e-02  r/r0=1.9159e+00
[mg]   it   1  beta=7.487284e-03  pr=3.144e-14 (|r^T z_k| / |r^T z_{k+1}|)
[mg]   it   2  |r|inf=3.745169e-03  r/r0=2.9105e-01
[mg]   it   2  beta=1.803367e-02  pr=7.082e-02 (|r^T z_k| / |r^T z_{k+1}|)
[mg]   it   3  |r|inf=7.959433e-04  r/r0=6.1855e-02
[mg]   it   3  beta=2.720308e-02  pr=4.018e-02 (|r^T z_k| / |r^T z_{k+1}|)
[mg]   it   4  |r|inf=5.819382e-04  r/r0=4.5224e-02
[mg]   it   4  beta=2.534844e-02  pr=4.425e-02 (|r^T z_k| / |r^T z_{k+1}|)
[mg]   it   5  |r|inf=4.308375e-04  r/r0=3.3481e-02
[mg]   it   5  beta=1.262953e-01  pr=1.244e-02 (|r^T z_k| / |r^T z_{k+1}|)
[mg]   it   6  |r|inf=1.833701e-04  r/r0=1.4250e-02
[mg]   it   6  beta=4.612132e-01  pr=6.986e-03 (|r^T z_k| / |r^T z_{k+1}|)
[mg]   it   7  |r|inf=1.080969e-04  r/r0=8.4005e-03
[mg]   it   7  beta=2.434239e-01  pr=1.016e-02 (|r^T z_k| / |r^T z_{k+1}|)
[mg]   it   8  |r|inf=8.676961e-05  r/r0=6.7431e-03
[mg]   it   8  beta=4.819509e-01  pr=6.450e-03 (|r^T z_k| / |r^T z_{k+1}|)
[mg]   it   9  |r|inf=7.082482e-05  r/r0=5.5040e-03
[mg]   it   9  beta=5.681204e-01  pr=7.367e-03 (|r^T z_k| / |r^T z_{k+1}|)
[mg]   it  10  |r|inf=5.089162e-05  r/r0=3.9549e-03
[mg]   it  10  beta=7.946832e-01  pr=7.152e-03 (|r^T z_k| / |r^T z_{k+1}|)
[mg]   it  11  |r|inf=3.417039e-05  r/r0=2.6555e-03
[mg]   it  11  beta=3.984740e-01  pr=8.658e-03 (|r^T z_k| / |r^T z_{k+1}|)
[mg]   it  12  |r|inf=5.148158e-05  r/r0=4.0008e-03
[mg]   it  12  beta=6.608238e-01  pr=5.956e-03 (|r^T z_k| / |r^T z_{k+1}|)
[mg]   it  13  |r|inf=4.653574e-05  r/r0=3.6164e-03
[mg]   it  13  beta=3.982741e-01  pr=9.007e-03 (|r^T z_k| / |r^T z_{k+1}|)
[mg]   it  14  |r|inf=3.875630e-05  r/r0=3.0118e-03
[mg]   it  14  beta=5.145782e-01  pr=8.170e-03 (|r^T z_k| / |r^T z_{k+1}|)
[mg]   it  15  |r|inf=2.070389e-05  r/r0=1.6089e-03
[mg]   it  15  beta=4.194264e-01  pr=1.041e-02 (|r^T z_k| / |r^T z_{k+1}|)
[mg]   it  16  |r|inf=8.281375e-06  r/r0=6.4356e-04
[mg]   it  16  beta=4.021551e-01  pr=1.017e-02 (|r^T z_k| / |r^T z_{k+1}|)
[mg]   it  17  |r|inf=3.998307e-06  r/r0=3.1072e-04
[mg]   it  17  beta=4.752161e-01  pr=1.111e-02 (|r^T z_k| / |r^T z_{k+1}|)
[mg]   it  18  |r|inf=2.611084e-06  r/r0=2.0291e-04
[mg]   it  18  beta=5.469427e-01  pr=1.039e-02 (|r^T z_k| / |r^T z_{k+1}|)
[mg]   it  19  |r|inf=3.336311e-06  r/r0=2.5927e-04
[mg]   it  19  beta=5.024651e-01  pr=1.335e-02 (|r^T z_k| / |r^T z_{k+1}|)
[mg]   it  20  |r|inf=2.527606e-06  r/r0=1.9643e-04
[mg]   it  20  beta=4.729711e-01  pr=1.498e-02 (|r^T z_k| / |r^T z_{k+1}|)
[mg]   it  21  |r|inf=1.473642e-06  r/r0=1.1452e-04
[mg]   it  21  beta=3.112533e-01  pr=2.088e-02 (|r^T z_k| / |r^T z_{k+1}|)
[mg]   it  22  |r|inf=1.375930e-06  r/r0=1.0693e-04
[mg]   it  22  beta=5.223287e-01  pr=1.535e-02 (|r^T z_k| / |r^T z_{k+1}|)
[mg]   it  23  |r|inf=1.006938e-06  r/r0=7.8251e-05
[mg]   it  23  beta=6.196389e-01  pr=1.728e-02 (|r^T z_k| / |r^T z_{k+1}|)
[mg]   it  24  |r|inf=5.804833e-07  r/r0=4.5111e-05
[mg]   it  24  beta=5.985849e-01  pr=2.039e-02 (|r^T z_k| / |r^T z_{k+1}|)
[mg]   it  25  |r|inf=8.817930e-07  r/r0=6.8526e-05
[mg]   it  25  beta=5.984666e-01  pr=2.480e-02 (|r^T z_k| / |r^T z_{k+1}|)
[mg]   it  26  |r|inf=6.284466e-07  r/r0=4.8838e-05
[mg]   it  26  beta=4.780453e-01  pr=3.339e-02 (|r^T z_k| / |r^T z_{k+1}|)
[mg]   it  27  |r|inf=3.533554e-07  r/r0=2.7460e-05
[mg]   it  27  beta=5.987034e-01  pr=3.404e-02 (|r^T z_k| / |r^T z_{k+1}|)
[mg]   it  28  |r|inf=4.572669e-07  r/r0=3.5535e-05
[mg]   it  28  beta=5.967142e-01  pr=3.736e-02 (|r^T z_k| / |r^T z_{k+1}|)
[mg]   it  29  |r|inf=2.560060e-07  r/r0=1.9895e-05
[mg]   it  29  beta=4.722933e-01  pr=5.398e-02 (|r^T z_k| / |r^T z_{k+1}|)
[mg]   it  30  |r|inf=2.212809e-07  r/r0=1.7196e-05
[mg]   it  30  beta=5.132127e-01  pr=5.548e-02 (|r^T z_k| / |r^T z_{k+1}|)
[mg]   it  31  |r|inf=2.297274e-07  r/r0=1.7853e-05
[mg]   it  31  beta=5.095338e-01  pr=6.204e-02 (|r^T z_k| / |r^T z_{k+1}|)
[mg]   it  32  |r|inf=1.171049e-07  r/r0=9.1005e-06
[mg]   it  32  beta=5.435499e-01  pr=7.348e-02 (|r^T z_k| / |r^T z_{k+1}|)
[mg]   it  33  |r|inf=1.487125e-07  r/r0=1.1557e-05
[mg]   it  33  beta=7.138472e-01  pr=5.904e-02 (|r^T z_k| / |r^T z_{k+1}|)
[mg]   it  34  |r|inf=1.015209e-07  r/r0=7.8894e-06
[mg]   it  34  beta=7.241262e-01  pr=8.099e-02 (|r^T z_k| / |r^T z_{k+1}|)
[mg]   it  35  |r|inf=1.155782e-07  r/r0=8.9818e-06
[mg]   it  35  beta=6.754525e-01  pr=7.794e-02 (|r^T z_k| / |r^T z_{k+1}|)
[mg]   it  36  |r|inf=9.727957e-08  r/r0=7.5598e-06
[mg]   it  36  beta=6.059933e-01  pr=9.628e-02 (|r^T z_k| / |r^T z_{k+1}|)
[mg]   it  37  |r|inf=8.426345e-08  r/r0=6.5483e-06
[mg]   it  37  beta=7.517710e-01  pr=9.204e-02 (|r^T z_k| / |r^T z_{k+1}|)
[mg]   it  38  |r|inf=7.561510e-08  r/r0=5.8762e-06
[mg]   it  38  beta=4.761837e-01  pr=1.227e-01 (|r^T z_k| / |r^T z_{k+1}|)
[mg]   it  39  |r|inf=5.006600e-08  r/r0=3.8907e-06
[mg]   it  39  beta=5.093522e-01  pr=1.256e-01 (|r^T z_k| / |r^T z_{k+1}|)
[mg]   it  40  |r|inf=4.406466e-08  r/r0=3.4244e-06
[mg]   it  40  beta=4.498759e-01  pr=1.323e-01 (|r^T z_k| / |r^T z_{k+1}|)
[mg]   it  41  |r|inf=3.160224e-08  r/r0=2.4559e-06
[mg]   it  41  beta=6.441893e-01  pr=1.180e-01 (|r^T z_k| / |r^T z_{k+1}|)
[mg]   it  42  |r|inf=3.505039e-08  r/r0=2.7238e-06
[mg]   it  42  beta=6.778853e-01  pr=1.132e-01 (|r^T z_k| / |r^T z_{k+1}|)
[mg]   it  43  |r|inf=2.972351e-08  r/r0=2.3099e-06
[mg]   it  43  beta=9.363322e-01  pr=1.086e-01 (|r^T z_k| / |r^T z_{k+1}|)
[mg]   it  44  |r|inf=3.619932e-08  r/r0=2.8131e-06
[mg]   it  44  beta=8.196750e-01  pr=1.120e-01 (|r^T z_k| / |r^T z_{k+1}|)
[mg]   it  45  |r|inf=3.084008e-08  r/r0=2.3967e-06
[mg]   it  45  beta=9.497778e-01  pr=1.181e-01 (|r^T z_k| / |r^T z_{k+1}|)
[mg]   it  46  |r|inf=3.356510e-08  r/r0=2.6084e-06
[mg]   it  46  beta=6.894593e-01  pr=1.332e-01 (|r^T z_k| / |r^T z_{k+1}|)
[mg]   it  47  |r|inf=2.565278e-08  r/r0=1.9935e-06
[mg]   it  47  beta=7.954099e-01  pr=1.301e-01 (|r^T z_k| / |r^T z_{k+1}|)
[mg]   it  48  |r|inf=2.702305e-08  r/r0=2.1000e-06
[mg]   it  48  beta=6.808629e-01  pr=1.397e-01 (|r^T z_k| / |r^T z_{k+1}|)
[mg]   it  49  |r|inf=2.434173e-08  r/r0=1.8917e-06
[mg]   it  49  beta=9.323855e-01  pr=1.200e-01 (|r^T z_k| / |r^T z_{k+1}|)
[mg]   it  50  |r|inf=2.618606e-08  r/r0=2.0350e-06
[mg]   it  50  beta=8.926882e-01  pr=1.293e-01 (|r^T z_k| / |r^T z_{k+1}|)
[mg]   it  51  |r|inf=3.119404e-08  r/r0=2.4242e-06
[mg]   it  51  beta=1.193974e+00  pr=1.087e-01 (|r^T z_k| / |r^T z_{k+1}|)
[mg]   it  52  |r|inf=2.801732e-08  r/r0=2.1773e-06
[mg]   it  52  beta=1.072632e+00  pr=1.282e-01 (|r^T z_k| / |r^T z_{k+1}|)
[mg]   it  53  |r|inf=4.180734e-08  r/r0=3.2489e-06
[mg]   it  53  beta=1.172602e+00  pr=1.120e-01 (|r^T z_k| / |r^T z_{k+1}|)
[mg]   it  54  |r|inf=3.779797e-08  r/r0=2.9374e-06
[mg]   it  54  beta=1.058225e+00  pr=1.372e-01 (|r^T z_k| / |r^T z_{k+1}|)
[mg]   it  55  |r|inf=5.684151e-08  r/r0=4.4173e-06
[mg]   it  55  beta=9.692797e-01  pr=1.244e-01 (|r^T z_k| / |r^T z_{k+1}|)
[mg]   it  56  |r|inf=4.759589e-08  r/r0=3.6988e-06
[mg]   it  56  beta=9.491116e-01  pr=1.464e-01 (|r^T z_k| / |r^T z_{k+1}|)
[mg]   it  57  |r|inf=5.843769e-08  r/r0=4.5413e-06
[mg]   it  57  beta=7.771609e-01  pr=1.425e-01 (|r^T z_k| / |r^T z_{k+1}|)
[mg]   it  58  |r|inf=4.421601e-08  r/r0=3.4361e-06
[mg]   it  58  beta=8.312118e-01  pr=1.509e-01 (|r^T z_k| / |r^T z_{k+1}|)
[mg]   it  59  |r|inf=4.440215e-08  r/r0=3.4506e-06
[mg]   it  59  beta=6.432471e-01  pr=1.624e-01 (|r^T z_k| / |r^T z_{k+1}|)
[mg]   it  60  |r|inf=3.882121e-08  r/r0=3.0169e-06
[mg]   it  60  beta=7.442743e-01  pr=1.492e-01 (|r^T z_k| / |r^T z_{k+1}|)
[mg]   it  61  |r|inf=2.697222e-08  r/r0=2.0961e-06
[mg]   it  61  beta=6.200215e-01  pr=1.709e-01 (|r^T z_k| / |r^T z_{k+1}|)
[mg]   it  62  |r|inf=3.219148e-08  r/r0=2.5017e-06
[mg]   it  62  beta=7.518957e-01  pr=1.396e-01 (|r^T z_k| / |r^T z_{k+1}|)
[mg]   it  63  |r|inf=2.310795e-08  r/r0=1.7958e-06
[mg]   it  63  beta=7.538239e-01  pr=1.573e-01 (|r^T z_k| / |r^T z_{k+1}|)
[mg]   it  64  |r|inf=3.394133e-08  r/r0=2.6377e-06
[mg]   it  64  beta=8.792162e-01  pr=1.274e-01 (|r^T z_k| / |r^T z_{k+1}|)
[mg]   it  65  |r|inf=2.825238e-08  r/r0=2.1956e-06
[mg]   it  65  beta=9.765892e-01  pr=1.412e-01 (|r^T z_k| / |r^T z_{k+1}|)
[mg]   it  66  |r|inf=4.067029e-08  r/r0=3.1606e-06
[mg]   it  66  beta=9.593997e-01  pr=1.255e-01 (|r^T z_k| / |r^T z_{k+1}|)
[mg]   it  67  |r|inf=3.502416e-08  r/r0=2.7218e-06
[mg]   it  67  beta=1.069422e+00  pr=1.357e-01 (|r^T z_k| / |r^T z_{k+1}|)
[mg]   it  68  |r|inf=4.427324e-08  r/r0=3.4406e-06
[mg]   it  68  beta=8.910126e-01  pr=1.361e-01 (|r^T z_k| / |r^T z_{k+1}|)
[mg]   it  69  |r|inf=3.786044e-08  r/r0=2.9422e-06
[mg]   it  69  beta=9.965961e-01  pr=1.364e-01 (|r^T z_k| / |r^T z_{k+1}|)
[mg]   it  70  |r|inf=3.762230e-08  r/r0=2.9237e-06
[mg]   it  70  beta=7.889371e-01  pr=1.518e-01 (|r^T z_k| / |r^T z_{k+1}|)
[mg]   it  71  |r|inf=4.122306e-08  r/r0=3.2035e-06
[mg]   it  71  beta=8.741235e-01  pr=1.379e-01 (|r^T z_k| / |r^T z_{k+1}|)
[mg]   it  72  |r|inf=2.786780e-08  r/r0=2.1657e-06
[mg]   it  72  beta=7.433248e-01  pr=1.612e-01 (|r^T z_k| / |r^T z_{k+1}|)
[mg]   it  73  |r|inf=4.043601e-08  r/r0=3.1424e-06
[mg]   it  73  beta=7.936324e-01  pr=1.386e-01 (|r^T z_k| / |r^T z_{k+1}|)
[mg]   it  74  |r|inf=2.965768e-08  r/r0=2.3048e-06
[mg]   it  74  beta=7.807552e-01  pr=1.582e-01 (|r^T z_k| / |r^T z_{k+1}|)
[mg]   it  75  |r|inf=3.961559e-08  r/r0=3.0786e-06
[mg]   it  75  beta=7.860948e-01  pr=1.378e-01 (|r^T z_k| / |r^T z_{k+1}|)
[mg]   it  76  |r|inf=3.075653e-08  r/r0=2.3902e-06
[mg]   it  76  beta=8.900506e-01  pr=1.458e-01 (|r^T z_k| / |r^T z_{k+1}|)
[mg]   it  77  |r|inf=3.846232e-08  r/r0=2.9890e-06
[mg]   it  77  beta=8.289422e-01  pr=1.372e-01 (|r^T z_k| / |r^T z_{k+1}|)
[mg]   it  78  |r|inf=3.154748e-08  r/r0=2.4516e-06
[mg]   it  78  beta=9.927449e-01  pr=1.349e-01 (|r^T z_k| / |r^T z_{k+1}|)
[mg]   it  79  |r|inf=3.584536e-08  r/r0=2.7856e-06
[mg]   it  79  beta=8.581509e-01  pr=1.413e-01 (|r^T z_k| / |r^T z_{k+1}|)
[mg]   it  80  |r|inf=3.847576e-08  r/r0=2.9900e-06
[mg]   it  80  beta=9.944875e-01  pr=1.304e-01 (|r^T z_k| / |r^T z_{k+1}|)
[mg]   it  81  |r|inf=2.776806e-08  r/r0=2.1579e-06
[mg]   it  81  beta=8.470604e-01  pr=1.483e-01 (|r^T z_k| / |r^T z_{k+1}|)
[mg]   it  82  |r|inf=4.148862e-08  r/r0=3.2242e-06
[mg]   it  82  beta=9.074263e-01  pr=1.318e-01 (|r^T z_k| / |r^T z_{k+1}|)
[mg]   it  83  |r|inf=3.073380e-08  r/r0=2.3884e-06
[mg]   it  83  beta=8.253920e-01  pr=1.538e-01 (|r^T z_k| / |r^T z_{k+1}|)
[mg]   it  84  |r|inf=4.419519e-08  r/r0=3.4345e-06
[mg]   it  84  beta=8.108227e-01  pr=1.369e-01 (|r^T z_k| / |r^T z_{k+1}|)
[mg]   it  85  |r|inf=3.283228e-08  r/r0=2.5515e-06
[mg]   it  85  beta=8.305958e-01  pr=1.517e-01 (|r^T z_k| / |r^T z_{k+1}|)
[mg]   it  86  |r|inf=4.047870e-08  r/r0=3.1457e-06
[mg]   it  86  beta=7.638385e-01  pr=1.417e-01 (|r^T z_k| / |r^T z_{k+1}|)
[mg]   it  87  |r|inf=3.113450e-08  r/r0=2.4195e-06
[mg]   it  87  beta=8.762006e-01  pr=1.431e-01 (|r^T z_k| / |r^T z_{k+1}|)
[mg]   it  88  |r|inf=3.449757e-08  r/r0=2.6809e-06
[mg]   it  88  beta=7.823619e-01  pr=1.441e-01 (|r^T z_k| / |r^T z_{k+1}|)
[mg]   it  89  |r|inf=3.432212e-08  r/r0=2.6672e-06
[mg]   it  89  beta=9.398045e-01  pr=1.331e-01 (|r^T z_k| / |r^T z_{k+1}|)
[mg]   it  90  |r|inf=2.751940e-08  r/r0=2.1386e-06
[mg]   it  90  beta=8.387767e-01  pr=1.443e-01 (|r^T z_k| / |r^T z_{k+1}|)
[mg]   it  91  |r|inf=3.794730e-08  r/r0=2.9490e-06
[mg]   it  91  beta=9.626047e-01  pr=1.276e-01 (|r^T z_k| / |r^T z_{k+1}|)
[mg]   it  92  |r|inf=2.660812e-08  r/r0=2.0678e-06
[mg]   it  92  beta=8.828084e-01  pr=1.457e-01 (|r^T z_k| / |r^T z_{k+1}|)
[mg]   it  93  |r|inf=4.365324e-08  r/r0=3.3924e-06
[mg]   it  93  beta=9.141340e-01  pr=1.290e-01 (|r^T z_k| / |r^T z_{k+1}|)
[mg]   it  94  |r|inf=3.312737e-08  r/r0=2.5744e-06
[mg]   it  94  beta=8.924681e-01  pr=1.464e-01 (|r^T z_k| / |r^T z_{k+1}|)
[mg]   it  95  |r|inf=4.481634e-08  r/r0=3.4828e-06
[mg]   it  95  beta=8.313057e-01  pr=1.353e-01 (|r^T z_k| / |r^T z_{k+1}|)
[mg]   it  96  |r|inf=3.445450e-08  r/r0=2.6775e-06
[mg]   it  96  beta=8.813562e-01  pr=1.448e-01 (|r^T z_k| / |r^T z_{k+1}|)
[mg]   it  97  |r|inf=3.899325e-08  r/r0=3.0303e-06
[mg]   it  97  beta=7.696170e-01  pr=1.436e-01 (|r^T z_k| / |r^T z_{k+1}|)
[mg]   it  98  |r|inf=3.527477e-08  r/r0=2.7413e-06
[mg]   it  98  beta=8.748138e-01  pr=1.397e-01 (|r^T z_k| / |r^T z_{k+1}|)
[mg]   it  99  |r|inf=2.938676e-08  r/r0=2.2837e-06
[mg]   it  99  beta=7.623135e-01  pr=1.482e-01 (|r^T z_k| / |r^T z_{k+1}|)
[mg]   it 100  |r|inf=3.659693e-08  r/r0=2.8440e-06
[mg]   it 100  beta=8.867264e-01  pr=1.331e-01 (|r^T z_k| / |r^T z_{k+1}|)
[mg]   it 101  |r|inf=2.292195e-08  r/r0=1.7813e-06
[mg]   it 101  beta=8.114142e-01  pr=1.479e-01 (|r^T z_k| / |r^T z_{k+1}|)
[mg]   it 102  |r|inf=3.855843e-08  r/r0=2.9965e-06
[mg]   it 102  beta=9.047223e-01  pr=1.285e-01 (|r^T z_k| / |r^T z_{k+1}|)
[mg]   it 103  |r|inf=2.842690e-08  r/r0=2.2091e-06
[mg]   it 103  beta=8.852037e-01  pr=1.441e-01 (|r^T z_k| / |r^T z_{k+1}|)
[mg]   it 104  |r|inf=4.217125e-08  r/r0=3.2772e-06
[mg]   it 104  beta=8.966595e-01  pr=1.285e-01 (|r^T z_k| / |r^T z_{k+1}|)
[mg]   it 105  |r|inf=3.314551e-08  r/r0=2.5758e-06
[mg]   it 105  beta=9.337164e-01  pr=1.408e-01 (|r^T z_k| / |r^T z_{k+1}|)
[mg]   it 106  |r|inf=4.154436e-08  r/r0=3.2285e-06
[mg]   it 106  beta=8.530764e-01  pr=1.342e-01 (|r^T z_k| / |r^T z_{k+1}|)
[mg]   it 107  |r|inf=3.493289e-08  r/r0=2.7147e-06
[mg]   it 107  beta=9.334788e-01  pr=1.379e-01 (|r^T z_k| / |r^T z_{k+1}|)
[mg]   it 108  |r|inf=3.484027e-08  r/r0=2.7075e-06
[mg]   it 108  beta=8.017336e-01  pr=1.422e-01 (|r^T z_k| / |r^T z_{k+1}|)
[mg]   it 109  |r|inf=3.944287e-08  r/r0=3.0652e-06
[mg]   it 109  beta=8.997179e-01  pr=1.353e-01 (|r^T z_k| / |r^T z_{k+1}|)
[mg]   it 110  |r|inf=2.410372e-08  r/r0=1.8732e-06
[mg]   it 110  beta=7.768375e-01  pr=1.490e-01 (|r^T z_k| / |r^T z_{k+1}|)
[mg]   it 111  |r|inf=3.845388e-08  r/r0=2.9883e-06
[mg]   it 111  beta=8.646589e-01  pr=1.330e-01 (|r^T z_k| / |r^T z_{k+1}|)
[mg]   it 112  |r|inf=2.633738e-08  r/r0=2.0467e-06
[mg]   it 112  beta=7.984276e-01  pr=1.497e-01 (|r^T z_k| / |r^T z_{k+1}|)
[mg]   it 113  |r|inf=3.997831e-08  r/r0=3.1068e-06
[mg]   it 113  beta=8.501763e-01  pr=1.311e-01 (|r^T z_k| / |r^T z_{k+1}|)
[mg]   it 114  |r|inf=2.993394e-08  r/r0=2.3262e-06
[mg]   it 114  beta=8.619798e-01  pr=1.451e-01 (|r^T z_k| / |r^T z_{k+1}|)
[mg]   it 115  |r|inf=3.908816e-08  r/r0=3.0376e-06
[mg]   it 115  beta=8.525859e-01  pr=1.314e-01 (|r^T z_k| / |r^T z_{k+1}|)
[mg]   it 116  |r|inf=3.201070e-08  r/r0=2.4876e-06
[mg]   it 116  beta=9.323444e-01  pr=1.383e-01 (|r^T z_k| / |r^T z_{k+1}|)
[mg]   it 117  |r|inf=3.569676e-08  r/r0=2.7741e-06
[mg]   it 117  beta=8.499118e-01  pr=1.345e-01 (|r^T z_k| / |r^T z_{k+1}|)
[mg]   it 118  |r|inf=3.733741e-08  r/r0=2.9016e-06
[mg]   it 118  beta=9.611320e-01  pr=1.333e-01 (|r^T z_k| / |r^T z_{k+1}|)
[mg]   it 119  |r|inf=2.813360e-08  r/r0=2.1863e-06
[mg]   it 119  beta=8.317588e-01  pr=1.410e-01 (|r^T z_k| / |r^T z_{k+1}|)
[mg]   it 120  |r|inf=4.077424e-08  r/r0=3.1687e-06
[mg]   it 120  beta=9.331483e-01  pr=1.311e-01 (|r^T z_k| / |r^T z_{k+1}|)
[mg]   it 121  |r|inf=2.556353e-08  r/r0=1.9866e-06
[mg]   it 121  beta=8.127860e-01  pr=1.469e-01 (|r^T z_k| / |r^T z_{k+1}|)
[mg]   it 122  |r|inf=4.177220e-08  r/r0=3.2462e-06
[mg]   it 122  beta=8.751600e-01  pr=1.313e-01 (|r^T z_k| / |r^T z_{k+1}|)
[mg]   it 123  |r|inf=3.006706e-08  r/r0=2.3366e-06
[mg]   it 123  beta=8.145302e-01  pr=1.494e-01 (|r^T z_k| / |r^T z_{k+1}|)
[mg]   it 124  |r|inf=4.048031e-08  r/r0=3.1458e-06
[mg]   it 124  beta=8.261881e-01  pr=1.332e-01 (|r^T z_k| / |r^T z_{k+1}|)
[mg]   it 125  |r|inf=3.168370e-08  r/r0=2.4622e-06
[mg]   it 125  beta=8.494958e-01  pr=1.456e-01 (|r^T z_k| / |r^T z_{k+1}|)
[mg]   it 126  |r|inf=3.568580e-08  r/r0=2.7732e-06
[mg]   it 126  beta=8.091617e-01  pr=1.353e-01 (|r^T z_k| / |r^T z_{k+1}|)
[mg]   it 127  |r|inf=3.342237e-08  r/r0=2.5973e-06
[mg]   it 127  beta=9.076224e-01  pr=1.384e-01 (|r^T z_k| / |r^T z_{k+1}|)
[mg]   it 128  |r|inf=2.904267e-08  r/r0=2.2570e-06
[mg]   it 128  beta=8.199190e-01  pr=1.381e-01 (|r^T z_k| / |r^T z_{k+1}|)
[mg]   it 129  |r|inf=3.798631e-08  r/r0=2.9520e-06
[mg]   it 129  beta=9.529136e-01  pr=1.316e-01 (|r^T z_k| / |r^T z_{k+1}|)
[mg]   it 130  |r|inf=2.461292e-08  r/r0=1.9127e-06
[mg]   it 130  beta=8.370274e-01  pr=1.414e-01 (|r^T z_k| / |r^T z_{k+1}|)
[mg]   it 131  |r|inf=3.933966e-08  r/r0=3.0572e-06
[mg]   it 131  beta=9.479485e-01  pr=1.283e-01 (|r^T z_k| / |r^T z_{k+1}|)
[mg]   it 132  |r|inf=2.779103e-08  r/r0=2.1597e-06
[mg]   it 132  beta=8.457390e-01  pr=1.455e-01 (|r^T z_k| / |r^T z_{k+1}|)
[mg]   it 133  |r|inf=4.200041e-08  r/r0=3.2639e-06
[mg]   it 133  beta=8.945148e-01  pr=1.294e-01 (|r^T z_k| / |r^T z_{k+1}|)
[mg]   it 134  |r|inf=3.264380e-08  r/r0=2.5368e-06
[mg]   it 134  beta=8.510923e-01  pr=1.471e-01 (|r^T z_k| / |r^T z_{k+1}|)
[mg]   it 135  |r|inf=3.906196e-08  r/r0=3.0356e-06
[mg]   it 135  beta=8.288445e-01  pr=1.335e-01 (|r^T z_k| / |r^T z_{k+1}|)
[mg]   it 136  |r|inf=3.311792e-08  r/r0=2.5737e-06
[mg]   it 136  beta=8.652377e-01  pr=1.448e-01 (|r^T z_k| / |r^T z_{k+1}|)
[mg]   it 137  |r|inf=3.169209e-08  r/r0=2.4629e-06
[mg]   it 137  beta=7.874869e-01  pr=1.390e-01 (|r^T z_k| / |r^T z_{k+1}|)
[mg]   it 138  |r|inf=3.689248e-08  r/r0=2.8670e-06
[mg]   it 138  beta=8.939399e-01  pr=1.386e-01 (|r^T z_k| / |r^T z_{k+1}|)
[mg]   it 139  |r|inf=2.364635e-08  r/r0=1.8376e-06
[mg]   it 139  beta=7.869150e-01  pr=1.428e-01 (|r^T z_k| / |r^T z_{k+1}|)
[mg]   it 140  |r|inf=3.786275e-08  r/r0=2.9424e-06
[mg]   it 140  beta=9.248303e-01  pr=1.319e-01 (|r^T z_k| / |r^T z_{k+1}|)
[mg]   it 141  |r|inf=2.513375e-08  r/r0=1.9532e-06
[mg]   it 141  beta=8.187785e-01  pr=1.453e-01 (|r^T z_k| / |r^T z_{k+1}|)
[mg]   it 142  |r|inf=3.875409e-08  r/r0=3.0117e-06
[mg]   it 142  beta=9.308588e-01  pr=1.280e-01 (|r^T z_k| / |r^T z_{k+1}|)
[mg]   it 143  |r|inf=2.975007e-08  r/r0=2.3119e-06
[mg]   it 143  beta=8.596987e-01  pr=1.459e-01 (|r^T z_k| / |r^T z_{k+1}|)
[mg]   it 144  |r|inf=3.930087e-08  r/r0=3.0542e-06
[mg]   it 144  beta=8.957826e-01  pr=1.286e-01 (|r^T z_k| / |r^T z_{k+1}|)
[mg]   it 145  |r|inf=3.364631e-08  r/r0=2.6147e-06
[mg]   it 145  beta=8.891859e-01  pr=1.453e-01 (|r^T z_k| / |r^T z_{k+1}|)
[mg]   it 146  |r|inf=3.498424e-08  r/r0=2.7187e-06
[mg]   it 146  beta=8.361706e-01  pr=1.341e-01 (|r^T z_k| / |r^T z_{k+1}|)
[mg]   it 147  |r|inf=3.711553e-08  r/r0=2.8843e-06
[mg]   it 147  beta=9.025868e-01  pr=1.423e-01 (|r^T z_k| / |r^T z_{k+1}|)
[mg]   it 148  |r|inf=2.622331e-08  r/r0=2.0379e-06
[mg]   it 148  beta=7.862747e-01  pr=1.415e-01 (|r^T z_k| / |r^T z_{k+1}|)
[mg]   it 149  |r|inf=3.927119e-08  r/r0=3.0519e-06
[mg]   it 149  beta=9.048124e-01  pr=1.375e-01 (|r^T z_k| / |r^T z_{k+1}|)
[mg]   it 150  |r|inf=2.579198e-08  r/r0=2.0044e-06
[mg]   it 150  beta=7.719138e-01  pr=1.481e-01 (|r^T z_k| / |r^T z_{k+1}|)
[mg]   it 151  |r|inf=3.693172e-08  r/r0=2.8700e-06
[mg]   it 151  beta=9.018037e-01  pr=1.325e-01 (|r^T z_k| / |r^T z_{k+1}|)
[mg]   it 152  |r|inf=2.696890e-08  r/r0=2.0958e-06
[mg]   it 152  beta=8.007854e-01  pr=1.503e-01 (|r^T z_k| / |r^T z_{k+1}|)
[mg]   it 153  |r|inf=3.720832e-08  r/r0=2.8915e-06
[mg]   it 153  beta=8.916017e-01  pr=1.296e-01 (|r^T z_k| / |r^T z_{k+1}|)
[mg]   it 154  |r|inf=3.129359e-08  r/r0=2.4319e-06
[mg]   it 154  beta=8.588314e-01  pr=1.486e-01 (|r^T z_k| / |r^T z_{k+1}|)
[mg]   it 155  |r|inf=3.455160e-08  r/r0=2.6851e-06
[mg]   it 155  beta=8.666197e-01  pr=1.310e-01 (|r^T z_k| / |r^T z_{k+1}|)
[mg]   it 156  |r|inf=3.389798e-08  r/r0=2.6343e-06
[mg]   it 156  beta=9.158774e-01  pr=1.442e-01 (|r^T z_k| / |r^T z_{k+1}|)
[mg]   it 157  |r|inf=2.846858e-08  r/r0=2.2124e-06
[mg]   it 157  beta=8.279049e-01  pr=1.365e-01 (|r^T z_k| / |r^T z_{k+1}|)
[mg]   it 158  |r|inf=3.919817e-08  r/r0=3.0462e-06
[mg]   it 158  beta=9.419204e-01  pr=1.393e-01 (|r^T z_k| / |r^T z_{k+1}|)
[mg]   it 159  |r|inf=2.664076e-08  r/r0=2.0703e-06
[mg]   it 159  beta=7.917855e-01  pr=1.452e-01 (|r^T z_k| / |r^T z_{k+1}|)
[mg]   it 160  |r|inf=3.925214e-08  r/r0=3.0504e-06
[mg]   it 160  beta=9.283698e-01  pr=1.350e-01 (|r^T z_k| / |r^T z_{k+1}|)
[mg]   it 161  |r|inf=2.639651e-08  r/r0=2.0513e-06
[mg]   it 161  beta=7.798946e-01  pr=1.525e-01 (|r^T z_k| / |r^T z_{k+1}|)
[mg]   it 162  |r|inf=3.747919e-08  r/r0=2.9126e-06
[mg]   it 162  beta=8.892692e-01  pr=1.325e-01 (|r^T z_k| / |r^T z_{k+1}|)
[mg]   it 163  |r|inf=3.071678e-08  r/r0=2.3871e-06
[mg]   it 163  beta=8.051394e-01  pr=1.550e-01 (|r^T z_k| / |r^T z_{k+1}|)
[mg]   it 164  |r|inf=3.427506e-08  r/r0=2.6636e-06
[mg]   it 164  beta=8.474928e-01  pr=1.331e-01 (|r^T z_k| / |r^T z_{k+1}|)
[mg]   it 165  |r|inf=3.245470e-08  r/r0=2.5221e-06
[mg]   it 165  beta=8.645087e-01  pr=1.509e-01 (|r^T z_k| / |r^T z_{k+1}|)
[mg]   it 166  |r|inf=2.833722e-08  r/r0=2.2021e-06
[mg]   it 166  beta=8.174547e-01  pr=1.365e-01 (|r^T z_k| / |r^T z_{k+1}|)
[mg]   it 167  |r|inf=3.654923e-08  r/r0=2.8403e-06
[mg]   it 167  beta=9.309551e-01  pr=1.435e-01 (|r^T z_k| / |r^T z_{k+1}|)
[mg]   it 168  |r|inf=2.553973e-08  r/r0=1.9848e-06
[mg]   it 168  beta=8.005409e-01  pr=1.432e-01 (|r^T z_k| / |r^T z_{k+1}|)
[mg]   it 169  |r|inf=3.856207e-08  r/r0=2.9967e-06
[mg]   it 169  beta=9.632452e-01  pr=1.363e-01 (|r^T z_k| / |r^T z_{k+1}|)
[mg]   it 170  |r|inf=2.669006e-08  r/r0=2.0741e-06
[mg]   it 170  beta=7.958308e-01  pr=1.508e-01 (|r^T z_k| / |r^T z_{k+1}|)
[mg]   it 171  |r|inf=3.683838e-08  r/r0=2.8628e-06
[mg]   it 171  beta=9.376573e-01  pr=1.325e-01 (|r^T z_k| / |r^T z_{k+1}|)
[mg]   it 172  |r|inf=3.048837e-08  r/r0=2.3693e-06
[mg]   it 172  beta=8.072720e-01  pr=1.568e-01 (|r^T z_k| / |r^T z_{k+1}|)
[mg]   it 173  |r|inf=3.516510e-08  r/r0=2.7328e-06
[mg]   it 173  beta=8.717784e-01  pr=1.334e-01 (|r^T z_k| / |r^T z_{k+1}|)
[mg]   it 174  |r|inf=3.344965e-08  r/r0=2.5994e-06
[mg]   it 174  beta=8.407340e-01  pr=1.568e-01 (|r^T z_k| / |r^T z_{k+1}|)
[mg]   it 175  |r|inf=2.910132e-08  r/r0=2.2615e-06
[mg]   it 175  beta=8.055605e-01  pr=1.384e-01 (|r^T z_k| / |r^T z_{k+1}|)
[mg]   it 176  |r|inf=3.575918e-08  r/r0=2.7789e-06
[mg]   it 176  beta=8.919511e-01  pr=1.506e-01 (|r^T z_k| / |r^T z_{k+1}|)
[mg]   it 177  |r|inf=2.514092e-08  r/r0=1.9538e-06
[mg]   it 177  beta=7.695709e-01  pr=1.461e-01 (|r^T z_k| / |r^T z_{k+1}|)
[mg]   it 178  |r|inf=3.714051e-08  r/r0=2.8863e-06
[mg]   it 178  beta=9.397215e-01  pr=1.414e-01 (|r^T z_k| / |r^T z_{k+1}|)
[mg]   it 179  |r|inf=2.582130e-08  r/r0=2.0066e-06
[mg]   it 179  beta=7.724998e-01  pr=1.533e-01 (|r^T z_k| / |r^T z_{k+1}|)
[mg]   it 180  |r|inf=3.476003e-08  r/r0=2.7013e-06
[mg]   it 180  beta=9.503276e-01  pr=1.342e-01 (|r^T z_k| / |r^T z_{k+1}|)
[mg]   it 181  |r|inf=2.880426e-08  r/r0=2.2384e-06
[mg]   it 181  beta=8.054219e-01  pr=1.586e-01 (|r^T z_k| / |r^T z_{k+1}|)
[mg]   it 182  |r|inf=3.390484e-08  r/r0=2.6348e-06
[mg]   it 182  beta=9.073064e-01  pr=1.327e-01 (|r^T z_k| / |r^T z_{k+1}|)
[mg]   it 183  |r|inf=3.337239e-08  r/r0=2.5934e-06
[mg]   it 183  beta=8.540126e-01  pr=1.591e-01 (|r^T z_k| / |r^T z_{k+1}|)
[mg]   it 184  |r|inf=2.931061e-08  r/r0=2.2778e-06
[mg]   it 184  beta=8.325662e-01  pr=1.376e-01 (|r^T z_k| / |r^T z_{k+1}|)
[mg]   it 185  |r|inf=3.577050e-08  r/r0=2.7798e-06
[mg]   it 185  beta=9.020772e-01  pr=1.545e-01 (|r^T z_k| / |r^T z_{k+1}|)
[mg]   it 186  |r|inf=2.587228e-08  r/r0=2.0106e-06
[mg]   it 186  beta=7.678255e-01  pr=1.478e-01 (|r^T z_k| / |r^T z_{k+1}|)
[mg]   it 187  |r|inf=3.741032e-08  r/r0=2.9072e-06
[mg]   it 187  beta=9.326031e-01  pr=1.461e-01 (|r^T z_k| / |r^T z_{k+1}|)
[mg]   it 188  |r|inf=2.602377e-08  r/r0=2.0224e-06
[mg]   it 188  beta=7.444938e-01  pr=1.583e-01 (|r^T z_k| / |r^T z_{k+1}|)
[mg]   it 189  |r|inf=3.408610e-08  r/r0=2.6489e-06
[mg]   it 189  beta=9.305978e-01  pr=1.383e-01 (|r^T z_k| / |r^T z_{k+1}|)
[mg]   it 190  |r|inf=2.822126e-08  r/r0=2.1931e-06
[mg]   it 190  beta=7.722116e-01  pr=1.649e-01 (|r^T z_k| / |r^T z_{k+1}|)
[mg]   it 191  |r|inf=3.177944e-08  r/r0=2.4697e-06
[mg]   it 191  beta=8.934992e-01  pr=1.352e-01 (|r^T z_k| / |r^T z_{k+1}|)
[mg]   it 192  |r|inf=3.241206e-08  r/r0=2.5188e-06
[mg]   it 192  beta=8.408129e-01  pr=1.639e-01 (|r^T z_k| / |r^T z_{k+1}|)
[mg]   it 193  |r|inf=2.746601e-08  r/r0=2.1344e-06
[mg]   it 193  beta=8.345566e-01  pr=1.387e-01 (|r^T z_k| / |r^T z_{k+1}|)
[mg]   it 194  |r|inf=3.452448e-08  r/r0=2.6830e-06
[mg]   it 194  beta=9.185456e-01  pr=1.570e-01 (|r^T z_k| / |r^T z_{k+1}|)
[mg]   it 195  |r|inf=2.580951e-08  r/r0=2.0057e-06
[mg]   it 195  beta=7.781583e-01  pr=1.488e-01 (|r^T z_k| / |r^T z_{k+1}|)
[mg]   it 196  |r|inf=3.689377e-08  r/r0=2.8671e-06
[mg]   it 196  beta=9.620130e-01  pr=1.475e-01 (|r^T z_k| / |r^T z_{k+1}|)
[mg]   it 197  |r|inf=2.618621e-08  r/r0=2.0350e-06
[mg]   it 197  beta=7.494722e-01  pr=1.613e-01 (|r^T z_k| / |r^T z_{k+1}|)
[mg]   it 198  |r|inf=3.368497e-08  r/r0=2.6177e-06
[mg]   it 198  beta=9.432777e-01  pr=1.401e-01 (|r^T z_k| / |r^T z_{k+1}|)
[mg]   it 199  |r|inf=2.928121e-08  r/r0=2.2755e-06
[mg]   it 199  beta=7.642009e-01  pr=1.706e-01 (|r^T z_k| / |r^T z_{k+1}|)
[mg]   it 200  |r|inf=3.064176e-08  r/r0=2.3812e-06
[mg]   it 200  beta=8.763168e-01  pr=1.384e-01 (|r^T z_k| / |r^T z_{k+1}|)
[mg]   it 201  |r|inf=3.279523e-08  r/r0=2.5486e-06
[mg]   it 201  beta=8.247934e-01  pr=1.702e-01 (|r^T z_k| / |r^T z_{k+1}|)
[mg]   it 202  |r|inf=2.537008e-08  r/r0=1.9716e-06
[mg]   it 202  beta=8.021353e-01  pr=1.434e-01 (|r^T z_k| / |r^T z_{k+1}|)
[mg]   it 203  |r|inf=3.378474e-08  r/r0=2.6255e-06
[mg]   it 203  beta=9.098388e-01  pr=1.609e-01 (|r^T z_k| / |r^T z_{k+1}|)
[mg]   it 204  |r|inf=2.538650e-08  r/r0=1.9728e-06
[mg]   it 204  beta=7.548037e-01  pr=1.542e-01 (|r^T z_k| / |r^T z_{k+1}|)
[mg]   it 205  |r|inf=3.501184e-08  r/r0=2.7208e-06
[mg]   it 205  beta=9.701577e-01  pr=1.486e-01 (|r^T z_k| / |r^T z_{k+1}|)
[mg]   it 206  |r|inf=2.506371e-08  r/r0=1.9478e-06
[mg]   it 206  beta=7.482617e-01  pr=1.662e-01 (|r^T z_k| / |r^T z_{k+1}|)
[mg]   it 207  |r|inf=3.143105e-08  r/r0=2.4426e-06
[mg]   it 207  beta=9.570061e-01  pr=1.402e-01 (|r^T z_k| / |r^T z_{k+1}|)
[mg]   it 208  |r|inf=3.026034e-08  r/r0=2.3516e-06
[mg]   it 208  beta=7.822695e-01  pr=1.745e-01 (|r^T z_k| / |r^T z_{k+1}|)
[mg]   it 209  |r|inf=2.899542e-08  r/r0=2.2533e-06
[mg]   it 209  beta=8.754569e-01  pr=1.401e-01 (|r^T z_k| / |r^T z_{k+1}|)
[mg]   it 210  |r|inf=3.357724e-08  r/r0=2.6094e-06
[mg]   it 210  beta=8.486370e-01  pr=1.731e-01 (|r^T z_k| / |r^T z_{k+1}|)
[mg]   it 211  |r|inf=2.436309e-08  r/r0=1.8933e-06
[mg]   it 211  beta=7.807121e-01  pr=1.486e-01 (|r^T z_k| / |r^T z_{k+1}|)
[mg]   it 212  |r|inf=3.414880e-08  r/r0=2.6538e-06
[mg]   it 212  beta=9.218410e-01  pr=1.628e-01 (|r^T z_k| / |r^T z_{k+1}|)
[mg]   it 213  |r|inf=2.548191e-08  r/r0=1.9803e-06
[mg]   it 213  beta=7.251724e-01  pr=1.630e-01 (|r^T z_k| / |r^T z_{k+1}|)
[mg]   it 214  |r|inf=3.327736e-08  r/r0=2.5861e-06
[mg]   it 214  beta=9.594262e-01  pr=1.496e-01 (|r^T z_k| / |r^T z_{k+1}|)
[mg]   it 215  |r|inf=2.496356e-08  r/r0=1.9400e-06
[mg]   it 215  beta=7.312414e-01  pr=1.755e-01 (|r^T z_k| / |r^T z_{k+1}|)
[mg]   it 216  |r|inf=2.861963e-08  r/r0=2.2241e-06
[mg]   it 216  beta=9.295200e-01  pr=1.416e-01 (|r^T z_k| / |r^T z_{k+1}|)
[mg]   it 217  |r|inf=3.107172e-08  r/r0=2.4147e-06
[mg]   it 217  beta=7.947746e-01  pr=1.800e-01 (|r^T z_k| / |r^T z_{k+1}|)
[mg]   it 218  |r|inf=2.603882e-08  r/r0=2.0235e-06
[mg]   it 218  beta=8.467019e-01  pr=1.434e-01 (|r^T z_k| / |r^T z_{k+1}|)
[mg]   it 219  |r|inf=3.310565e-08  r/r0=2.5727e-06
[mg]   it 219  beta=8.895849e-01  pr=1.733e-01 (|r^T z_k| / |r^T z_{k+1}|)
[mg]   it 220  |r|inf=2.512147e-08  r/r0=1.9522e-06
[mg]   it 220  beta=7.610999e-01  pr=1.550e-01 (|r^T z_k| / |r^T z_{k+1}|)
[mg]   it 221  |r|inf=3.375614e-08  r/r0=2.6233e-06
[mg]   it 221  beta=9.621700e-01  pr=1.602e-01 (|r^T z_k| / |r^T z_{k+1}|)
[mg]   it 222  |r|inf=2.502237e-08  r/r0=1.9445e-06
[mg]   it 222  beta=7.175349e-01  pr=1.723e-01 (|r^T z_k| / |r^T z_{k+1}|)
[mg]   it 223  |r|inf=3.101126e-08  r/r0=2.4100e-06
[mg]   it 223  beta=9.598698e-01  pr=1.482e-01 (|r^T z_k| / |r^T z_{k+1}|)
[mg]   it 224  |r|inf=2.816115e-08  r/r0=2.1885e-06
[mg]   it 224  beta=7.372456e-01  pr=1.848e-01 (|r^T z_k| / |r^T z_{k+1}|)
[mg]   it 225  |r|inf=2.689759e-08  r/r0=2.0903e-06
[mg]   it 225  beta=8.828125e-01  pr=1.442e-01 (|r^T z_k| / |r^T z_{k+1}|)
[mg]   it 226  |r|inf=3.223512e-08  r/r0=2.5051e-06
[mg]   it 226  beta=8.177502e-01  pr=1.847e-01 (|r^T z_k| / |r^T z_{k+1}|)
[mg]   it 227  |r|inf=2.344690e-08  r/r0=1.8221e-06
[mg]   it 227  beta=7.858772e-01  pr=1.513e-01 (|r^T z_k| / |r^T z_{k+1}|)
[mg]   it 228  |r|inf=3.142614e-08  r/r0=2.4422e-06
[mg]   it 228  beta=9.247799e-01  pr=1.716e-01 (|r^T z_k| / |r^T z_{k+1}|)
[mg]   it 229  |r|inf=2.482406e-08  r/r0=1.9291e-06
[mg]   it 229  beta=7.239777e-01  pr=1.665e-01 (|r^T z_k| / |r^T z_{k+1}|)
[mg]   it 230  |r|inf=3.160247e-08  r/r0=2.4559e-06
[mg]   it 230  beta=9.844119e-01  pr=1.555e-01 (|r^T z_k| / |r^T z_{k+1}|)
[mg]   it 231  |r|inf=2.421497e-08  r/r0=1.8818e-06
[mg]   it 231  beta=7.213813e-01  pr=1.832e-01 (|r^T z_k| / |r^T z_{k+1}|)
[mg]   it 232  |r|inf=2.662389e-08  r/r0=2.0690e-06
[mg]   it 232  beta=9.420753e-01  pr=1.461e-01 (|r^T z_k| / |r^T z_{k+1}|)
[mg]   it 233  |r|inf=3.091615e-08  r/r0=2.4026e-06
[mg]   it 233  beta=7.798478e-01  pr=1.903e-01 (|r^T z_k| / |r^T z_{k+1}|)
[mg]   it 234  |r|inf=2.438574e-08  r/r0=1.8951e-06
[mg]   it 234  beta=8.300505e-01  pr=1.487e-01 (|r^T z_k| / |r^T z_{k+1}|)
[mg]   it 235  |r|inf=3.250636e-08  r/r0=2.5261e-06
[mg]   it 235  beta=8.786444e-01  pr=1.829e-01 (|r^T z_k| / |r^T z_{k+1}|)
[mg]   it 236  |r|inf=2.470815e-08  r/r0=1.9201e-06
[mg]   it 236  beta=7.298714e-01  pr=1.636e-01 (|r^T z_k| / |r^T z_{k+1}|)
[mg]   it 237  |r|inf=3.108764e-08  r/r0=2.4159e-06
[mg]   it 237  beta=9.618994e-01  pr=1.657e-01 (|r^T z_k| / |r^T z_{k+1}|)
[mg]   it 238  |r|inf=2.340313e-08  r/r0=1.8187e-06
[mg]   it 238  beta=6.960548e-01  pr=1.826e-01 (|r^T z_k| / |r^T z_{k+1}|)
[mg]   it 239  |r|inf=2.776642e-08  r/r0=2.1578e-06
[mg]   it 239  beta=9.609390e-01  pr=1.511e-01 (|r^T z_k| / |r^T z_{k+1}|)
[mg]   it 240  |r|inf=2.823829e-08  r/r0=2.1945e-06
[mg]   it 240  beta=7.409648e-01  pr=1.946e-01 (|r^T z_k| / |r^T z_{k+1}|)
[mg]   it 241  |r|inf=2.434353e-08  r/r0=1.8918e-06
[mg]   it 241  beta=8.712472e-01  pr=1.481e-01 (|r^T z_k| / |r^T z_{k+1}|)
[mg]   it 242  |r|inf=3.192143e-08  r/r0=2.4807e-06
[mg]   it 242  beta=8.476992e-01  pr=1.903e-01 (|r^T z_k| / |r^T z_{k+1}|)
[mg]   it 243  |r|inf=2.410930e-08  r/r0=1.8736e-06
[mg]   it 243  beta=7.607195e-01  pr=1.590e-01 (|r^T z_k| / |r^T z_{k+1}|)
[mg]   it 244  |r|inf=2.992291e-08  r/r0=2.3254e-06
[mg]   it 244  beta=9.564874e-01  pr=1.739e-01 (|r^T z_k| / |r^T z_{k+1}|)
[mg]   it 245  |r|inf=2.396562e-08  r/r0=1.8624e-06
[mg]   it 245  beta=6.978845e-01  pr=1.800e-01 (|r^T z_k| / |r^T z_{k+1}|)
[mg]   it 246  |r|inf=2.852845e-08  r/r0=2.2170e-06
[mg]   it 246  beta=9.799931e-01  pr=1.567e-01 (|r^T z_k| / |r^T z_{k+1}|)
[mg]   it 247  |r|inf=2.629489e-08  r/r0=2.0434e-06
[mg]   it 247  beta=7.131981e-01  pr=1.972e-01 (|r^T z_k| / |r^T z_{k+1}|)
[mg]   it 248  |r|inf=2.398681e-08  r/r0=1.8641e-06
[mg]   it 248  beta=8.936297e-01  pr=1.499e-01 (|r^T z_k| / |r^T z_{k+1}|)
[mg]   it 249  |r|inf=3.106387e-08  r/r0=2.4140e-06
[mg]   it 249  beta=8.044454e-01  pr=1.984e-01 (|r^T z_k| / |r^T z_{k+1}|)
[mg]   it 250  |r|inf=2.340662e-08  r/r0=1.8190e-06
[mg]   it 250  beta=7.713632e-01  pr=1.584e-01 (|r^T z_k| / |r^T z_{k+1}|)
[mg]   it 251  |r|inf=3.019945e-08  r/r0=2.3469e-06
[mg]   it 251  beta=9.289267e-01  pr=1.819e-01 (|r^T z_k| / |r^T z_{k+1}|)
[mg]   it 252  |r|inf=2.371085e-08  r/r0=1.8426e-06
[mg]   it 252  beta=6.962480e-01  pr=1.781e-01 (|r^T z_k| / |r^T z_{k+1}|)
[mg]   it 253  |r|inf=2.792488e-08  r/r0=2.1701e-06
[mg]   it 253  beta=9.901660e-01  pr=1.617e-01 (|r^T z_k| / |r^T z_{k+1}|)
[mg]   it 254  |r|inf=2.410872e-08  r/r0=1.8735e-06
[mg]   it 254  beta=7.024187e-01  pr=1.980e-01 (|r^T z_k| / |r^T z_{k+1}|)
[mg]   it 255  |r|inf=2.304850e-08  r/r0=1.7912e-06
[mg]   it 255  beta=9.256001e-01  pr=1.513e-01 (|r^T z_k| / |r^T z_{k+1}|)
[mg]   it 256  |r|inf=3.016268e-08  r/r0=2.3440e-06
[mg]   it 256  beta=7.880298e-01  pr=2.025e-01 (|r^T z_k| / |r^T z_{k+1}|)
[mg]   it 257  |r|inf=2.311770e-08  r/r0=1.7965e-06
[mg]   it 257  beta=7.929788e-01  pr=1.573e-01 (|r^T z_k| / |r^T z_{k+1}|)
[mg]   it 258  |r|inf=3.049226e-08  r/r0=2.3696e-06
[mg]   it 258  beta=9.129525e-01  pr=1.886e-01 (|r^T z_k| / |r^T z_{k+1}|)
[mg]   it 259  |r|inf=2.376083e-08  r/r0=1.8465e-06
[mg]   it 259  beta=6.946774e-01  pr=1.782e-01 (|r^T z_k| / |r^T z_{k+1}|)
[mg]   it 260  |r|inf=2.723224e-08  r/r0=2.1163e-06
[mg]   it 260  beta=9.846464e-01  pr=1.670e-01 (|r^T z_k| / |r^T z_{k+1}|)
[mg]   it 261  |r|inf=2.295388e-08  r/r0=1.7838e-06
[mg]   it 261  beta=6.845490e-01  pr=2.003e-01 (|r^T z_k| / |r^T z_{k+1}|)
[mg]   it 262  |r|inf=2.264748e-08  r/r0=1.7600e-06
[mg]   it 262  beta=9.312918e-01  pr=1.538e-01 (|r^T z_k| / |r^T z_{k+1}|)
[mg]   it 263  |r|inf=2.893115e-08  r/r0=2.2483e-06
[mg]   it 263  beta=7.673071e-01  pr=2.073e-01 (|r^T z_k| / |r^T z_{k+1}|)
[mg]   it 264  |r|inf=2.261751e-08  r/r0=1.7577e-06
[mg]   it 264  beta=8.019650e-01  pr=1.578e-01 (|r^T z_k| / |r^T z_{k+1}|)
[mg]   it 265  |r|inf=2.995518e-08  r/r0=2.3279e-06
[mg]   it 265  beta=9.052802e-01  pr=1.928e-01 (|r^T z_k| / |r^T z_{k+1}|)
[mg]   it 266  |r|inf=2.348942e-08  r/r0=1.8254e-06
[mg]   it 266  beta=6.997470e-01  pr=1.776e-01 (|r^T z_k| / |r^T z_{k+1}|)
[mg]   it 267  |r|inf=2.622840e-08  r/r0=2.0383e-06
[mg]   it 267  beta=9.936291e-01  pr=1.700e-01 (|r^T z_k| / |r^T z_{k+1}|)
[mg]   it 268  |r|inf=2.320336e-08  r/r0=1.8032e-06
[mg]   it 268  beta=6.822046e-01  pr=2.019e-01 (|r^T z_k| / |r^T z_{k+1}|)
[mg]   it 269  |r|inf=2.242120e-08  r/r0=1.7424e-06
[mg]   it 269  beta=9.421959e-01  pr=1.556e-01 (|r^T z_k| / |r^T z_{k+1}|)
[mg]   it 270  |r|inf=2.828973e-08  r/r0=2.1985e-06
[mg]   it 270  beta=7.586490e-01  pr=2.107e-01 (|r^T z_k| / |r^T z_{k+1}|)
[mg]   it 271  |r|inf=2.263976e-08  r/r0=1.7594e-06
[mg]   it 271  beta=8.017955e-01  pr=1.591e-01 (|r^T z_k| / |r^T z_{k+1}|)
[mg]   it 272  |r|inf=2.943171e-08  r/r0=2.2872e-06
[mg]   it 272  beta=8.950113e-01  pr=1.970e-01 (|r^T z_k| / |r^T z_{k+1}|)
[mg]   it 273  |r|inf=2.319099e-08  r/r0=1.8022e-06
[mg]   it 273  beta=6.913956e-01  pr=1.801e-01 (|r^T z_k| / |r^T z_{k+1}|)
[mg]   it 274  |r|inf=2.496899e-08  r/r0=1.9404e-06
[mg]   it 274  beta=9.892218e-01  pr=1.724e-01 (|r^T z_k| / |r^T z_{k+1}|)
[mg]   it 275  |r|inf=2.330839e-08  r/r0=1.8113e-06
[mg]   it 275  beta=6.753448e-01  pr=2.045e-01 (|r^T z_k| / |r^T z_{k+1}|)
[mg]   it 276  |r|inf=2.154450e-08  r/r0=1.6743e-06
[mg]   it 276  beta=9.429625e-01  pr=1.567e-01 (|r^T z_k| / |r^T z_{k+1}|)
[mg]   it 277  |r|inf=2.747591e-08  r/r0=2.1352e-06
[mg]   it 277  beta=7.595365e-01  pr=2.133e-01 (|r^T z_k| / |r^T z_{k+1}|)
[mg]   it 278  |r|inf=2.263428e-08  r/r0=1.7590e-06
[mg]   it 278  beta=8.022295e-01  pr=1.603e-01 (|r^T z_k| / |r^T z_{k+1}|)
[mg]   it 279  |r|inf=2.876838e-08  r/r0=2.2357e-06
[mg]   it 279  beta=9.038303e-01  pr=1.982e-01 (|r^T z_k| / |r^T z_{k+1}|)
[mg]   it 280  |r|inf=2.297472e-08  r/r0=1.7854e-06[run] step 2/6

[mg]   it 280  beta=6.892955e-01  pr=1.822e-01 (|r^T z_k| / |r^T z_{k+1}|)
[mg]   it 281  |r|inf=2.392216e-08  r/r0=1.8590e-06
[mg]   it 281  beta=9.937029e-01  pr=1.733e-01 (|r^T z_k| / |r^T z_{k+1}|)
[mg]   it 282  |r|inf=2.376420e-08  r/r0=1.8468e-06
[mg]   it 282  beta=6.723183e-01  pr=2.083e-01 (|r^T z_k| / |r^T z_{k+1}|)
[mg]   it 283  |r|inf=2.061548e-08  r/r0=1.6021e-06
[mg]   it 283  beta=9.337664e-01  pr=1.580e-01 (|r^T z_k| / |r^T z_{k+1}|)
[mg]   it 284  |r|inf=2.697760e-08  r/r0=2.0965e-06
[mg]   it 284  beta=7.604211e-01  pr=2.160e-01 (|r^T z_k| / |r^T z_{k+1}|)
[mg]   it 285  |r|inf=2.273033e-08  r/r0=1.7664e-06
[mg]   it 285  beta=7.868637e-01  pr=1.627e-01 (|r^T z_k| / |r^T z_{k+1}|)
[mg]   it 286  |r|inf=2.777005e-08  r/r0=2.1581e-06
[mg]   it 286  beta=9.099299e-01  pr=1.989e-01 (|r^T z_k| / |r^T z_{k+1}|)
[mg]   it 287  |r|inf=2.243109e-08  r/r0=1.7432e-06
[mg]   it 287  beta=6.800978e-01  pr=1.862e-01 (|r^T z_k| / |r^T z_{k+1}|)
[mg]   it 288  |r|inf=2.264100e-08  r/r0=1.7595e-06
[mg]   it 288  beta=9.976718e-01  pr=1.726e-01 (|r^T z_k| / |r^T z_{k+1}|)
[mg]   it 289  |r|inf=2.408611e-08  r/r0=1.8718e-06
[mg]   it 289  beta=6.756781e-01  pr=2.114e-01 (|r^T z_k| / |r^T z_{k+1}|)
[mg]   it 290  |r|inf=1.948875e-08  r/r0=1.5145e-06
[mg]   it 290  beta=9.262714e-01  pr=1.582e-01 (|r^T z_k| / |r^T z_{k+1}|)
[mg]   it 291  |r|inf=2.657360e-08  r/r0=2.0651e-06
[mg]   it 291  beta=7.752552e-01  pr=2.172e-01 (|r^T z_k| / |r^T z_{k+1}|)
[mg]   it 292  |r|inf=2.295321e-08  r/r0=1.7837e-06
[mg]   it 292  beta=7.725691e-01  pr=1.655e-01 (|r^T z_k| / |r^T z_{k+1}|)
[mg]   it 293  |r|inf=2.684942e-08  r/r0=2.0865e-06
[mg]   it 293  beta=9.259206e-01  pr=1.976e-01 (|r^T z_k| / |r^T z_{k+1}|)
[mg]   it 294  |r|inf=2.191886e-08  r/r0=1.7034e-06
[mg]   it 294  beta=6.700366e-01  pr=1.910e-01 (|r^T z_k| / |r^T z_{k+1}|)
[mg]   it 295  |r|inf=2.149486e-08  r/r0=1.6704e-06
[mg]   it 295  beta=9.947199e-01  pr=1.715e-01 (|r^T z_k| / |r^T z_{k+1}|)
[mg]   it 296  |r|inf=2.444053e-08  r/r0=1.8993e-06
[mg]   it 296  beta=6.772310e-01  pr=2.161e-01 (|r^T z_k| / |r^T z_{k+1}|)
[mg]   it 297  |r|inf=2.014347e-08  r/r0=1.5654e-06
[mg]   it 297  beta=9.042780e-01  pr=1.590e-01 (|r^T z_k| / |r^T z_{k+1}|)
[mg]   it 298  |r|inf=2.603658e-08  r/r0=2.0234e-06
[mg]   it 298  beta=7.919896e-01  pr=2.175e-01 (|r^T z_k| / |r^T z_{k+1}|)
[mg]   it 299  |r|inf=2.293240e-08  r/r0=1.7821e-06
[mg]   it 299  beta=7.517576e-01  pr=1.689e-01 (|r^T z_k| / |r^T z_{k+1}|)
[mg]   it 300  |r|inf=2.554820e-08  r/r0=1.9854e-06
[mg]   it 300  beta=9.463354e-01  pr=1.950e-01 (|r^T z_k| / |r^T z_{k+1}|)
[mg] fcg solve 2: r0=1.209453e-02 rtol=1.0e-08 (pre=2 post=2 bottom=12)
[mg]   it   1  |r|inf=1.778005e-02  r/r0=1.4701e+00
[mg]   it   1  beta=9.029216e-03  pr=6.835e-15 (|r^T z_k| / |r^T z_{k+1}|)
[mg]   it   2  |r|inf=2.602294e-03  r/r0=2.1516e-01
[mg]   it   2  beta=2.173125e-02  pr=4.935e-02 (|r^T z_k| / |r^T z_{k+1}|)
[mg]   it   3  |r|inf=5.395358e-04  r/r0=4.4610e-02
[mg]   it   3  beta=2.608548e-02  pr=3.994e-02 (|r^T z_k| / |r^T z_{k+1}|)
[mg]   it   4  |r|inf=4.029371e-04  r/r0=3.3316e-02
[mg]   it   4  beta=2.407363e-02  pr=4.740e-02 (|r^T z_k| / |r^T z_{k+1}|)
[mg]   it   5  |r|inf=2.978179e-04  r/r0=2.4624e-02
[mg]   it   5  beta=1.280460e-01  pr=1.179e-02 (|r^T z_k| / |r^T z_{k+1}|)
[mg]   it   6  |r|inf=1.258856e-04  r/r0=1.0408e-02
[mg]   it   6  beta=4.549098e-01  pr=7.027e-03 (|r^T z_k| / |r^T z_{k+1}|)
[mg]   it   7  |r|inf=6.305612e-05  r/r0=5.2136e-03
[mg]   it   7  beta=2.361227e-01  pr=9.401e-03 (|r^T z_k| / |r^T z_{k+1}|)
[mg]   it   8  |r|inf=5.449138e-05  r/r0=4.5055e-03
[mg]   it   8  beta=4.483509e-01  pr=6.386e-03 (|r^T z_k| / |r^T z_{k+1}|)
[mg]   it   9  |r|inf=4.512764e-05  r/r0=3.7312e-03
[mg]   it   9  beta=5.416591e-01  pr=7.037e-03 (|r^T z_k| / |r^T z_{k+1}|)
[mg]   it  10  |r|inf=3.188402e-05  r/r0=2.6362e-03
[mg]   it  10  beta=7.973901e-01  pr=6.448e-03 (|r^T z_k| / |r^T z_{k+1}|)
[mg]   it  11  |r|inf=2.399039e-05  r/r0=1.9836e-03
[mg]   it  11  beta=4.145206e-01  pr=7.587e-03 (|r^T z_k| / |r^T z_{k+1}|)
[mg]   it  12  |r|inf=3.623857e-05  r/r0=2.9963e-03
[mg]   it  12  beta=6.849320e-01  pr=5.596e-03 (|r^T z_k| / |r^T z_{k+1}|)
[mg]   it  13  |r|inf=3.162806e-05  r/r0=2.6151e-03
[mg]   it  13  beta=4.068903e-01  pr=8.291e-03 (|r^T z_k| / |r^T z_{k+1}|)
[mg]   it  14  |r|inf=2.594378e-05  r/r0=2.1451e-03
[mg]   it  14  beta=5.293165e-01  pr=7.535e-03 (|r^T z_k| / |r^T z_{k+1}|)
[mg]   it  15  |r|inf=1.320039e-05  r/r0=1.0914e-03
[mg]   it  15  beta=4.113593e-01  pr=9.957e-03 (|r^T z_k| / |r^T z_{k+1}|)
[mg]   it  16  |r|inf=5.074254e-06  r/r0=4.1955e-04
[mg]   it  16  beta=3.944831e-01  pr=1.022e-02 (|r^T z_k| / |r^T z_{k+1}|)
[mg]   it  17  |r|inf=2.446459e-06  r/r0=2.0228e-04
[mg]   it  17  beta=4.626589e-01  pr=1.138e-02 (|r^T z_k| / |r^T z_{k+1}|)
[mg]   it  18  |r|inf=1.884834e-06  r/r0=1.5584e-04
[mg]   it  18  beta=5.660907e-01  pr=1.016e-02 (|r^T z_k| / |r^T z_{k+1}|)
[mg]   it  19  |r|inf=2.271206e-06  r/r0=1.8779e-04
[mg]   it  19  beta=4.935754e-01  pr=1.352e-02 (|r^T z_k| / |r^T z_{k+1}|)
[mg]   it  20  |r|inf=1.948431e-06  r/r0=1.6110e-04
[mg]   it  20  beta=4.693627e-01  pr=1.509e-02 (|r^T z_k| / |r^T z_{k+1}|)
[mg]   it  21  |r|inf=1.068665e-06  r/r0=8.8359e-05
[mg]   it  21  beta=3.323159e-01  pr=2.127e-02 (|r^T z_k| / |r^T z_{k+1}|)
[mg]   it  22  |r|inf=9.292712e-07  r/r0=7.6834e-05
[mg]   it  22  beta=5.124249e-01  pr=1.678e-02 (|r^T z_k| / |r^T z_{k+1}|)
[mg]   it  23  |r|inf=7.361989e-07  r/r0=6.0870e-05
[mg]   it  23  beta=6.024055e-01  pr=1.932e-02 (|r^T z_k| / |r^T z_{k+1}|)
[mg]   it  24  |r|inf=4.178105e-07  r/r0=3.4545e-05
[mg]   it  24  beta=6.118599e-01  pr=2.287e-02 (|r^T z_k| / |r^T z_{k+1}|)
[mg]   it  25  |r|inf=6.601543e-07  r/r0=5.4583e-05
[mg]   it  25  beta=6.424885e-01  pr=2.689e-02 (|r^T z_k| / |r^T z_{k+1}|)
[mg]   it  26  |r|inf=4.934746e-07  r/r0=4.0801e-05
[mg]   it  26  beta=4.997714e-01  pr=3.676e-02 (|r^T z_k| / |r^T z_{k+1}|)
[mg]   it  27  |r|inf=2.776473e-07  r/r0=2.2956e-05
[mg]   it  27  beta=6.396990e-01  pr=3.734e-02 (|r^T z_k| / |r^T z_{k+1}|)
[mg]   it  28  |r|inf=3.760615e-07  r/r0=3.1094e-05
[mg]   it  28  beta=6.578426e-01  pr=3.949e-02 (|r^T z_k| / |r^T z_{k+1}|)
[mg]   it  29  |r|inf=2.205698e-07  r/r0=1.8237e-05
[mg]   it  29  beta=4.934736e-01  pr=6.120e-02 (|r^T z_k| / |r^T z_{k+1}|)
[mg]   it  30  |r|inf=1.895886e-07  r/r0=1.5676e-05
[mg]   it  30  beta=5.372617e-01  pr=5.933e-02 (|r^T z_k| / |r^T z_{k+1}|)
[mg]   it  31  |r|inf=2.004408e-07  r/r0=1.6573e-05
[mg]   it  31  beta=5.689374e-01  pr=6.400e-02 (|r^T z_k| / |r^T z_{k+1}|)
[mg]   it  32  |r|inf=1.252959e-07  r/r0=1.0360e-05
[mg]   it  32  beta=6.107221e-01  pr=7.721e-02 (|r^T z_k| / |r^T z_{k+1}|)
[mg]   it  33  |r|inf=1.434118e-07  r/r0=1.1858e-05
[mg]   it  33  beta=6.744431e-01  pr=6.693e-02 (|r^T z_k| / |r^T z_{k+1}|)
[mg]   it  34  |r|inf=8.649330e-08  r/r0=7.1514e-06
[mg]   it  34  beta=7.157955e-01  pr=8.975e-02 (|r^T z_k| / |r^T z_{k+1}|)
[mg]   it  35  |r|inf=1.075607e-07  r/r0=8.8933e-06
[mg]   it  35  beta=6.288538e-01  pr=8.557e-02 (|r^T z_k| / |r^T z_{k+1}|)
[mg]   it  36  |r|inf=6.891882e-08  r/r0=5.6983e-06
[mg]   it  36  beta=5.618050e-01  pr=1.125e-01 (|r^T z_k| / |r^T z_{k+1}|)
[mg]   it  37  |r|inf=7.922231e-08  r/r0=6.5503e-06
[mg]   it  37  beta=7.474893e-01  pr=9.184e-02 (|r^T z_k| / |r^T z_{k+1}|)
[mg]   it  38  |r|inf=5.612118e-08  r/r0=4.6402e-06
[mg]   it  38  beta=4.858980e-01  pr=1.370e-01 (|r^T z_k| / |r^T z_{k+1}|)
[mg]   it  39  |r|inf=4.685020e-08  r/r0=3.8737e-06
[mg]   it  39  beta=5.189280e-01  pr=1.229e-01 (|r^T z_k| / |r^T z_{k+1}|)
[mg]   it  40  |r|inf=3.162224e-08  r/r0=2.6146e-06
[mg]   it  40  beta=4.179431e-01  pr=1.545e-01 (|r^T z_k| / |r^T z_{k+1}|)
[mg]   it  41  |r|inf=2.728220e-08  r/r0=2.2557e-06
[mg]   it  41  beta=6.234433e-01  pr=1.165e-01 (|r^T z_k| / |r^T z_{k+1}|)
[mg]   it  42  |r|inf=2.446398e-08  r/r0=2.0227e-06
[mg]   it  42  beta=6.261367e-01  pr=1.313e-01 (|r^T z_k| / |r^T z_{k+1}|)
[mg]   it  43  |r|inf=2.383031e-08  r/r0=1.9703e-06
[mg]   it  43  beta=9.026830e-01  pr=1.063e-01 (|r^T z_k| / |r^T z_{k+1}|)
[mg]   it  44  |r|inf=2.367285e-08  r/r0=1.9573e-06
[mg]   it  44  beta=7.529747e-01  pr=1.311e-01 (|r^T z_k| / |r^T z_{k+1}|)
[mg]   it  45  |r|inf=2.365979e-08  r/r0=1.9562e-06
[mg]   it  45  beta=8.839133e-01  pr=1.160e-01 (|r^T z_k| / |r^T z_{k+1}|)
[mg]   it  46  |r|inf=1.895404e-08  r/r0=1.5672e-06
[mg]   it  46  beta=6.347214e-01  pr=1.546e-01 (|r^T z_k| / |r^T z_{k+1}|)
[mg]   it  47  |r|inf=1.925812e-08  r/r0=1.5923e-06
[mg]   it  47  beta=7.120598e-01  pr=1.299e-01 (|r^T z_k| / |r^T z_{k+1}|)
[mg]   it  48  |r|inf=1.361661e-08  r/r0=1.1258e-06
[mg]   it  48  beta=6.263277e-01  pr=1.610e-01 (|r^T z_k| / |r^T z_{k+1}|)
[mg]   it  49  |r|inf=1.606191e-08  r/r0=1.3280e-06
[mg]   it  49  beta=8.178003e-01  pr=1.208e-01 (|r^T z_k| / |r^T z_{k+1}|)
[mg]   it  50  |r|inf=1.348723e-08  r/r0=1.1152e-06
[mg]   it  50  beta=8.931386e-01  pr=1.399e-01 (|r^T z_k| / |r^T z_{k+1}|)
[mg]   it  51  |r|inf=1.998441e-08  r/r0=1.6524e-06
[mg]   it  51  beta=1.066738e+00  pr=1.102e-01 (|r^T z_k| / |r^T z_{k+1}|)
[mg]   it  52  |r|inf=1.965342e-08  r/r0=1.6250e-06
[mg]   it  52  beta=1.136589e+00  pr=1.328e-01 (|r^T z_k| / |r^T z_{k+1}|)
[mg]   it  53  |r|inf=2.776043e-08  r/r0=2.2953e-06
[mg]   it  53  beta=1.025754e+00  pr=1.192e-01 (|r^T z_k| / |r^T z_{k+1}|)
[mg]   it  54  |r|inf=2.595546e-08  r/r0=2.1460e-06
[mg]   it  54  beta=1.111834e+00  pr=1.368e-01 (|r^T z_k| / |r^T z_{k+1}|)
[mg]   it  55  |r|inf=3.202730e-08  r/r0=2.6481e-06
[mg]   it  55  beta=8.682142e-01  pr=1.368e-01 (|r^T z_k| / |r^T z_{k+1}|)
[mg]   it  56  |r|inf=2.676263e-08  r/r0=2.2128e-06
[mg]   it  56  beta=1.007367e+00  pr=1.387e-01 (|r^T z_k| / |r^T z_{k+1}|)
[mg]   it  57  |r|inf=2.892301e-08  r/r0=2.3914e-06
[mg]   it  57  beta=7.683756e-01  pr=1.555e-01 (|r^T z_k| / |r^T z_{k+1}|)
[mg]   it  58  |r|inf=2.810983e-08  r/r0=2.3242e-06
[mg]   it  58  beta=9.038040e-01  pr=1.382e-01 (|r^T z_k| / |r^T z_{k+1}|)
[mg]   it  59  |r|inf=2.205272e-08  r/r0=1.8234e-06
[mg]   it  59  beta=7.330690e-01  pr=1.675e-01 (|r^T z_k| / |r^T z_{k+1}|)
[mg]   it  60  |r|inf=2.753248e-08  r/r0=2.2764e-06
[mg]   it  60  beta=8.039662e-01  pr=1.394e-01 (|r^T z_k| / |r^T z_{k+1}|)
[mg]   it  61  |r|inf=2.242066e-08  r/r0=1.8538e-06
[mg]   it  61  beta=7.578850e-01  pr=1.687e-01 (|r^T z_k| / |r^T z_{k+1}|)
[mg]   it  62  |r|inf=2.733500e-08  r/r0=2.2601e-06
[mg]   it  62  beta=7.387924e-01  pr=1.440e-01 (|r^T z_k| / |r^T z_{k+1}|)
[mg]   it  63  |r|inf=2.196033e-08  r/r0=1.8157e-06
[mg]   it  63  beta=8.353223e-01  pr=1.576e-01 (|r^T z_k| / |r^T z_{k+1}|)
[mg]   it  64  |r|inf=2.529236e-08  r/r0=2.0912e-06
[mg]   it  64  beta=7.383462e-01  pr=1.478e-01 (|r^T z_k| / |r^T z_{k+1}|)
[mg]   it  65  |r|inf=2.043270e-08  r/r0=1.6894e-06
[mg]   it  65  beta=9.297115e-01  pr=1.438e-01 (|r^T z_k| / |r^T z_{k+1}|)
[mg]   it  66  |r|inf=2.269745e-08  r/r0=1.8767e-06
[mg]   it  66  beta=7.773069e-01  pr=1.526e-01 (|r^T z_k| / |r^T z_{k+1}|)
[mg]   it  67  |r|inf=2.185088e-08  r/r0=1.8067e-06
[mg]   it  67  beta=9.751091e-01  pr=1.341e-01 (|r^T z_k| / |r^T z_{k+1}|)
[mg]   it  68  |r|inf=1.843994e-08  r/r0=1.5247e-06
[mg]   it  68  beta=8.250585e-01  pr=1.564e-01 (|r^T z_k| / |r^T z_{k+1}|)
[mg]   it  69  |r|inf=2.351989e-08  r/r0=1.9447e-06
[mg]   it  69  beta=9.387123e-01  pr=1.315e-01 (|r^T z_k| / |r^T z_{k+1}|)
[mg]   it  70  |r|inf=2.038531e-08  r/r0=1.6855e-06
[mg]   it  70  beta=8.688220e-01  pr=1.586e-01 (|r^T z_k| / |r^T z_{k+1}|)
[mg]   it  71  |r|inf=2.781236e-08  r/r0=2.2996e-06
[mg]   it  71  beta=8.537782e-01  pr=1.364e-01 (|r^T z_k| / |r^T z_{k+1}|)
[mg]   it  72  |r|inf=2.316466e-08  r/r0=1.9153e-06
[mg]   it  72  beta=9.044366e-01  pr=1.546e-01 (|r^T z_k| / |r^T z_{k+1}|)
[mg]   it  73  |r|inf=2.805472e-08  r/r0=2.3196e-06
[mg]   it  73  beta=7.829871e-01  pr=1.453e-01 (|r^T z_k| / |r^T z_{k+1}|)
[mg]   it  74  |r|inf=2.245342e-08  r/r0=1.8565e-06
[mg]   it  74  beta=9.259936e-01  pr=1.469e-01 (|r^T z_k| / |r^T z_{k+1}|)
[mg]   it  75  |r|inf=2.464946e-08  r/r0=2.0381e-06
[mg]   it  75  beta=7.570881e-01  pr=1.552e-01 (|r^T z_k| / |r^T z_{k+1}|)
[mg]   it  76  |r|inf=2.316932e-08  r/r0=1.9157e-06
[mg]   it  76  beta=9.229560e-01  pr=1.388e-01 (|r^T z_k| / |r^T z_{k+1}|)
[mg]   it  77  |r|inf=1.864158e-08  r/r0=1.5413e-06
[mg]   it  77  beta=7.801116e-01  pr=1.600e-01 (|r^T z_k| / |r^T z_{k+1}|)
[mg]   it  78  |r|inf=2.371080e-08  r/r0=1.9605e-06
[mg]   it  78  beta=8.918250e-01  pr=1.346e-01 (|r^T z_k| / |r^T z_{k+1}|)
[mg]   it  79  |r|inf=1.955399e-08  r/r0=1.6168e-06
[mg]   it  79  beta=8.374506e-01  pr=1.595e-01 (|r^T z_k| / |r^T z_{k+1}|)
[mg]   it  80  |r|inf=2.710721e-08  r/r0=2.2413e-06
[mg]   it  80  beta=8.440759e-01  pr=1.365e-01 (|r^T z_k| / |r^T z_{k+1}|)
[mg]   it  81  |r|inf=2.213296e-08  r/r0=1.8300e-06
[mg]   it  81  beta=9.016760e-01  pr=1.529e-01 (|r^T z_k| / |r^T z_{k+1}|)
[mg]   it  82  |r|inf=2.753696e-08  r/r0=2.2768e-06
[mg]   it  82  beta=8.004631e-01  pr=1.426e-01 (|r^T z_k| / |r^T z_{k+1}|)
[mg]   it  83  |r|inf=2.206938e-08  r/r0=1.8247e-06
[mg]   it  83  beta=9.399436e-01  pr=1.448e-01 (|r^T z_k| / |r^T z_{k+1}|)
[mg]   it  84  |r|inf=2.479397e-08  r/r0=2.0500e-06
[mg]   it  84  beta=7.786514e-01  pr=1.516e-01 (|r^T z_k| / |r^T z_{k+1}|)
[mg]   it  85  |r|inf=2.328291e-08  r/r0=1.9251e-06
[mg]   it  85  beta=9.360005e-01  pr=1.377e-01 (|r^T z_k| / |r^T z_{k+1}|)
[mg]   it  86  |r|inf=1.909224e-08  r/r0=1.5786e-06
[mg]   it  86  beta=7.894915e-01  pr=1.571e-01 (|r^T z_k| / |r^T z_{k+1}|)
[mg]   it  87  |r|inf=2.407157e-08  r/r0=1.9903e-06
[mg]   it  87  beta=8.960638e-01  pr=1.342e-01 (|r^T z_k| / |r^T z_{k+1}|)
[mg]   it  88  |r|inf=1.903647e-08  r/r0=1.5740e-06
[mg]   it  88  beta=8.306321e-01  pr=1.582e-01 (|r^T z_k| / |r^T z_{k+1}|)
[mg]   it  89  |r|inf=2.719131e-08  r/r0=2.2482e-06
[mg]   it  89  beta=8.443675e-01  pr=1.359e-01 (|r^T z_k| / |r^T z_{k+1}|)
[mg]   it  90  |r|inf=2.166128e-08  r/r0=1.7910e-06
[mg]   it  90  beta=8.877738e-01  pr=1.523e-01 (|r^T z_k| / |r^T z_{k+1}|)
[mg]   it  91  |r|inf=2.753268e-08  r/r0=2.2765e-06
[mg]   it  91  beta=8.042673e-01  pr=1.408e-01 (|r^T z_k| / |r^T z_{k+1}|)
[mg]   it  92  |r|inf=2.186773e-08  r/r0=1.8081e-06
[mg]   it  92  beta=9.327530e-01  pr=1.444e-01 (|r^T z_k| / |r^T z_{k+1}|)
[mg]   it  93  |r|inf=2.501663e-08  r/r0=2.0684e-06
[mg]   it  93  beta=7.874899e-01  pr=1.486e-01 (|r^T z_k| / |r^T z_{k+1}|)
[mg]   it  94  |r|inf=2.313100e-08  r/r0=1.9125e-06
[mg]   it  94  beta=9.412599e-01  pr=1.369e-01 (|r^T z_k| / |r^T z_{k+1}|)
[mg]   it  95  |r|inf=1.972821e-08  r/r0=1.6312e-06
[mg]   it  95  beta=7.972178e-01  pr=1.538e-01 (|r^T z_k| / |r^T z_{k+1}|)
[mg]   it  96  |r|inf=2.449418e-08  r/r0=2.0252e-06
[mg]   it  96  beta=9.082046e-01  pr=1.333e-01 (|r^T z_k| / |r^T z_{k+1}|)
[mg]   it  97  |r|inf=1.829368e-08  r/r0=1.5126e-06
[mg]   it  97  beta=8.290851e-01  pr=1.560e-01 (|r^T z_k| / |r^T z_{k+1}|)
[mg]   it  98  |r|inf=2.727421e-08  r/r0=2.2551e-06
[mg]   it  98  beta=8.545681e-01  pr=1.346e-01 (|r^T z_k| / |r^T z_{k+1}|)
[mg]   it  99  |r|inf=2.125547e-08  r/r0=1.7574e-06
[mg]   it  99  beta=8.745129e-01  pr=1.519e-01 (|r^T z_k| / |r^T z_{k+1}|)
[mg]   it 100  |r|inf=2.772834e-08  r/r0=2.2926e-06
[mg]   it 100  beta=8.086030e-01  pr=1.390e-01 (|r^T z_k| / |r^T z_{k+1}|)
[mg]   it 101  |r|inf=2.175827e-08  r/r0=1.7990e-06
[mg]   it 101  beta=9.160087e-01  pr=1.449e-01 (|r^T z_k| / |r^T z_{k+1}|)
[mg]   it 102  |r|inf=2.529147e-08  r/r0=2.0911e-06
[mg]   it 102  beta=7.879535e-01  pr=1.460e-01 (|r^T z_k| / |r^T z_{k+1}|)
[mg]   it 103  |r|inf=2.260285e-08  r/r0=1.8688e-06
[mg]   it 103  beta=9.348282e-01  pr=1.373e-01 (|r^T z_k| / |r^T z_{k+1}|)
[mg]   it 104  |r|inf=2.036435e-08  r/r0=1.6838e-06
[mg]   it 104  beta=7.968704e-01  pr=1.508e-01 (|r^T z_k| / |r^T z_{k+1}|)
[mg]   it 105  |r|inf=2.448754e-08  r/r0=2.0247e-06
[mg]   it 105  beta=9.189578e-01  pr=1.326e-01 (|r^T z_k| / |r^T z_{k+1}|)
[mg]   it 106  |r|inf=1.698384e-08  r/r0=1.4043e-06
[mg]   it 106  beta=8.280230e-01  pr=1.534e-01 (|r^T z_k| / |r^T z_{k+1}|)
[mg]   it 107  |r|inf=2.685927e-08  r/r0=2.2208e-06
[mg]   it 107  beta=8.760711e-01  pr=1.325e-01 (|r^T z_k| / |r^T z_{k+1}|)
[mg]   it 108  |r|inf=2.059067e-08  r/r0=1.7025e-06
[mg]   it 108  beta=8.699872e-01  pr=1.507e-01 (|r^T z_k| / |r^T z_{k+1}|)
[mg]   it 109  |r|inf=2.801506e-08  r/r0=2.3163e-06
[mg]   it 109  beta=8.277651e-01  pr=1.361e-01 (|r^T z_k| / |r^T z_{k+1}|)
[mg]   it 110  |r|inf=2.184093e-08  r/r0=1.8059e-06
[mg]   it 110  beta=9.068752e-01  pr=1.454e-01 (|r^T z_k| / |r^T z_{k+1}|)
[mg]   it 111  |r|inf=2.603489e-08  r/r0=2.1526e-06
[mg]   it 111  beta=7.953546e-01  pr=1.428e-01 (|r^T z_k| / |r^T z_{k+1}|)
[mg]   it 112  |r|inf=2.213619e-08  r/r0=1.8303e-06
[mg]   it 112  beta=9.255798e-01  pr=1.385e-01 (|r^T z_k| / |r^T z_{k+1}|)
[mg]   it 113  |r|inf=2.136711e-08  r/r0=1.7667e-06
[mg]   it 113  beta=7.909950e-01  pr=1.482e-01 (|r^T z_k| / |r^T z_{k+1}|)
[mg]   it 114  |r|inf=2.444857e-08  r/r0=2.0215e-06
[mg]   it 114  beta=9.179654e-01  pr=1.332e-01 (|r^T z_k| / |r^T z_{k+1}|)
[mg]   it 115  |r|inf=1.658876e-08  r/r0=1.3716e-06
[mg]   it 115  beta=8.140725e-01  pr=1.516e-01 (|r^T z_k| / |r^T z_{k+1}|)
[mg]   it 116  |r|inf=2.592887e-08  r/r0=2.1439e-06
[mg]   it 116  beta=8.880488e-01  pr=1.315e-01 (|r^T z_k| / |r^T z_{k+1}|)
[mg]   it 117  |r|inf=1.938431e-08  r/r0=1.6027e-06
[mg]   it 117  beta=8.556376e-01  pr=1.500e-01 (|r^T z_k| / |r^T z_{k+1}|)
[mg]   it 118  |r|inf=2.772730e-08  r/r0=2.2925e-06
[mg]   it 118  beta=8.484106e-01  pr=1.332e-01 (|r^T z_k| / |r^T z_{k+1}|)
[mg]   it 119  |r|inf=2.146245e-08  r/r0=1.7746e-06
[mg]   it 119  beta=8.982294e-01  pr=1.457e-01 (|r^T z_k| / |r^T z_{k+1}|)
[mg]   it 120  |r|inf=2.660123e-08  r/r0=2.1994e-06
[mg]   it 120  beta=8.142848e-01  pr=1.387e-01 (|r^T z_k| / |r^T z_{k+1}|)
[mg]   it 121  |r|inf=2.124147e-08  r/r0=1.7563e-06
[mg]   it 121  beta=9.247921e-01  pr=1.394e-01 (|r^T z_k| / |r^T z_{k+1}|)
[mg]   it 122  |r|inf=2.267262e-08  r/r0=1.8746e-06
[mg]   it 122  beta=7.981377e-01  pr=1.443e-01 (|r^T z_k| / |r^T z_{k+1}|)
[mg]   it 123  |r|inf=2.442095e-08  r/r0=2.0192e-06
[mg]   it 123  beta=9.238386e-01  pr=1.341e-01 (|r^T z_k| / |r^T z_{k+1}|)
[mg]   it 124  |r|inf=1.631998e-08  r/r0=1.3494e-06
[mg]   it 124  beta=8.049928e-01  pr=1.493e-01 (|r^T z_k| / |r^T z_{k+1}|)
[mg]   it 125  |r|inf=2.498419e-08  r/r0=2.0657e-06
[mg]   it 125  beta=8.985716e-01  pr=1.314e-01 (|r^T z_k| / |r^T z_{k+1}|)
[mg]   it 126  |r|inf=1.803569e-08  r/r0=1.4912e-06
[mg]   it 126  beta=8.339696e-01  pr=1.496e-01 (|r^T z_k| / |r^T z_{k+1}|)
[mg]   it 127  |r|inf=2.729824e-08  r/r0=2.2571e-06
[mg]   it 127  beta=8.618057e-01  pr=1.316e-01 (|r^T z_k| / |r^T z_{k+1}|)
[mg]   it 128  |r|inf=2.073140e-08  r/r0=1.7141e-06
[mg]   it 128  beta=8.750331e-01  pr=1.469e-01 (|r^T z_k| / |r^T z_{k+1}|)
[mg]   it 129  |r|inf=2.679829e-08  r/r0=2.2157e-06
[mg]   it 129  beta=8.282950e-01  pr=1.354e-01 (|r^T z_k| / |r^T z_{k+1}|)
[mg]   it 130  |r|inf=2.137217e-08  r/r0=1.7671e-06
[mg]   it 130  beta=9.128062e-01  pr=1.410e-01 (|r^T z_k| / |r^T z_{k+1}|)
[mg]   it 131  |r|inf=2.369046e-08  r/r0=1.9588e-06
[mg]   it 131  beta=8.085473e-01  pr=1.401e-01 (|r^T z_k| / |r^T z_{k+1}|)
[mg]   it 132  |r|inf=2.377660e-08  r/r0=1.9659e-06
[mg]   it 132  beta=9.292285e-01  pr=1.353e-01 (|r^T z_k| / |r^T z_{k+1}|)
[mg]   it 133  |r|inf=1.817999e-08  r/r0=1.5032e-06
[mg]   it 133  beta=8.064188e-01  pr=1.457e-01 (|r^T z_k| / |r^T z_{k+1}|)
[mg]   it 134  |r|inf=2.526874e-08  r/r0=2.0893e-06
[mg]   it 134  beta=9.171162e-01  pr=1.314e-01 (|r^T z_k| / |r^T z_{k+1}|)
[mg]   it 135  |r|inf=1.634081e-08  r/r0=1.3511e-06
[mg]   it 135  beta=8.226190e-01  pr=1.481e-01 (|r^T z_k| / |r^T z_{k+1}|)
[mg]   it 136  |r|inf=2.680530e-08  r/r0=2.2163e-06
[mg]   it 136  beta=8.831865e-01  pr=1.304e-01 (|r^T z_k| / |r^T z_{k+1}|)
[mg]   it 137  |r|inf=1.984795e-08  r/r0=1.6411e-06
[mg]   it 137  beta=8.528385e-01  pr=1.478e-01 (|r^T z_k| / |r^T z_{k+1}|)
[mg]   it 138  |r|inf=2.705824e-08  r/r0=2.2372e-06
[mg]   it 138  beta=8.441032e-01  pr=1.329e-01 (|r^T z_k| / |r^T z_{k+1}|)
[mg]   it 139  |r|inf=2.132439e-08  r/r0=1.7631e-06
[mg]   it 139  beta=8.893484e-01  pr=1.434e-01 (|r^T z_k| / |r^T z_{k+1}|)
[mg]   it 140  |r|inf=2.458512e-08  r/r0=2.0327e-06
[mg]   it 140  beta=8.156024e-01  pr=1.368e-01 (|r^T z_k| / |r^T z_{k+1}|)
[mg]   it 141  |r|inf=2.264777e-08  r/r0=1.8726e-06
[mg]   it 141  beta=9.179215e-01  pr=1.378e-01 (|r^T z_k| / |r^T z_{k+1}|)
[mg]   it 142  |r|inf=1.980082e-08  r/r0=1.6372e-06
[mg]   it 142  beta=8.052720e-01  pr=1.423e-01 (|r^T z_k| / |r^T z_{k+1}|)
[mg]   it 143  |r|inf=2.508274e-08  r/r0=2.0739e-06
[mg]   it 143  beta=9.257888e-01  pr=1.327e-01 (|r^T z_k| / |r^T z_{k+1}|)
[mg]   it 144  |r|inf=1.536495e-08  r/r0=1.2704e-06
[mg]   it 144  beta=8.142495e-01  pr=1.457e-01 (|r^T z_k| / |r^T z_{k+1}|)
[mg]   it 145  |r|inf=2.566502e-08  r/r0=2.1220e-06
[mg]   it 145  beta=9.074206e-01  pr=1.298e-01 (|r^T z_k| / |r^T z_{k+1}|)
[mg]   it 146  |r|inf=1.840297e-08  r/r0=1.5216e-06
[mg]   it 146  beta=8.379857e-01  pr=1.475e-01 (|r^T z_k| / |r^T z_{k+1}|)
[mg]   it 147  |r|inf=2.702857e-08  r/r0=2.2348e-06
[mg]   it 147  beta=8.710703e-01  pr=1.306e-01 (|r^T z_k| / |r^T z_{k+1}|)
[mg]   it 148  |r|inf=2.094844e-08  r/r0=1.7321e-06
[mg]   it 148  beta=8.704828e-01  pr=1.452e-01 (|r^T z_k| / |r^T z_{k+1}|)
[mg]   it 149  |r|inf=2.548777e-08  r/r0=2.1074e-06
[mg]   it 149  beta=8.329928e-01  pr=1.336e-01 (|r^T z_k| / |r^T z_{k+1}|)
[mg]   it 150  |r|inf=2.131633e-08  r/r0=1.7625e-06
[mg]   it 150  beta=9.015327e-01  pr=1.409e-01 (|r^T z_k| / |r^T z_{k+1}|)
[mg]   it 151  |r|inf=2.139884e-08  r/r0=1.7693e-06
[mg]   it 151  beta=8.077123e-01  pr=1.391e-01 (|r^T z_k| / |r^T z_{k+1}|)
[mg]   it 152  |r|inf=2.458639e-08  r/r0=2.0329e-06
[mg]   it 152  beta=9.207339e-01  pr=1.354e-01 (|r^T z_k| / |r^T z_{k+1}|)
[mg]   it 153  |r|inf=1.533318e-08  r/r0=1.2678e-06
[mg]   it 153  beta=8.033646e-01  pr=1.435e-01 (|r^T z_k| / |r^T z_{k+1}|)
[mg]   it 154  |r|inf=2.532464e-08  r/r0=2.0939e-06
[mg]   it 154  beta=9.186946e-01  pr=1.310e-01 (|r^T z_k| / |r^T z_{k+1}|)
[mg]   it 155  |r|inf=1.641781e-08  r/r0=1.3575e-06
[mg]   it 155  beta=8.193864e-01  pr=1.469e-01 (|r^T z_k| / |r^T z_{k+1}|)
[mg]   it 156  |r|inf=2.633771e-08  r/r0=2.1777e-06
[mg]   it 156  beta=8.949524e-01  pr=1.296e-01 (|r^T z_k| / |r^T z_{k+1}|)
[mg]   it 157  |r|inf=1.989500e-08  r/r0=1.6450e-06
[mg]   it 157  beta=8.505640e-01  pr=1.465e-01 (|r^T z_k| / |r^T z_{k+1}|)
[mg]   it 158  |r|inf=2.588709e-08  r/r0=2.1404e-06
[mg]   it 158  beta=8.584034e-01  pr=1.309e-01 (|r^T z_k| / |r^T z_{k+1}|)
[mg]   it 159  |r|inf=2.143621e-08  r/r0=1.7724e-06
[mg]   it 159  beta=8.861345e-01  pr=1.437e-01 (|r^T z_k| / |r^T z_{k+1}|)
[mg]   it 160  |r|inf=2.278042e-08  r/r0=1.8835e-06
[mg]   it 160  beta=8.231776e-01  pr=1.356e-01 (|r^T z_k| / |r^T z_{k+1}|)
[mg]   it 161  |r|inf=2.371863e-08  r/r0=1.9611e-06
[mg]   it 161  beta=9.144754e-01  pr=1.386e-01 (|r^T z_k| / |r^T z_{k+1}|)
[mg]   it 162  |r|inf=1.744192e-08  r/r0=1.4421e-06
[mg]   it 162  beta=8.024934e-01  pr=1.407e-01 (|r^T z_k| / |r^T z_{k+1}|)
[mg]   it 163  |r|inf=2.550154e-08  r/r0=2.1085e-06
[mg]   it 163  beta=9.238910e-01  pr=1.336e-01 (|r^T z_k| / |r^T z_{k+1}|)
[mg]   it 164  |r|inf=1.647787e-08  r/r0=1.3624e-06
[mg]   it 164  beta=8.028866e-01  pr=1.460e-01 (|r^T z_k| / |r^T z_{k+1}|)
[mg]   it 165  |r|inf=2.533255e-08  r/r0=2.0945e-06
[mg]   it 165  beta=9.104768e-01  pr=1.304e-01 (|r^T z_k| / |r^T z_{k+1}|)
[mg]   it 166  |r|inf=1.844651e-08  r/r0=1.5252e-06
[mg]   it 166  beta=8.251860e-01  pr=1.478e-01 (|r^T z_k| / |r^T z_{k+1}|)
[mg]   it 167  |r|inf=2.576002e-08  r/r0=2.1299e-06
[mg]   it 167  beta=8.789941e-01  pr=1.297e-01 (|r^T z_k| / |r^T z_{k+1}|)
[mg]   it 168  |r|inf=2.092941e-08  r/r0=1.7305e-06
[mg]   it 168  beta=8.622033e-01  pr=1.467e-01 (|r^T z_k| / |r^T z_{k+1}|)
[mg]   it 169  |r|inf=2.357555e-08  r/r0=1.9493e-06
[mg]   it 169  beta=8.413257e-01  pr=1.329e-01 (|r^T z_k| / |r^T z_{k+1}|)
[mg]   it 170  |r|inf=2.223703e-08  r/r0=1.8386e-06
[mg]   it 170  beta=9.017539e-01  pr=1.422e-01 (|r^T z_k| / |r^T z_{k+1}|)
[mg]   it 171  |r|inf=1.910419e-08  r/r0=1.5796e-06
[mg]   it 171  beta=8.110202e-01  pr=1.377e-01 (|r^T z_k| / |r^T z_{k+1}|)
[mg]   it 172  |r|inf=2.513420e-08  r/r0=2.0781e-06
[mg]   it 172  beta=9.268736e-01  pr=1.368e-01 (|r^T z_k| / |r^T z_{k+1}|)
[mg]   it 173  |r|inf=1.649898e-08  r/r0=1.3642e-06
[mg]   it 173  beta=7.975493e-01  pr=1.442e-01 (|r^T z_k| / |r^T z_{k+1}|)
[mg]   it 174  |r|inf=2.527564e-08  r/r0=2.0898e-06
[mg]   it 174  beta=9.261911e-01  pr=1.322e-01 (|r^T z_k| / |r^T z_{k+1}|)
[mg]   it 175  |r|inf=1.682313e-08  r/r0=1.3910e-06
[mg]   it 175  beta=8.062820e-01  pr=1.483e-01 (|r^T z_k| / |r^T z_{k+1}|)
[mg]   it 176  |r|inf=2.537923e-08  r/r0=2.0984e-06
[mg]   it 176  beta=8.991862e-01  pr=1.300e-01 (|r^T z_k| / |r^T z_{k+1}|)
[mg]   it 177  |r|inf=2.015417e-08  r/r0=1.6664e-06
[mg]   it 177  beta=8.357140e-01  pr=1.497e-01 (|r^T z_k| / |r^T z_{k+1}|)
[mg]   it 178  |r|inf=2.397459e-08  r/r0=1.9823e-06
[mg]   it 178  beta=8.579162e-01  pr=1.316e-01 (|r^T z_k| / |r^T z_{k+1}|)
[mg]   it 179  |r|inf=2.148783e-08  r/r0=1.7767e-06
[mg]   it 179  beta=8.785403e-01  pr=1.465e-01 (|r^T z_k| / |r^T z_{k+1}|)
[mg]   it 180  |r|inf=2.019484e-08  r/r0=1.6698e-06
[mg]   it 180  beta=8.191361e-01  pr=1.357e-01 (|r^T z_k| / |r^T z_{k+1}|)
[mg]   it 181  |r|inf=2.424050e-08  r/r0=2.0043e-06
[mg]   it 181  beta=9.181324e-01  pr=1.410e-01 (|r^T z_k| / |r^T z_{k+1}|)
[mg]   it 182  |r|inf=1.625032e-08  r/r0=1.3436e-06
[mg]   it 182  beta=7.955741e-01  pr=1.425e-01 (|r^T z_k| / |r^T z_{k+1}|)
[mg]   it 183  |r|inf=2.536414e-08  r/r0=2.0972e-06
[mg]   it 183  beta=9.361098e-01  pr=1.351e-01 (|r^T z_k| / |r^T z_{k+1}|)
[mg]   it 184  |r|inf=1.706003e-08  r/r0=1.4106e-06
[mg]   it 184  beta=7.944655e-01  pr=1.482e-01 (|r^T z_k| / |r^T z_{k+1}|)
[mg]   it 185  |r|inf=2.457412e-08  r/r0=2.0318e-06
[mg]   it 185  beta=9.210452e-01  pr=1.311e-01 (|r^T z_k| / |r^T z_{k+1}|)
[mg]   it 186  |r|inf=1.915491e-08  r/r0=1.5838e-06
[mg]   it 186  beta=8.161941e-01  pr=1.520e-01 (|r^T z_k| / |r^T z_{k+1}|)
[mg]   it 187  |r|inf=2.403121e-08  r/r0=1.9869e-06
[mg]   it 187  beta=8.792779e-01  pr=1.312e-01 (|r^T z_k| / |r^T z_{k+1}|)
[mg]   it 188  |r|inf=2.137560e-08  r/r0=1.7674e-06
[mg]   it 188  beta=8.566193e-01  pr=1.508e-01 (|r^T z_k| / |r^T z_{k+1}|)
[mg]   it 189  |r|inf=2.089302e-08  r/r0=1.7275e-06
[mg]   it 189  beta=8.302043e-01  pr=1.346e-01 (|r^T z_k| / |r^T z_{k+1}|)
[mg]   it 190  |r|inf=2.325287e-08  r/r0=1.9226e-06
[mg]   it 190  beta=9.024952e-01  pr=1.460e-01 (|r^T z_k| / |r^T z_{k+1}|)
[mg]   it 191  |r|inf=1.598262e-08  r/r0=1.3215e-06
[mg]   it 191  beta=7.936048e-01  pr=1.416e-01 (|r^T z_k| / |r^T z_{k+1}|)
[mg]   it 192  |r|inf=2.507077e-08  r/r0=2.0729e-06
[mg]   it 192  beta=9.348380e-01  pr=1.391e-01 (|r^T z_k| / |r^T z_{k+1}|)
[mg]   it 193  |r|inf=1.707925e-08  r/r0=1.4121e-06
[mg]   it 193  beta=7.821613e-01  pr=1.485e-01 (|r^T z_k| / |r^T z_{k+1}|)
[mg]   it 194  |r|inf=2.405464e-08  r/r0=1.9889e-06
[mg]   it 194  beta=9.347966e-01  pr=1.334e-01 (|r^T z_k| / |r^T z_{k+1}|)
[mg]   it 195  |r|inf=1.801810e-08  r/r0=1.4898e-06
[mg]   it 195  beta=7.984897e-01  pr=1.541e-01 (|r^T z_k| / |r^T z_{k+1}|)
[mg]   it 196  |r|inf=2.358053e-08  r/r0=1.9497e-06
[mg]   it 196  beta=8.995833e-01  pr=1.316e-01 (|r^T z_k| / |r^T z_{k+1}|)
[mg]   it 197  |r|inf=2.099614e-08  r/r0=1.7360e-06
[mg]   it 197  beta=8.388872e-01  pr=1.547e-01 (|r^T z_k| / |r^T z_{k+1}|)
[mg]   it 198  |r|inf=2.109484e-08  r/r0=1.7442e-06
[mg]   it 198  beta=8.453405e-01  pr=1.340e-01 (|r^T z_k| / |r^T z_{k+1}|)
[mg]   it 199  |r|inf=2.227248e-08  r/r0=1.8415e-06
[mg]   it 199  beta=8.901730e-01  pr=1.508e-01 (|r^T z_k| / |r^T z_{k+1}|)
[mg]   it 200  |r|inf=1.639105e-08  r/r0=1.3552e-06
[mg]   it 200  beta=7.963264e-01  pr=1.412e-01 (|r^T z_k| / |r^T z_{k+1}|)
[mg]   it 201  |r|inf=2.468154e-08  r/r0=2.0407e-06
[mg]   it 201  beta=9.321582e-01  pr=1.435e-01 (|r^T z_k| / |r^T z_{k+1}|)
[mg]   it 202  |r|inf=1.709003e-08  r/r0=1.4130e-06
[mg]   it 202  beta=7.721643e-01  pr=1.494e-01 (|r^T z_k| / |r^T z_{k+1}|)
[mg]   it 203  |r|inf=2.412105e-08  r/r0=1.9944e-06
[mg]   it 203  beta=9.419310e-01  pr=1.365e-01 (|r^T z_k| / |r^T z_{k+1}|)
[mg]   it 204  |r|inf=1.711964e-08  r/r0=1.4155e-06
[mg]   it 204  beta=7.807199e-01  pr=1.569e-01 (|r^T z_k| / |r^T z_{k+1}|)
[mg]   it 205  |r|inf=2.283545e-08  r/r0=1.8881e-06
[mg]   it 205  beta=9.116807e-01  pr=1.331e-01 (|r^T z_k| / |r^T z_{k+1}|)
[mg]   it 206  |r|inf=2.056419e-08  r/r0=1.7003e-06
[mg]   it 206  beta=8.208755e-01  pr=1.589e-01 (|r^T z_k| / |r^T z_{k+1}|)
[mg]   it 207  |r|inf=2.075649e-08  r/r0=1.7162e-06
[mg]   it 207  beta=8.551663e-01  pr=1.345e-01 (|r^T z_k| / |r^T z_{k+1}|)
[mg]   it 208  |r|inf=2.174836e-08  r/r0=1.7982e-06
[mg]   it 208  beta=8.793999e-01  pr=1.555e-01 (|r^T z_k| / |r^T z_{k+1}|)
[mg]   it 209  |r|inf=1.643789e-08  r/r0=1.3591e-06
[mg]   it 209  beta=7.987056e-01  pr=1.416e-01 (|r^T z_k| / |r^T z_{k+1}|)
[mg]   it 210  |r|inf=2.416741e-08  r/r0=1.9982e-06
[mg]   it 210  beta=9.324264e-01  pr=1.476e-01 (|r^T z_k| / |r^T z_{k+1}|)
[mg]   it 211  |r|inf=1.706362e-08  r/r0=1.4109e-06
[mg]   it 211  beta=7.658836e-01  pr=1.509e-01 (|r^T z_k| / |r^T z_{k+1}|)
[mg]   it 212  |r|inf=2.391027e-08  r/r0=1.9769e-06
[mg]   it 212  beta=9.501141e-01  pr=1.395e-01 (|r^T z_k| / |r^T z_{k+1}|)
[mg]   it 213  |r|inf=1.664978e-08  r/r0=1.3766e-06
[mg]   it 213  beta=7.681333e-01  pr=1.601e-01 (|r^T z_k| / |r^T z_{k+1}|)
[mg]   it 214  |r|inf=2.202119e-08  r/r0=1.8208e-06
[mg]   it 214  beta=9.198464e-01  pr=1.351e-01 (|r^T z_k| / |r^T z_{k+1}|)
[mg]   it 215  |r|inf=2.038295e-08  r/r0=1.6853e-06
[mg]   it 215  beta=8.070782e-01  pr=1.635e-01 (|r^T z_k| / |r^T z_{k+1}|)
[mg]   it 216  |r|inf=2.008485e-08  r/r0=1.6607e-06
[mg]   it 216  beta=8.569845e-01  pr=1.360e-01 (|r^T z_k| / |r^T z_{k+1}|)
[mg]   it 217  |r|inf=2.174954e-08  r/r0=1.7983e-06
[mg]   it 217  beta=8.708487e-01  pr=1.603e-01 (|r^T z_k| / |r^T z_{k+1}|)
[mg]   it 218  |r|inf=1.590143e-08  r/r0=1.3148e-06
[mg]   it 218  beta=7.934423e-01  pr=1.435e-01 (|r^T z_k| / |r^T z_{k+1}|)
[mg]   it 219  |r|inf=2.363406e-08  r/r0=1.9541e-06
[mg]   it 219  beta=9.331992e-01  pr=1.514e-01 (|r^T z_k| / |r^T z_{k+1}|)
[mg]   it 220  |r|inf=1.696300e-08  r/r0=1.4025e-06
[mg]   it 220  beta=7.568289e-01  pr=1.538e-01 (|r^T z_k| / |r^T z_{k+1}|)
[mg]   it 221  |r|inf=2.333501e-08  r/r0=1.9294e-06
[mg]   it 221  beta=9.571614e-01  pr=1.420e-01 (|r^T z_k| / |r^T z_{k+1}|)
[mg]   it 222  |r|inf=1.663813e-08  r/r0=1.3757e-06
[mg]   it 222  beta=7.595071e-01  pr=1.643e-01 (|r^T z_k| / |r^T z_{k+1}|)
[mg]   it 223  |r|inf=2.108615e-08  r/r0=1.7434e-06
[mg]   it 223  beta=9.244161e-01  pr=1.368e-01 (|r^T z_k| / |r^T z_{k+1}|)
[mg]   it 224  |r|inf=2.047625e-08  r/r0=1.6930e-06
[mg]   it 224  beta=8.025187e-01  pr=1.682e-01 (|r^T z_k| / |r^T z_{k+1}|)
[mg]   it 225  |r|inf=1.911848e-08  r/r0=1.5808e-06
[mg]   it 225  beta=8.527117e-01  pr=1.381e-01 (|r^T z_k| / |r^T z_{k+1}|)
[mg]   it 226  |r|inf=2.177193e-08  r/r0=1.8001e-06
[mg]   it 226  beta=8.723308e-01  pr=1.645e-01 (|r^T z_k| / |r^T z_{k+1}|)
[mg]   it 227  |r|inf=1.600531e-08  r/r0=1.3234e-06
[mg]   it 227  beta=7.814999e-01  pr=1.469e-01 (|r^T z_k| / |r^T z_{k+1}|)
[mg]   it 228  |r|inf=2.321628e-08  r/r0=1.9196e-06
[mg]   it 228  beta=9.388073e-01  pr=1.542e-01 (|r^T z_k| / |r^T z_{k+1}|)
[mg]   it 229  |r|inf=1.682353e-08  r/r0=1.3910e-06
[mg]   it 229  beta=7.436717e-01  pr=1.588e-01 (|r^T z_k| / |r^T z_{k+1}|)
[mg]   it 230  |r|inf=2.243712e-08  r/r0=1.8551e-06
[mg]   it 230  beta=9.601184e-01  pr=1.438e-01 (|r^T z_k| / |r^T z_{k+1}|)
[mg]   it 231  |r|inf=1.717486e-08  r/r0=1.4201e-06
[mg]   it 231  beta=7.524175e-01  pr=1.700e-01 (|r^T z_k| / |r^T z_{k+1}|)
[mg]   it 232  |r|inf=2.000696e-08  r/r0=1.6542e-06
[mg]   it 232  beta=9.181790e-01  pr=1.386e-01 (|r^T z_k| / |r^T z_{k+1}|)
[mg]   it 233  |r|inf=2.077968e-08  r/r0=1.7181e-06
[mg]   it 233  beta=8.065861e-01  pr=1.730e-01 (|r^T z_k| / |r^T z_{k+1}|)
[mg]   it 234  |r|inf=1.775917e-08  r/r0=1.4684e-06
[mg]   it 234  beta=8.374505e-01  pr=1.411e-01 (|r^T z_k| / |r^T z_{k+1}|)
[mg]   it 235  |r|inf=2.164045e-08  r/r0=1.7893e-06
[mg]   it 235  beta=8.867308e-01  pr=1.672e-01 (|r^T z_k| / |r^T z_{k+1}|)
[mg]   it 236  |r|inf=1.633271e-08  r/r0=1.3504e-06
[mg]   it 236  beta=7.636450e-01  pr=1.520e-01 (|r^T z_k| / |r^T z_{k+1}|)
[mg]   it 237  |r|inf=2.274374e-08  r/r0=1.8805e-06
[mg]   it 237  beta=9.531493e-01  pr=1.552e-01 (|r^T z_k[run] step 3/6
[run] step 4/6
[run] step 5/6
[run] step 6/6
[perf] 9168.4 ms/step  6.2 Mcell/s (6.2/rank)  pressure iters/step 300.0
[phases, rank-max ms/step] step=9168.2  predictor=4.1  momentum=766.8  projection=8394.3  pressure_allreduce=3.2  allreduce_count=1805
[out] spheres_bench_np1.json
