[cfg] global 512x512x512 = 134.2M cells  ranks=8  backend=Cuda  grid=staggered  IBM=cutcell  face_interp=9  bottom=auto  spheres=587 R=32.0 cells  phi=0.6003  levels=5  pressure=pcg(maxit=1500,rtol=1e-09,warmstart=0)  steps=0+3 then march(tol=0,max=400)
  rank 0: block 256x256x256 at [0, 0, 0]  gcn121.local.snellius.surf.nl 0000:26:00.0
  rank 1: block 256x256x256 at [0, 0, 256]  gcn121.local.snellius.surf.nl 0000:06:00.0
  rank 2: block 256x256x256 at [0, 256, 0]  gcn121.local.snellius.surf.nl 0000:C6:00.0
  rank 3: block 256x256x256 at [0, 256, 256]  gcn121.local.snellius.surf.nl 0000:A6:00.0
  rank 4: block 256x256x256 at [256, 0, 0]  gcn122.local.snellius.surf.nl 0000:26:00.0
  rank 5: block 256x256x256 at [256, 0, 256]  gcn122.local.snellius.surf.nl 0000:06:00.0
  rank 6: block 256x256x256 at [256, 256, 0]  gcn122.local.snellius.surf.nl 0000:C6:00.0
  rank 7: block 256x256x256 at [256, 256, 256]  gcn122.local.snellius.surf.nl 0000:A6:00.0
[sdf] built in 0.5s  voxel solid fraction=0.6002 (packing 0.6003)
[mg] initMpi 512x512x512 np=8 -> 5 levels (requested 5)
[mg]  L0 global  512x 512x 512  rank0 block  256x 256x 256  ratio(2,2,2)
[mg]  L1 global  256x 256x 256  rank0 block  128x 128x 128  ratio(2,2,2)
[mg]  L2 global  128x 128x 128  rank0 block   64x  64x  64  ratio(2,2,2)
[mg]  L3 global   64x  64x  64  rank0 block   32x  32x  32  ratio(2,2,2)
[mg]  L4 global   32x  32x  32  rank0 block   16x  16x  16  ratio(1,1,1)
[run] warmup 0 steps...
[mg] solve 0: r0=2.109289e-02 rtol=1.0e-09 (pre=2 post=2 bottom=12)
[mg]   it   1  |r|inf=3.411042e-02  r/r0=1.6172e+00
[mg]   it   2  |r|inf=8.424305e-03  r/r0=3.9939e-01
[mg]   it   3  |r|inf=2.952300e-03  r/r0=1.3997e-01
[mg]   it   4  |r|inf=1.624760e-03  r/r0=7.7029e-02
[mg]   it   5  |r|inf=5.082312e-04  r/r0=2.4095e-02
[mg]   it   6  |r|inf=3.981954e-04  r/r0=1.8878e-02
[mg]   it   7  |r|inf=2.321406e-04  r/r0=1.1006e-02
[mg]   it   8  |r|inf=1.572080e-04  r/r0=7.4531e-03
[mg]   it   9  |r|inf=8.220814e-05  r/r0=3.8974e-03
[mg]   it  10  |r|inf=1.067498e-04  r/r0=5.0609e-03
[mg]   it  11  |r|inf=3.920560e-05  r/r0=1.8587e-03
[mg]   it  12  |r|inf=6.251398e-05  r/r0=2.9637e-03
[mg]   it  13  |r|inf=3.281034e-05  r/r0=1.5555e-03
[mg]   it  14  |r|inf=3.341705e-05  r/r0=1.5843e-03
[mg]   it  15  |r|inf=2.808588e-05  r/r0=1.3315e-03
[mg]   it  16  |r|inf=2.280108e-05  r/r0=1.0810e-03
[mg]   it  17  |r|inf=1.869520e-05  r/r0=8.8633e-04
[mg]   it  18  |r|inf=7.204272e-06  r/r0=3.4155e-04
[mg]   it  19  |r|inf=1.196162e-05  r/r0=5.6709e-04
[mg]   it  20  |r|inf=2.568122e-06  r/r0=1.2175e-04
[mg]   it  21  |r|inf=6.441203e-06  r/r0=3.0537e-04
[mg]   it  22  |r|inf=4.792631e-06  r/r0=2.2722e-04
[mg]   it  23  |r|inf=2.934171e-06  r/r0=1.3911e-04
[mg]   it  24  |r|inf=3.169597e-06  r/r0=1.5027e-04
[mg]   it  25  |r|inf=1.013687e-06  r/r0=4.8058e-05
[mg]   it  26  |r|inf=2.270802e-06  r/r0=1.0766e-04
[mg]   it  27  |r|inf=6.951269e-07  r/r0=3.2956e-05
[mg]   it  28  |r|inf=1.313107e-06  r/r0=6.2254e-05
[mg]   it  29  |r|inf=5.679808e-07  r/r0=2.6928e-05
[mg]   it  30  |r|inf=6.721489e-07  r/r0=3.1866e-05
[mg]   it  31  |r|inf=7.107149e-07  r/r0=3.3695e-05
[mg]   it  32  |r|inf=2.097649e-07  r/r0=9.9448e-06
[mg]   it  33  |r|inf=4.163419e-07  r/r0=1.9738e-05
[mg]   it  34  |r|inf=3.659175e-07  r/r0=1.7348e-05
[mg]   it  35  |r|inf=1.579380e-07  r/r0=7.4877e-06
[mg]   it  36  |r|inf=2.099034e-07  r/r0=9.9514e-06
[mg]   it  37  |r|inf=2.703217e-07  r/r0=1.2816e-05
[mg]   it  38  |r|inf=1.739633e-07  r/r0=8.2475e-06
[mg]   it  39  |r|inf=1.031526e-07  r/r0=4.8904e-06
[mg]   it  40  |r|inf=1.520438e-07  r/r0=7.2083e-06
[mg]   it  41  |r|inf=2.034188e-07  r/r0=9.6440e-06
[mg]   it  42  |r|inf=1.947158e-07  r/r0=9.2313e-06
[mg]   it  43  |r|inf=1.228633e-07  r/r0=5.8249e-06
[mg]   it  44  |r|inf=9.187016e-08  r/r0=4.3555e-06
[mg]   it  45  |r|inf=8.628756e-08  r/r0=4.0908e-06
[mg]   it  46  |r|inf=1.205275e-07  r/r0=5.7141e-06
[mg]   it  47  |r|inf=1.468794e-07  r/r0=6.9635e-06
[mg]   it  48  |r|inf=1.496149e-07  r/r0=7.0931e-06
[mg]   it  49  |r|inf=1.254653e-07  r/r0=5.9482e-06
[mg]   it  50  |r|inf=9.403586e-08  r/r0=4.4582e-06
[mg]   it  51  |r|inf=7.934117e-08  r/r0=3.7615e-06
[mg]   it  52  |r|inf=5.653620e-08  r/r0=2.6803e-06
[mg]   it  53  |r|inf=7.585979e-08  r/r0=3.5965e-06
[mg]   it  54  |r|inf=9.210866e-08  r/r0=4.3668e-06
[mg]   it  55  |r|inf=1.041736e-07  r/r0=4.9388e-06
[mg]   it  56  |r|inf=1.138976e-07  r/r0=5.3998e-06
[mg]   it  57  |r|inf=1.136668e-07  r/r0=5.3889e-06
[mg]   it  58  |r|inf=1.039609e-07  r/r0=4.9287e-06
[mg]   it  59  |r|inf=8.624881e-08  r/r0=4.0890e-06
[mg]   it  60  |r|inf=7.487385e-08  r/r0=3.5497e-06
[mg]   it  61  |r|inf=6.915886e-08  r/r0=3.2788e-06
[mg]   it  62  |r|inf=5.959761e-08  r/r0=2.8255e-06
[mg]   it  63  |r|inf=4.759973e-08  r/r0=2.2567e-06
[mg]   it  64  |r|inf=5.620651e-08  r/r0=2.6647e-06
[mg]   it  65  |r|inf=6.737640e-08  r/r0=3.1943e-06
[mg]   it  66  |r|inf=7.503964e-08  r/r0=3.5576e-06
[mg]   it  67  |r|inf=7.942170e-08  r/r0=3.7653e-06
[mg]   it  68  |r|inf=8.660549e-08  r/r0=4.1059e-06
[mg]   it  69  |r|inf=9.133345e-08  r/r0=4.3301e-06
[mg]   it  70  |r|inf=9.272535e-08  r/r0=4.3960e-06
[mg]   it  71  |r|inf=9.082307e-08  r/r0=4.3059e-06
[mg]   it  72  |r|inf=8.577659e-08  r/r0=4.0666e-06
[mg]   it  73  |r|inf=7.788455e-08  r/r0=3.6925e-06
[mg]   it  74  |r|inf=6.759968e-08  r/r0=3.2049e-06
[mg]   it  75  |r|inf=6.361030e-08  r/r0=3.0157e-06
[mg]   it  76  |r|inf=6.214216e-08  r/r0=2.9461e-06
[mg]   it  77  |r|inf=5.898442e-08  r/r0=2.7964e-06
[mg]   it  78  |r|inf=5.444144e-08  r/r0=2.5810e-06
[mg]   it  79  |r|inf=4.882668e-08  r/r0=2.3148e-06
[mg]   it  80  |r|inf=4.243077e-08  r/r0=2.0116e-06
[mg]   it  81  |r|inf=4.569012e-08  r/r0=2.1661e-06
[mg]   it  82  |r|inf=5.295611e-08  r/r0=2.5106e-06
[mg]   it  83  |r|inf=5.896288e-08  r/r0=2.7954e-06
[mg]   it  84  |r|inf=6.375645e-08  r/r0=3.0227e-06
[mg]   it  85  |r|inf=6.738755e-08  r/r0=3.1948e-06
[mg]   it  86  |r|inf=6.990370e-08  r/r0=3.3141e-06
[mg]   it  87  |r|inf=7.218144e-08  r/r0=3.4221e-06
[mg]   it  88  |r|inf=7.634397e-08  r/r0=3.6194e-06
[mg]   it  89  |r|inf=7.938633e-08  r/r0=3.7637e-06
[mg]   it  90  |r|inf=8.130266e-08  r/r0=3.8545e-06
[mg]   it  91  |r|inf=8.209033e-08  r/r0=3.8918e-06
[mg]   it  92  |r|inf=8.175510e-08  r/r0=3.8760e-06
[mg]   it  93  |r|inf=8.031634e-08  r/r0=3.8077e-06
[mg]   it  94  |r|inf=7.781135e-08  r/r0=3.6890e-06
[mg]   it  95  |r|inf=7.429831e-08  r/r0=3.5224e-06
[mg]   it  96  |r|inf=6.985708e-08  r/r0=3.3119e-06
[mg]   it  97  |r|inf=6.458789e-08  r/r0=3.0621e-06
[mg]   it  98  |r|inf=5.860789e-08  r/r0=2.7786e-06
[mg]   it  99  |r|inf=5.799646e-08  r/r0=2.7496e-06
[mg]   it 100  |r|inf=5.779288e-08  r/r0=2.7399e-06
[mg]   it 101  |r|inf=5.694333e-08  r/r0=2.6996e-06
[mg]   it 102  |r|inf=5.550545e-08  r/r0=2.6315e-06
[mg]   it 103  |r|inf=5.354384e-08  r/r0=2.5385e-06
[mg]   it 104  |r|inf=5.112629e-08  r/r0=2.4239e-06
[mg]   it 105  |r|inf=4.832055e-08  r/r0=2.2908e-06
[mg]   it 106  |r|inf=4.519155e-08  r/r0=2.1425e-06
[mg]   it 107  |r|inf=4.179956e-08  r/r0=1.9817e-06
[mg]   it 108  |r|inf=3.819892e-08  r/r0=1.8110e-06
[mg]   it 109  |r|inf=4.052089e-08  r/r0=1.9211e-06
[mg]   it 110  |r|inf=4.460412e-08  r/r0=2.1147e-06
[mg]   it 111  |r|inf=4.825876e-08  r/r0=2.2879e-06
[mg]   it 112  |r|inf=5.149536e-08  r/r0=2.4414e-06
[mg]   it 113  |r|inf=5.432616e-08  r/r0=2.5756e-06
[mg]   it 114  |r|inf=5.676403e-08  r/r0=2.6911e-06
[mg]   it 115  |r|inf=5.882163e-08  r/r0=2.7887e-06
[mg]   it 116  |r|inf=6.051094e-08  r/r0=2.8688e-06
[mg]   it 117  |r|inf=6.184289e-08  r/r0=2.9319e-06
[mg]   it 118  |r|inf=6.282729e-08  r/r0=2.9786e-06
[mg]   it 119  |r|inf=6.347279e-08  r/r0=3.0092e-06
[mg]   it 120  |r|inf=6.540294e-08  r/r0=3.1007e-06
[mg]   it 121  |r|inf=6.743713e-08  r/r0=3.1972e-06
[mg]   it 122  |r|inf=6.911968e-08  r/r0=3.2769e-06
[mg]   it 123  |r|inf=7.045005e-08  r/r0=3.3400e-06
[mg]   it 124  |r|inf=7.142764e-08  r/r0=3.3863e-06
[mg]   it 125  |r|inf=7.205213e-08  r/r0=3.4159e-06
[mg]   it 126  |r|inf=7.232383e-08  r/r0=3.4288e-06
[mg]   it 127  |r|inf=7.224413e-08  r/r0=3.4250e-06
[mg]   it 128  |r|inf=7.181580e-08  r/r0=3.4047e-06
[mg]   it 129  |r|inf=7.104336e-08  r/r0=3.3681e-06
[mg]   it 130  |r|inf=6.993335e-08  r/r0=3.3155e-06
[mg]   it 131  |r|inf=6.849459e-08  r/r0=3.2473e-06
[mg]   it 132  |r|inf=6.673824e-08  r/r0=3.1640e-06
[mg]   it 133  |r|inf=6.467794e-08  r/r0=3.0663e-06
[mg]   it 134  |r|inf=6.232971e-08  r/r0=2.9550e-06
[mg]   it 135  |r|inf=5.971184e-08  r/r0=2.8309e-06
[mg]   it 136  |r|inf=5.684466e-08  r/r0=2.6950e-06
[mg]   it 137  |r|inf=5.375029e-08  r/r0=2.5483e-06
[mg]   it 138  |r|inf=5.251014e-08  r/r0=2.4895e-06
[mg]   it 139  |r|inf=5.290643e-08  r/r0=2.5083e-06
[mg]   it 140  |r|inf=5.307451e-08  r/r0=2.5162e-06
[mg]   it 141  |r|inf=5.302149e-08  r/r0=2.5137e-06
[mg]   it 142  |r|inf=5.275605e-08  r/r0=2.5011e-06
[mg]   it 143  |r|inf=5.228822e-08  r/r0=2.4790e-06
[mg]   it 144  |r|inf=5.162909e-08  r/r0=2.4477e-06
[mg]   it 145  |r|inf=5.079059e-08  r/r0=2.4079e-06
[mg]   it 146  |r|inf=4.978519e-08  r/r0=2.3603e-06
[mg]   it 147  |r|inf=4.862569e-08  r/r0=2.3053e-06
[mg]   it 148  |r|inf=4.732496e-08  r/r0=2.2436e-06
[mg]   it 149  |r|inf=4.589575e-08  r/r0=2.1759e-06
[mg]   it 150  |r|inf=4.435052e-08  r/r0=2.1026e-06
[mg]   it 151  |r|inf=4.270129e-08  r/r0=2.0244e-06
[mg]   it 152  |r|inf=4.095953e-08  r/r0=1.9419e-06
[mg]   it 153  |r|inf=3.913609e-08  r/r0=1.8554e-06
[mg]   it 154  |r|inf=3.724110e-08  r/r0=1.7656e-06
[mg]   it 155  |r|inf=3.590642e-08  r/r0=1.7023e-06
[mg]   it 156  |r|inf=3.833123e-08  r/r0=1.8173e-06
[mg]   it 157  |r|inf=4.061626e-08  r/r0=1.9256e-06
[mg]   it 158  |r|inf=4.276276e-08  r/r0=2.0274e-06
[mg]   it 159  |r|inf=4.477242e-08  r/r0=2.1226e-06
[mg]   it 160  |r|inf=4.664725e-08  r/r0=2.2115e-06
[mg]   it 161  |r|inf=4.838952e-08  r/r0=2.2941e-06
[mg]   it 162  |r|inf=5.000166e-08  r/r0=2.3705e-06
[mg]   it 163  |r|inf=5.148614e-08  r/r0=2.4409e-06
[mg]   it 164  |r|inf=5.284549e-08  r/r0=2.5054e-06
[mg]   it 165  |r|inf=5.408220e-08  r/r0=2.5640e-06
[mg]   it 166  |r|inf=5.519867e-08  r/r0=2.6169e-06
[mg]   it 167  |r|inf=5.619724e-08  r/r0=2.6643e-06
[mg]   it 168  |r|inf=5.708009e-08  r/r0=2.7061e-06
[mg]   it 169  |r|inf=5.784931e-08  r/r0=2.7426e-06
[mg]   it 170  |r|inf=5.850683e-08  r/r0=2.7738e-06
[mg]   it 171  |r|inf=5.905442e-08  r/r0=2.7997e-06
[mg]   it 172  |r|inf=5.949376e-08  r/r0=2.8206e-06
[mg]   it 173  |r|inf=5.982637e-08  r/r0=2.8363e-06
[mg]   it 174  |r|inf=6.005367e-08  r/r0=2.8471e-06
[mg]   it 175  |r|inf=6.123063e-08  r/r0=2.9029e-06
[mg]   it 176  |r|inf=6.239155e-08  r/r0=2.9579e-06
[mg]   it 177  |r|inf=6.344295e-08  r/r0=3.0078e-06
[mg]   it 178  |r|inf=6.438470e-08  r/r0=3.0524e-06
[mg]   it 179  |r|inf=6.521663e-08  r/r0=3.0919e-06
[mg]   it 180  |r|inf=6.593854e-08  r/r0=3.1261e-06
[mg]   it 181  |r|inf=6.655022e-08  r/r0=3.1551e-06
[mg]   it 182  |r|inf=6.705148e-08  r/r0=3.1789e-06
[mg]   it 183  |r|inf=6.744217e-08  r/r0=3.1974e-06
[mg]   it 184  |r|inf=6.772220e-08  r/r0=3.2107e-06
[mg]   it 185  |r|inf=6.789157e-08  r/r0=3.2187e-06
[mg]   it 186  |r|inf=6.795039e-08  r/r0=3.2215e-06
[mg]   it 187  |r|inf=6.789891e-08  r/r0=3.2190e-06
[mg]   it 188  |r|inf=6.773754e-08  r/r0=3.2114e-06
[mg]   it 189  |r|inf=6.746685e-08  r/r0=3.1986e-06
[mg]   it 190  |r|inf=6.708765e-08  r/r0=3.1806e-06
[mg]   it 191  |r|inf=6.660094e-08  r/r0=3.1575e-06
[mg]   it 192  |r|inf=6.600795e-08  r/r0=3.1294e-06
[mg]   it 193  |r|inf=6.531017e-08  r/r0=3.0963e-06
[mg]   it 194  |r|inf=6.450935e-08  r/r0=3.0583e-06
[mg]   it 195  |r|inf=6.360747e-08  r/r0=3.0156e-06
[mg]   it 196  |r|inf=6.260683e-08  r/r0=2.9681e-06
[mg]   it 197  |r|inf=6.150993e-08  r/r0=2.9161e-06
[mg]   it 198  |r|inf=6.031959e-08  r/r0=2.8597e-06
[mg]   it 199  |r|inf=5.903885e-08  r/r0=2.7990e-06
[mg]   it 200  |r|inf=5.767100e-08  r/r0=2.7341e-06
[mg]   it 201  |r|inf=5.621957e-08  r/r0=2.6653e-06
[mg]   it 202  |r|inf=5.468829e-08  r/r0=2.5927e-06
[mg]   it 203  |r|inf=5.308112e-08  r/r0=2.5165e-06
[mg]   it 204  |r|inf=5.140215e-08  r/r0=2.4369e-06
[mg]   it 205  |r|inf=5.035809e-08  r/r0=2.3874e-06
[mg]   it 206  |r|inf=5.075564e-08  r/r0=2.4063e-06
[mg]   it 207  |r|inf=5.107751e-08  r/r0=2.4216e-06
[mg]   it 208  |r|inf=5.132443e-08  r/r0=2.4333e-06
[mg]   it 209  |r|inf=5.149733e-08  r/r0=2.4415e-06
[mg]   it 210  |r|inf=5.159738e-08  r/r0=2.4462e-06
[mg]   it 211  |r|inf=5.162590e-08  r/r0=2.4476e-06
[mg]   it 212  |r|inf=5.158440e-08  r/r0=2.4456e-06
[mg]   it 213  |r|inf=5.147456e-08  r/r0=2.4404e-06
[mg]   it 214  |r|inf=5.129818e-08  r/r0=2.4320e-06
[mg]   it 215  |r|inf=5.105720e-08  r/r0=2.4206e-06
[mg]   it 216  |r|inf=5.075369e-08  r/r0=2.4062e-06
[mg]   it 217  |r|inf=5.038979e-08  r/r0=2.3889e-06
[mg]   it 218  |r|inf=4.996773e-08  r/r0=2.3689e-06
[mg]   it 219  |r|inf=4.948980e-08  r/r0=2.3463e-06
[mg]   it 220  |r|inf=4.895832e-08  r/r0=2.3211e-06
[mg]   it 221  |r|inf=4.837568e-08  r/r0=2.2935e-06
[mg]   it 222  |r|inf=4.774425e-08  r/r0=2.2635e-06
[mg]   it 223  |r|inf=4.706641e-08  r/r0=2.2314e-06
[mg]   it 224  |r|inf=4.634454e-08  r/r0=2.1972e-06
[mg]   it 225  |r|inf=4.558099e-08  r/r0=2.1610e-06
[mg]   it 226  |r|inf=4.477809e-08  r/r0=2.1229e-06
[mg]   it 227  |r|inf=4.393812e-08  r/r0=2.0831e-06
[mg]   it 228  |r|inf=4.306330e-08  r/r0=2.0416e-06
[mg]   it 229  |r|inf=4.215580e-08  r/r0=1.9986e-06
[mg]   it 230  |r|inf=4.121775e-08  r/r0=1.9541e-06
[mg]   it 231  |r|inf=4.025119e-08  r/r0=1.9083e-06
[mg]   it 232  |r|inf=3.925808e-08  r/r0=1.8612e-06
[mg]   it 233  |r|inf=3.824033e-08  r/r0=1.8129e-06
[mg]   it 234  |r|inf=3.719975e-08  r/r0=1.7636e-06
[mg]   it 235  |r|inf=3.613809e-08  r/r0=1.7133e-06
[mg]   it 236  |r|inf=3.624159e-08  r/r0=1.7182e-06
[mg]   it 237  |r|inf=3.758307e-08  r/r0=1.7818e-06
[mg]   it 238  |r|inf=3.887965e-08  r/r0=1.8433e-06
[mg]   it 239  |r|inf=4.013157e-08  r/r0=1.9026e-06
[mg]   it 240  |r|inf=4.133910e-08  r/r0=1.9599e-06
[mg]   it 241  |r|inf=4.250256e-08  r/r0=2.0150e-06
[mg]   it 242  |r|inf=4.362230e-08  r/r0=2.0681e-06
[mg]   it 243  |r|inf=4.469874e-08  r/r0=2.1191e-06
[mg]   it 244  |r|inf=4.573229e-08  r/r0=2.1681e-06
[mg]   it 245  |r|inf=4.672341e-08  r/r0=2.2151e-06
[mg]   it 246  |r|inf=4.767256e-08  r/r0=2.2601e-06
[mg]   it 247  |r|inf=4.858021e-08  r/r0=2.3032e-06
[mg]   it 248  |r|inf=4.944687e-08  r/r0=2.3442e-06
[mg]   it 249  |r|inf=5.027302e-08  r/r0=2.3834e-06
[mg]   it 250  |r|inf=5.105914e-08  r/r0=2.4207e-06
[mg]   it 251  |r|inf=5.180574e-08  r/r0=2.4561e-06
[mg]   it 252  |r|inf=5.251330e-08  r/r0=2.4896e-06
[mg]   it 253  |r|inf=5.318229e-08  r/r0=2.5213e-06
[mg]   it 254  |r|inf=5.381319e-08  r/r0=2.5512e-06
[mg]   it 255  |r|inf=5.440645e-08  r/r0=2.5794e-06
[mg]   it 256  |r|inf=5.496251e-08  r/r0=2.6057e-06
[mg]   it 257  |r|inf=5.548180e-08  r/r0=2.6304e-06
[mg]   it 258  |r|inf=5.596475e-08  r/r0=2.6533e-06
[mg]   it 259  |r|inf=5.641176e-08  r/r0=2.6744e-06
[mg]   it 260  |r|inf=5.682320e-08  r/r0=2.6940e-06
[mg]   it 261  |r|inf=5.719945e-08  r/r0=2.7118e-06
[mg]   it 262  |r|inf=5.754087e-08  r/r0=2.7280e-06
[mg]   it 263  |r|inf=5.784779e-08  r/r0=2.7425e-06
[mg]   it 264  |r|inf=5.812054e-08  r/r0=2.7555e-06
[mg]   it 265  |r|inf=5.835942e-08  r/r0=2.7668e-06
[mg]   it 266  |r|inf=5.856473e-08  r/r0=2.7765e-06
[mg]   it 267  |r|inf=5.873675e-08  r/r0=2.7847e-06
[mg]   it 268  |r|inf=5.887575e-08  r/r0=2.7913e-06
[mg]   it 269  |r|inf=5.898198e-08  r/r0=2.7963e-06
[mg]   it 270  |r|inf=5.905569e-08  r/r0=2.7998e-06
[mg]   it 271  |r|inf=5.966854e-08  r/r0=2.8288e-06
[mg]   it 272  |r|inf=6.031901e-08  r/r0=2.8597e-06
[mg]   it 273  |r|inf=6.093566e-08  r/r0=2.8889e-06
[mg]   it 274  |r|inf=6.151845e-08  r/r0=2.9165e-06
[mg]   it 275  |r|inf=6.206740e-08  r/r0=2.9426e-06
[mg]   it 276  |r|inf=6.258246e-08  r/r0=2.9670e-06
[mg]   it 277  |r|inf=6.306363e-08  r/r0=2.9898e-06
[mg]   it 278  |r|inf=6.351086e-08  r/r0=3.0110e-06
[mg]   it 279  |r|inf=6.392414e-08  r/r0=3.0306e-06
[mg]   it 280  |r|inf=6.430342e-08  r/r0=3.0486e-06
[mg]   it 281  |r|inf=6.464867e-08  r/r0=3.0650e-06
[mg]   it 282  |r|inf=6.495985e-08  r/r0=3.0797e-06
[mg]   it 283  |r|inf=6.523694e-08  r/r0=3.0928e-06
[mg]   it 284  |r|inf=6.547991e-08  r/r0=3.1044e-06
[mg]   it 285  |r|inf=6.568874e-08  r/r0=3.1143e-06
[mg]   it 286  |r|inf=6.586340e-08  r/r0=3.1225e-06
[mg]   it 287  |r|inf=6.600390e-08  r/r0=3.1292e-06
[mg]   it 288  |r|inf=6.611022e-08  r/r0=3.1342e-06
[mg]   it 289  |r|inf=6.618240e-08  r/r0=3.1377e-06
[mg]   it 290  |r|inf=6.622043e-08  r/r0=3.1395e-06
[mg]   it 291  |r|inf=6.622438e-08  r/r0=3.1397e-06
[mg]   it 292  |r|inf=6.619428e-08  r/r0=3.1382e-06
[mg]   it 293  |r|inf=6.613020e-08  r/r0=3.1352e-06
[mg]   it 294  |r|inf=6.603223e-08  r/r0=3.1305e-06
[mg]   it 295  |r|inf=6.590047e-08  r/r0=3.1243e-06
[mg]   it 296  |r|inf=6.573504e-08  r/r0=3.1165e-06
[mg]   it 297  |r|inf=6.553609e-08  r/r0=3.1070e-06
[mg]   it 298  |r|inf=6.530379e-08  r/r0=3.0960e-06
[mg]   it 299  |r|inf=6.503831e-08  r/r0=3.0834e-06
[mg]   it 300  |r|inf=6.473987e-08  r/r0=3.0693e-06
[mg]   it 301  |r|inf=6.440870e-08  r/r0=3.0536e-06
[mg]   it 302  |r|inf=6.404507e-08  r/r0=3.0363e-06
[mg]   it 303  |r|inf=6.364925e-08  r/r0=3.0176e-06
[mg]   it 304  |r|inf=6.322156e-08  r/r0=2.9973e-06
[mg]   it 305  |r|inf=6.276233e-08  r/r0=2.9755e-06
[mg]   it 306  |r|inf=6.227193e-08  r/r0=2.9523e-06
[mg]   it 307  |r|inf=6.175074e-08  r/r0=2.9276e-06
[mg]   it 308  |r|inf=6.119918e-08  r/r0=2.9014e-06
[mg]   it 309  |r|inf=6.061768e-08  r/r0=2.8738e-06
[mg]   it 310  |r|inf=6.000673e-08  r/r0=2.8449e-06
[mg]   it 311  |r|inf=5.936680e-08  r/r0=2.8145e-06
[mg]   it 312  |r|inf=5.869842e-08  r/r0=2.7829e-06
[mg]   it 313  |r|inf=5.800213e-08  r/r0=2.7498e-06
[mg]   it 314  |r|inf=5.727850e-08  r/r0=2.7155e-06
[mg]   it 315  |r|inf=5.652812e-08  r/r0=2.6800e-06
[mg]   it 316  |r|inf=5.575160e-08  r/r0=2.6431e-06
[mg]   it 317  |r|inf=5.494958e-08  r/r0=2.6051e-06
[mg]   it 318  |r|inf=5.412272e-08  r/r0=2.5659e-06
[mg]   it 319  |r|inf=5.327169e-08  r/r0=2.5256e-06
[mg]   it 320  |r|inf=5.239719e-08  r/r0=2.4841e-06
[mg]   it 321  |r|inf=5.149993e-08  r/r0=2.4416e-06
[mg]   it 322  |r|inf=5.058064e-08  r/r0=2.3980e-06
[mg]   it 323  |r|inf=4.964006e-08  r/r0=2.3534e-06
[mg]   it 324  |r|inf=4.989453e-08  r/r0=2.3655e-06
[mg]   it 325  |r|inf=5.015779e-08  r/r0=2.3779e-06
[mg]   it 326  |r|inf=5.039711e-08  r/r0=2.3893e-06
[mg]   it 327  |r|inf=5.061258e-08  r/r0=2.3995e-06
[mg]   it 328  |r|inf=5.080431e-08  r/r0=2.4086e-06
[mg]   it 329  |r|inf=5.097243e-08  r/r0=2.4166e-06
[mg]   it 330  |r|inf=5.111708e-08  r/r0=2.4234e-06
[mg]   it 331  |r|inf=5.123844e-08  r/r0=2.4292e-06
[mg]   it 332  |r|inf=5.133669e-08  r/r0=2.4338e-06
[mg]   it 333  |r|inf=5.141206e-08  r/r0=2.4374e-06
[mg]   it 334  |r|inf=5.146477e-08  r/r0=2.4399e-06
[mg]   it 335  |r|inf=5.149506e-08  r/r0=2.4413e-06
[mg]   it 336  |r|inf=5.150321e-08  r/r0=2.4417e-06
[mg]   it 337  |r|inf=5.148950e-08  r/r0=2.4411e-06
[mg]   it 338  |r|inf=5.145421e-08  r/r0=2.4394e-06
[mg]   it 339  |r|inf=5.139768e-08  r/r0=2.4367e-06
[mg]   it 340  |r|inf=5.132021e-08  r/r0=2.4331e-06
[mg]   it 341  |r|inf=5.122216e-08  r/r0=2.4284e-06
[mg]   it 342  |r|inf=5.110388e-08  r/r0=2.4228e-06
[mg]   it 343  |r|inf=5.096571e-08  r/r0=2.4163e-06
[mg]   it 344  |r|inf=5.080805e-08  r/r0=2.4088e-06
[mg]   it 345  |r|inf=5.063126e-08  r/r0=2.4004e-06
[mg]   it 346  |r|inf=5.043574e-08  r/r0=2.3911e-06
[mg]   it 347  |r|inf=5.022188e-08  r/r0=2.3810e-06
[mg]   it 348  |r|inf=4.999009e-08  r/r0=2.3700e-06
[mg]   it 349  |r|inf=4.974078e-08  r/r0=2.3582e-06
[mg]   it 350  |r|inf=4.947435e-08  r/r0=2.3455e-06
[mg]   it 351  |r|inf=4.919122e-08  r/r0=2.3321e-06
[mg]   it 352  |r|inf=4.889182e-08  r/r0=2.3179e-06
[mg]   it 353  |r|inf=4.857656e-08  r/r0=2.3030e-06
[mg]   it 354  |r|inf=4.824586e-08  r/r0=2.2873e-06
[mg]   it 355  |r|inf=4.790015e-08  r/r0=2.2709e-06
[mg]   it 356  |r|inf=4.753985e-08  r/r0=2.2538e-06
[mg]   it 357  |r|inf=4.716538e-08  r/r0=2.2361e-06
[mg]   it 358  |r|inf=4.677716e-08  r/r0=2.2177e-06
[mg]   it 359  |r|inf=4.637560e-08  r/r0=2.1986e-06
[mg]   it 360  |r|inf=4.596112e-08  r/r0=2.1790e-06
[mg]   it 361  |r|inf=4.553412e-08  r/r0=2.1587e-06
[mg]   it 362  |r|inf=4.509502e-08  r/r0=2.1379e-06
[mg]   it 363  |r|inf=4.464422e-08  r/r0=2.1166e-06
[mg]   it 364  |r|inf=4.418211e-08  r/r0=2.0946e-06
[mg]   it 365  |r|inf=4.370908e-08  r/r0=2.0722e-06
[mg]   it 366  |r|inf=4.322553e-08  r/r0=2.0493e-06
[mg]   it 367  |r|inf=4.273182e-08  r/r0=2.0259e-06
[mg]   it 368  |r|inf=4.222833e-08  r/r0=2.0020e-06
[mg]   it 369  |r|inf=4.171543e-08  r/r0=1.9777e-06
[mg]   it 370  |r|inf=4.119348e-08  r/r0=1.9530e-06
[mg]   it 371  |r|inf=4.066282e-08  r/r0=1.9278e-06
[mg]   it 372  |r|inf=4.012381e-08  r/r0=1.9022e-06
[mg]   it 373  |r|inf=3.957678e-08  r/r0=1.8763e-06
[mg]   it 374  |r|inf=3.902206e-08  r/r0=1.8500e-06
[mg]   it 375  |r|inf=3.845997e-08  r/r0=1.8234e-06
[mg]   it 376  |r|inf=3.789083e-08  r/r0=1.7964e-06
[mg]   it 377  |r|inf=3.731494e-08  r/r0=1.7691e-06
[mg]   it 378  |r|inf=3.673260e-08  r/r0=1.7415e-06
[mg]   it 379  |r|inf=3.614411e-08  r/r0=1.7136e-06
[mg]   it 380  |r|inf=3.681300e-08  r/r0=1.7453e-06
[mg]   it 381  |r|inf=3.754621e-08  r/r0=1.7800e-06
[mg]   it 382  |r|inf=3.826539e-08  r/r0=1.8141e-06
[mg]   it 383  |r|inf=3.897058e-08  r/r0=1.8476e-06
[mg]   it 384  |r|inf=3.966183e-08  r/r0=1.8803e-06
[mg]   it 385  |r|inf=4.033920e-08  r/r0=1.9125e-06
[mg]   it 386  |r|inf=4.100274e-08  r/r0=1.9439e-06
[mg]   it 387  |r|inf=4.165252e-08  r/r0=1.9747e-06
[mg]   it 388  |r|inf=4.228861e-08  r/r0=2.0049e-06
[mg]   it 389  |r|inf=4.291108e-08  r/r0=2.0344e-06
[mg]   it 390  |r|inf=4.352001e-08  r/r0=2.0633e-06
[mg]   it 391  |r|inf=4.411548e-08  r/r0=2.0915e-06
[mg]   it 392  |r|inf=4.469756e-08  r/r0=2.1191e-06
[mg]   it 393  |r|inf=4.526634e-08  r/r0=2.1460e-06
[mg]   it 394  |r|inf=4.582191e-08  r/r0=2.1724e-06
[mg]   it 395  |r|inf=4.636435e-08  r/r0=2.1981e-06
[mg]   it 396  |r|inf=4.689376e-08  r/r0=2.2232e-06
[mg]   it 397  |r|inf=4.741022e-08  r/r0=2.2477e-06
[mg]   it 398  |r|inf=4.791383e-08  r/r0=2.2716e-06
[mg]   it 399  |r|inf=4.840468e-08  r/r0=2.2948e-06
[mg]   it 400  |r|inf=4.888286e-08  r/r0=2.3175e-06
[mg]   it 401  |r|inf=4.934846e-08  r/r0=2.3396e-06
[mg]   it 402  |r|inf=4.980159e-08  r/r0=2.3611e-06
[mg]   it 403  |r|inf=5.024232e-08  r/r0=2.3820e-06
[mg]   it 404  |r|inf=5.067076e-08  r/r0=2.4023e-06
[mg]   it 405  |r|inf=5.108699e-08  r/r0=2.4220e-06
[mg]   it 406  |r|inf=5.149111e-08  r/r0=2.4412e-06
[mg]   it 407  |r|inf=5.188321e-08  r/r0=2.4597e-06
[mg]   it 408  |r|inf=5.226338e-08  r/r0=2.4778e-06
[mg]   it 409  |r|inf=5.263172e-08  r/r0=2.4952e-06
[mg]   it 410  |r|inf=5.298829e-08  r/r0=2.5121e-06
[mg]   it 411  |r|inf=5.333321e-08  r/r0=2.5285e-06
[mg]   it 412  |r|inf=5.366654e-08  r/r0=2.5443e-06
[mg]   it 413  |r|inf=5.398838e-08  r/r0=2.5596e-06
[mg]   it 414  |r|inf=5.429881e-08  r/r0=2.5743e-06
[mg]   it 415  |r|inf=5.459791e-08  r/r0=2.5885e-06
[mg]   it 416  |r|inf=5.488577e-08  r/r0=2.6021e-06
[mg]   it 417  |r|inf=5.516245e-08  r/r0=2.6152e-06
[mg]   it 418  |r|inf=5.542804e-08  r/r0=2.6278e-06
[mg]   it 419  |r|inf=5.568262e-08  r/r0=2.6399e-06
[mg]   it 420  |r|inf=5.592625e-08  r/r0=2.6514e-06
[mg]   it 421  |r|inf=5.615901e-08  r/r0=2.6625e-06
[mg]   it 422  |r|inf=5.638098e-08  r/r0=2.6730e-06
[mg]   it 423  |r|inf=5.659221e-08  r/r0=2.6830e-06
[mg]   it 424  |r|inf=5.679278e-08  r/r0=2.6925e-06
[mg]   it 425  |r|inf=5.698276e-08  r/r0=2.7015e-06
[mg]   it 426  |r|inf=5.716220e-08  r/r0=2.7100e-06
[mg]   it 427  |r|inf=5.733118e-08  r/r0=2.7180e-06
[mg]   it 428  |r|inf=5.748974e-08  r/r0=2.7256e-06
[mg]   it 429  |r|inf=5.763796e-08  r/r0=2.7326e-06
[mg]   it 430  |r|inf=5.777589e-08  r/r0=2.7391e-06
[mg]   it 431  |r|inf=5.790358e-08  r/r0=2.7452e-06
[mg]   it 432  |r|inf=5.802109e-08  r/r0=2.7507e-06
[mg]   it 433  |r|inf=5.812847e-08  r/r0=2.7558e-06
[mg]   it 434  |r|inf=5.822578e-08  r/r0=2.7604e-06
[mg]   it 435  |r|inf=5.831307e-08  r/r0=2.7646e-06
[mg]   it 436  |r|inf=5.839038e-08  r/r0=2.7682e-06
[mg]   it 437  |r|inf=5.845776e-08  r/r0=2.7714e-06
[mg]   it 438  |r|inf=5.851527e-08  r/r0=2.7742e-06
[mg]   it 439  |r|inf=5.856294e-08  r/r0=2.7764e-06
[mg]   it 440  |r|inf=5.860082e-08  r/r0=2.7782e-06
[mg]   it 441  |r|inf=5.862895e-08  r/r0=2.7796e-06
[mg]   it 442  |r|inf=5.864738e-08  r/r0=2.7804e-06
[mg]   it 443  |r|inf=5.876249e-08  r/r0=2.7859e-06
[mg]   it 444  |r|inf=5.911650e-08  r/r0=2.8027e-06
[mg]   it 445  |r|inf=5.946040e-08  r/r0=2.8190e-06
[mg]   it 446  |r|inf=5.979420e-08  r/r0=2.8348e-06
[mg]   it 447  |r|inf=6.011788e-08  r/r0=2.8501e-06
[mg]   it 448  |r|inf=6.043146e-08  r/r0=2.8650e-06
[mg]   it 449  |r|inf=6.073494e-08  r/r0=2.8794e-06
[mg]   it 450  |r|inf=6.102832e-08  r/r0=2.8933e-06
[mg]   it 451  |r|inf=6.131160e-08  r/r0=2.9067e-06
[mg]   it 452  |r|inf=6.158477e-08  r/r0=2.9197e-06
[mg]   it 453  |r|inf=6.184783e-08  r/r0=2.9322e-06
[mg]   it 454  |r|inf=6.210079e-08  r/r0=2.9442e-06
[mg]   it 455  |r|inf=6.234363e-08  r/r0=2.9557e-06
[mg]   it 456  |r|inf=6.257636e-08  r/r0=2.9667e-06
[mg]   it 457  |r|inf=6.279898e-08  r/r0=2.9773e-06
[mg]   it 458  |r|inf=6.301148e-08  r/r0=2.9873e-06
[mg]   it 459  |r|inf=6.321385e-08  r/r0=2.9969e-06
[mg]   it 460  |r|inf=6.340610e-08  r/r0=3.0060e-06
[mg]   it 461  |r|inf=6.358821e-08  r/r0=3.0147e-06
[mg]   it 462  |r|inf=6.376019e-08  r/r0=3.0228e-06
[mg]   it 463  |r|inf=6.392203e-08  r/r0=3.0305e-06
[mg]   it 464  |r|inf=6.407374e-08  r/r0=3.0377e-06
[mg]   it 465  |r|inf=6.421529e-08  r/r0=3.0444e-06
[mg]   it 466  |r|inf=6.434671e-08  r/r0=3.0506e-06
[mg]   it 467  |r|inf=6.446797e-08  r/r0=3.0564e-06
[mg]   it 468  |r|inf=6.457908e-08  r/r0=3.0617e-06
[mg]   it 469  |r|inf=6.468003e-08  r/r0=3.0664e-06
[mg]   it 470  |r|inf=6.477084e-08  r/r0=3.0707e-06
[mg]   it 471  |r|inf=6.485149e-08  r/r0=3.0746e-06
[mg]   it 472  |r|inf=6.492199e-08  r/r0=3.0779e-06
[mg]   it 473  |r|inf=6.498233e-08  r/r0=3.0808e-06
[mg]   it 474  |r|inf=6.503253e-08  r/r0=3.0831e-06
[mg]   it 475  |r|inf=6.507258e-08  r/r0=3.0850e-06
[mg]   it 476  |r|inf=6.510249e-08  r/r0=3.0865e-06
[mg]   it 477  |r|inf=6.512227e-08  r/r0=3.0874e-06
[mg]   it 478  |r|inf=6.513192e-08  r/r0=3.0879e-06
[mg]   it 479  |r|inf=6.513145e-08  r/r0=3.0878e-06
[mg]   it 480  |r|inf=6.512086e-08  r/r0=3.0873e-06
[mg]   it 481  |r|inf=6.510018e-08  r/r0=3.0864e-06
[mg]   it 482  |r|inf=6.506940e-08  r/r0=3.0849e-06
[mg]   it 483  |r|inf=6.502855e-08  r/r0=3.0830e-06
[mg]   it 484  |r|inf=6.497764e-08  r/r0=3.0805e-06
[mg]   it 485  |r|inf=6.491669e-08  r/r0=3.0777e-06
[mg]   it 486  |r|inf=6.484572e-08  r/r0=3.0743e-06
[mg]   it 487  |r|inf=6.476474e-08  r/r0=3.0705e-06
[mg]   it 488  |r|inf=6.467377e-08  r/r0=3.0661e-06
[mg]   it 489  |r|inf=6.457285e-08  r/r0=3.0614e-06
[mg]   it 490  |r|inf=6.446200e-08  r/r0=3.0561e-06
[mg]   it 491  |r|inf=6.434124e-08  r/r0=3.0504e-06
[mg]   it 492  |r|inf=6.421061e-08  r/r0=3.0442e-06
[mg]   it 493  |r|inf=6.407013e-08  r/r0=3.0375e-06
[mg]   it 494  |r|inf=6.391984e-08  r/r0=3.0304e-06
[mg]   it 495  |r|inf=6.375978e-08  r/r0=3.0228e-06
[mg]   it 496  |r|inf=6.358999e-08  r/r0=3.0148e-06
[mg]   it 497  |r|inf=6.341049e-08  r/r0=3.0063e-06
[mg]   it 498  |r|inf=6.322135e-08  r/r0=2.9973e-06
[mg]   it 499  |r|inf=6.302260e-08  r/r0=2.9879e-06
[mg]   it 500  |r|inf=6.281429e-08  r/r0=2.9780e-06
[mg]   it 501  |r|inf=6.259646e-08  r/r0=2.9677e-06
[mg]   it 502  |r|inf=6.236917e-08  r/r0=2.9569e-06
[mg]   it 503  |r|inf=6.213248e-08  r/r0=2.9457e-06
[mg]   it 504  |r|inf=6.188644e-08  r/r0=2.9340e-06
[mg]   it 505  |r|inf=6.163111e-08  r/r0=2.9219e-06
[mg]   it 506  |r|inf=6.136654e-08  r/r0=2.9093e-06
[mg]   it 507  |r|inf=6.109281e-08  r/r0=2.8964e-06
[mg]   it 508  |r|inf=6.080998e-08  r/r0=2.8830e-06
[mg]   it 509  |r|inf=6.051811e-08  r/r0=2.8691e-06
[mg]   it 510  |r|inf=6.021728e-08  r/r0=2.8549e-06
[mg]   it 511  |r|inf=5.990757e-08  r/r0=2.8402e-06
[mg]   it 512  |r|inf=5.958903e-08  r/r0=2.8251e-06
[mg]   it 513  |r|inf=5.926176e-08  r/r0=2.8096e-06
[mg]   it 514  |r|inf=5.892583e-08  r/r0=2.7936e-06
[mg]   it 515  |r|inf=5.858133e-08  r/r0=2.7773e-06
[mg]   it 516  |r|inf=5.822833e-08  r/r0=2.7606e-06
[mg]   it 517  |r|inf=5.786693e-08  r/r0=2.7434e-06
[mg]   it 518  |r|inf=5.749722e-08  r/r0=2.7259e-06
[mg]   it 519  |r|inf=5.711928e-08  r/r0=2.7080e-06
[mg]   it 520  |r|inf=5.673321e-08  r/r0=2.6897e-06
[mg]   it 521  |r|inf=5.633910e-08  r/r0=2.6710e-06
[mg]   it 522  |r|inf=5.593706e-08  r/r0=2.6519e-06
[mg]   it 523  |r|inf=5.552717e-08  r/r0=2.6325e-06
[mg]   it 524  |r|inf=5.510955e-08  r/r0=2.6127e-06
[mg]   it 525  |r|inf=5.468430e-08  r/r0=2.5925e-06
[mg]   it 526  |r|inf=5.425151e-08  r/r0=2.5720e-06
[mg]   it 527  |r|inf=5.381131e-08  r/r0=2.5512e-06
[mg]   it 528  |r|inf=5.336379e-08  r/r0=2.5299e-06
[mg]   it 529  |r|inf=5.290907e-08  r/r0=2.5084e-06
[mg]   it 530  |r|inf=5.244727e-08  r/r0=2.4865e-06
[mg]   it 531  |r|inf=5.197849e-08  r/r0=2.4643e-06
[mg]   it 532  |r|inf=5.150285e-08  r/r0=2.4417e-06
[mg]   it 533  |r|inf=5.102047e-08  r/r0=2.4188e-06
[mg]   it 534  |r|inf=5.053147e-08  r/r0=2.3957e-06
[mg]   it 535  |r|inf=5.003596e-08  r/r0=2.3722e-06
[mg]   it 536  |r|inf=4.953408e-08  r/r0=2.3484e-06
[mg]   it 537  |r|inf=4.930169e-08  r/r0=2.3374e-06
[mg]   it 538  |r|inf=4.947746e-08  r/r0=2.3457e-06
[mg]   it 539  |r|inf=4.964599e-08  r/r0=2.3537e-06
[mg]   it 540  |r|inf=4.980729e-08  r/r0=2.3613e-06
[mg]   it 541  |r|inf=4.996136e-08  r/r0=2.3686e-06
[mg]   it 542  |r|inf=5.010821e-08  r/r0=2.3756e-06
[mg]   it 543  |r|inf=5.024786e-08  r/r0=2.3822e-06
[mg]   it 544  |r|inf=5.038032e-08  r/r0=2.3885e-06
[mg]   it 545  |r|inf=5.050559e-08  r/r0=2.3944e-06
[mg]   it 546  |r|inf=5.062371e-08  r/r0=2.4000e-06
[mg]   it 547  |r|inf=5.073469e-08  r/r0=2.4053e-06
[mg]   it 548  |r|inf=5.083855e-08  r/r0=2.4102e-06
[mg]   it 549  |r|inf=5.093531e-08  r/r0=2.4148e-06
[mg]   it 550  |r|inf=5.102500e-08  r/r0=2.4191e-06
[mg]   it 551  |r|inf=5.110765e-08  r/r0=2.4230e-06
[mg]   it 552  |r|inf=5.118328e-08  r/r0=2.4266e-06
[mg]   it 553  |r|inf=5.125193e-08  r/r0=2.4298e-06
[mg]   it 554  |r|inf=5.131363e-08  r/r0=2.4327e-06
[mg]   it 555  |r|inf=5.136842e-08  r/r0=2.4353e-06
[mg]   it 556  |r|inf=5.141633e-08  r/r0=2.4376e-06
[mg]   it 557  |r|inf=5.145739e-08  r/r0=2.4396e-06
[mg]   it 558  |r|inf=5.149166e-08  r/r0=2.4412e-06
[mg]   it 559  |r|inf=5.151916e-08  r/r0=2.4425e-06
[mg]   it 560  |r|inf=5.153995e-08  r/r0=2.4435e-06
[mg]   it 561  |r|inf=5.155407e-08  r/r0=2.4441e-06
[mg]   it 562  |r|inf=5.156156e-08  r/r0=2.4445e-06
[mg]   it 563  |r|inf=5.156247e-08  r/r0=2.4445e-06
[mg]   it 564  |r|inf=5.155686e-08  r/r0=2.4443e-06
[mg]   it 565  |r|inf=5.154476e-08  r/r0=2.4437e-06
[mg]   it 566  |r|inf=5.152624e-08  r/r0=2.4428e-06
[mg]   it 567  |r|inf=5.150134e-08  r/r0=2.4416e-06
[mg]   it 568  |r|inf=5.147013e-08  r/r0=2.4402e-06
[mg]   it 569  |r|inf=5.143265e-08  r/r0=2.4384e-06
[mg]   it 570  |r|inf=5.138896e-08  r/r0=2.4363e-06
[mg]   it 571  |r|inf=5.133912e-08  r/r0=2.4340e-06
[mg]   it 572  |r|inf=5.128318e-08  r/r0=2.4313e-06
[mg]   it 573  |r|inf=5.122122e-08  r/r0=2.4284e-06
[mg]   it 574  |r|inf=5.115328e-08  r/r0=2.4251e-06
[mg]   it 575  |r|inf=5.107943e-08  r/r0=2.4216e-06
[mg]   it 576  |r|inf=5.099974e-08  r/r0=2.4179e-06
[mg]   it 577  |r|inf=5.091426e-08  r/r0=2.4138e-06
[mg]   it 578  |r|inf=5.082306e-08  r/r0=2.4095e-06
[mg]   it 579  |r|inf=5.072620e-08  r/r0=2.4049e-06
[mg]   it 580  |r|inf=5.062375e-08  r/r0=2.4000e-06
[mg]   it 581  |r|inf=5.051578e-08  r/r0=2.3949e-06
[mg]   it 582  |r|inf=5.040235e-08  r/r0=2.3895e-06
[mg]   it 583  |r|inf=5.028352e-08  r/r0=2.3839e-06
[mg]   it 584  |r|inf=5.015937e-08  r/r0=2.3780e-06
[mg]   it 585  |r|inf=5.002997e-08  r/r0=2.3719e-06
[mg]   it 586  |r|inf=4.989537e-08  r/r0=2.3655e-06
[mg]   it 587  |r|inf=4.975566e-08  r/r0=2.3589e-06
[mg]   it 588  |r|inf=4.961090e-08  r/r0=2.3520e-06
[mg]   it 589  |r|inf=4.946115e-08  r/r0=2.3449e-06
[mg]   it 590  |r|inf=4.930649e-08  r/r0=2.3376e-06
[mg]   it 591  |r|inf=4.914699e-08  r/r0=2.3300e-06
[mg]   it 592  |r|inf=4.898271e-08  r/r0=2.3222e-06
[mg]   it 593  |r|inf=4.881373e-08  r/r0=2.3142e-06
[mg]   it 594  |r|inf=4.864012e-08  r/r0=2.3060e-06
[mg]   it 595  |r|inf=4.846194e-08  r/r0=2.2975e-06
[mg]   it 596  |r|inf=4.827927e-08  r/r0=2.2889e-06
[mg]   it 597  |r|inf=4.809217e-08  r/r0=2.2800e-06
[mg]   it 598  |r|inf=4.790072e-08  r/r0=2.2709e-06
[mg]   it 599  |r|inf=4.770498e-08  r/r0=2.2617e-06
[mg]   it 600  |r|inf=4.750503e-08  r/r0=2.2522e-06
[mg]   it 601  |r|inf=4.730093e-08  r/r0=2.2425e-06
[mg]   it 602  |r|inf=4.709275e-08  r/r0=2.2326e-06
[mg]   it 603  |r|inf=4.688057e-08  r/r0=2.2226e-06
[mg]   it 604  |r|inf=4.666444e-08  r/r0=2.2123e-06
[mg]   it 605  |r|inf=4.644444e-08  r/r0=2.2019e-06
[mg]   it 606  |r|inf=4.622063e-08  r/r0=2.1913e-06
[mg]   it 607  |r|inf=4.599309e-08  r/r0=2.1805e-06
[mg]   it 608  |r|inf=4.576187e-08  r/r0=2.1695e-06
[mg]   it 609  |r|inf=4.552705e-08  r/r0=2.1584e-06
[mg]   it 610  |r|inf=4.528870e-08  r/r0=2.1471e-06
[mg]   it 611  |r|inf=4.504687e-08  r/r0=2.1356e-06
[mg]   it 612  |r|inf=4.480163e-08  r/r0=2.1240e-06
[mg]   it 613  |r|inf=4.455306e-08  r/r0=2.1122e-06
[mg]   it 614  |r|inf=4.430120e-08  r/r0=2.1003e-06
[mg]   it 615  |r|inf=4.404613e-08  r/r0=2.0882e-06
[mg]   it 616  |r|inf=4.378791e-08  r/r0=2.0760e-06
[mg]   it 617  |r|inf=4.352660e-08  r/r0=2.0636e-06
[mg]   it 618  |r|inf=4.326227e-08  r/r0=2.0510e-06
[mg]   it 619  |r|inf=4.299497e-08  r/r0=2.0384e-06
[mg]   it 620  |r|inf=4.272476e-08  r/r0=2.0256e-06
[mg]   it 621  |r|inf=4.245172e-08  r/r0=2.0126e-06
[mg]   it 622  |r|inf=4.217588e-08  r/r0=1.9995e-06
[mg]   it 623  |r|inf=4.189732e-08  r/r0=1.9863e-06
[mg]   it 624  |r|inf=4.161610e-08  r/r0=1.9730e-06
[mg]   it 625  |r|inf=4.133226e-08  r/r0=1.9595e-06
[mg]   it 626  |r|inf=4.104588e-08  r/r0=1.9460e-06
[mg]   it 627  |r|inf=4.075699e-08  r/r0=1.9323e-06
[mg]   it 628  |r|inf=4.046566e-08  r/r0=1.9185e-06
[mg]   it 629  |r|inf=4.017195e-08  r/r0=1.9045e-06
[mg]   it 630  |r|inf=3.987591e-08  r/r0=1.8905e-06
[mg]   it 631  |r|inf=3.957758e-08  r/r0=1.8763e-06
[mg]   it 632  |r|inf=3.927703e-08  r/r0=1.8621e-06
[mg]   it 633  |r|inf=3.897431e-08  r/r0=1.8477e-06
[mg]   it 634  |r|inf=3.866946e-08  r/r0=1.8333e-06
[mg]   it 635  |r|inf=3.836254e-08  r/r0=1.8187e-06
[mg]   it 636  |r|inf=3.805360e-08  r/r0=1.8041e-06
[mg]   it 637  |r|inf=3.774268e-08  r/r0=1.7894e-06
[mg]   it 638  |r|inf=3.742984e-08  r/r0=1.7745e-06
[mg]   it 639  |r|inf=3.711513e-08  r/r0=1.7596e-06
[mg]   it 640  |r|inf=3.679858e-08  r/r0=1.7446e-06
[mg]   it 641  |r|inf=3.687035e-08  r/r0=1.7480e-06
[mg]   it 642  |r|inf=3.726873e-08  r/r0=1.7669e-06
[mg]   it 643  |r|inf=3.766291e-08  r/r0=1.7856e-06
[mg]   it 644  |r|inf=3.805289e-08  r/r0=1.8041e-06
[mg]   it 645  |r|inf=3.843868e-08  r/r0=1.8224e-06
[mg]   it 646  |r|inf=3.882028e-08  r/r0=1.8404e-06
[mg]   it 647  |r|inf=3.919771e-08  r/r0=1.8583e-06
[mg]   it 648  |r|inf=3.957097e-08  r/r0=1.8760e-06
[mg]   it 649  |r|inf=3.994008e-08  r/r0=1.8935e-06
[mg]   it 650  |r|inf=4.030505e-08  r/r0=1.9108e-06
[mg]   it 651  |r|inf=4.066588e-08  r/r0=1.9279e-06
[mg]   it 652  |r|inf=4.102260e-08  r/r0=1.9449e-06
[mg]   it 653  |r|inf=4.137520e-08  r/r0=1.9616e-06
[mg]   it 654  |r|inf=4.172371e-08  r/r0=1.9781e-06
[mg]   it 655  |r|inf=4.206813e-08  r/r0=1.9944e-06
[mg]   it 656  |r|inf=4.240849e-08  r/r0=2.0106e-06
[mg]   it 657  |r|inf=4.274478e-08  r/r0=2.0265e-06
[mg]   it 658  |r|inf=4.307703e-08  r/r0=2.0423e-06
[mg]   it 659  |r|inf=4.340525e-08  r/r0=2.0578e-06
[mg]   it 660  |r|inf=4.372946e-08  r/r0=2.0732e-06
[mg]   it 661  |r|inf=4.404966e-08  r/r0=2.0884e-06
[mg]   it 662  |r|inf=4.436587e-08  r/r0=2.1034e-06
[mg]   it 663  |r|inf=4.467811e-08  r/r0=2.1182e-06
[mg]   it 664  |r|inf=4.498640e-08  r/r0=2.1328e-06
[mg]   it 665  |r|inf=4.529074e-08  r/r0=2.1472e-06
[mg]   it 666  |r|inf=4.559115e-08  r/r0=2.1614e-06
[mg]   it 667  |r|inf=4.588765e-08  r/r0=2.1755e-06
[mg]   it 668  |r|inf=4.618026e-08  r/r0=2.1894e-06
[mg]   it 669  |r|inf=4.646898e-08  r/r0=2.2031e-06
[mg]   it 670  |r|inf=4.675384e-08  r/r0=2.2166e-06
[mg]   it 671  |r|inf=4.703486e-08  r/r0=2.2299e-06
[mg]   it 672  |r|inf=4.731203e-08  r/r0=2.2430e-06
[mg]   it 673  |r|inf=4.758540e-08  r/r0=2.2560e-06
[mg]   it 674  |r|inf=4.785496e-08  r/r0=2.2688e-06
[mg]   it 675  |r|inf=4.812073e-08  r/r0=2.2814e-06
[mg]   it 676  |r|inf=4.838274e-08  r/r0=2.2938e-06
[mg]   it 677  |r|inf=4.864100e-08  r/r0=2.3060e-06
[mg]   it 678  |r|inf=4.889552e-08  r/r0=2.3181e-06
[mg]   it 679  |r|inf=4.914632e-08  r/r0=2.3300e-06
[mg]   it 680  |r|inf=4.939342e-08  r/r0=2.3417e-06
[mg]   it 681  |r|inf=4.963683e-08  r/r0=2.3532e-06
[mg]   it 682  |r|inf=4.987656e-08  r/r0=2.3646e-06
[mg]   it 683  |r|inf=5.011265e-08  r/r0=2.3758e-06
[mg]   it 684  |r|inf=5.034510e-08  r/r0=2.3868e-06
[mg]   it 685  |r|inf=5.057392e-08  r/r0=2.3977e-06
[mg]   it 686  |r|inf=5.079914e-08  r/r0=2.4084e-06
[mg]   it 687  |r|inf=5.102076e-08  r/r0=2.4189e-06
[mg]   it 688  |r|inf=5.123882e-08  r/r0=2.4292e-06
[mg]   it 689  |r|inf=5.145331e-08  r/r0=2.4394e-06
[mg]   it 690  |r|inf=5.166426e-08  r/r0=2.4494e-06
[mg]   it 691  |r|inf=5.187168e-08  r/r0=2.4592e-06
[mg]   it 692  |r|inf=5.207560e-08  r/r0=2.4689e-06
[mg]   it 693  |r|inf=5.227601e-08  r/r0=2.4784e-06
[mg]   it 694  |r|inf=5.247295e-08  r/r0=2.4877e-06
[mg]   it 695  |r|inf=5.266642e-08  r/r0=2.4969e-06
[mg]   it 696  |r|inf=5.285644e-08  r/r0=2.5059e-06
[mg]   it 697  |r|inf=5.304302e-08  r/r0=2.5147e-06
[mg]   it 698  |r|inf=5.322618e-08  r/r0=2.5234e-06
[mg]   it 699  |r|inf=5.340594e-08  r/r0=2.5319e-06
[mg]   it 700  |r|inf=5.358231e-08  r/r0=2.5403e-06
[mg]   it 701  |r|inf=5.375530e-08  r/r0=2.5485e-06
[mg]   it 702  |r|inf=5.392493e-08  r/r0=2.5565e-06
[mg]   it 703  |r|inf=5.409122e-08  r/r0=2.5644e-06
[mg]   it 704  |r|inf=5.425417e-08  r/r0=2.5722e-06
[mg]   it 705  |r|inf=5.441380e-08  r/r0=2.5797e-06
[mg]   it 706  |r|inf=5.457012e-08  r/r0=2.5871e-06
[mg]   it 707  |r|inf=5.472315e-08  r/r0=2.5944e-06
[mg]   it 708  |r|inf=5.487291e-08  r/r0=2.6015e-06
[mg]   it 709  |r|inf=5.501940e-08  r/r0=2.6084e-06
[mg]   it 710  |r|inf=5.516264e-08  r/r0=2.6152e-06
[mg]   it 711  |r|inf=5.530264e-08  r/r0=2.6219e-06
[mg]   it 712  |r|inf=5.543941e-08  r/r0=2.6283e-06
[mg]   it 713  |r|inf=5.557298e-08  r/r0=2.6347e-06
[mg]   it 714  |r|inf=5.570334e-08  r/r0=2.6409e-06
[mg]   it 715  |r|inf=5.583051e-08  r/r0=2.6469e-06
[mg]   it 716  |r|inf=5.595451e-08  r/r0=2.6528e-06
[mg]   it 717  |r|inf=5.607535e-08  r/r0=2.6585e-06
[mg]   it 718  |r|inf=5.619304e-08  r/r0=2.6641e-06
[mg]   it 719  |r|inf=5.630759e-08  r/r0=2.6695e-06
[mg]   it 720  |r|inf=5.641901e-08  r/r0=2.6748e-06
[mg]   it 721  |r|inf=5.652731e-08  r/r0=2.6799e-06
[mg]   it 722  |r|inf=5.663251e-08  r/r0=2.6849e-06
[mg]   it 723  |r|inf=5.673462e-08  r/r0=2.6898e-06
[mg]   it 724  |r|inf=5.683364e-08  r/r0=2.6944e-06
[mg]   it 725  |r|inf=5.692959e-08  r/r0=2.6990e-06
[mg]   it 726  |r|inf=5.702249e-08  r/r0=2.7034e-06
[mg]   it 727  |r|inf=5.711233e-08  r/r0=2.7077e-06
[mg]   it 728  |r|inf=5.719914e-08  r/r0=2.7118e-06
[mg]   it 729  |r|inf=5.728291e-08  r/r0=2.7157e-06
[mg]   it 730  |r|inf=5.736367e-08  r/r0=2.7196e-06
[mg]   it 731  |r|inf=5.744142e-08  r/r0=2.7233e-06
[mg]   it 732  |r|inf=5.751616e-08  r/r0=2.7268e-06
[mg]   it 733  |r|inf=5.758792e-08  r/r0=2.7302e-06
[mg]   it 734  |r|inf=5.765670e-08  r/r0=2.7335e-06
[mg]   it 735  |r|inf=5.772251e-08  r/r0=2.7366e-06
[mg]   it 736  |r|inf=5.778536e-08  r/r0=2.7396e-06
[mg]   it 737  |r|inf=5.784526e-08  r/r0=2.7424e-06
[mg]   it 738  |r|inf=5.790222e-08  r/r0=2.7451e-06
[mg]   it 739  |r|inf=5.795624e-08  r/r0=2.7477e-06
[mg]   it 740  |r|inf=5.800733e-08  r/r0=2.7501e-06
[mg]   it 741  |r|inf=5.805551e-08  r/r0=2.7524e-06
[mg]   it 742  |r|inf=5.810078e-08  r/r0=2.7545e-06
[mg]   it 743  |r|inf=5.814316e-08  r/r0=2.7565e-06
[mg]   it 744  |r|inf=5.818264e-08  r/r0=2.7584e-06
[mg]   it 745  |r|inf=5.821923e-08  r/r0=2.7601e-06
[mg]   it 746  |r|inf=5.825296e-08  r/r0=2.7617e-06
[mg]   it 747  |r|inf=5.828381e-08  r/r0=2.7632e-06
[mg]   it 748  |r|inf=5.831181e-08  r/r0=2.7645e-06
[mg]   it 749  |r|inf=5.833695e-08  r/r0=2.7657e-06
[mg]   it 750  |r|inf=5.835925e-08  r/r0=2.7668e-06
[mg]   it 751  |r|inf=5.837871e-08  r/r0=2.7677e-06
[mg]   it 752  |r|inf=5.839535e-08  r/r0=2.7685e-06
[mg]   it 753  |r|inf=5.840916e-08  r/r0=2.7691e-06
[mg]   it 754  |r|inf=5.842016e-08  r/r0=2.7697e-06
[mg]   it 755  |r|inf=5.842834e-08  r/r0=2.7700e-06
[mg]   it 756  |r|inf=5.843373e-08  r/r0=2.7703e-06
[mg]   it 757  |r|inf=5.843633e-08  r/r0=2.7704e-06
[mg]   it 758  |r|inf=5.843613e-08  r/r0=2.7704e-06
[mg]   it 759  |r|inf=5.843316e-08  r/r0=2.7703e-06
[mg]   it 760  |r|inf=5.847784e-08  r/r0=2.7724e-06
[mg]   it 761  |r|inf=5.866186e-08  r/r0=2.7811e-06
[mg]   it 762  |r|inf=5.884298e-08  r/r0=2.7897e-06
[mg]   it 763  |r|inf=5.902119e-08  r/r0=2.7982e-06
[mg]   it 764  |r|inf=5.919649e-08  r/r0=2.8065e-06
[mg]   it 765  |r|inf=5.936890e-08  r/r0=2.8146e-06
[mg]   it 766  |r|inf=5.953840e-08  r/r0=2.8227e-06
[mg]   it 767  |r|inf=5.970499e-08  r/r0=2.8306e-06
[mg]   it 768  |r|inf=5.986869e-08  r/r0=2.8383e-06
[mg]   it 769  |r|inf=6.002948e-08  r/r0=2.8460e-06
[mg]   it 770  |r|inf=6.018738e-08  r/r0=2.8534e-06
[mg]   it 771  |r|inf=6.034237e-08  r/r0=2.8608e-06
[mg]   it 772  |r|inf=6.049447e-08  r/r0=2.8680e-06
[mg]   it 773  |r|inf=6.064366e-08  r/r0=2.8751e-06
[mg]   it 774  |r|inf=6.078995e-08  r/r0=2.8820e-06
[mg]   it 775  |r|inf=6.093335e-08  r/r0=2.8888e-06
[mg]   it 776  |r|inf=6.107384e-08  r/r0=2.8955e-06
[mg]   it 777  |r|inf=6.121144e-08  r/r0=2.9020e-06
[mg]   it 778  |r|inf=6.134613e-08  r/r0=2.9084e-06
[mg]   it 779  |r|inf=6.147793e-08  r/r0=2.9146e-06
[mg]   it 780  |r|inf=6.160682e-08  r/r0=2.9207e-06
[mg]   it 781  |r|inf=6.173281e-08  r/r0=2.9267e-06
[mg]   it 782  |r|inf=6.185591e-08  r/r0=2.9325e-06
[mg]   it 783  |r|inf=6.197610e-08  r/r0=2.9382e-06
[mg]   it 784  |r|inf=6.209339e-08  r/r0=2.9438e-06
[mg]   it 785  |r|inf=6.220778e-08  r/r0=2.9492e-06
[mg]   it 786  |r|inf=6.231927e-08  r/r0=2.9545e-06
[mg]   it 787  |r|inf=6.242786e-08  r/r0=2.9597e-06
[mg]   it 788  |r|inf=6.253354e-08  r/r0=2.9647e-06
[mg]   it 789  |r|inf=6.263632e-08  r/r0=2.9695e-06
[mg]   it 790  |r|inf=6.273620e-08  r/r0=2.9743e-06
[mg]   it 791  |r|inf=6.283317e-08  r/r0=2.9789e-06
[mg]   it 792  |r|inf=6.292724e-08  r/r0=2.9833e-06
[mg]   it 793  |r|inf=6.301841e-08  r/r0=2.9877e-06
[mg]   it 794  |r|inf=6.310667e-08  r/r0=2.9918e-06
[mg]   it 795  |r|inf=6.319202e-08  r/r0=2.9959e-06
[mg]   it 796  |r|inf=6.327447e-08  r/r0=2.9998e-06
[mg]   it 797  |r|inf=6.335402e-08  r/r0=3.0036e-06
[mg]   it 798  |r|inf=6.343065e-08  r/r0=3.0072e-06
[mg]   it 799  |r|inf=6.350438e-08  r/r0=3.0107e-06
[mg]   it 800  |r|inf=6.357521e-08  r/r0=3.0141e-06
[mg]   it 801  |r|inf=6.364313e-08  r/r0=3.0173e-06
[mg]   it 802  |r|inf=6.370813e-08  r/r0=3.0204e-06
[mg]   it 803  |r|inf=6.377024e-08  r/r0=3.0233e-06
[mg]   it 804  |r|inf=6.382943e-08  r/r0=3.0261e-06
[mg]   it 805  |r|inf=6.388572e-08  r/r0=3.0288e-06
[mg]   it 806  |r|inf=6.393910e-08  r/r0=3.0313e-06
[mg]   it 807  |r|inf=6.398957e-08  r/r0=3.0337e-06
[mg]   it 808  |r|inf=6.403713e-08  r/r0=3.0360e-06
[mg]   it 809  |r|inf=6.408178e-08  r/r0=3.0381e-06
[mg]   it 810  |r|inf=6.412353e-08  r/r0=3.0401e-06
[mg]   it 811  |r|inf=6.416237e-08  r/r0=3.0419e-06
[mg]   it 812  |r|inf=6.419830e-08  r/r0=3.0436e-06
[mg]   it 813  |r|inf=6.423133e-08  r/r0=3.0452e-06
[mg]   it 814  |r|inf=6.426145e-08  r/r0=3.0466e-06
[mg]   it 815  |r|inf=6.428866e-08  r/r0=3.0479e-06
[mg]   it 816  |r|inf=6.431297e-08  r/r0=3.0490e-06
[mg]   it 817  |r|inf=6.433437e-08  r/r0=3.0501e-06
[mg]   it 818  |r|inf=6.435287e-08  r/r0=3.0509e-06
[mg]   it 819  |r|inf=6.436846e-08  r/r0=3.0517e-06
[mg]   it 820  |r|inf=6.438115e-08  r/r0=3.0523e-06
[mg]   it 821  |r|inf=6.439094e-08  r/r0=3.0527e-06
[mg]   it 822  |r|inf=6.439783e-08  r/r0=3.0531e-06
[mg]   it 823  |r|inf=6.440183e-08  r/r0=3.0532e-06
[mg]   it 824  |r|inf=6.440292e-08  r/r0=3.0533e-06
[mg]   it 825  |r|inf=6.440111e-08  r/r0=3.0532e-06
[mg]   it 826  |r|inf=6.439641e-08  r/r0=3.0530e-06
[mg]   it 827  |r|inf=6.438882e-08  r/r0=3.0526e-06
[mg]   it 828  |r|inf=6.437834e-08  r/r0=3.0521e-06
[mg]   it 829  |r|inf=6.436496e-08  r/r0=3.0515e-06
[mg]   it 830  |r|inf=6.434870e-08  r/r0=3.0507e-06
[mg]   it 831  |r|inf=6.432955e-08  r/r0=3.0498e-06
[mg]   it 832  |r|inf=6.430752e-08  r/r0=3.0488e-06
[mg]   it 833  |r|inf=6.428261e-08  r/r0=3.0476e-06
[mg]   it 834  |r|inf=6.425481e-08  r/r0=3.0463e-06
[mg]   it 835  |r|inf=6.422415e-08  r/r0=3.0448e-06
[mg]   it 836  |r|inf=6.419060e-08  r/r0=3.0432e-06
[mg]   it 837  |r|inf=6.415419e-08  r/r0=3.0415e-06
[mg]   it 838  |r|inf=6.411491e-08  r/r0=3.0396e-06
[mg]   it 839  |r|inf=6.407276e-08  r/r0=3.0376e-06
[mg]   it 840  |r|inf=6.402776e-08  r/r0=3.0355e-06
[mg]   it 841  |r|inf=6.397989e-08  r/r0=3.0332e-06
[mg]   it 842  |r|inf=6.392918e-08  r/r0=3.0308e-06
[mg]   it 843  |r|inf=6.387561e-08  r/r0=3.0283e-06
[mg]   it 844  |r|inf=6.381919e-08  r/r0=3.0256e-06
[mg]   it 845  |r|inf=6.375994e-08  r/r0=3.0228e-06
[mg]   it 846  |r|inf=6.369784e-08  r/r0=3.0199e-06
[mg]   it 847  |r|inf=6.363291e-08  r/r0=3.0168e-06
[mg]   it 848  |r|inf=6.356515e-08  r/r0=3.0136e-06
[mg]   it 849  |r|inf=6.349457e-08  r/r0=3.0102e-06
[mg]   it 850  |r|inf=6.342117e-08  r/r0=3.0068e-06
[mg]   it 851  |r|inf=6.334495e-08  r/r0=3.0031e-06
[mg]   it 852  |r|inf=6.326593e-08  r/r0=2.9994e-06
[mg]   it 853  |r|inf=6.318410e-08  r/r0=2.9955e-06
[mg]   it 854  |r|inf=6.309947e-08  r/r0=2.9915e-06
[mg]   it 855  |r|inf=6.301205e-08  r/r0=2.9874e-06
[mg]   it 856  |r|inf=6.292185e-08  r/r0=2.9831e-06
[mg]   it 857  |r|inf=6.282886e-08  r/r0=2.9787e-06
[mg]   it 858  |r|inf=6.273310e-08  r/r0=2.9741e-06
[mg]   it 859  |r|inf=6.263458e-08  r/r0=2.9695e-06
[mg]   it 860  |r|inf=6.253329e-08  r/r0=2.9647e-06
[mg]   it 861  |r|inf=6.242925e-08  r/r0=2.9597e-06
[mg]   it 862  |r|inf=6.232246e-08  r/r0=2.9547e-06
[mg]   it 863  |r|inf=6.221294e-08  r/r0=2.9495e-06
[mg]   it 864  |r|inf=6.210068e-08  r/r0=2.9442e-06
[mg]   it 865  |r|inf=6.198570e-08  r/r0=2.9387e-06
[mg]   it 866  |r|inf=6.186800e-08  r/r0=2.9331e-06
[mg]   it 867  |r|inf=6.174759e-08  r/r0=2.9274e-06
[mg]   it 868  |r|inf=6.162448e-08  r/r0=2.9216e-06
[mg]   it 869  |r|inf=6.149868e-08  r/r0=2.9156e-06
[mg]   it 870  |r|inf=6.137020e-08  r/r0=2.9095e-06
[mg]   it 871  |r|inf=6.123905e-08  r/r0=2.9033e-06
[mg]   it 872  |r|inf=6.110522e-08  r/r0=2.8970e-06
[mg]   it 873  |r|inf=6.096875e-08  r/r0=2.8905e-06
[mg]   it 874  |r|inf=6.082962e-08  r/r0=2.8839e-06
[mg]   it 875  |r|inf=6.068786e-08  r/r0=2.8772e-06
[mg]   it 876  |r|inf=6.054347e-08  r/r0=2.8703e-06
[mg]   it 877  |r|inf=6.039647e-08  r/r0=2.8634e-06
[mg]   it 878  |r|inf=6.024686e-08  r/r0=2.8563e-06
[mg]   it 879  |r|inf=6.009465e-08  r/r0=2.8490e-06
[mg]   it 880  |r|inf=5.993985e-08  r/r0=2.8417e-06
[mg]   it 881  |r|inf=5.978248e-08  r/r0=2.8342e-06
[mg]   it 882  |r|inf=5.962255e-08  r/r0=2.8267e-06
[mg]   it 883  |r|inf=5.946006e-08  r/r0=2.8190e-06
[mg]   it 884  |r|inf=5.929503e-08  r/r0=2.8111e-06
[mg]   it 885  |r|inf=5.912747e-08  r/r0=2.8032e-06
[mg]   it 886  |r|inf=5.895739e-08  r/r0=2.7951e-06
[mg]   it 887  |r|inf=5.878481e-08  r/r0=2.7869e-06
[mg]   it 888  |r|inf=5.860973e-08  r/r0=2.7786e-06
[mg]   it 889  |r|inf=5.843217e-08  r/r0=2.7702e-06
[mg]   it 890  |r|inf=5.825214e-08  r/r0=2.7617e-06
[mg]   it 891  |r|inf=5.806965e-08  r/r0=2.7530e-06
[mg]   it 892  |r|inf=5.788472e-08  r/r0=2.7443e-06
[mg]   it 893  |r|inf=5.769736e-08  r/r0=2.7354e-06
[mg]   it 894  |r|inf=5.750758e-08  r/r0=2.7264e-06
[mg]   it 895  |r|inf=5.731540e-08  r/r0=2.7173e-06
[mg]   it 896  |r|inf=5.712083e-08  r/r0=2.7081e-06
[mg]   it 897  |r|inf=5.692388e-08  r/r0=2.6987e-06
[mg]   it 898  |r|inf=5.672457e-08  r/r0=2.6893e-06
[mg]   it 899  |r|inf=5.652291e-08  r/r0=2.6797e-06
[mg]   it 900  |r|inf=5.631892e-08  r/r0=2.6700e-06
[mg]   it 901  |r|inf=5.611261e-08  r/r0=2.6603e-06
[mg]   it 902  |r|inf=5.590399e-08  r/r0=2.6504e-06
[mg]   it 903  |r|inf=5.569309e-08  r/r0=2.6404e-06
[mg]   it 904  |r|inf=5.547991e-08  r/r0=2.6303e-06
[mg]   it 905  |r|inf=5.526447e-08  r/r0=2.6201e-06
[mg]   it 906  |r|inf=5.504679e-08  r/r0=2.6097e-06
[mg]   it 907  |r|inf=5.482688e-08  r/r0=2.5993e-06
[mg]   it 908  |r|inf=5.460476e-08  r/r0=2.5888e-06
[mg]   it 909  |r|inf=5.438045e-08  r/r0=2.5781e-06
[mg]   it 910  |r|inf=5.415395e-08  r/r0=2.5674e-06
[mg]   it 911  |r|inf=5.392529e-08  r/r0=2.5566e-06
[mg]   it 912  |r|inf=5.369448e-08  r/r0=2.5456e-06
[mg]   it 913  |r|inf=5.346154e-08  r/r0=2.5346e-06
[mg]   it 914  |r|inf=5.322649e-08  r/r0=2.5234e-06
[mg]   it 915  |r|inf=5.298934e-08  r/r0=2.5122e-06
[mg]   it 916  |r|inf=5.275011e-08  r/r0=2.5008e-06
[mg]   it 917  |r|inf=5.250882e-08  r/r0=2.4894e-06
[mg]   it 918  |r|inf=5.226548e-08  r/r0=2.4779e-06
[mg]   it 919  |r|inf=5.202011e-08  r/r0=2.4662e-06
[mg]   it 920  |r|inf=5.177273e-08  r/r0=2.4545e-06
[mg]   it 921  |r|inf=5.152337e-08  r/r0=2.4427e-06
[mg]   it 922  |r|inf=5.127202e-08  r/r0=2.4308e-06
[mg]   it 923  |r|inf=5.101872e-08  r/r0=2.4188e-06
[mg]   it 924  |r|inf=5.076348e-08  r/r0=2.4067e-06
[mg]   it 925  |r|inf=5.050632e-08  r/r0=2.3945e-06
[mg]   it 926  |r|inf=5.024726e-08  r/r0=2.3822e-06
[mg]   it 927  |r|inf=4.998631e-08  r/r0=2.3698e-06
[mg]   it 928  |r|inf=4.972350e-08  r/r0=2.3574e-06
[mg]   it 929  |r|inf=4.945884e-08  r/r0=2.3448e-06
[mg]   it 930  |r|inf=4.919236e-08  r/r0=2.3322e-06
[mg]   it 931  |r|inf=4.917845e-08  r/r0=2.3315e-06
[mg]   it 932  |r|inf=4.928365e-08  r/r0=2.3365e-06
[mg]   it 933  |r|inf=4.938674e-08  r/r0=2.3414e-06
[mg]   it 934  |r|inf=4.948774e-08  r/r0=2.3462e-06
[mg]   it 935  |r|inf=4.958663e-08  r/r0=2.3509e-06
[mg]   it 936  |r|inf=4.968342e-08  r/r0=2.3555e-06
[mg]   it 937  |r|inf=4.977811e-08  r/r0=2.3599e-06
[mg]   it 938  |r|inf=4.987070e-08  r/r0=2.3643e-06
[mg]   it 939  |r|inf=4.996118e-08  r/r0=2.3686e-06
[mg]   it 940  |r|inf=5.004957e-08  r/r0=2.3728e-06
[mg]   it 941  |r|inf=5.013587e-08  r/r0=2.3769e-06
[mg]   it 942  |r|inf=5.022006e-08  r/r0=2.3809e-06
[mg]   it 943  |r|inf=5.030217e-08  r/r0=2.3848e-06
[mg]   it 944  |r|inf=5.038217e-08  r/r0=2.3886e-06
[mg]   it 945  |r|inf=5.046009e-08  r/r0=2.3923e-06
[mg]   it 946  |r|inf=5.053592e-08  r/r0=2.3959e-06
[mg]   it 947  |r|inf=5.060966e-08  r/r0=2.3994e-06
[mg]   it 948  |r|inf=5.068132e-08  r/r0=2.4028e-06
[mg]   it 949  |r|inf=5.075090e-08  r/r0=2.4061e-06
[mg]   it 950  |r|inf=5.081839e-08  r/r0=2.4093e-06
[mg]   it 951  |r|inf=5.088382e-08  r/r0=2.4124e-06
[mg]   it 952  |r|inf=5.094716e-08  r/r0=2.4154e-06
[mg]   it 953  |r|inf=5.100844e-08  r/r0=2.4183e-06
[mg]   it 954  |r|inf=5.106766e-08  r/r0=2.4211e-06
[mg]   it 955  |r|inf=5.112481e-08  r/r0=2.4238e-06
[mg]   it 956  |r|inf=5.117990e-08  r/r0=2.4264e-06
[mg]   it 957  |r|inf=5.123294e-08  r/r0=2.4289e-06
[mg]   it 958  |r|inf=5.128392e-08  r/r0=2.4313e-06
[mg]   it 959  |r|inf=5.133286e-08  r/r0=2.4337e-06
[mg]   it 960  |r|inf=5.137976e-08  r/r0=2.4359e-06
[mg]   it 961  |r|inf=5.142462e-08  r/r0=2.4380e-06
[mg]   it 962  |r|inf=5.146745e-08  r/r0=2.4400e-06
[mg]   it 963  |r|inf=5.150825e-08  r/r0=2.4420e-06
[mg]   it 964  |r|inf=5.154703e-08  r/r0=2.4438e-06
[mg]   it 965  |r|inf=5.158379e-08  r/r0=2.4456e-06
[mg]   it 966  |r|inf=5.161854e-08  r/r0=2.4472e-06
[mg]   it 967  |r|inf=5.165128e-08  r/r0=2.4488e-06
[mg]   it 968  |r|inf=5.168203e-08  r/r0=2.4502e-06
[mg]   it 969  |r|inf=5.171077e-08  r/r0=2.4516e-06
[mg]   it 970  |r|inf=5.173753e-08  r/r0=2.4528e-06
[mg]   it 971  |r|inf=5.176231e-08  r/r0=2.4540e-06
[mg]   it 972  |r|inf=5.178511e-08  r/r0=2.4551e-06
[mg]   it 973  |r|inf=5.180594e-08  r/r0=2.4561e-06
[mg]   it 974  |r|inf=5.182480e-08  r/r0=2.4570e-06
[mg]   it 975  |r|inf=5.184171e-08  r/r0=2.4578e-06
[mg]   it 976  |r|inf=5.185667e-08  r/r0=2.4585e-06
[mg]   it 977  |r|inf=5.186968e-08  r/r0=2.4591e-06
[mg]   it 978  |r|inf=5.188076e-08  r/r0=2.4596e-06
[mg]   it 979  |r|inf=5.188991e-08  r/r0=2.4601e-06
[mg]   it 980  |r|inf=5.189714e-08  r/r0=2.4604e-06
[mg]   it 981  |r|inf=5.190245e-08  r/r0=2.4607e-06
[mg]   it 982  |r|inf=5.190585e-08  r/r0=2.4608e-06
[mg]   it 983  |r|inf=5.190736e-08  r/r0=2.4609e-06
[mg]   it 984  |r|inf=5.190698e-08  r/r0=2.4609e-06
[mg]   it 985  |r|inf=5.190471e-08  r/r0=2.4608e-06
[mg]   it 986  |r|inf=5.190057e-08  r/r0=2.4606e-06
[mg]   it 987  |r|inf=5.189455e-08  r/r0=2.4603e-06
[mg]   it 988  |r|inf=5.188668e-08  r/r0=2.4599e-06
[mg]   it 989  |r|inf=5.187696e-08  r/r0=2.4595e-06
[mg]   it 990  |r|inf=5.186540e-08  r/r0=2.4589e-06
[mg]   it 991  |r|inf=5.185200e-08  r/r0=2.4583e-06
[mg]   it 992  |r|inf=5.183678e-08  r/r0=2.4575e-06
[mg]   it 993  |r|inf=5.181974e-08  r/r0=2.4567e-06
[mg]   it 994  |r|inf=5.180089e-08  r/r0=2.4558e-06
[mg]   it 995  |r|inf=5.178025e-08  r/r0=2.4549e-06
[mg]   it 996  |r|inf=5.175781e-08  r/r0=2.4538e-06
[mg]   it 997  |r|inf=5.173360e-08  r/r0=2.4527e-06
[mg]   it 998  |r|inf=5.170761e-08  r/r0=2.4514e-06
[mg]   it 999  |r|inf=5.167986e-08  r/r0=2.4501e-06
[mg]   it 1000  |r|inf=5.165036e-08  r/r0=2.4487e-06
[mg]   it 1001  |r|inf=5.161911e-08  r/r0=2.4472e-06
[mg]   it 1002  |r|inf=5.158613e-08  r/r0=2.4457e-06
[mg]   it 1003  |r|inf=5.155143e-08  r/r0=2.4440e-06
[mg]   it 1004  |r|inf=5.151501e-08  r/r0=2.4423e-06
[mg]   it 1005  |r|inf=5.147688e-08  r/r0=2.4405e-06
[mg]   it 1006  |r|inf=5.143706e-08  r/r0=2.4386e-06
[mg]   it 1007  |r|inf=5.139556e-08  r/r0=2.4366e-06
[mg]   it 1008  |r|inf=5.135238e-08  r/r0=2.4346e-06
[mg]   it 1009  |r|inf=5.130753e-08  r/r0=2.4325e-06
[mg]   it 1010  |r|inf=5.126103e-08  r/r0=2.4303e-06
[mg]   it 1011  |r|inf=5.121289e-08  r/r0=2.4280e-06
[mg]   it 1012  |r|inf=5.116311e-08  r/r0=2.4256e-06
[mg]   it 1013  |r|inf=5.111170e-08  r/r0=2.4232e-06
[mg]   it 1014  |r|inf=5.105868e-08  r/r0=2.4207e-06
[mg]   it 1015  |r|inf=5.100406e-08  r/r0=2.4181e-06
[mg]   it 1016  |r|inf=5.094784e-08  r/r0=2.4154e-06
[mg]   it 1017  |r|inf=5.089004e-08  r/r0=2.4127e-06
[mg]   it 1018  |r|inf=5.083066e-08  r/r0=2.4098e-06
[mg]   it 1019  |r|inf=5.076972e-08  r/r0=2.4070e-06
[mg]   it 1020  |r|inf=5.070723e-08  r/r0=2.4040e-06
[mg]   it 1021  |r|inf=5.064320e-08  r/r0=2.4010e-06
[mg]   it 1022  |r|inf=5.057764e-08  r/r0=2.3979e-06
[mg]   it 1023  |r|inf=5.051056e-08  r/r0=2.3947e-06
[mg]   it 1024  |r|inf=5.044197e-08  r/r0=2.3914e-06
[mg]   it 1025  |r|inf=5.037187e-08  r/r0=2.3881e-06
[mg]   it 1026  |r|inf=5.030030e-08  r/r0=2.3847e-06
[mg]   it 1027  |r|inf=5.022724e-08  r/r0=2.3812e-06
[mg]   it 1028  |r|inf=5.015272e-08  r/r0=2.3777e-06
[mg]   it 1029  |r|inf=5.007674e-08  r/r0=2.3741e-06
[mg]   it 1030  |r|inf=4.999931e-08  r/r0=2.3704e-06
[mg]   it 1031  |r|inf=4.992046e-08  r/r0=2.3667e-06
[mg]   it 1032  |r|inf=4.984017e-08  r/r0=2.3629e-06
[mg]   it 1033  |r|inf=4.975848e-08  r/r0=2.3590e-06
[mg]   it 1034  |r|inf=4.967539e-08  r/r0=2.3551e-06
[mg]   it 1035  |r|inf=4.959090e-08  r/r0=2.3511e-06
[mg]   it 1036  |r|inf=4.950503e-08  r/r0=2.3470e-06
[mg]   it 1037  |r|inf=4.941780e-08  r/r0=2.3429e-06
[mg]   it 1038  |r|inf=4.932920e-08  r/r0=2.3387e-06
[mg]   it 1039  |r|inf=4.923926e-08  r/r0=2.3344e-06
[mg]   it 1040  |r|inf=4.914799e-08  r/r0=2.3301e-06
[mg]   it 1041  |r|inf=4.905539e-08  r/r0=2.3257e-06
[mg]   it 1042  |r|inf=4.896147e-08  r/r0=2.3212e-06
[mg]   it 1043  |r|inf=4.886625e-08  r/r0=2.3167e-06
[mg]   it 1044  |r|inf=4.876974e-08  r/r0=2.3121e-06
[mg]   it 1045  |r|inf=4.867194e-08  r/r0=2.3075e-06
[mg]   it 1046  |r|inf=4.857287e-08  r/r0=2.3028e-06
[mg]   it 1047  |r|inf=4.847255e-08  r/r0=2.2981e-06
[mg]   it 1048  |r|inf=4.837097e-08  r/r0=2.2932e-06
[mg]   it 1049  |r|inf=4.826816e-08  r/r0=2.2884e-06
[mg]   it 1050  |r|inf=4.816412e-08  r/r0=2.2834e-06
[mg]   it 1051  |r|inf=4.805886e-08  r/r0=2.2784e-06
[mg]   it 1052  |r|inf=4.795240e-08  r/r0=2.2734e-06
[mg]   it 1053  |r|inf=4.784474e-08  r/r0=2.2683e-06
[mg]   it 1054  |r|inf=4.773589e-08  r/r0=2.2631e-06
[mg]   it 1055  |r|inf=4.762588e-08  r/r0=2.2579e-06
[mg]   it 1056  |r|inf=4.751470e-08  r/r0=2.2526e-06
[mg]   it 1057  |r|inf=4.740236e-08  r/r0=2.2473e-06
[mg]   it 1058  |r|inf=4.728889e-08  r/r0=2.2419e-06
[mg]   it 1059  |r|inf=4.717428e-08  r/r0=2.2365e-06
[mg]   it 1060  |r|inf=4.705856e-08  r/r0=2.2310e-06
[mg]   it 1061  |r|inf=4.694172e-08  r/r0=2.2255e-06
[mg]   it 1062  |r|inf=4.682378e-08  r/r0=2.2199e-06
[mg]   it 1063  |r|inf=4.670476e-08  r/r0=2.2142e-06
[mg]   it 1064  |r|inf=4.658466e-08  r/r0=2.2085e-06
[mg]   it 1065  |r|inf=4.646349e-08  r/r0=2.2028e-06
[mg]   it 1066  |r|inf=4.634126e-08  r/r0=2.1970e-06
[mg]   it 1067  |r|inf=4.621798e-08  r/r0=2.1912e-06
[mg]   it 1068  |r|inf=4.609367e-08  r/r0=2.1853e-06
[mg]   it 1069  |r|inf=4.596833e-08  r/r0=2.1793e-06
[mg]   it 1070  |r|inf=4.584198e-08  r/r0=2.1733e-06
[mg]   it 1071  |r|inf=4.571462e-08  r/r0=2.1673e-06
[mg]   it 1072  |r|inf=4.558626e-08  r/r0=2.1612e-06
[mg]   it 1073  |r|inf=4.545692e-08  r/r0=2.1551e-06
[mg]   it 1074  |r|inf=4.532660e-08  r/r0=2.1489e-06
[mg]   it 1075  |r|inf=4.519531e-08  r/r0=2.1427e-06
[mg]   it 1076  |r|inf=4.506307e-08  r/r0=2.1364e-06
[mg]   it 1077  |r|inf=4.492989e-08  r/r0=2.1301e-06
[mg]   it 1078  |r|inf=4.479577e-08  r/r0=2.1237e-06
[mg]   it 1079  |r|inf=4.466072e-08  r/r0=2.1173e-06
[mg]   it 1080  |r|inf=4.452476e-08  r/r0=2.1109e-06
[mg]   it 1081  |r|inf=4.438789e-08  r/r0=2.1044e-06
[mg]   it 1082  |r|inf=4.425013e-08  r/r0=2.0979e-06
[mg]   it 1083  |r|inf=4.411147e-08  r/r0=2.0913e-06
[mg]   it 1084  |r|inf=4.397194e-08  r/r0=2.0847e-06
[mg]   it 1085  |r|inf=4.383155e-08  r/r0=2.0780e-06
[mg]   it 1086  |r|inf=4.369029e-08  r/r0=2.0713e-06
[mg]   it 1087  |r|inf=4.354819e-08  r/r0=2.0646e-06
[mg]   it 1088  |r|inf=4.340525e-08  r/r0=2.0578e-06
[mg]   it 1089  |r|inf=4.326147e-08  r/r0=2.0510e-06
[mg]   it 1090  |r|inf=4.311688e-08  r/r0=2.0441e-06
[mg]   it 1091  |r|inf=4.297147e-08  r/r0=2.0372e-06
[mg]   it 1092  |r|inf=4.282527e-08  r/r0=2.0303e-06
[mg]   it 1093  |r|inf=4.267827e-08  r/r0=2.0233e-06
[mg]   it 1094  |r|inf=4.253049e-08  r/r0=2.0163e-06
[mg]   it 1095  |r|inf=4.238193e-08  r/r0=2.0093e-06
[mg]   it 1096  |r|inf=4.223260e-08  r/r0=2.0022e-06
[mg]   it 1097  |r|inf=4.208252e-08  r/r0=1.9951e-06
[mg]   it 1098  |r|inf=4.193169e-08  r/r0=1.9880e-06
[mg]   it 1099  |r|inf=4.178013e-08  r/r0=1.9808e-06
[mg]   it 1100  |r|inf=4.162783e-08  r/r0=1.9735e-06
[mg]   it 1101  |r|inf=4.147481e-08  r/r0=1.9663e-06
[mg]   it 1102  |r|inf=4.132107e-08  r/r0=1.9590e-06
[mg]   it 1103  |r|inf=4.116664e-08  r/r0=1.9517e-06
[mg]   it 1104  |r|inf=4.101150e-08  r/r0=1.9443e-06
[mg]   it 1105  |r|inf=4.085568e-08  r/r0=1.9369e-06
[mg]   it 1106  |r|inf=4.069918e-08  r/r0=1.9295e-06
[mg]   it 1107  |r|inf=4.054201e-08  r/r0=1.9221e-06
[mg]   it 1108  |r|inf=4.038418e-08  r/r0=1.9146e-06
[mg]   it 1109  |r|inf=4.022569e-08  r/r0=1.9071e-06
[mg]   it 1110  |r|inf=4.006655e-08  r/r0=1.8995e-06
[mg]   it 1111  |r|inf=3.990678e-08  r/r0=1.8920e-06
[mg]   it 1112  |r|inf=3.974638e-08  r/r0=1.8843e-06
[mg]   it 1113  |r|inf=3.958535e-08  r/r0=1.8767e-06
[mg]   it 1114  |r|inf=3.942371e-08  r/r0=1.8691e-06
[mg]   it 1115  |r|inf=3.926147e-08  r/r0=1.8614e-06
[mg]   it 1116  |r|inf=3.909863e-08  r/r0=1.8536e-06
[mg]   it 1117  |r|inf=3.893519e-08  r/r0=1.8459e-06
[mg]   it 1118  |r|inf=3.877118e-08  r/r0=1.8381e-06
[mg]   it 1119  |r|inf=3.860658e-08  r/r0=1.8303e-06
[mg]   it 1120  |r|inf=3.844142e-08  r/r0=1.8225e-06
[mg]   it 1121  |r|inf=3.827570e-08  r/r0=1.8146e-06
[mg]   it 1122  |r|inf=3.810943e-08  r/r0=1.8067e-06
[mg]   it 1123  |r|inf=3.794261e-08  r/r0=1.7988e-06
[mg]   it 1124  |r|inf=3.777525e-08  r/r0=1.7909e-06
[mg]   it 1125  |r|inf=3.760736e-08  r/r0=1.7829e-06
[mg]   it 1126  |r|inf=3.743895e-08  r/r0=1.7750e-06
[mg]   it 1127  |r|inf=3.746823e-08  r/r0=1.7763e-06
[mg]   it 1128  |r|inf=3.767973e-08  r/r0=1.7864e-06
[mg]   it 1129  |r|inf=3.789001e-08  r/r0=1.7963e-06
[mg]   it 1130  |r|inf=3.809908e-08  r/r0=1.8063e-06
[mg]   it 1131  |r|inf=3.830693e-08  r/r0=1.8161e-06
[mg]   it 1132  |r|inf=3.851358e-08  r/r0=1.8259e-06
[mg]   it 1133  |r|inf=3.871901e-08  r/r0=1.8356e-06
[mg]   it 1134  |r|inf=3.892323e-08  r/r0=1.8453e-06
[mg]   it 1135  |r|inf=3.912625e-08  r/r0=1.8549e-06
[mg]   it 1136  |r|inf=3.932806e-08  r/r0=1.8645e-06
[mg]   it 1137  |r|inf=3.952867e-08  r/r0=1.8740e-06
[mg]   it 1138  |r|inf=3.972807e-08  r/r0=1.8835e-06
[mg]   it 1139  |r|inf=3.992628e-08  r/r0=1.8929e-06
[mg]   it 1140  |r|inf=4.012328e-08  r/r0=1.9022e-06
[mg]   it 1141  |r|inf=4.031909e-08  r/r0=1.9115e-06
[mg]   it 1142  |r|inf=4.051370e-08  r/r0=1.9207e-06
[mg]   it 1143  |r|inf=4.070712e-08  r/r0=1.9299e-06
[mg]   it 1144  |r|inf=4.089935e-08  r/r0=1.9390e-06
[mg]   it 1145  |r|inf=4.109039e-08  r/r0=1.9481e-06
[mg]   it 1146  |r|inf=4.128024e-08  r/r0=1.9571e-06
[mg]   it 1147  |r|inf=4.146891e-08  r/r0=1.9660e-06
[mg]   it 1148  |r|inf=4.165639e-08  r/r0=1.9749e-06
[mg]   it 1149  |r|inf=4.184269e-08  r/r0=1.9837e-06
[mg]   it 1150  |r|inf=4.202781e-08  r/r0=1.9925e-06
[mg]   it 1151  |r|inf=4.221176e-08  r/r0=2.0012e-06
[mg]   it 1152  |r|inf=4.239452e-08  r/r0=2.0099e-06
[mg]   it 1153  |r|inf=4.257612e-08  r/r0=2.0185e-06
[mg]   it 1154  |r|inf=4.275655e-08  r/r0=2.0271e-06
[mg]   it 1155  |r|inf=4.293580e-08  r/r0=2.0356e-06
[mg]   it 1156  |r|inf=4.311389e-08  r/r0=2.0440e-06
[mg]   it 1157  |r|inf=4.329082e-08  r/r0=2.0524e-06
[mg]   it 1158  |r|inf=4.346658e-08  r/r0=2.0607e-06
[mg]   it 1159  |r|inf=4.364119e-08  r/r0=2.0690e-06
[mg]   it 1160  |r|inf=4.381464e-08  r/r0=2.0772e-06
[mg]   it 1161  |r|inf=4.398693e-08  r/r0=2.0854e-06
[mg]   it 1162  |r|inf=4.415807e-08  r/r0=2.0935e-06
[mg]   it 1163  |r|inf=4.432806e-08  r/r0=2.1016e-06
[mg]   it 1164  |r|inf=4.449691e-08  r/r0=2.1096e-06
[mg]   it 1165  |r|inf=4.466461e-08  r/r0=2.1175e-06
[mg]   it 1166  |r|inf=4.483116e-08  r/r0=2.1254e-06
[mg]   it 1167  |r|inf=4.499658e-08  r/r0=2.1333e-06
[mg]   it 1168  |r|inf=4.516086e-08  r/r0=2.1410e-06
[mg]   it 1169  |r|inf=4.532400e-08  r/r0=2.1488e-06
[mg]   it 1170  |r|inf=4.548601e-08  r/r0=2.1565e-06
[mg]   it 1171  |r|inf=4.564689e-08  r/r0=2.1641e-06
[mg]   it 1172  |r|inf=4.580664e-08  r/r0=2.1717e-06
[mg]   it 1173  |r|inf=4.596527e-08  r/r0=2.1792e-06
[mg]   it 1174  |r|inf=4.612277e-08  r/r0=2.1867e-06
[mg]   it 1175  |r|inf=4.627916e-08  r/r0=2.1941e-06
[mg]   it 1176  |r|inf=4.643442e-08  r/r0=2.2014e-06
[mg]   it 1177  |r|inf=4.658857e-08  r/r0=2.2087e-06
[mg]   it 1178  |r|inf=4.674161e-08  r/r0=2.2160e-06
[mg]   it 1179  |r|inf=4.689354e-08  r/r0=2.2232e-06
[mg]   it 1180  |r|inf=4.704436e-08  r/r0=2.2303e-06
[mg]   it 1181  |r|inf=4.719408e-08  r/r0=2.2374e-06
[mg]   it 1182  |r|inf=4.734270e-08  r/r0=2.2445e-06
[mg]   it 1183  |r|inf=4.749021e-08  r/r0=2.2515e-06
[mg]   it 1184  |r|inf=4.763663e-08  r/r0=2.2584e-06
[mg]   it 1185  |r|inf=4.778196e-08  r/r0=2.2653e-06
[mg]   it 1186  |r|inf=4.792619e-08  r/r0=2.2721e-06
[mg]   it 1187  |r|inf=4.806934e-08  r/r0=2.2789e-06
[mg]   it 1188  |r|inf=4.821140e-08  r/r0=2.2857e-06
[mg]   it 1189  |r|inf=4.835237e-08  r/r0=2.2924e-06
[mg]   it 1190  |r|inf=4.849227e-08  r/r0=2.2990e-06
[mg]   it 1191  |r|inf=4.863108e-08  r/r0=2.3056e-06
[mg]   it 1192  |r|inf=4.876882e-08  r/r0=2.3121e-06
[mg]   it 1193  |r|inf=4.890549e-08  r/r0=2.3186e-06
[mg]   it 1194  |r|inf=4.904109e-08  r/r0=2.3250e-06
[mg]   it 1195  |r|inf=4.917562e-08  r/r0=2.3314e-06
[mg]   it 1196  |r|inf=4.930908e-08  r/r0=2.3377e-06
[mg]   it 1197  |r|inf=4.944149e-08  r/r0=2.3440e-06
[mg]   it 1198  |r|inf=4.957283e-08  r/r0=2.3502e-06
[mg]   it 1199  |r|inf=4.970312e-08  r/r0=2.3564e-06
[mg]   it 1200  |r|inf=4.983235e-08  r/r0=2.3625e-06
[mg]   it 1201  |r|inf=4.996053e-08  r/r0=2.3686e-06
[mg]   it 1202  |r|inf=5.008766e-08  r/r0=2.3746e-06
[mg]   it 1203  |r|inf=5.021374e-08  r/r0=2.3806e-06
[mg]   it 1204  |r|inf=5.033878e-08  r/r0=2.3865e-06
[mg]   it 1205  |r|inf=5.046278e-08  r/r0=2.3924e-06
[mg]   it 1206  |r|inf=5.058574e-08  r/r0=2.3982e-06
[mg]   it 1207  |r|inf=5.070766e-08  r/r0=2.4040e-06
[mg]   it 1208  |r|inf=5.082855e-08  r/r0=2.4097e-06
[mg]   it 1209  |r|inf=5.094841e-08  r/r0=2.4154e-06
[mg]   it 1210  |r|inf=5.106724e-08  r/r0=2.4211e-06
[mg]   it 1211  |r|inf=5.118504e-08  r/r0=2.4266e-06
[mg]   it 1212  |r|inf=5.130183e-08  r/r0=2.4322e-06
[mg]   it 1213  |r|inf=5.141759e-08  r/r0=2.4377e-06
[mg]   it 1214  |r|inf=5.153233e-08  r/r0=2.4431e-06
[mg]   it 1215  |r|inf=5.164606e-08  r/r0=2.4485e-06
[mg]   it 1216  |r|inf=5.175877e-08  r/r0=2.4538e-06
[mg]   it 1217  |r|inf=5.187048e-08  r/r0=2.4591e-06
[mg]   it 1218  |r|inf=5.198118e-08  r/r0=2.4644e-06
[mg]   it 1219  |r|inf=5.209087e-08  r/r0=2.4696e-06
[mg]   it 1220  |r|inf=5.219956e-08  r/r0=2.4747e-06
[mg]   it 1221  |r|inf=5.230725e-08  r/r0=2.4799e-06
[mg]   it 1222  |r|inf=5.241394e-08  r/r0=2.4849e-06
[mg]   it 1223  |r|inf=5.251963e-08  r/r0=2.4899e-06
[mg]   it 1224  |r|inf=5.262434e-08  r/r0=2.4949e-06
[mg]   it 1225  |r|inf=5.272805e-08  r/r0=2.4998e-06
[mg]   it 1226  |r|inf=5.283078e-08  r/r0=2.5047e-06
[mg]   it 1227  |r|inf=5.293252e-08  r/r0=2.5095e-06
[mg]   it 1228  |r|inf=5.303327e-08  r/r0=2.5143e-06
[mg]   it 1229  |r|inf=5.313305e-08  r/r0=2.5190e-06
[mg]   it 1230  |r|inf=5.323185e-08  r/r0=2.5237e-06
[mg]   it 1231  |r|inf=5.332967e-08  r/r0=2.5283e-06
[mg]   it 1232  |r|inf=5.342652e-08  r/r0=2.5329e-06
[mg]   it 1233  |r|inf=5.352240e-08  r/r0=2.5375e-06
[mg]   it 1234  |r|inf=5.361731e-08  r/r0=2.5420e-06
[mg]   it 1235  |r|inf=5.371126e-08  r/r0=2.5464e-06
[mg]   it 1236  |r|inf=5.380424e-08  r/r0=2.5508e-06
[mg]   it 1237  |r|inf=5.389626e-08  r/r0=2.5552e-06
[mg]   it 1238  |r|inf=5.398732e-08  r/r0=2.5595e-06
[mg]   it 1239  |r|inf=5.407743e-08  r/r0=2.5638e-06
[mg]   it 1240  |r|inf=5.416658e-08  r/r0=2.5680e-06
[mg]   it 1241  |r|inf=5.425478e-08  r/r0=2.5722e-06
[mg]   it 1242  |r|inf=5.434203e-08  r/r0=2.5763e-06
[mg]   it 1243  |r|inf=5.442833e-08  r/r0=2.5804e-06
[mg]   it 1244  |r|inf=5.451368e-08  r/r0=2.5845e-06
[mg]   it 1245  |r|inf=5.459810e-08  r/r0=2.5885e-06
[mg]   it 1246  |r|inf=5.468157e-08  r/r0=2.5924e-06
[mg]   it 1247  |r|inf=5.476410e-08  r/r0=2.5963e-06
[mg]   it 1248  |r|inf=5.484570e-08  r/r0=2.6002e-06
[mg]   it 1249  |r|inf=5.492637e-08  r/r0=2.6040e-06
[mg]   it 1250  |r|inf=5.500610e-08  r/r0=2.6078e-06
[mg]   it 1251  |r|inf=5.508490e-08  r/r0=2.6115e-06
[mg]   it 1252  |r|inf=5.516278e-08  r/r0=2.6152e-06
[mg]   it 1253  |r|inf=5.523973e-08  r/r0=2.6189e-06
[mg]   it 1254  |r|inf=5.531575e-08  r/r0=2.6225e-06
[mg]   it 1255  |r|inf=5.539086e-08  r/r0=2.6260e-06
[mg]   it 1256  |r|inf=5.546504e-08  r/r0=2.6296e-06
[mg]   it 1257  |r|inf=5.553831e-08  r/r0=2.6330e-06
[mg]   it 1258  |r|inf=5.561067e-08  r/r0=2.6365e-06
[mg]   it 1259  |r|inf=5.568211e-08  r/r0=2.6399e-06
[mg]   it 1260  |r|inf=5.575264e-08  r/r0=2.6432e-06
[mg]   it 1261  |r|inf=5.582226e-08  r/r0=2.6465e-06
[mg]   it 1262  |r|inf=5.589098e-08  r/r0=2.6498e-06
[mg]   it 1263  |r|inf=5.595879e-08  r/r0=2.6530e-06
[mg]   it 1264  |r|inf=5.602570e-08  r/r0=2.6561e-06
[mg]   it 1265  |r|inf=5.609171e-08  r/r0=2.6593e-06
[mg]   it 1266  |r|inf=5.615682e-08  r/r0=2.6624e-06
[mg]   it 1267  |r|inf=5.622103e-08  r/r0=2.6654e-06
[mg]   it 1268  |r|inf=5.628435e-08  r/r0=2.6684e-06
[mg]   it 1269  |r|inf=5.634678e-08  r/r0=2.6714e-06
[mg]   it 1270  |r|inf=5.640831e-08  r/r0=2.6743e-06
[mg]   it 1271  |r|inf=5.646896e-08  r/r0=2.6772e-06
[mg]   it 1272  |r|inf=5.652871e-08  r/r0=2.6800e-06
[mg]   it 1273  |r|inf=5.658759e-08  r/r0=2.6828e-06
[mg]   it 1274  |r|inf=5.664558e-08  r/r0=2.6855e-06
[mg]   it 1275  |r|inf=5.670269e-08  r/r0=2.6882e-06
[mg]   it 1276  |r|inf=5.675892e-08  r/r0=2.6909e-06
[mg]   it 1277  |r|inf=5.681427e-08  r/r0=2.6935e-06
[mg]   it 1278  |r|inf=5.686874e-08  r/r0=2.6961e-06
[mg]   it 1279  |r|inf=5.692234e-08  r/r0=2.6987e-06
[mg]   it 1280  |r|inf=5.697507e-08  r/r0=2.7012e-06
[mg]   it 1281  |r|inf=5.702693e-08  r/r0=2.7036e-06
[mg]   it 1282  |r|inf=5.707792e-08  r/r0=2.7060e-06
[mg]   it 1283  |r|inf=5.712804e-08  r/r0=2.7084e-06
[mg]   it 1284  |r|inf=5.717729e-08  r/r0=2.7107e-06
[mg]   it 1285  |r|inf=5.722569e-08  r/r0=2.7130e-06
[mg]   it 1286  |r|inf=5.727322e-08  r/r0=2.7153e-06
[mg]   it 1287  |r|inf=5.731989e-08  r/r0=2.7175e-06
[mg]   it 1288  |r|inf=5.736570e-08  r/r0=2.7197e-06
[mg]   it 1289  |r|inf=5.741065e-08  r/r0=2.7218e-06
[mg]   it 1290  |r|inf=5.745475e-08  r/r0=2.7239e-06
[mg]   it 1291  |r|inf=5.749800e-08  r/r0=2.7259e-06
[mg]   it 1292  |r|inf=5.754039e-08  r/r0=2.7280e-06
[mg]   it 1293  |r|inf=5.758193e-08  r/r0=2.7299e-06
[mg]   it 1294  |r|inf=5.762263e-08  r/r0=2.7319e-06
[mg]   it 1295  |r|inf=5.766247e-08  r/r0=2.7337e-06
[mg]   it 1296  |r|inf=5.770147e-08  r/r0=2.7356e-06
[mg]   it 1297  |r|inf=5.773963e-08  r/r0=2.7374e-06
[mg]   it 1298  |r|inf=5.777694e-08  r/r0=2.7392e-06
[mg]   it 1299  |r|inf=5.781342e-08  r/r0=2.7409e-06
[mg]   it 1300  |r|inf=5.784905e-08  r/r0=2.7426e-06
[mg]   it 1301  |r|inf=5.788384e-08  r/r0=2.7442e-06
[mg]   it 1302  |r|inf=5.791780e-08  r/r0=2.7458e-06
[mg]   it 1303  |r|inf=5.795093e-08  r/r0=2.7474e-06
[mg]   it 1304  |r|inf=5.798322e-08  r/r0=2.7489e-06
[mg]   it 1305  |r|inf=5.801467e-08  r/r0=2.7504e-06
[mg]   it 1306  |r|inf=5.804530e-08  r/r0=2.7519e-06
[mg]   it 1307  |r|inf=5.807510e-08  r/r0=2.7533e-06
[mg]   it 1308  |r|inf=5.810407e-08  r/r0=2.7547e-06
[mg]   it 1309  |r|inf=5.813221e-08  r/r0=2.7560e-06
[mg]   it 1310  |r|inf=5.815953e-08  r/r0=2.7573e-06
[mg]   it 1311  |r|inf=5.818603e-08  r/r0=2.7586e-06
[mg]   it 1312  |r|inf=5.821170e-08  r/r0=2.7598e-06
[mg]   it 1313  |r|inf=5.823655e-08  r/r0=2.7610e-06
[mg]   it 1314  |r|inf=5.826058e-08  r/r0=2.7621e-06
[mg]   it 1315  |r|inf=5.828380e-08  r/r0=2.7632e-06
[mg]   it 1316  |r|inf=5.830619e-08  r/r0=2.7643e-06
[mg]   it 1317  |r|inf=5.832778e-08  r/r0=2.7653e-06
[mg]   it 1318  |r|inf=5.834854e-08  r/r0=2.7663e-06
[mg]   it 1319  |r|inf=5.836850e-08  r/r0=2.7672e-06
[mg]   it 1320  |r|inf=5.838764e-08  r/r0=2.7681e-06
[mg]   it 1321  |r|inf=5.840598e-08  r/r0=2.7690e-06
[mg]   it 1322  |r|inf=5.842350e-08  r/r0=2.7698e-06
[mg]   it 1323  |r|inf=5.844022e-08  r/r0=2.7706e-06
[mg]   it 1324  |r|inf=5.845613e-08  r/r0=2.7714e-06
[mg]   it 1325  |r|inf=5.847123e-08  r/r0=2.7721e-06
[mg]   it 1326  |r|inf=5.848553e-08  r/r0=2.7728e-06
[mg]   it 1327  |r|inf=5.849903e-08  r/r0=2.7734e-06
[mg]   it 1328  |r|inf=5.851172e-08  r/r0=2.7740e-06
[mg]   it 1329  |r|inf=5.852362e-08  r/r0=2.7746e-06
[mg]   it 1330  |r|inf=5.853472e-08  r/r0=2.7751e-06
[mg]   it 1331  |r|inf=5.854501e-08  r/r0=2.7756e-06
[mg]   it 1332  |r|inf=5.855452e-08  r/r0=2.7760e-06
[mg]   it 1333  |r|inf=5.856322e-08  r/r0=2.7764e-06
[mg]   it 1334  |r|inf=5.857113e-08  r/r0=2.7768e-06
[mg]   it 1335  |r|inf=5.857825e-08  r/r0=2.7772e-06
[mg]   it 1336  |r|inf=5.858458e-08  r/r0=2.7775e-06
[mg]   it 1337  |r|inf=5.859011e-08  r/r0=2.7777e-06
[mg]   it 1338  |r|inf=5.859486e-08  r/r0=2.7779e-06
[mg]   it 1339  |r|inf=5.859881e-08  r/r0=2.7781e-06
[mg]   it 1340  |r|inf=5.860198e-08  r/r0=2.7783e-06
[mg]   it 1341  |r|inf=5.860436e-08  r/r0=2.7784e-06
[mg]   it 1342  |r|inf=5.860596e-08  r/r0=2.7785e-06
[mg]   it 1343  |r|inf=5.860677e-08  r/r0=2.7785e-06
[mg]   it 1344  |r|inf=5.860680e-08  r/r0=2.7785e-06
[mg]   it 1345  |r|inf=5.860605e-08  r/r0=2.7785e-06
[mg]   it 1346  |r|inf=5.860451e-08  r/r0=2.7784e-06
[mg]   it 1347  |r|inf=5.860220e-08  r/r0=2.7783e-06
[mg]   it 1348  |r|inf=5.859910e-08  r/r0=2.7781e-06
[mg]   it 1349  |r|inf=5.859523e-08  r/r0=2.7780e-06
[mg]   it 1350  |r|inf=5.859058e-08  r/r0=2.7777e-06
[mg]   it 1351  |r|inf=5.858516e-08  r/r0=2.7775e-06
[mg]   it 1352  |r|inf=5.857896e-08  r/r0=2.7772e-06
[mg]   it 1353  |r|inf=5.857198e-08  r/r0=2.7769e-06
[mg]   it 1354  |r|inf=5.856585e-08  r/r0=2.7766e-06
[mg]   it 1355  |r|inf=5.866038e-08  r/r0=2.7811e-06
[mg]   it 1356  |r|inf=5.875410e-08  r/r0=2.7855e-06
[mg]   it 1357  |r|inf=5.884702e-08  r/r0=2.7899e-06
[mg]   it 1358  |r|inf=5.893912e-08  r/r0=2.7943e-06
[mg]   it 1359  |r|inf=5.903041e-08  r/r0=2.7986e-06
[mg]   it 1360  |r|inf=5.912090e-08  r/r0=2.8029e-06
[mg]   it 1361  |r|inf=5.921057e-08  r/r0=2.8071e-06
[mg]   it 1362  |r|inf=5.929944e-08  r/r0=2.8113e-06
[mg]   it 1363  |r|inf=5.938750e-08  r/r0=2.8155e-06
[mg]   it 1364  |r|inf=5.947475e-08  r/r0=2.8197e-06
[mg]   it 1365  |r|inf=5.956119e-08  r/r0=2.8238e-06
[mg]   it 1366  |r|inf=5.964682e-08  r/r0=2.8278e-06
[mg]   it 1367  |r|inf=5.973164e-08  r/r0=2.8318e-06
[mg]   it 1368  |r|inf=5.981565e-08  r/r0=2.8358e-06
[mg]   it 1369  |r|inf=5.989886e-08  r/r0=2.8398e-06
[mg]   it 1370  |r|inf=5.998126e-08  r/r0=2.8437e-06
[mg]   it 1371  |r|inf=6.006285e-08  r/r0=2.8475e-06
[mg]   it 1372  |r|inf=6.014363e-08  r/r0=2.8514e-06
[mg]   it 1373  |r|inf=6.022360e-08  r/r0=2.8552e-06
[mg]   it 1374  |r|inf=6.030277e-08  r/r0=2.8589e-06
[mg]   it 1375  |r|inf=6.038113e-08  r/r0=2.8626e-06
[mg]   it 1376  |r|inf=6.045868e-08  r/r0=2.8663e-06
[mg]   it 1377  |r|inf=6.053542e-08  r/r0=2.8699e-06
[mg]   it 1378  |r|inf=6.061135e-08  r/r0=2.8735e-06
[mg]   it 1379  |r|inf=6.068648e-08  r/r0=2.8771e-06
[mg]   it 1380  |r|inf=6.076080e-08  r/r0=2.8806e-06
[mg]   it 1381  |r|inf=6.083431e-08  r/r0=2.8841e-06
[mg]   it 1382  |r|inf=6.090701e-08  r/r0=2.8876e-06
[mg]   it 1383  |r|inf=6.097891e-08  r/r0=2.8910e-06
[mg]   it 1384  |r|inf=6.105000e-08  r/r0=2.8943e-06
[mg]   it 1385  |r|inf=6.112028e-08  r/r0=2.8977e-06
[mg]   it 1386  |r|inf=6.118976e-08  r/r0=2.9010e-06
[mg]   it 1387  |r|inf=6.125842e-08  r/r0=2.9042e-06
[mg]   it 1388  |r|inf=6.132628e-08  r/r0=2.9074e-06
[mg]   it 1389  |r|inf=6.139334e-08  r/r0=2.9106e-06
[mg]   it 1390  |r|inf=6.145958e-08  r/r0=2.9138e-06
[mg]   it 1391  |r|inf=6.152502e-08  r/r0=2.9169e-06
[mg]   it 1392  |r|inf=6.158965e-08  r/r0=2.9199e-06
[mg]   it 1393  |r|inf=6.165347e-08  r/r0=2.9230e-06
[mg]   it 1394  |r|inf=6.171649e-08  r/r0=2.9259e-06
[mg]   it 1395  |r|inf=6.177869e-08  r/r0=2.9289e-06
[mg]   it 1396  |r|inf=6.184009e-08  r/r0=2.9318e-06
[mg]   it 1397  |r|inf=6.190069e-08  r/r0=2.9347e-06
[mg]   it 1398  |r|inf=6.196047e-08  r/r0=2.9375e-06
[mg]   it 1399  |r|inf=6.201945e-08  r/r0=2.9403e-06
[mg]   it 1400  |r|inf=6.207762e-08  r/r0=2.9431e-06
[mg]   it 1401  |r|inf=6.213498e-08  r/r0=2.9458e-06
[mg]   it 1402  |r|inf=6.219154e-08  r/r0=2.9485e-06
[mg]   it 1403  |r|inf=6.224729e-08  r/r0=2.9511e-06
[mg]   it 1404  |r|inf=6.230223e-08  r/r0=2.9537e-06
[mg]   it 1405  |r|inf=6.235636e-08  r/r0=2.9563e-06
[mg]   it 1406  |r|inf=6.240968e-08  r/r0=2.9588e-06
[mg]   it 1407  |r|inf=6.246220e-08  r/r0=2.9613e-06
[mg]   it 1408  |r|inf=6.251391e-08  r/r0=2.9637e-06
[mg]   it 1409  |r|inf=6.256481e-08  r/r0=2.9662e-06
[mg]   it 1410  |r|inf=6.261490e-08  r/r0=2.9685e-06
[mg]   it 1411  |r|inf=6.266419e-08  r/r0=2.9709e-06
[mg]   it 1412  |r|inf=6.271267e-08  r/r0=2.9732e-06
[mg]   it 1413  |r|inf=6.276034e-08  r/r0=2.9754e-06
[mg]   it 1414  |r|inf=6.280720e-08  r/r0=2.9776e-06
[mg]   it 1415  |r|inf=6.285325e-08  r/r0=2.9798e-06
[mg]   it 1416  |r|inf=6.289850e-08  r/r0=2.9820e-06
[mg]   it 1417  |r|inf=6.294293e-08  r/r0=2.9841e-06
[mg]   it 1418  |r|inf=6.298656e-08  r/r0=2.9862e-06
[mg]   it 1419  |r|inf=6.302938e-08  r/r0=2.9882e-06
[mg]   it 1420  |r|inf=6.307140e-08  r/r0=2.9902e-06
[mg]   it 1421  |r|inf=6.311260e-08  r/r0=2.9921e-06
[mg]   it 1422  |r|inf=6.315300e-08  r/r0=2.9940e-06
[mg]   it 1423  |r|inf=6.319259e-08  r/r0=2.9959e-06
[mg]   it 1424  |r|inf=6.323137e-08  r/r0=2.9978e-06
[mg]   it 1425  |r|inf=6.326934e-08  r/r0=2.9996e-06
[mg]   it 1426  |r|inf=6.330650e-08  r/r0=3.0013e-06
[mg]   it 1427  |r|inf=6.334286e-08  r/r0=3.0030e-06
[mg]   it 1428  |r|inf=6.337840e-08  r/r0=3.0047e-06
[mg]   it 1429  |r|inf=6.341314e-08  r/r0=3.0064e-06
[mg]   it 1430  |r|inf=6.344707e-08  r/r0=3.0080e-06
[mg]   it 1431  |r|inf=6.348019e-08  r/r0=3.0096e-06
[mg]   it 1432  |r|inf=6.351251e-08  r/r0=3.0111e-06
[mg]   it 1433  |r|inf=6.354401e-08  r/r0=3.0126e-06
[mg]   it 1434  |r|inf=6.357471e-08  r/r0=3.0140e-06
[mg]   it 1435  |r|inf=6.360459e-08  r/r0=3.0155e-06
[mg]   it 1436  |r|inf=6.363367e-08  r/r0=3.0168e-06
[mg]   it 1437  |r|inf=6.366194e-08  r/r0=3.0182e-06
[mg]   it 1438  |r|inf=6.368940e-08  r/r0=3.0195e-06
[mg]   it 1439  |r|inf=6.371606e-08  r/r0=3.0207e-06
[mg]   it 1440  |r|inf=6.374190e-08  r/r0=3.0220e-06
[mg]   it 1441  |r|inf=6.376694e-08  r/r0=3.0231e-06
[mg]   it 1442  |r|inf=6.379117e-08  r/r0=3.0243e-06
[mg]   it 1443  |r|inf=6.381459e-08  r/r0=3.0254e-06
[mg]   it 1444  |r|inf=6.383720e-08  r/r0=3.0265e-06
[mg]   it 1445  |r|inf=6.385900e-08  r/r0=3.0275e-06
[mg]   it 1446  |r|inf=6.388000e-08  r/r0=3.0285e-06
[mg]   it 1447  |r|inf=6.390018e-08  r/r0=3.0295e-06
[mg]   it 1448  |r|inf=6.391956e-08  r/r0=3.0304e-06
[mg]   it 1449  |r|inf=6.393813e-08  r/r0=3.0313e-06
[mg]   it 1450  |r|inf=6.395589e-08  r/r0=3.0321e-06
[mg]   it 1451  |r|inf=6.397285e-08  r/r0=3.0329e-06
[mg]   it 1452  |r|inf=6.398900e-08  r/r0=3.0337e-06
[mg]   it 1453  |r|inf=6.400433e-08  r/r0=3.0344e-06
[mg]   it 1454  |r|inf=6.401886e-08  r/r0=3.0351e-06
[mg]   it 1455  |r|inf=6.403259e-08  r/r0=3.0357e-06
[mg]   it 1456  |r|inf=6.404550e-08  r/r0=3.0364e-06
[mg]   it 1457  |r|inf=6.405761e-08  r/r0=3.0369e-06
[mg]   it 1458  |r|inf=6.406891e-08  r/r0=3.0375e-06
[mg]   it 1459  |r|inf=6.407940e-08  r/r0=3.0380e-06
[mg]   it 1460  |r|inf=6.408909e-08  r/r0=3.0384e-06
[mg]   it 1461  |r|inf=6.409797e-08  r/r0=3.0388e-06
[mg]   it 1462  |r|inf=6.410604e-08  r/r0=3.0392e-06
[mg]   it 1463  |r|inf=6.411330e-08  r/r0=3.0396e-06
[mg]   it 1464  |r|inf=6.411976e-08  r/r0=3.0399e-06
[mg]   it 1465  |r|inf=6.412541e-08  r/r0=3.0401e-06
[mg]   it 1466  |r|inf=6.413026e-08  r/r0=3.0404e-06
[mg]   it 1467  |r|inf=6.413430e-08  r/r0=3.0406e-06
[mg]   it 1468  |r|inf=6.413753e-08  r/r0=3.0407e-06
[mg]   it 1469  |r|inf=6.413996e-08  r/r0=3.0408e-06
[mg]   it 1470  |r|inf=6.414158e-08  r/r0=3.0409e-06
[mg]   it 1471  |r|inf=6.414240e-08  r/r0=3.0409e-06
[mg]   it 1472  |r|inf=6.414241e-08  r/r0=3.0409e-06
[mg]   it 1473  |r|inf=6.414162e-08  r/r0=3.0409e-06
[mg]   it 1474  |r|inf=6.414002e-08  r/r0=3.0408e-06
[mg]   it 1475  |r|inf=6.413761e-08  r/r0=3.0407e-06
[mg]   it 1476  |r|inf=6.413441e-08  r/r0=3.0406e-06
[mg]   it 1477  |r|inf=6.413039e-08  r/r0=3.0404e-06
[mg]   it 1478  |r|inf=6.412558e-08  r/r0=3.0402e-06
[mg]   it 1479  |r|inf=6.411996e-08  r/r0=3.0399e-06
[mg]   it 1480  |r|inf=6.411354e-08  r/r0=3.0396e-06
[mg]   it 1481  |r|inf=6.410631e-08  r/r0=3.0392e-06
[mg]   it 1482  |r|inf=6.409828e-08  r/r0=3.0389e-06
[mg]   it 1483  |r|inf=6.408945e-08  r/r0=3.0384e-06
[mg]   it 1484  |r|inf=6.407982e-08  r/r0=3.0380e-06
[mg]   it 1485  |r|inf=6.406938e-08  r/r0=3.0375e-06
[mg]   it 1486  |r|inf=6.405815e-08  r/r0=3.0370e-[run] step 1/3
06
[mg]   it 1487  |r|inf=6.404611e-08  r/r0=3.0364e-06
[mg]   it 1488  |r|inf=6.403327e-08  r/r0=3.0358e-06
[mg]   it 1489  |r|inf=6.401963e-08  r/r0=3.0351e-06
[mg]   it 1490  |r|inf=6.400519e-08  r/r0=3.0344e-06
[mg]   it 1491  |r|inf=6.398995e-08  r/r0=3.0337e-06
[mg]   it 1492  |r|inf=6.397392e-08  r/r0=3.0330e-06
[mg]   it 1493  |r|inf=6.395708e-08  r/r0=3.0322e-06
[mg]   it 1494  |r|inf=6.393944e-08  r/r0=3.0313e-06
[mg]   it 1495  |r|inf=6.392101e-08  r/r0=3.0305e-06
[mg]   it 1496  |r|inf=6.390178e-08  r/r0=3.0295e-06
[mg]   it 1497  |r|inf=6.388175e-08  r/r0=3.0286e-06
[mg]   it 1498  |r|inf=6.386093e-08  r/r0=3.0276e-06
[mg]   it 1499  |r|inf=6.383931e-08  r/r0=3.0266e-06
[mg]   it 1500  |r|inf=6.381689e-08  r/r0=3.0255e-06
[mg] solve 1: r0=1.289153e-02 rtol=1.0e-09 (pre=2 post=2 bottom=12)
[mg]   it   1  |r|inf=2.572980e-02  r/r0=1.9959e+00
[mg]   it   2  |r|inf=6.242030e-03  r/r0=4.8420e-01
[mg]   it   3  |r|inf=1.844208e-03  r/r0=1.4306e-01
[mg]   it   4  |r|inf=1.033889e-03  r/r0=8.0199e-02
[mg]   it   5  |r|inf=3.180270e-04  r/r0=2.4669e-02
[mg]   it   6  |r|inf=2.033162e-04  r/r0=1.5771e-02
[mg]   it   7  |r|inf=1.535521e-04  r/r0=1.1911e-02
[mg]   it   8  |r|inf=8.398994e-05  r/r0=6.5151e-03
[mg]   it   9  |r|inf=5.270894e-05  r/r0=4.0886e-03
[mg]   it  10  |r|inf=5.445786e-05  r/r0=4.2243e-03
[mg]   it  11  |r|inf=3.000250e-05  r/r0=2.3273e-03
[mg]   it  12  |r|inf=3.236286e-05  r/r0=2.5104e-03
[mg]   it  13  |r|inf=1.759553e-05  r/r0=1.3649e-03
[mg]   it  14  |r|inf=1.999947e-05  r/r0=1.5514e-03
[mg]   it  15  |r|inf=1.308683e-05  r/r0=1.0151e-03
[mg]   it  16  |r|inf=1.504412e-05  r/r0=1.1670e-03
[mg]   it  17  |r|inf=1.027327e-05  r/r0=7.9690e-04
[mg]   it  18  |r|inf=7.384579e-06  r/r0=5.7282e-04
[mg]   it  19  |r|inf=5.615981e-06  r/r0=4.3563e-04
[mg]   it  20  |r|inf=2.381589e-06  r/r0=1.8474e-04
[mg]   it  21  |r|inf=4.214743e-06  r/r0=3.2694e-04
[mg]   it  22  |r|inf=1.226349e-06  r/r0=9.5128e-05
[mg]   it  23  |r|inf=2.605156e-06  r/r0=2.0208e-04
[mg]   it  24  |r|inf=9.894181e-07  r/r0=7.6749e-05
[mg]   it  25  |r|inf=1.192011e-06  r/r0=9.2465e-05
[mg]   it  26  |r|inf=8.724071e-07  r/r0=6.7673e-05
[mg]   it  27  |r|inf=7.258145e-07  r/r0=5.6302e-05
[mg]   it  28  |r|inf=5.160120e-07  r/r0=4.0027e-05
[mg]   it  29  |r|inf=5.125222e-07  r/r0=3.9756e-05
[mg]   it  30  |r|inf=2.536821e-07  r/r0=1.9678e-05
[mg]   it  31  |r|inf=4.291530e-07  r/r0=3.3290e-05
[mg]   it  32  |r|inf=1.407112e-07  r/r0=1.0915e-05
[mg]   it  33  |r|inf=2.143259e-07  r/r0=1.6625e-05
[mg]   it  34  |r|inf=2.199562e-07  r/r0=1.7062e-05
[mg]   it  35  |r|inf=8.489293e-08  r/r0=6.5852e-06
[mg]   it  36  |r|inf=1.182934e-07  r/r0=9.1761e-06
[mg]   it  37  |r|inf=1.497886e-07  r/r0=1.1619e-05
[mg]   it  38  |r|inf=8.186300e-08  r/r0=6.3501e-06
[mg]   it  39  |r|inf=5.382608e-08  r/r0=4.1753e-06
[mg]   it  40  |r|inf=9.998623e-08  r/r0=7.7560e-06
[mg]   it  41  |r|inf=1.161097e-07  r/r0=9.0067e-06
[mg]   it  42  |r|inf=8.140762e-08  r/r0=6.3148e-06
[mg]   it  43  |r|inf=5.047628e-08  r/r0=3.9155e-06
[mg]   it  44  |r|inf=4.610426e-08  r/r0=3.5763e-06
[mg]   it  45  |r|inf=6.662006e-08  r/r0=5.1677e-06
[mg]   it  46  |r|inf=8.098913e-08  r/r0=6.2824e-06
[mg]   it  47  |r|inf=7.463320e-08  r/r0=5.7893e-06
[mg]   it  48  |r|inf=5.151049e-08  r/r0=3.9957e-06
[mg]   it  49  |r|inf=4.042407e-08  r/r0=3.1357e-06
[mg]   it  50  |r|inf=2.659454e-08  r/r0=2.0629e-06
[mg]   it  51  |r|inf=4.031680e-08  r/r0=3.1274e-06
[mg]   it  52  |r|inf=4.860980e-08  r/r0=3.7707e-06
[mg]   it  53  |r|inf=5.702775e-08  r/r0=4.4237e-06
[mg]   it  54  |r|inf=5.832931e-08  r/r0=4.5246e-06
[mg]   it  55  |r|inf=5.250931e-08  r/r0=4.0732e-06
[mg]   it  56  |r|inf=4.087358e-08  r/r0=3.1706e-06
[mg]   it  57  |r|inf=3.510544e-08  r/r0=2.7231e-06
[mg]   it  58  |r|inf=2.990846e-08  r/r0=2.3200e-06
[mg]   it  59  |r|inf=2.273600e-08  r/r0=1.7636e-06
[mg]   it  60  |r|inf=2.821101e-08  r/r0=2.1883e-06
[mg]   it  61  |r|inf=3.458562e-08  r/r0=2.6828e-06
[mg]   it  62  |r|inf=3.835966e-08  r/r0=2.9756e-06
[mg]   it  63  |r|inf=4.257045e-08  r/r0=3.3022e-06
[mg]   it  64  |r|inf=4.536975e-08  r/r0=3.5193e-06
[mg]   it  65  |r|inf=4.558709e-08  r/r0=3.5362e-06
[mg]   it  66  |r|inf=4.330331e-08  r/r0=3.3591e-06
[mg]   it  67  |r|inf=3.874795e-08  r/r0=3.0057e-06
[mg]   it  68  |r|inf=3.232894e-08  r/r0=2.5078e-06
[mg]   it  69  |r|inf=2.966958e-08  r/r0=2.3015e-06
[mg]   it  70  |r|inf=2.802262e-08  r/r0=2.1737e-06
[mg]   it  71  |r|inf=2.528892e-08  r/r0=1.9617e-06
[mg]   it  72  |r|inf=2.176019e-08  r/r0=1.6879e-06
[mg]   it  73  |r|inf=1.928405e-08  r/r0=1.4959e-06
[mg]   it  74  |r|inf=2.414054e-08  r/r0=1.8726e-06
[mg]   it  75  |r|inf=2.801525e-08  r/r0=2.1732e-06
[mg]   it  76  |r|inf=3.094061e-08  r/r0=2.4001e-06
[mg]   it  77  |r|inf=3.295793e-08  r/r0=2.5566e-06
[mg]   it  78  |r|inf=3.470724e-08  r/r0=2.6923e-06
[mg]   it  79  |r|inf=3.726070e-08  r/r0=2.8903e-06
[mg]   it  80  |r|inf=3.890488e-08  r/r0=3.0179e-06
[mg]   it  81  |r|inf=3.963400e-08  r/r0=3.0744e-06
[mg]   it  82  |r|inf=3.945130e-08  r/r0=3.0602e-06
[mg]   it  83  |r|inf=3.837748e-08  r/r0=2.9770e-06
[mg]   it  84  |r|inf=3.645790e-08  r/r0=2.8281e-06
[mg]   it  85  |r|inf=3.376644e-08  r/r0=2.6193e-06
[mg]   it  86  |r|inf=3.040475e-08  r/r0=2.3585e-06
[mg]   it  87  |r|inf=2.692860e-08  r/r0=2.0889e-06
[mg]   it  88  |r|inf=2.680031e-08  r/r0=2.0789e-06
[mg]   it  89  |r|inf=2.616557e-08  r/r0=2.0297e-06
[mg]   it  90  |r|inf=2.508410e-08  r/r0=1.9458e-06
[mg]   it  91  |r|inf=2.362350e-08  r/r0=1.8325e-06
[mg]   it  92  |r|inf=2.185325e-08  r/r0=1.6952e-06
[mg]   it  93  |r|inf=1.983980e-08  r/r0=1.5390e-06
[mg]   it  94  |r|inf=1.764329e-08  r/r0=1.3686e-06
[mg]   it  95  |r|inf=1.863973e-08  r/r0=1.4459e-06
[mg]   it  96  |r|inf=2.116844e-08  r/r0=1.6420e-06
[mg]   it  97  |r|inf=2.335143e-08  r/r0=1.8114e-06
[mg]   it  98  |r|inf=2.519894e-08  r/r0=1.9547e-06
[mg]   it  99  |r|inf=2.672297e-08  r/r0=2.0729e-06
[mg]   it 100  |r|inf=2.793566e-08  r/r0=2.1670e-06
[mg]   it 101  |r|inf=2.884836e-08  r/r0=2.2378e-06
[mg]   it 102  |r|inf=2.947116e-08  r/r0=2.2861e-06
[mg]   it 103  |r|inf=3.049891e-08  r/r0=2.3658e-06
[mg]   it 104  |r|inf=3.180668e-08  r/r0=2.4673e-06
[mg]   it 105  |r|inf=3.281712e-08  r/r0=2.5456e-06
[mg]   it 106  |r|inf=3.352972e-08  r/r0=2.6009e-06
[mg]   it 107  |r|inf=3.394424e-08  r/r0=2.6331e-06
[mg]   it 108  |r|inf=3.406134e-08  r/r0=2.6421e-06
[mg]   it 109  |r|inf=3.388333e-08  r/r0=2.6283e-06
[mg]   it 110  |r|inf=3.341482e-08  r/r0=2.5920e-06
[mg]   it 111  |r|inf=3.266334e-08  r/r0=2.5337e-06
[mg]   it 112  |r|inf=3.163973e-08  r/r0=2.4543e-06
[mg]   it 113  |r|inf=3.035836e-08  r/r0=2.3549e-06
[mg]   it 114  |r|inf=2.883715e-08  r/r0=2.2369e-06
[mg]   it 115  |r|inf=2.709729e-08  r/r0=2.1019e-06
[mg]   it 116  |r|inf=2.516279e-08  r/r0=1.9519e-06
[mg]   it 117  |r|inf=2.389728e-08  r/r0=1.8537e-06
[mg]   it 118  |r|inf=2.399555e-08  r/r0=1.8613e-06
[mg]   it 119  |r|inf=2.391349e-08  r/r0=1.8550e-06
[mg]   it 120  |r|inf=2.366080e-08  r/r0=1.8354e-06
[mg]   it 121  |r|inf=2.324902e-08  r/r0=1.8034e-06
[mg]   it 122  |r|inf=2.269102e-08  r/r0=1.7601e-06
[mg]   it 123  |r|inf=2.200051e-08  r/r0=1.7066e-06
[mg]   it 124  |r|inf=2.119155e-08  r/r0=1.6438e-06
[mg]   it 125  |r|inf=2.027816e-08  r/r0=1.5730e-06
[mg]   it 126  |r|inf=1.927395e-08  r/r0=1.4951e-06
[mg]   it 127  |r|inf=1.819185e-08  r/r0=1.4111e-06
[mg]   it 128  |r|inf=1.704391e-08  r/r0=1.3221e-06
[mg]   it 129  |r|inf=1.584120e-08  r/r0=1.2288e-06
[mg]   it 130  |r|inf=1.701998e-08  r/r0=1.3202e-06
[mg]   it 131  |r|inf=1.845423e-08  r/r0=1.4315e-06
[mg]   it 132  |r|inf=1.977288e-08  r/r0=1.5338e-06
[mg]   it 133  |r|inf=2.097762e-08  r/r0=1.6272e-06
[mg]   it 134  |r|inf=2.207061e-08  r/r0=1.7120e-06
[mg]   it 135  |r|inf=2.305430e-08  r/r0=1.7883e-06
[mg]   it 136  |r|inf=2.393124e-08  r/r0=1.8564e-06
[mg]   it 137  |r|inf=2.470401e-08  r/r0=1.9163e-06
[mg]   it 138  |r|inf=2.537510e-08  r/r0=1.9684e-06
[mg]   it 139  |r|inf=2.594689e-08  r/r0=2.0127e-06
[mg]   it 140  |r|inf=2.642158e-08  r/r0=2.0495e-06
[mg]   it 141  |r|inf=2.680118e-08  r/r0=2.0790e-06
[mg]   it 142  |r|inf=2.708752e-08  r/r0=2.1012e-06
[mg]   it 143  |r|inf=2.733400e-08  r/r0=2.1203e-06
[mg]   it 144  |r|inf=2.813856e-08  r/r0=2.1827e-06
[mg]   it 145  |r|inf=2.884774e-08  r/r0=2.2377e-06
[mg]   it 146  |r|inf=2.946138e-08  r/r0=2.2853e-06
[mg]   it 147  |r|inf=2.997929e-08  r/r0=2.3255e-06
[mg]   it 148  |r|inf=3.040123e-08  r/r0=2.3582e-06
[mg]   it 149  |r|inf=3.072698e-08  r/r0=2.3835e-06
[mg]   it 150  |r|inf=3.095638e-08  r/r0=2.4013e-06
[mg]   it 151  |r|inf=3.108938e-08  r/r0=2.4116e-06
[mg]   it 152  |r|inf=3.112612e-08  r/r0=2.4145e-06
[mg]   it 153  |r|inf=3.106694e-08  r/r0=2.4099e-06
[mg]   it 154  |r|inf=3.091244e-08  r/r0=2.3979e-06
[mg]   it 155  |r|inf=3.066355e-08  r/r0=2.3786e-06
[mg]   it 156  |r|inf=3.032156e-08  r/r0=2.3521e-06
[mg]   it 157  |r|inf=2.988813e-08  r/r0=2.3184e-06
[mg]   it 158  |r|inf=2.936532e-08  r/r0=2.2779e-06
[mg]   it 159  |r|inf=2.875566e-08  r/r0=2.2306e-06
[mg]   it 160  |r|inf=2.806205e-08  r/r0=2.1768e-06
[mg]   it 161  |r|inf=2.728787e-08  r/r0=2.1167e-06
[mg]   it 162  |r|inf=2.643686e-08  r/r0=2.0507e-06
[mg]   it 163  |r|inf=2.551319e-08  r/r0=1.9791e-06
[mg]   it 164  |r|inf=2.452133e-08  r/r0=1.9021e-06
[mg]   it 165  |r|inf=2.346611e-08  r/r0=1.8203e-06
[mg]   it 166  |r|inf=2.246455e-08  r/r0=1.7426e-06
[mg]   it 167  |r|inf=2.264796e-08  r/r0=1.7568e-06
[mg]   it 168  |r|inf=2.276806e-08  r/r0=1.7661e-06
[mg]   it 169  |r|inf=2.282601e-08  r/r0=1.7706e-06
[mg]   it 170  |r|inf=2.282331e-08  r/r0=1.7704e-06
[mg]   it 171  |r|inf=2.276174e-08  r/r0=1.7656e-06
[mg]   it 172  |r|inf=2.264331e-08  r/r0=1.7564e-06
[mg]   it 173  |r|inf=2.247026e-08  r/r0=1.7430e-06
[mg]   it 174  |r|inf=2.224500e-08  r/r0=1.7256e-06
[mg]   it 175  |r|inf=2.197011e-08  r/r0=1.7042e-06
[mg]   it 176  |r|inf=2.164824e-08  r/r0=1.6793e-06
[mg]   it 177  |r|inf=2.128213e-08  r/r0=1.6509e-06
[mg]   it 178  |r|inf=2.087456e-08  r/r0=1.6192e-06
[mg]   it 179  |r|inf=2.042831e-08  r/r0=1.5846e-06
[mg]   it 180  |r|inf=1.994617e-08  r/r0=1.5472e-06
[mg]   it 181  |r|inf=1.943084e-08  r/r0=1.5073e-06
[mg]   it 182  |r|inf=1.888499e-08  r/r0=1.4649e-06
[mg]   it 183  |r|inf=1.831121e-08  r/r0=1.4204e-06
[mg]   it 184  |r|inf=1.771196e-08  r/r0=1.3739e-06
[mg]   it 185  |r|inf=1.708963e-08  r/r0=1.3256e-06
[mg]   it 186  |r|inf=1.644647e-08  r/r0=1.2758e-06
[mg]   it 187  |r|inf=1.578461e-08  r/r0=1.2244e-06
[mg]   it 188  |r|inf=1.588125e-08  r/r0=1.2319e-06
[mg]   it 189  |r|inf=1.672923e-08  r/r0=1.2977e-06
[mg]   it 190  |r|inf=1.753848e-08  r/r0=1.3605e-06
[mg]   it 191  |r|inf=1.830922e-08  r/r0=1.4203e-06
[mg]   it 192  |r|inf=1.904176e-08  r/r0=1.4771e-06
[mg]   it 193  |r|inf=1.973646e-08  r/r0=1.5310e-06
[mg]   it 194  |r|inf=2.039376e-08  r/r0=1.5820e-06
[mg]   it 195  |r|inf=2.101413e-08  r/r0=1.6301e-06
[mg]   it 196  |r|inf=2.159809e-08  r/r0=1.6754e-06
[mg]   it 197  |r|inf=2.214614e-08  r/r0=1.7179e-06
[mg]   it 198  |r|inf=2.265884e-08  r/r0=1.7577e-06
[mg]   it 199  |r|inf=2.313672e-08  r/r0=1.7947e-06
[mg]   it 200  |r|inf=2.358031e-08  r/r0=1.8291e-06
[mg]   it 201  |r|inf=2.399015e-08  r/r0=1.8609e-06
[mg]   it 202  |r|inf=2.436673e-08  r/r0=1.8901e-06
[mg]   it 203  |r|inf=2.471057e-08  r/r0=1.9168e-06
[mg]   it 204  |r|inf=2.502213e-08  r/r0=1.9410e-06
[mg]   it 205  |r|inf=2.530186e-08  r/r0=1.9627e-06
[mg]   it 206  |r|inf=2.555018e-08  r/r0=1.9819e-06
[mg]   it 207  |r|inf=2.576752e-08  r/r0=1.9988e-06
[mg]   it 208  |r|inf=2.595424e-08  r/r0=2.0133e-06
[mg]   it 209  |r|inf=2.611070e-08  r/r0=2.0254e-06
[mg]   it 210  |r|inf=2.623725e-08  r/r0=2.0352e-06
[mg]   it 211  |r|inf=2.633419e-08  r/r0=2.0428e-06
[mg]   it 212  |r|inf=2.652569e-08  r/r0=2.0576e-06
[mg]   it 213  |r|inf=2.696183e-08  r/r0=2.0914e-06
[mg]   it 214  |r|inf=2.736739e-08  r/r0=2.1229e-06
[mg]   it 215  |r|inf=2.774234e-08  r/r0=2.1520e-06
[mg]   it 216  |r|inf=2.808668e-08  r/r0=2.1787e-06
[mg]   it 217  |r|inf=2.840034e-08  r/r0=2.2030e-06
[mg]   it 218  |r|inf=2.868331e-08  r/r0=2.2250e-06
[mg]   it 219  |r|inf=2.893552e-08  r/r0=2.2445e-06
[mg]   it 220  |r|inf=2.915693e-08  r/r0=2.2617e-06
[mg]   it 221  |r|inf=2.934749e-08  r/r0=2.2765e-06
[mg]   it 222  |r|inf=2.950717e-08  r/r0=2.2889e-06
[mg]   it 223  |r|inf=2.963594e-08  r/r0=2.2989e-06
[mg]   it 224  |r|inf=2.973377e-08  r/r0=2.3065e-06
[mg]   it 225  |r|inf=2.980067e-08  r/r0=2.3116e-06
[mg]   it 226  |r|inf=2.983665e-08  r/r0=2.3144e-06
[mg]   it 227  |r|inf=2.984175e-08  r/r0=2.3148e-06
[mg]   it 228  |r|inf=2.981604e-08  r/r0=2.3128e-06
[mg]   it 229  |r|inf=2.975962e-08  r/r0=2.3085e-06
[mg]   it 230  |r|inf=2.967262e-08  r/r0=2.3017e-06
[mg]   it 231  |r|inf=2.955518e-08  r/r0=2.2926e-06
[mg]   it 232  |r|inf=2.940753e-08  r/r0=2.2812e-06
[mg]   it 233  |r|inf=2.922989e-08  r/r0=2.2674e-06
[mg]   it 234  |r|inf=2.902256e-08  r/r0=2.2513e-06
[mg]   it 235  |r|inf=2.878585e-08  r/r0=2.2329e-06
[mg]   it 236  |r|inf=2.852014e-08  r/r0=2.2123e-06
[mg]   it 237  |r|inf=2.822585e-08  r/r0=2.1895e-06
[mg]   it 238  |r|inf=2.790343e-08  r/r0=2.1645e-06
[mg]   it 239  |r|inf=2.755341e-08  r/r0=2.1373e-06
[mg]   it 240  |r|inf=2.717635e-08  r/r0=2.1081e-06
[mg]   it 241  |r|inf=2.677284e-08  r/r0=2.0768e-06
[mg]   it 242  |r|inf=2.634354e-08  r/r0=2.0435e-06
[mg]   it 243  |r|inf=2.588915e-08  r/r0=2.0082e-06
[mg]   it 244  |r|inf=2.541040e-08  r/r0=1.9711e-06
[mg]   it 245  |r|inf=2.490808e-08  r/r0=1.9321e-06
[mg]   it 246  |r|inf=2.438301e-08  r/r0=1.8914e-06
[mg]   it 247  |r|inf=2.383604e-08  r/r0=1.8490e-06
[mg]   it 248  |r|inf=2.326807e-08  r/r0=1.8049e-06
[mg]   it 249  |r|inf=2.268000e-08  r/r0=1.7593e-06
[mg]   it 250  |r|inf=2.207280e-08  r/r0=1.7122e-06
[mg]   it 251  |r|inf=2.204827e-08  r/r0=1.7103e-06
[mg]   it 252  |r|inf=2.217809e-08  r/r0=1.7204e-06
[mg]   it 253  |r|inf=2.228694e-08  r/r0=1.7288e-06
[mg]   it 254  |r|inf=2.237497e-08  r/r0=1.7356e-06
[mg]   it 255  |r|inf=2.244238e-08  r/r0=1.7409e-06
[mg]   it 256  |r|inf=2.248941e-08  r/r0=1.7445e-06
[mg]   it 257  |r|inf=2.251634e-08  r/r0=1.7466e-06
[mg]   it 258  |r|inf=2.252346e-08  r/r0=1.7472e-06
[mg]   it 259  |r|inf=2.251112e-08  r/r0=1.7462e-06
[mg]   it 260  |r|inf=2.247966e-08  r/r0=1.7438e-06
[mg]   it 261  |r|inf=2.242950e-08  r/r0=1.7399e-06
[mg]   it 262  |r|inf=2.236103e-08  r/r0=1.7346e-06
[mg]   it 263  |r|inf=2.227469e-08  r/r0=1.7279e-06
[mg]   it 264  |r|inf=2.217095e-08  r/r0=1.7198e-06
[mg]   it 265  |r|inf=2.205026e-08  r/r0=1.7104e-06
[mg]   it 266  |r|inf=2.191313e-08  r/r0=1.6998e-06
[mg]   it 267  |r|inf=2.176004e-08  r/r0=1.6879e-06
[mg]   it 268  |r|inf=2.159150e-08  r/r0=1.6749e-06
[mg]   it 269  |r|inf=2.140804e-08  r/r0=1.6606e-06
[mg]   it 270  |r|inf=2.121018e-08  r/r0=1.6453e-06
[mg]   it 271  |r|inf=2.099844e-08  r/r0=1.6289e-06
[mg]   it 272  |r|inf=2.077335e-08  r/r0=1.6114e-06
[mg]   it 273  |r|inf=2.053544e-08  r/r0=1.5929e-06
[mg]   it 274  |r|inf=2.028523e-08  r/r0=1.5735e-06
[mg]   it 275  |r|inf=2.002326e-08  r/r0=1.5532e-06
[mg]   it 276  |r|inf=1.975003e-08  r/r0=1.5320e-06
[mg]   it 277  |r|inf=1.946606e-08  r/r0=1.5100e-06
[mg]   it 278  |r|inf=1.917186e-08  r/r0=1.4872e-06
[mg]   it 279  |r|inf=1.886791e-08  r/r0=1.4636e-06
[mg]   it 280  |r|inf=1.855470e-08  r/r0=1.4393e-06
[mg]   it 281  |r|inf=1.823271e-08  r/r0=1.4143e-06
[mg]   it 282  |r|inf=1.790239e-08  r/r0=1.3887e-06
[mg]   it 283  |r|inf=1.756421e-08  r/r0=1.3625e-06
[mg]   it 284  |r|inf=1.721860e-08  r/r0=1.3357e-06
[mg]   it 285  |r|inf=1.686597e-08  r/r0=1.3083e-06
[mg]   it 286  |r|inf=1.650676e-08  r/r0=1.2804e-06
[mg]   it 287  |r|inf=1.614134e-08  r/r0=1.2521e-06
[mg]   it 288  |r|inf=1.577012e-08  r/r0=1.2233e-06
[mg]   it 289  |r|inf=1.580722e-08  r/r0=1.2262e-06
[mg]   it 290  |r|inf=1.628536e-08  r/r0=1.2633e-06
[mg]   it 291  |r|inf=1.675085e-08  r/r0=1.2994e-06
[mg]   it 292  |r|inf=1.720375e-08  r/r0=1.3345e-06
[mg]   it 293  |r|inf=1.764410e-08  r/r0=1.3687e-06
[mg]   it 294  |r|inf=1.807195e-08  r/r0=1.4018e-06
[mg]   it 295  |r|inf=1.848739e-08  r/r0=1.4341e-06
[mg]   it 296  |r|inf=1.889047e-08  r/r0=1.4653e-06
[mg]   it 297  |r|inf=1.928130e-08  r/r0=1.4957e-06
[mg]   it 298  |r|inf=1.965996e-08  r/r0=1.5250e-06
[mg]   it 299  |r|inf=2.002653e-08  r/r0=1.5535e-06
[mg]   it 300  |r|inf=2.038113e-08  r/r0=1.5810e-06
[mg]   it 301  |r|inf=2.072385e-08  r/r0=1.6076e-06
[mg]   it 302  |r|inf=2.105480e-08  r/r0=1.6332e-06
[mg]   it 303  |r|inf=2.137408e-08  r/r0=1.6580e-06
[mg]   it 304  |r|inf=2.168180e-08  r/r0=1.6819e-06
[mg]   it 305  |r|inf=2.197808e-08  r/r0=1.7048e-06
[mg]   it 306  |r|inf=2.226303e-08  r/r0=1.7269e-06
[mg]   it 307  |r|inf=2.253674e-08  r/r0=1.7482e-06
[mg]   it 308  |r|inf=2.279934e-08  r/r0=1.7686e-06
[mg]   it 309  |r|inf=2.305093e-08  r/r0=1.7881e-06
[mg]   it 310  |r|inf=2.329161e-08  r/r0=1.8067e-06
[mg]   it 311  |r|inf=2.352150e-08  r/r0=1.8246e-06
[mg]   it 312  |r|inf=2.374070e-08  r/r0=1.8416e-06
[mg]   it 313  |r|inf=2.394931e-08  r/r0=1.8578e-06
[mg]   it 314  |r|inf=2.414743e-08  r/r0=1.8731e-06
[mg]   it 315  |r|inf=2.433516e-08  r/r0=1.8877e-06
[mg]   it 316  |r|inf=2.451259e-08  r/r0=1.9014e-06
[mg]   it 317  |r|inf=2.467981e-08  r/r0=1.9144e-06
[mg]   it 318  |r|inf=2.483692e-08  r/r0=1.9266e-06
[mg]   it 319  |r|inf=2.498401e-08  r/r0=1.9380e-06
[mg]   it 320  |r|inf=2.512114e-08  r/r0=1.9487e-06
[mg]   it 321  |r|inf=2.524842e-08  r/r0=1.9585e-06
[mg]   it 322  |r|inf=2.536591e-08  r/r0=1.9676e-06
[mg]   it 323  |r|inf=2.547369e-08  r/r0=1.9760e-06
[mg]   it 324  |r|inf=2.557184e-08  r/r0=1.9836e-06
[mg]   it 325  |r|inf=2.566042e-08  r/r0=1.9905e-06
[mg]   it 326  |r|inf=2.573951e-08  r/r0=1.9966e-06
[mg]   it 327  |r|inf=2.580917e-08  r/r0=2.0020e-06
[mg]   it 328  |r|inf=2.586946e-08  r/r0=2.0067e-06
[mg]   it 329  |r|inf=2.592044e-08  r/r0=2.0107e-06
[mg]   it 330  |r|inf=2.596218e-08  r/r0=2.0139e-06
[mg]   it 331  |r|inf=2.599472e-08  r/r0=2.0164e-06
[mg]   it 332  |r|inf=2.602893e-08  r/r0=2.0191e-06
[mg]   it 333  |r|inf=2.626758e-08  r/r0=2.0376e-06
[mg]   it 334  |r|inf=2.649670e-08  r/r0=2.0554e-06
[mg]   it 335  |r|inf=2.671629e-08  r/r0=2.0724e-06
[mg]   it 336  |r|inf=2.692635e-08  r/r0=2.0887e-06
[mg]   it 337  |r|inf=2.712688e-08  r/r0=2.1042e-06
[mg]   it 338  |r|inf=2.731787e-08  r/r0=2.1191e-06
[mg]   it 339  |r|inf=2.749933e-08  r/r0=2.1331e-06
[mg]   it 340  |r|inf=2.767125e-08  r/r0=2.1465e-06
[mg]   it 341  |r|inf=2.783362e-08  r/r0=2.1591e-06
[mg]   it 342  |r|inf=2.798644e-08  r/r0=2.1709e-06
[mg]   it 343  |r|inf=2.812971e-08  r/r0=2.1820e-06
[mg]   it 344  |r|inf=2.826341e-08  r/r0=2.1924e-06
[mg]   it 345  |r|inf=2.838754e-08  r/r0=2.2020e-06
[mg]   it 346  |r|inf=2.850210e-08  r/r0=2.2109e-06
[mg]   it 347  |r|inf=2.860707e-08  r/r0=2.2191e-06
[mg]   it 348  |r|inf=2.870246e-08  r/r0=2.2265e-06
[mg]   it 349  |r|inf=2.878825e-08  r/r0=2.2331e-06
[mg]   it 350  |r|inf=2.886445e-08  r/r0=2.2390e-06
[mg]   it 351  |r|inf=2.893104e-08  r/r0=2.2442e-06
[mg]   it 352  |r|inf=2.898804e-08  r/r0=2.2486e-06
[mg]   it 353  |r|inf=2.903543e-08  r/r0=2.2523e-06
[mg]   it 354  |r|inf=2.907323e-08  r/r0=2.2552e-06
[mg]   it 355  |r|inf=2.910142e-08  r/r0=2.2574e-06
[mg]   it 356  |r|inf=2.912003e-08  r/r0=2.2588e-06
[mg]   it 357  |r|inf=2.912905e-08  r/r0=2.2595e-06
[mg]   it 358  |r|inf=2.912850e-08  r/r0=2.2595e-06
[mg]   it 359  |r|inf=2.911838e-08  r/r0=2.2587e-06
[mg]   it 360  |r|inf=2.909873e-08  r/r0=2.2572e-06
[mg]   it 361  |r|inf=2.906954e-08  r/r0=2.2549e-06
[mg]   it 362  |r|inf=2.903085e-08  r/r0=2.2519e-06
[mg]   it 363  |r|inf=2.898268e-08  r/r0=2.2482e-06
[mg]   it 364  |r|inf=2.892505e-08  r/r0=2.2437e-06
[mg]   it 365  |r|inf=2.885801e-08  r/r0=2.2385e-06
[mg]   it 366  |r|inf=2.878158e-08  r/r0=2.2326e-06
[mg]   it 367  |r|inf=2.869581e-08  r/r0=2.2259e-06
[mg]   it 368  |r|inf=2.860074e-08  r/r0=2.2186e-06
[mg]   it 369  |r|inf=2.849642e-08  r/r0=2.2105e-06
[mg]   it 370  |r|inf=2.838290e-08  r/r0=2.2017e-06
[mg]   it 371  |r|inf=2.826023e-08  r/r0=2.1922e-06
[mg]   it 372  |r|inf=2.812848e-08  r/r0=2.1819e-06
[mg]   it 373  |r|inf=2.798771e-08  r/r0=2.1710e-06
[mg]   it 374  |r|inf=2.783800e-08  r/r0=2.1594e-06
[mg]   it 375  |r|inf=2.767942e-08  r/r0=2.1471e-06
[mg]   it 376  |r|inf=2.751204e-08  r/r0=2.1341e-06
[mg]   it 377  |r|inf=2.733596e-08  r/r0=2.1205e-06
[mg]   it 378  |r|inf=2.715125e-08  r/r0=2.1061e-06
[mg]   it 379  |r|inf=2.695802e-08  r/r0=2.0911e-06
[mg]   it 380  |r|inf=2.675637e-08  r/r0=2.0755e-06
[mg]   it 381  |r|inf=2.654638e-08  r/r0=2.0592e-06
[mg]   it 382  |r|inf=2.632818e-08  r/r0=2.0423e-06
[mg]   it 383  |r|inf=2.610187e-08  r/r0=2.0247e-06
[mg]   it 384  |r|inf=2.586758e-08  r/r0=2.0066e-06
[mg]   it 385  |r|inf=2.562541e-08  r/r0=1.9878e-06
[mg]   it 386  |r|inf=2.537550e-08  r/r0=1.9684e-06
[mg]   it 387  |r|inf=2.511798e-08  r/r0=1.9484e-06
[mg]   it 388  |r|inf=2.485298e-08  r/r0=1.9279e-06
[mg]   it 389  |r|inf=2.458064e-08  r/r0=1.9067e-06
[mg]   it 390  |r|inf=2.430109e-08  r/r0=1.8850e-06
[mg]   it 391  |r|inf=2.401449e-08  r/r0=1.8628e-06
[mg]   it 392  |r|inf=2.372099e-08  r/r0=1.8400e-06
[mg]   it 393  |r|inf=2.342073e-08  r/r0=1.8168e-06
[mg]   it 394  |r|inf=2.311387e-08  r/r0=1.7930e-06
[mg]   it 395  |r|inf=2.280058e-08  r/r0=1.7686e-06
[mg]   it 396  |r|inf=2.248100e-08  r/r0=1.7439e-06
[mg]   it 397  |r|inf=2.215532e-08  r/r0=1.7186e-06
[mg]   it 398  |r|inf=2.182369e-08  r/r0=1.6929e-06
[mg]   it 399  |r|inf=2.173637e-08  r/r0=1.6861e-06
[mg]   it 400  |r|inf=2.183099e-08  r/r0=1.6934e-06
[mg]   it 401  |r|inf=2.191894e-08  r/r0=1.7003e-06
[mg]   it 402  |r|inf=2.200022e-08  r/r0=1.7066e-06
[mg]   it 403  |r|inf=2.207485e-08  r/r0=1.7124e-06
[mg]   it 404  |r|inf=2.214287e-08  r/r0=1.7176e-06
[mg]   it 405  |r|inf=2.220429e-08  r/r0=1.7224e-06
[mg]   it 406  |r|inf=2.225914e-08  r/r0=1.7266e-06
[mg]   it 407  |r|inf=2.230747e-08  r/r0=1.7304e-06
[mg]   it 408  |r|inf=2.234932e-08  r/r0=1.7336e-06
[mg]   it 409  |r|inf=2.238471e-08  r/r0=1.7364e-06
[mg]   it 410  |r|inf=2.241371e-08  r/r0=1.7386e-06
[mg]   it 411  |r|inf=2.243635e-08  r/r0=1.7404e-06
[mg]   it 412  |r|inf=2.245270e-08  r/r0=1.7417e-06
[mg]   it 413  |r|inf=2.246281e-08  r/r0=1.7424e-06
[mg]   it 414  |r|inf=2.246673e-08  r/r0=1.7428e-06
[mg]   it 415  |r|inf=2.246453e-08  r/r0=1.7426e-06
[mg]   it 416  |r|inf=2.245627e-08  r/r0=1.7419e-06
[mg]   it 417  |r|inf=2.244203e-08  r/r0=1.7408e-06
[mg]   it 418  |r|inf=2.242186e-08  r/r0=1.7393e-06
[mg]   it 419  |r|inf=2.239585e-08  r/r0=1.7373e-06
[mg]   it 420  |r|inf=2.236406e-08  r/r0=1.7348e-06
[mg]   it 421  |r|inf=2.232658e-08  r/r0=1.7319e-06
[mg]   it 422  |r|inf=2.228348e-08  r/r0=1.7285e-06
[mg]   it 423  |r|inf=2.223484e-08  r/r0=1.7248e-06
[mg]   it 424  |r|inf=2.218076e-08  r/r0=1.7206e-06
[mg]   it 425  |r|inf=2.212130e-08  r/r0=1.7160e-06
[mg]   it 426  |r|inf=2.205656e-08  r/r0=1.7109e-06
[mg]   it 427  |r|inf=2.198662e-08  r/r0=1.7055e-06
[mg]   it 428  |r|inf=2.191158e-08  r/r0=1.6997e-06
[mg]   it 429  |r|inf=2.183151e-08  r/r0=1.6935e-06
[mg]   it 430  |r|inf=2.174652e-08  r/r0=1.6869e-06
[mg]   it 431  |r|inf=2.165669e-08  r/r0=1.6799e-06
[mg]   it 432  |r|inf=2.156212e-08  r/r0=1.6726e-06
[mg]   it 433  |r|inf=2.146290e-08  r/r0=1.6649e-06
[mg]   it 434  |r|inf=2.135911e-08  r/r0=1.6568e-06
[mg]   it 435  |r|inf=2.125086e-08  r/r0=1.6484e-06
[mg]   it 436  |r|inf=2.113824e-08  r/r0=1.6397e-06
[mg]   it 437  |r|inf=2.102134e-08  r/r0=1.6306e-06
[mg]   it 438  |r|inf=2.090026e-08  r/r0=1.6212e-06
[mg]   it 439  |r|inf=2.077509e-08  r/r0=1.6115e-06
[mg]   it 440  |r|inf=2.064592e-08  r/r0=1.6015e-06
[mg]   it 441  |r|inf=2.051285e-08  r/r0=1.5912e-06
[mg]   it 442  |r|inf=2.037597e-08  r/r0=1.5806e-06
[mg]   it 443  |r|inf=2.023537e-08  r/r0=1.5697e-06
[mg]   it 444  |r|inf=2.009115e-08  r/r0=1.5585e-06
[mg]   it 445  |r|inf=1.994339e-08  r/r0=1.5470e-06
[mg]   it 446  |r|inf=1.979219e-08  r/r0=1.5353e-06
[mg]   it 447  |r|inf=1.963764e-08  r/r0=1.5233e-06
[mg]   it 448  |r|inf=1.947983e-08  r/r0=1.5111e-06
[mg]   it 449  |r|inf=1.931884e-08  r/r0=1.4986e-06
[mg]   it 450  |r|inf=1.915476e-08  r/r0=1.4858e-06
[mg]   it 451  |r|inf=1.898768e-08  r/r0=1.4729e-06
[mg]   it 452  |r|inf=1.881769e-08  r/r0=1.4597e-06
[mg]   it 453  |r|inf=1.864487e-08  r/r0=1.4463e-06
[mg]   it 454  |r|inf=1.846930e-08  r/r0=1.4327e-06
[mg]   it 455  |r|inf=1.829106e-08  r/r0=1.4188e-06
[mg]   it 456  |r|inf=1.811024e-08  r/r0=1.4048e-06
[mg]   it 457  |r|inf=1.792691e-08  r/r0=1.3906e-06
[mg]   it 458  |r|inf=1.774116e-08  r/r0=1.3762e-06
[mg]   it 459  |r|inf=1.755306e-08  r/r0=1.3616e-06
[mg]   it 460  |r|inf=1.736268e-08  r/r0=1.3468e-06
[mg]   it 461  |r|inf=1.717010e-08  r/r0=1.3319e-06
[mg]   it 462  |r|inf=1.697539e-08  r/r0=1.3168e-06
[mg]   it 463  |r|inf=1.677863e-08  r/r0=1.3015e-06
[mg]   it 464  |r|inf=1.657989e-08  r/r0=1.2861e-06
[mg]   it 465  |r|inf=1.637923e-08  r/r0=1.2705e-06
[mg]   it 466  |r|inf=1.617671e-08  r/r0=1.2548e-06
[mg]   it 467  |r|inf=1.597242e-08  r/r0=1.2390e-06
[mg]   it 468  |r|inf=1.582171e-08  r/r0=1.2273e-06
[mg]   it 469  |r|inf=1.608647e-08  r/r0=1.2478e-06
[mg]   it 470  |r|inf=1.634727e-08  r/r0=1.2681e-06
[mg]   it 471  |r|inf=1.660411e-08  r/r0=1.2880e-06
[mg]   it 472  |r|inf=1.685700e-08  r/r0=1.3076e-06
[mg]   it 473  |r|inf=1.710595e-08  r/r0=1.3269e-06
[mg]   it 474  |r|inf=1.735098e-08  r/r0=1.3459e-06
[mg]   it 475  |r|inf=1.759208e-08  r/r0=1.3646e-06
[mg]   it 476  |r|inf=1.782928e-08  r/r0=1.3830e-06
[mg]   it 477  |r|inf=1.806260e-08  r/r0=1.4011e-06
[mg]   it 478  |r|inf=1.829203e-08  r/r0=1.4189e-06
[mg]   it 479  |r|inf=1.851760e-08  r/r0=1.4364e-06
[mg]   it 480  |r|inf=1.873933e-08  r/r0=1.4536e-06
[mg]   it 481  |r|inf=1.895723e-08  r/r0=1.4705e-06
[mg]   it 482  |r|inf=1.917132e-08  r/r0=1.4871e-06
[mg]   it 483  |r|inf=1.938161e-08  r/r0=1.5034e-06
[mg]   it 484  |r|inf=1.958813e-08  r/r0=1.5195e-06
[mg]   it 485  |r|inf=1.979089e-08  r/r0=1.5352e-06
[mg]   it 486  |r|inf=1.998991e-08  r/r0=1.5506e-06
[mg]   it 487  |r|inf=2.018521e-08  r/r0=1.5658e-06
[mg]   it 488  |r|inf=2.037681e-08  r/r0=1.5806e-06
[mg]   it 489  |r|inf=2.056473e-08  r/r0=1.5952e-06
[mg]   it 490  |r|inf=2.074898e-08  r/r0=1.6095e-06
[mg]   it 491  |r|inf=2.092960e-08  r/r0=1.6235e-06
[mg]   it 492  |r|inf=2.110660e-08  r/r0=1.6372e-06
[mg]   it 493  |r|inf=2.128000e-08  r/r0=1.6507e-06
[mg]   it 494  |r|inf=2.144983e-08  r/r0=1.6639e-06
[mg]   it 495  |r|inf=2.161609e-08  r/r0=1.6768e-06
[mg]   it 496  |r|inf=2.177882e-08  r/r0=1.6894e-06
[mg]   it 497  |r|inf=2.193803e-08  r/r0=1.7017e-06
[mg]   it 498  |r|inf=2.209375e-08  r/r0=1.7138e-06
[mg]   it 499  |r|inf=2.224600e-08  r/r0=1.7256e-06
[mg]   it 500  |r|inf=2.239479e-08  r/r0=1.7372e-06
[mg]   it 501  |r|inf=2.254014e-08  r/r0=1.7484e-06
[mg]   it 502  |r|inf=2.268209e-08  r/r0=1.7595e-06
[mg]   it 503  |r|inf=2.282064e-08  r/r0=1.7702e-06
[mg]   it 504  |r|inf=2.295582e-08  r/r0=1.7807e-06
[mg]   it 505  |r|inf=2.308765e-08  r/r0=1.7909e-06
[mg]   it 506  |r|inf=2.321615e-08  r/r0=1.8009e-06
[mg]   it 507  |r|inf=2.334133e-08  r/r0=1.8106e-06
[mg]   it 508  |r|inf=2.346322e-08  r/r0=1.8200e-06
[mg]   it 509  |r|inf=2.358184e-08  r/r0=1.8293e-06
[mg]   it 510  |r|inf=2.369721e-08  r/r0=1.8382e-06
[mg]   it 511  |r|inf=2.380933e-08  r/r0=1.8469e-06
[mg]   it 512  |r|inf=2.391825e-08  r/r0=1.8553e-06
[mg]   it 513  |r|inf=2.402396e-08  r/r0=1.8635e-06
[mg]   it 514  |r|inf=2.412649e-08  r/r0=1.8715e-06
[mg]   it 515  |r|inf=2.422586e-08  r/r0=1.8792e-06
[mg]   it 516  |r|inf=2.432209e-08  r/r0=1.8867e-06
[mg]   it 517  |r|inf=2.441518e-08  r/r0=1.8939e-06
[mg]   it 518  |r|inf=2.450517e-08  r/r0=1.9009e-06
[mg]   it 519  |r|inf=2.459206e-08  r/r0=1.9076e-06
[mg]   it 520  |r|inf=2.467587e-08  r/r0=1.9141e-06
[mg]   it 521  |r|inf=2.475662e-08  r/r0=1.9204e-06
[mg]   it 522  |r|inf=2.483433e-08  r/r0=1.9264e-06
[mg]   it 523  |r|inf=2.490900e-08  r/r0=1.9322e-06
[mg]   it 524  |r|inf=2.498066e-08  r/r0=1.9378e-06
[mg]   it 525  |r|inf=2.504932e-08  r/r0=1.9431e-06
[mg]   it 526  |r|inf=2.511499e-08  r/r0=1.9482e-06
[mg]   it 527  |r|inf=2.517769e-08  r/r0=1.9530e-06
[mg]   it 528  |r|inf=2.523743e-08  r/r0=1.9577e-06
[mg]   it 529  |r|inf=2.529422e-08  r/r0=1.9621e-06
[mg]   it 530  |r|inf=2.534809e-08  r/r0=1.9663e-06
[mg]   it 531  |r|inf=2.539904e-08  r/r0=1.9702e-06
[mg]   it 532  |r|inf=2.544708e-08  r/r0=1.9739e-06
[mg]   it 533  |r|inf=2.549223e-08  r/r0=1.9774e-06
[mg]   it 534  |r|inf=2.553451e-08  r/r0=1.9807e-06
[mg]   it 535  |r|inf=2.557391e-08  r/r0=1.9838e-06
[mg]   it 536  |r|inf=2.561046e-08  r/r0=1.9866e-06
[mg]   it 537  |r|inf=2.564417e-08  r/r0=1.9892e-06
[mg]   it 538  |r|inf=2.567504e-08  r/r0=1.9916e-06
[mg]   it 539  |r|inf=2.570309e-08  r/r0=1.9938e-06
[mg]   it 540  |r|inf=2.572833e-08  r/r0=1.9958e-06
[mg]   it 541  |r|inf=2.575077e-08  r/r0=1.9975e-06
[mg]   it 542  |r|inf=2.577042e-08  r/r0=1.9990e-06
[mg]   it 543  |r|inf=2.578729e-08  r/r0=2.0003e-06
[mg]   it 544  |r|inf=2.580139e-08  r/r0=2.0014e-06
[mg]   it 545  |r|inf=2.581273e-08  r/r0=2.0023e-06
[mg]   it 546  |r|inf=2.582132e-08  r/r0=2.0030e-06
[mg]   it 547  |r|inf=2.582717e-08  r/r0=2.0034e-06
[mg]   it 548  |r|inf=2.589345e-08  r/r0=2.0086e-06
[mg]   it 549  |r|inf=2.601813e-08  r/r0=2.0182e-06
[mg]   it 550  |r|inf=2.613995e-08  r/r0=2.0277e-06
[mg]   it 551  |r|inf=2.625891e-08  r/r0=2.0369e-06
[mg]   it 552  |r|inf=2.637502e-08  r/r0=2.0459e-06
[mg]   it 553  |r|inf=2.648826e-08  r/r0=2.0547e-06
[mg]   it 554  |r|inf=2.659866e-08  r/r0=2.0633e-06
[mg]   it 555  |r|inf=2.670619e-08  r/r0=2.0716e-06
[mg]   it 556  |r|inf=2.681087e-08  r/r0=2.0797e-06
[mg]   it 557  |r|inf=2.691269e-08  r/r0=2.0876e-06
[mg]   it 558  |r|inf=2.701166e-08  r/r0=2.0953e-06
[mg]   it 559  |r|inf=2.710777e-08  r/r0=2.1028e-06
[mg]   it 560  |r|inf=2.720102e-08  r/r0=2.1100e-06
[mg]   it 561  |r|inf=2.729141e-08  r/r0=2.1170e-06
[mg]   it 562  |r|inf=2.737895e-08  r/r0=2.1238e-06
[mg]   it 563  |r|inf=2.746363e-08  r/r0=2.1304e-06
[mg]   it 564  |r|inf=2.754545e-08  r/r0=2.1367e-06
[mg]   it 565  |r|inf=2.762441e-08  r/r0=2.1428e-06
[mg]   it 566  |r|inf=2.770051e-08  r/r0=2.1487e-06
[mg]   it 567  |r|inf=2.777375e-08  r/r0=2.1544e-06
[mg]   it 568  |r|inf=2.784413e-08  r/r0=2.1599e-06
[mg]   it 569  |r|inf=2.791164e-08  r/r0=2.1651e-06
[mg]   it 570  |r|inf=2.797630e-08  r/r0=2.1701e-06
[mg]   it 571  |r|inf=2.803808e-08  r/r0=2.1749e-06
[mg]   it 572  |r|inf=2.809701e-08  r/r0=2.1795e-06
[mg]   it 573  |r|inf=2.815306e-08  r/r0=2.1838e-06
[mg]   it 574  |r|inf=2.820626e-08  r/r0=2.1880e-06
[mg]   it 575  |r|inf=2.825658e-08  r/r0=2.1919e-06
[mg]   it 576  |r|inf=2.830404e-08  r/r0=2.1956e-06
[mg]   it 577  |r|inf=2.834862e-08  r/r0=2.1990e-06
[mg]   it 578  |r|inf=2.839034e-08  r/r0=2.2022e-06
[mg]   it 579  |r|inf=2.842920e-08  r/r0=2.2053e-06
[mg]   it 580  |r|inf=2.846518e-08  r/r0=2.2081e-06
[mg]   it 581  |r|inf=2.849829e-08  r/r0=2.2106e-06
[mg]   it 582  |r|inf=2.852853e-08  r/r0=2.2130e-06
[mg]   it 583  |r|inf=2.855591e-08  r/r0=2.2151e-06
[mg]   it 584  |r|inf=2.858041e-08  r/r0=2.2170e-06
[mg]   it 585  |r|inf=2.860205e-08  r/r0=2.2187e-06
[mg]   it 586  |r|inf=2.862081e-08  r/r0=2.2201e-06
[mg]   it 587  |r|inf=2.863671e-08  r/r0=2.2214e-06
[mg]   it 588  |r|inf=2.864975e-08  r/r0=2.2224e-06
[mg]   it 589  |r|inf=2.865992e-08  r/r0=2.2232e-06
[mg]   it 590  |r|inf=2.866722e-08  r/r0=2.2237e-06
[mg]   it 591  |r|inf=2.867166e-08  r/r0=2.2241e-06
[mg]   it 592  |r|inf=2.867324e-08  r/r0=2.2242e-06
[mg]   it 593  |r|inf=2.867196e-08  r/r0=2.2241e-06
[mg]   it 594  |r|inf=2.866782e-08  r/r0=2.2238e-06
[mg]   it 595  |r|inf=2.866083e-08  r/r0=2.2232e-06
[mg]   it 596  |r|inf=2.865099e-08  r/r0=2.2225e-06
[mg]   it 597  |r|inf=2.863830e-08  r/r0=2.2215e-06
[mg]   it 598  |r|inf=2.862276e-08  r/r0=2.2203e-06
[mg]   it 599  |r|inf=2.860438e-08  r/r0=2.2189e-06
[mg]   it 600  |r|inf=2.858316e-08  r/r0=2.2172e-06
[mg]   it 601  |r|inf=2.855911e-08  r/r0=2.2153e-06
[mg]   it 602  |r|inf=2.853222e-08  r/r0=2.2133e-06
[mg]   it 603  |r|inf=2.850252e-08  r/r0=2.2109e-06
[mg]   it 604  |r|inf=2.846999e-08  r/r0=2.2084e-06
[mg]   it 605  |r|inf=2.843465e-08  r/r0=2.2057e-06
[mg]   it 606  |r|inf=2.839649e-08  r/r0=2.2027e-06
[mg]   it 607  |r|inf=2.835554e-08  r/r0=2.1995e-06
[mg]   it 608  |r|inf=2.831179e-08  r/r0=2.1962e-06
[mg]   it 609  |r|inf=2.826525e-08  r/r0=2.1925e-06
[mg]   it 610  |r|inf=2.821592e-08  r/r0=2.1887e-06
[mg]   it 611  |r|inf=2.816382e-08  r/r0=2.1847e-06
[mg]   it 612  |r|inf=2.810896e-08  r/r0=2.1804e-06
[mg]   it 613  |r|inf=2.805133e-08  r/r0=2.1760e-06
[mg]   it 614  |r|inf=2.799096e-08  r/r0=2.1713e-06
[mg]   it 615  |r|inf=2.792784e-08  r/r0=2.1664e-06
[mg]   it 616  |r|inf=2.786199e-08  r/r0=2.1613e-06
[mg]   it 617  |r|inf=2.779342e-08  r/r0=2.1559e-06
[mg]   it 618  |r|inf=2.772214e-08  r/r0=2.1504e-06
[mg]   it 619  |r|inf=2.764816e-08  r/r0=2.1447e-06
[mg]   it 620  |r|inf=2.757149e-08  r/r0=2.1387e-06
[mg]   it 621  |r|inf=2.749214e-08  r/r0=2.1326e-06
[mg]   it 622  |r|inf=2.741012e-08  r/r0=2.1262e-06
[mg]   it 623  |r|inf=2.732546e-08  r/r0=2.1196e-06
[mg]   it 624  |r|inf=2.723815e-08  r/r0=2.1129e-06
[mg]   it 625  |r|inf=2.714821e-08  r/r0=2.1059e-06
[mg]   it 626  |r|inf=2.705566e-08  r/r0=2.0987e-06
[mg]   it 627  |r|inf=2.696050e-08  r/r0=2.0913e-06
[mg]   it 628  |r|inf=2.686277e-08  r/r0=2.0838e-06
[mg]   it 629  |r|inf=2.676246e-08  r/r0=2.0760e-06
[mg]   it 630  |r|inf=2.665960e-08  r/r0=2.0680e-06
[mg]   it 631  |r|inf=2.655419e-08  r/r0=2.0598e-06
[mg]   it 632  |r|inf=2.644627e-08  r/r0=2.0514e-06
[mg]   it 633  |r|inf=2.633584e-08  r/r0=2.0429e-06
[mg]   it 634  |r|inf=2.622291e-08  r/r0=2.0341e-06
[mg]   it 635  |r|inf=2.610752e-08  r/r0=2.0252e-06
[mg]   it 636  |r|inf=2.598967e-08  r/r0=2.0160e-06
[mg]   it 637  |r|inf=2.586939e-08  r/r0=2.0067e-06
[mg]   it 638  |r|inf=2.574669e-08  r/r0=1.9972e-06
[mg]   it 639  |r|inf=2.562159e-08  r/r0=1.9875e-06
[mg]   it 640  |r|inf=2.549412e-08  r/r0=1.9776e-06
[mg]   it 641  |r|inf=2.536428e-08  r/r0=1.9675e-06
[mg]   it 642  |r|inf=2.523211e-08  r/r0=1.9573e-06
[mg]   it 643  |r|inf=2.509762e-08  r/r0=1.9468e-06
[mg]   it 644  |r|inf=2.496083e-08  r/r0=1.9362e-06
[mg]   it 645  |r|inf=2.482177e-08  r/r0=1.9254e-06
[mg]   it 646  |r|inf=2.468046e-08  r/r0=1.9145e-06
[mg]   it 647  |r|inf=2.453692e-08  r/r0=1.9033e-06
[mg]   it 648  |r|inf=2.439117e-08  r/r0=1.8920e-06
[mg]   it 649  |r|inf=2.424323e-08  r/r0=1.8806e-06
[mg]   it 650  |r|inf=2.409313e-08  r/r0=1.8689e-06
[mg]   it 651  |r|inf=2.394090e-08  r/r0=1.8571e-06
[mg]   it 652  |r|inf=2.378655e-08  r/r0=1.8451e-06
[mg]   it 653  |r|inf=2.363012e-08  r/r0=1.8330e-06
[mg]   it 654  |r|inf=2.347162e-08  r/r0=1.8207e-06
[mg]   it 655  |r|inf=2.331108e-08  r/r0=1.8082e-06
[mg]   it 656  |r|inf=2.314852e-08  r/r0=1.7956e-06
[mg]   it 657  |r|inf=2.298398e-08  r/r0=1.7829e-06
[mg]   it 658  |r|inf=2.281748e-08  r/r0=1.7700e-06
[mg]   it 659  |r|inf=2.264904e-08  r/r0=1.7569e-06
[mg]   it 660  |r|inf=2.247869e-08  r/r0=1.7437e-06
[mg]   it 661  |r|inf=2.230646e-08  r/r0=1.7303e-06
[mg]   it 662  |r|inf=2.213237e-08  r/r0=1.7168e-06
[mg]   it 663  |r|inf=2.195645e-08  r/r0=1.7032e-06
[mg]   it 664  |r|inf=2.177874e-08  r/r0=1.6894e-06
[mg]   it 665  |r|inf=2.159925e-08  r/r0=1.6755e-06
[mg]   it 666  |r|inf=2.162881e-08  r/r0=1.6778e-06
[mg]   it 667  |r|inf=2.168907e-08  r/r0=1.6824e-06
[mg]   it 668  |r|inf=2.174730e-08  r/r0=1.6869e-06
[mg]   it 669  |r|inf=2.180350e-08  r/r0=1.6913e-06
[mg]   it 670  |r|inf=2.185766e-08  r/r0=1.6955e-06
[mg]   it 671  |r|inf=2.190980e-08  r/r0=1.6995e-06
[mg]   it 672  |r|inf=2.195991e-08  r/r0=1.7034e-06
[mg]   it 673  |r|inf=2.200800e-08  r/r0=1.7072e-06
[mg]   it 674  |r|inf=2.205406e-08  r/r0=1.7107e-06
[mg]   it 675  |r|inf=2.209811e-08  r/r0=1.7142e-06
[mg]   it 676  |r|inf=2.214015e-08  r/r0=1.7174e-06
[mg]   it 677  |r|inf=2.218018e-08  r/r0=1.7205e-06
[mg]   it 678  |r|inf=2.221820e-08  r/r0=1.7235e-06
[mg]   it 679  |r|inf=2.225422e-08  r/r0=1.7263e-06
[mg]   it 680  |r|inf=2.228825e-08  r/r0=1.7289e-06
[mg]   it 681  |r|inf=2.232029e-08  r/r0=1.7314e-06
[mg]   it 682  |r|inf=2.235035e-08  r/r0=1.7337e-06
[mg]   it 683  |r|inf=2.237843e-08  r/r0=1.7359e-06
[mg]   it 684  |r|inf=2.240454e-08  r/r0=1.7379e-06
[mg]   it 685  |r|inf=2.242869e-08  r/r0=1.7398e-06
[mg]   it 686  |r|inf=2.245088e-08  r/r0=1.7415e-06
[mg]   it 687  |r|inf=2.247112e-08  r/r0=1.7431e-06
[mg]   it 688  |r|inf=2.248943e-08  r/r0=1.7445e-06
[mg]   it 689  |r|inf=2.250580e-08  r/r0=1.7458e-06
[mg]   it 690  |r|inf=2.252024e-08  r/r0=1.7469e-06
[mg]   it 691  |r|inf=2.253277e-08  r/r0=1.7479e-06
[mg]   it 692  |r|inf=2.254340e-08  r/r0=1.7487e-06
[mg]   it 693  |r|inf=2.255213e-08  r/r0=1.7494e-06
[mg]   it 694  |r|inf=2.255897e-08  r/r0=1.7499e-06
[mg]   it 695  |r|inf=2.256394e-08  r/r0=1.7503e-06
[mg]   it 696  |r|inf=2.256704e-08  r/r0=1.7505e-06
[mg]   it 697  |r|inf=2.256828e-08  r/r0=1.7506e-06
[mg]   it 698  |r|inf=2.256768e-08  r/r0=1.7506e-06
[mg]   it 699  |r|inf=2.256524e-08  r/r0=1.7504e-06
[mg]   it 700  |r|inf=2.256099e-08  r/r0=1.7501e-06
[mg]   it 701  |r|inf=2.255492e-08  r/r0=1.7496e-06
[mg]   it 702  |r|inf=2.254705e-08  r/r0=1.7490e-06
[mg]   it 703  |r|inf=2.253739e-08  r/r0=1.7482e-06
[mg]   it 704  |r|inf=2.252596e-08  r/r0=1.7473e-06
[mg]   it 705  |r|inf=2.251276e-08  r/r0=1.7463e-06
[mg]   it 706  |r|inf=2.249782e-08  r/r0=1.7452e-06
[mg]   it 707  |r|inf=2.248113e-08  r/r0=1.7439e-06
[mg]   it 708  |r|inf=2.246273e-08  r/r0=1.7424e-06
[mg]   it 709  |r|inf=2.244261e-08  r/r0=1.7409e-06
[mg]   it 710  |r|inf=2.242079e-08  r/r0=1.7392e-06
[mg]   it 711  |r|inf=2.239729e-08  r/r0=1.7374e-06
[mg]   it 712  |r|inf=2.237212e-08  r/r0=1.7354e-06
[mg]   it 713  |r|inf=2.234529e-08  r/r0=1.7333e-06
[mg]   it 714  |r|inf=2.231682e-08  r/r0=1.7311e-06
[mg]   it 715  |r|inf=2.228672e-08  r/r0=1.7288e-06
[mg]   it 716  |r|inf=2.225501e-08  r/r0=1.7263e-06
[mg]   it 717  |r|inf=2.222170e-08  r/r0=1.7237e-06
[mg]   it 718  |r|inf=2.218680e-08  r/r0=1.7210e-06
[mg]   it 719  |r|inf=2.215033e-08  r/r0=1.7182e-06
[mg]   it 720  |r|inf=2.211230e-08  r/r0=1.7153e-06
[mg]   it 721  |r|inf=2.207274e-08  r/r0=1.7122e-06
[mg]   it 722  |r|inf=2.203165e-08  r/r0=1.7090e-06
[mg]   it 723  |r|inf=2.198904e-08  r/r0=1.7057e-06
[mg]   it 724  |r|inf=2.194495e-08  r/r0=1.7023e-06
[mg]   it 725  |r|inf=2.189937e-08  r/r0=1.6987e-06
[mg]   it 726  |r|inf=2.185232e-08  r/r0=1.6951e-06
[mg]   it 727  |r|inf=2.180383e-08  r/r0=1.6913e-06
[mg]   it 728  |r|inf=2.175390e-08  r/r0=1.6875e-06
[mg]   it 729  |r|inf=2.170256e-08  r/r0=1.6835e-06
[mg]   it 730  |r|inf=2.164981e-08  r/r0=1.6794e-06
[mg]   it 731  |r|inf=2.159567e-08  r/r0=1.6752e-06
[mg]   it 732  |r|inf=2.154016e-08  r/r0=1.6709e-06
[mg]   it 733  |r|inf=2.148330e-08  r/r0=1.6665e-06
[mg]   it 734  |r|inf=2.142509e-08  r/r0=1.6620e-06
[mg]   it 735  |r|inf=2.136556e-08  r/r0=1.6573e-06
[mg]   it 736  |r|inf=2.130472e-08  r/r0=1.6526e-06
[mg]   it 737  |r|inf=2.124258e-08  r/r0=1.6478e-06
[mg]   it 738  |r|inf=2.117917e-08  r/r0=1.6429e-06
[mg]   it 739  |r|inf=2.111450e-08  r/r0=1.6379e-06
[mg]   it 740  |r|inf=2.104857e-08  r/r0=1.6327e-06
[mg]   it 741  |r|inf=2.098142e-08  r/r0=1.6275e-06
[mg]   it 742  |r|inf=2.091305e-08  r/r0=1.6222e-06
[mg]   it 743  |r|inf=2.084349e-08  r/r0=1.6168e-06
[mg]   it 744  |r|inf=2.077273e-08  r/r0=1.6113e-06
[mg]   it 745  |r|inf=2.070081e-08  r/r0=1.6058e-06
[mg]   it 746  |r|inf=2.062774e-08  r/r0=1.6001e-06
[mg]   it 747  |r|inf=2.055353e-08  r/r0=1.5943e-06
[mg]   it 748  |r|inf=2.047820e-08  r/r0=1.5885e-06
[mg]   it 749  |r|inf=2.040176e-08  r/r0=1.5826e-06
[mg]   it 750  |r|inf=2.032423e-08  r/r0=1.5766e-06
[mg]   it 751  |r|inf=2.024562e-08  r/r0=1.5705e-06
[mg]   it 752  |r|inf=2.016595e-08  r/r0=1.5643e-06
[mg]   it 753  |r|inf=2.008524e-08  r/r0=1.5580e-06
[mg]   it 754  |r|inf=2.000349e-08  r/r0=1.5517e-06
[mg]   it 755  |r|inf=1.992073e-08  r/r0=1.5453e-06
[mg]   it 756  |r|inf=1.983697e-08  r/r0=1.5388e-06
[mg]   it 757  |r|inf=1.975222e-08  r/r0=1.5322e-06
[mg]   it 758  |r|inf=1.966650e-08  r/r0=1.5255e-06
[mg]   it 759  |r|inf=1.957983e-08  r/r0=1.5188e-06
[mg]   it 760  |r|inf=1.949221e-08  r/r0=1.5120e-06
[mg]   it 761  |r|inf=1.940366e-08  r/r0=1.5051e-06
[mg]   it 762  |r|inf=1.931420e-08  r/r0=1.4982e-06
[mg]   it 763  |r|inf=1.922385e-08  r/r0=1.4912e-06
[mg]   it 764  |r|inf=1.913260e-08  r/r0=1.4841e-06
[mg]   it 765  |r|inf=1.904049e-08  r/r0=1.4770e-06
[mg]   it 766  |r|inf=1.894752e-08  r/r0=1.4698e-06
[mg]   it 767  |r|inf=1.885371e-08  r/r0=1.4625e-06
[mg]   it 768  |r|inf=1.875907e-08  r/r0=1.4551e-06
[mg]   it 769  |r|inf=1.866361e-08  r/r0=1.4477e-06
[mg]   it 770  |r|inf=1.856735e-08  r/r0=1.4403e-06
[mg]   it 771  |r|inf=1.847030e-08  r/r0=1.4327e-06
[mg]   it 772  |r|inf=1.837248e-08  r/r0=1.4252e-06
[mg]   it 773  |r|inf=1.827390e-08  r/r0=1.4175e-06
[mg]   it 774  |r|inf=1.817457e-08  r/r0=1.4098e-06
[mg]   it 775  |r|inf=1.807450e-08  r/r0=1.4020e-06
[mg]   it 776  |r|inf=1.797371e-08  r/r0=1.3942e-06
[mg]   it 777  |r|inf=1.787220e-08  r/r0=1.3864e-06
[mg]   it 778  |r|inf=1.777000e-08  r/r0=1.3784e-06
[mg]   it 779  |r|inf=1.766712e-08  r/r0=1.3704e-06
[mg]   it 780  |r|inf=1.756356e-08  r/r0=1.3624e-06
[mg]   it 781  |r|inf=1.745934e-08  r/r0=1.3543e-06
[mg]   it 782  |r|inf=1.735448e-08  r/r0=1.3462e-06
[mg]   it 783  |r|inf=1.724897e-08  r/r0=1.3380e-06
[mg]   it 784  |r|inf=1.714285e-08  r/r0=1.3298e-06
[mg]   it 785  |r|inf=1.703610e-08  r/r0=1.3215e-06
[mg]   it 786  |r|inf=1.692876e-08  r/r0=1.3132e-06
[mg]   it 787  |r|inf=1.682083e-08  r/r0=1.3048e-06
[mg]   it 788  |r|inf=1.671232e-08  r/r0=1.2964e-06
[mg]   it 789  |r|inf=1.660324e-08  r/r0=1.2879e-06
[mg]   it 790  |r|inf=1.649360e-08  r/r0=1.2794e-06
[mg]   it 791  |r|inf=1.638342e-08  r/r0=1.2709e-06
[mg]   it 792  |r|inf=1.627271e-08  r/r0=1.2623e-06
[mg]   it 793  |r|inf=1.616147e-08  r/r0=1.2537e-06
[mg]   it 794  |r|inf=1.614126e-08  r/r0=1.2521e-06
[mg]   it 795  |r|inf=1.628400e-08  r/r0=1.2632e-06
[mg]   it 796  |r|inf=1.642554e-08  r/r0=1.2741e-06
[mg]   it 797  |r|inf=1.656589e-08  r/r0=1.2850e-06
[mg]   it 798  |r|inf=1.670505e-08  r/r0=1.2958e-06
[mg]   it 799  |r|inf=1.684302e-08  r/r0=1.3065e-06
[mg]   it 800  |r|inf=1.697979e-08  r/r0=1.3171e-06
[mg]   it 801  |r|inf=1.711539e-08  r/r0=1.3276e-06
[mg]   it 802  |r|inf=1.724979e-08  r/r0=1.3381e-06
[mg]   it 803  |r|inf=1.738301e-08  r/r0=1.3484e-06
[mg]   it 804  |r|inf=1.751505e-08  r/r0=1.3586e-06
[mg]   it 805  |r|inf=1.764591e-08  r/r0=1.3688e-06
[mg]   it 806  |r|inf=1.777560e-08  r/r0=1.3789e-06
[mg]   it 807  |r|inf=1.790411e-08  r/r0=1.3888e-06
[mg]   it 808  |r|inf=1.803145e-08  r/r0=1.3987e-06
[mg]   it 809  |r|inf=1.815762e-08  r/r0=1.4085e-06
[mg]   it 810  |r|inf=1.828263e-08  r/r0=1.4182e-06
[mg]   it 811  |r|inf=1.840647e-08  r/r0=1.4278e-06
[mg]   it 812  |r|inf=1.852915e-08  r/r0=1.4373e-06
[mg]   it 813  |r|inf=1.865067e-08  r/r0=1.4467e-06
[mg]   it 814  |r|inf=1.877104e-08  r/r0=1.4561e-06
[mg]   it 815  |r|inf=1.889025e-08  r/r0=1.4653e-06
[mg]   it 816  |r|inf=1.900832e-08  r/r0=1.4745e-06
[mg]   it 817  |r|inf=1.912524e-08  r/r0=1.4836e-06
[mg]   it 818  |r|inf=1.924102e-08  r/r0=1.4925e-06
[mg]   it 819  |r|inf=1.935566e-08  r/r0=1.5014e-06
[mg]   it 820  |r|inf=1.946916e-08  r/r0=1.5102e-06
[mg]   it 821  |r|inf=1.958153e-08  r/r0=1.5189e-06
[mg]   it 822  |r|inf=1.969277e-08  r/r0=1.5276e-06
[mg]   it 823  |r|inf=1.980288e-08  r/r0=1.5361e-06
[mg]   it 824  |r|inf=1.991187e-08  r/r0=1.5446e-06
[mg]   it 825  |r|inf=2.001973e-08  r/r0=1.5529e-06
[mg]   it 826  |r|inf=2.012649e-08  r/r0=1.5612e-06
[mg]   it 827  |r|inf=2.023213e-08  r/r0=1.5694e-06
[mg]   it 828  |r|inf=2.033666e-08  r/r0=1.5775e-06
[mg]   it 829  |r|inf=2.044008e-08  r/r0=1.5855e-06
[mg]   it 830  |r|inf=2.054240e-08  r/r0=1.5935e-06
[mg]   it 831  |r|inf=2.064362e-08  r/r0=1.6013e-06
[mg]   it 832  |r|inf=2.074375e-08  r/r0=1.6091e-06
[mg]   it 833  |r|inf=2.084279e-08  r/r0=1.6168e-06
[mg]   it 834  |r|inf=2.094073e-08  r/r0=1.6244e-06
[mg]   it 835  |r|inf=2.103760e-08  r/r0=1.6319e-06
[mg]   it 836  |r|inf=2.113338e-08  r/r0=1.6393e-06
[mg]   it 837  |r|inf=2.122808e-08  r/r0=1.6467e-06
[mg]   it 838  |r|inf=2.132171e-08  r/r0=1.6539e-06
[mg]   it 839  |r|inf=2.141427e-08  r/r0=1.6611e-06
[mg]   it 840  |r|inf=2.150577e-08  r/r0=1.6682e-06
[mg]   it 841  |r|inf=2.159620e-08  r/r0=1.6752e-06
[mg]   it 842  |r|inf=2.168557e-08  r/r0=1.6822e-06
[mg]   it 843  |r|inf=2.177389e-08  r/r0=1.6890e-06
[mg]   it 844  |r|inf=2.186115e-08  r/r0=1.6958e-06
[mg]   it 845  |r|inf=2.194737e-08  r/r0=1.7025e-06
[mg]   it 846  |r|inf=2.203254e-08  r/r0=1.7091e-06
[mg]   it 847  |r|inf=2.211667e-08  r/r0=1.7156e-06
[mg]   it 848  |r|inf=2.219977e-08  r/r0=1.7220e-06
[mg]   it 849  |r|inf=2.228183e-08  r/r0=1.7284e-06
[mg]   it 850  |r|inf=2.236286e-08  r/r0=1.7347e-06
[mg]   it 851  |r|inf=2.244286e-08  r/r0=1.7409e-06
[mg]   it 852  |r|inf=2.252184e-08  r/r0=1.7470e-06
[mg]   it 853  |r|inf=2.259980e-08  r/r0=1.7531e-06
[mg]   it 854  |r|inf=2.267675e-08  r/r0=1.7590e-06
[mg]   it 855  |r|inf=2.275268e-08  r/r0=1.7649e-06
[mg]   it 856  |r|inf=2.282761e-08  r/r0=1.7707e-06
[mg]   it 857  |r|inf=2.290153e-08  r/r0=1.7765e-06
[mg]   it 858  |r|inf=2.297445e-08  r/r0=1.7821e-06
[mg]   it 859  |r|inf=2.304637e-08  r/r0=1.7877e-06
[mg]   it 860  |r|inf=2.311730e-08  r/r0=1.7932e-06
[mg]   it 861  |r|inf=2.318723e-08  r/r0=1.7986e-06
[mg]   it 862  |r|inf=2.325618e-08  r/r0=1.8040e-06
[mg]   it 863  |r|inf=2.332415e-08  r/r0=1.8093e-06
[mg]   it 864  |r|inf=2.339113e-08  r/r0=1.8145e-06
[mg]   it 865  |r|inf=2.345713e-08  r/r0=1.8196e-06
[mg]   it 866  |r|inf=2.352217e-08  r/r0=1.8246e-06
[mg]   it 867  |r|inf=2.358623e-08  r/r0=1.8296e-06
[mg]   it 868  |r|inf=2.364932e-08  r/r0=1.8345e-06
[mg]   it 869  |r|inf=2.371145e-08  r/r0=1.8393e-06
[mg]   it 870  |r|inf=2.377262e-08  r/r0=1.8440e-06
[mg]   it 871  |r|inf=2.383283e-08  r/r0=1.8487e-06
[mg]   it 872  |r|inf=2.389209e-08  r/r0=1.8533e-06
[mg]   it 873  |r|inf=2.395040e-08  r/r0=1.8578e-06
[mg]   it 874  |r|inf=2.400775e-08  r/r0=1.8623e-06
[mg]   it 875  |r|inf=2.406417e-08  r/r0=1.8667e-06
[mg]   it 876  |r|inf=2.411964e-08  r/r0=1.8710e-06
[mg]   it 877  |r|inf=2.417417e-08  r/r0=1.8752e-06
[mg]   it 878  |r|inf=2.422777e-08  r/r0=1.8794e-06
[mg]   it 879  |r|inf=2.428044e-08  r/r0=1.8834e-06
[mg]   it 880  |r|inf=2.433217e-08  r/r0=1.8875e-06
[mg]   it 881  |r|inf=2.438298e-08  r/r0=1.8914e-06
[mg]   it 882  |r|inf=2.443287e-08  r/r0=1.8953e-06
[mg]   it 883  |r|inf=2.448184e-08  r/r0=1.8991e-06
[mg]   it 884  |r|inf=2.452988e-08  r/r0=1.9028e-06
[mg]   it 885  |r|inf=2.457702e-08  r/r0=1.9064e-06
[mg]   it 886  |r|inf=2.462324e-08  r/r0=1.9100e-06
[mg]   it 887  |r|inf=2.466855e-08  r/r0=1.9135e-06
[mg]   it 888  |r|inf=2.471296e-08  r/r0=1.9170e-06
[mg]   it 889  |r|inf=2.475646e-08  r/r0=1.9204e-06
[mg]   it 890  |r|inf=2.479906e-08  r/r0=1.9237e-06
[mg]   it 891  |r|inf=2.484077e-08  r/r0=1.9269e-06
[mg]   it 892  |r|inf=2.488158e-08  r/r0=1.9301e-06
[mg]   it 893  |r|inf=2.492149e-08  r/r0=1.9332e-06
[mg]   it 894  |r|inf=2.496052e-08  r/r0=1.9362e-06
[mg]   it 895  |r|inf=2.499866e-08  r/r0=1.9392e-06
[mg]   it 896  |r|inf=2.503591e-08  r/r0=1.9420e-06
[mg]   it 897  |r|inf=2.507228e-08  r/r0=1.9449e-06
[mg]   it 898  |r|inf=2.510777e-08  r/r0=1.9476e-06
[mg]   it 899  |r|inf=2.514239e-08  r/r0=1.9503e-06
[mg]   it 900  |r|inf=2.517612e-08  r/r0=1.9529e-06
[mg]   it 901  |r|inf=2.520899e-08  r/r0=1.9555e-06
[mg]   it 902  |r|inf=2.524099e-08  r/r0=1.9580e-06
[mg]   it 903  |r|inf=2.527212e-08  r/r0=1.9604e-06
[mg]   it 904  |r|inf=2.530238e-08  r/r0=1.9627e-06
[mg]   it 905  |r|inf=2.533178e-08  r/r0=1.9650e-06
[mg]   it 906  |r|inf=2.536032e-08  r/r0=1.9672e-06
[mg]   it 907  |r|inf=2.538800e-08  r/r0=1.9694e-06
[mg]   it 908  |r|inf=2.541482e-08  r/r0=1.9714e-06
[mg]   it 909  |r|inf=2.544079e-08  r/r0=1.9735e-06
[mg]   it 910  |r|inf=2.546591e-08  r/r0=1.9754e-06
[mg]   it 911  |r|inf=2.549018e-08  r/r0=1.9773e-06
[mg]   it 912  |r|inf=2.551360e-08  r/r0=1.9791e-06
[mg]   it 913  |r|inf=2.553618e-08  r/r0=1.9808e-06
[mg]   it 914  |r|inf=2.555791e-08  r/r0=1.9825e-06
[mg]   it 915  |r|inf=2.557880e-08  r/r0=1.9842e-06
[mg]   it 916  |r|inf=2.559885e-08  r/r0=1.9857e-06
[mg]   it 917  |r|inf=2.561807e-08  r/r0=1.9872e-06
[mg]   it 918  |r|inf=2.563645e-08  r/r0=1.9886e-06
[mg]   it 919  |r|inf=2.565399e-08  r/r0=1.9900e-06
[mg]   it 920  |r|inf=2.567071e-08  r/r0=1.9913e-06
[mg]   it 921  |r|inf=2.568659e-08  r/r0=1.9925e-06
[mg]   it 922  |r|inf=2.570165e-08  r/r0=1.9937e-06
[mg]   it 923  |r|inf=2.571588e-08  r/r0=1.9948e-06
[mg]   it 924  |r|inf=2.572929e-08  r/r0=1.9958e-06
[mg]   it 925  |r|inf=2.574187e-08  r/r0=1.9968e-06
[mg]   it 926  |r|inf=2.575364e-08  r/r0=1.9977e-06
[mg]   it 927  |r|inf=2.576458e-08  r/r0=1.9986e-06
[mg]   it 928  |r|inf=2.577471e-08  r/r0=1.9994e-06
[mg]   it 929  |r|inf=2.578403e-08  r/r0=2.0001e-06
[mg]   it 930  |r|inf=2.579253e-08  r/r0=2.0007e-06
[mg]   it 931  |r|inf=2.580022e-08  r/r0=2.0013e-06
[mg]   it 932  |r|inf=2.580710e-08  r/r0=2.0019e-06
[mg]   it 933  |r|inf=2.581318e-08  r/r0=2.0023e-06
[mg]   it 934  |r|inf=2.581844e-08  r/r0=2.0027e-06
[mg]   it 935  |r|inf=2.582290e-08  r/r0=2.0031e-06
[mg]   it 936  |r|inf=2.582656e-08  r/r0=2.0034e-06
[mg]   it 937  |r|inf=2.582942e-08  r/r0=2.0036e-06
[mg]   it 938  |r|inf=2.583148e-08  r/r0=2.0038e-06
[mg]   it 939  |r|inf=2.583273e-08  r/r0=2.0039e-06
[mg]   it 940  |r|inf=2.583320e-08  r/r0=2.0039e-06
[mg]   it 941  |r|inf=2.583286e-08  r/r0=2.0039e-06
[mg]   it 942  |r|inf=2.583173e-08  r/r0=2.0038e-06
[mg]   it 943  |r|inf=2.587304e-08  r/r0=2.0070e-06
[mg]   it 944  |r|inf=2.593826e-08  r/r0=2.0120e-06
[mg]   it 945  |r|inf=2.600265e-08  r/r0=2.0170e-06
[mg]   it 946  |r|inf=2.606621e-08  r/r0=2.0220e-06
[mg]   it 947  |r|inf=2.612894e-08  r/r0=2.0268e-06
[mg]   it 948  |r|inf=2.619085e-08  r/r0=2.0316e-06
[mg]   it 949  |r|inf=2.625192e-08  r/r0=2.0364e-06
[mg]   it 950  |r|inf=2.631216e-08  r/r0=2.0410e-06
[mg]   it 951  |r|inf=2.637158e-08  r/r0=2.0457e-06
[mg]   it 952  |r|inf=2.643016e-08  r/r0=2.0502e-06
[mg]   it 953  |r|inf=2.648792e-08  r/r0=2.0547e-06
[mg]   it 954  |r|inf=2.654485e-08  r/r0=2.0591e-06
[mg]   it 955  |r|inf=2.660095e-08  r/r0=2.0634e-06
[mg]   it 956  |r|inf=2.665622e-08  r/r0=2.0677e-06
[mg]   it 957  |r|inf=2.671066e-08  r/r0=2.0720e-06
[mg]   it 958  |r|inf=2.676428e-08  r/r0=2.0761e-06
[mg]   it 959  |r|inf=2.681707e-08  r/r0=2.0802e-06
[mg]   it 960  |r|inf=2.686902e-08  r/r0=2.0842e-06
[mg]   it 961  |r|inf=2.692016e-08  r/r0=2.0882e-06
[mg]   it 962  |r|inf=2.697046e-08  r/r0=2.0921e-06
[mg]   it 963  |r|inf=2.701993e-08  r/r0=2.0959e-06
[mg]   it 964  |r|inf=2.706858e-08  r/r0=2.0997e-06
[mg]   it 965  |r|inf=2.711640e-08  r/r0=2.1034e-06
[mg]   it 966  |r|inf=2.716339e-08  r/r0=2.1071e-06
[mg]   it 967  |r|inf=2.720955e-08  r/r0=2.1107e-06
[mg]   it 968  |r|inf=2.725488e-08  r/r0=2.1142e-06
[mg]   it 969  |r|inf=2.729938e-08  r/r0=2.1176e-06
[mg]   it 970  |r|inf=2.734306e-08  r/r0=2.1210e-06
[mg]   it 971  |r|inf=2.738591e-08  r/r0=2.1243e-06
[mg]   it 972  |r|inf=2.742793e-08  r/r0=2.1276e-06
[mg]   it 973  |r|inf=2.746912e-08  r/r0=2.1308e-06
[mg]   it 974  |r|inf=2.750948e-08  r/r0=2.1339e-06
[mg]   it 975  |r|inf=2.754901e-08  r/r0=2.1370e-06
[mg]   it 976  |r|inf=2.758772e-08  r/r0=2.1400e-06
[mg]   it 977  |r|inf=2.762559e-08  r/r0=2.1429e-06
[mg]   it 978  |r|inf=2.766264e-08  r/r0=2.1458e-06
[mg]   it 979  |r|inf=2.769885e-08  r/r0=2.1486e-06
[mg]   it 980  |r|inf=2.773424e-08  r/r0=2.1514e-06
[mg]   it 981  |r|inf=2.776880e-08  r/r0=2.1540e-06
[mg]   it 982  |r|inf=2.780253e-08  r/r0=2.1567e-06
[mg]   it 983  |r|inf=2.783543e-08  r/r0=2.1592e-06
[mg]   it 984  |r|inf=2.786750e-08  r/r0=2.1617e-06
[mg]   it 985  |r|inf=2.789874e-08  r/r0=2.1641e-06
[mg]   it 986  |r|inf=2.792915e-08  r/r0=2.1665e-06
[mg]   it 987  |r|inf=2.795873e-08  r/r0=2.1688e-06
[mg]   it 988  |r|inf=2.798748e-08  r/r0=2.1710e-06
[mg]   it 989  |r|inf=2.801541e-08  r/r0=2.1732e-06
[mg]   it 990  |r|inf=2.804250e-08  r/r0=2.1753e-06
[mg]   it 991  |r|inf=2.806876e-08  r/r0=2.1773e-06
[mg]   it 992  |r|inf=2.809419e-08  r/r0=2.1793e-06
[mg]   it 993  |r|inf=2.811879e-08  r/r0=2.1812e-06
[mg]   it 994  |r|inf=2.814256e-08  r/r0=2.1830e-06
[mg]   it 995  |r|inf=2.816550e-08  r/r0=2.1848e-06
[mg]   it 996  |r|inf=2.818761e-08  r/r0=2.1865e-06
[mg]   it 997  |r|inf=2.820889e-08  r/r0=2.1882e-06
[mg]   it 998  |r|inf=2.822934e-08  r/r0=2.1898e-06
[mg]   it 999  |r|inf=2.824896e-08  r/r0=2.1913e-06
[mg]   it 1000  |r|inf=2.826774e-08  r/r0=2.1927e-06
[mg]   it 1001  |r|inf=2.828570e-08  r/r0=2.1941e-06
[mg]   it 1002  |r|inf=2.830283e-08  r/r0=2.1955e-06
[mg]   it 1003  |r|inf=2.831912e-08  r/r0=2.1967e-06
[mg]   it 1004  |r|inf=2.833459e-08  r/r0=2.1979e-06
[mg]   it 1005  |r|inf=2.834922e-08  r/r0=2.1991e-06
[mg]   it 1006  |r|inf=2.836303e-08  r/r0=2.2001e-06
[mg]   it 1007  |r|inf=2.837600e-08  r/r0=2.2011e-06
[mg]   it 1008  |r|inf=2.838815e-08  r/r0=2.2021e-06
[mg]   it 1009  |r|inf=2.839946e-08  r/r0=2.2030e-06
[mg]   it 1010  |r|inf=2.840995e-08  r/r0=2.2038e-06
[mg]   it 1011  |r|inf=2.841960e-08  r/r0=2.2045e-06
[mg]   it 1012  |r|inf=2.842842e-08  r/r0=2.2052e-06
[mg]   it 1013  |r|inf=2.843642e-08  r/r0=2.2058e-06
[mg]   it 1014  |r|inf=2.844358e-08  r/r0=2.2064e-06
[mg]   it 1015  |r|inf=2.844992e-08  r/r0=2.2069e-06
[mg]   it 1016  |r|inf=2.845543e-08  r/r0=2.2073e-06
[mg]   it 1017  |r|inf=2.846010e-08  r/r0=2.2077e-06
[mg]   it 1018  |r|inf=2.846395e-08  r/r0=2.2080e-06
[mg]   it 1019  |r|inf=2.846697e-08  r/r0=2.2082e-06
[mg]   it 1020  |r|inf=2.846916e-08  r/r0=2.2084e-06
[mg]   it 1021  |r|inf=2.847053e-08  r/r0=2.2085e-06
[mg]   it 1022  |r|inf=2.847106e-08  r/r0=2.2085e-06
[mg]   it 1023  |r|inf=2.847077e-08  r/r0=2.2085e-06
[mg]   it 1024  |r|inf=2.846965e-08  r/r0=2.2084e-06
[mg]   it 1025  |r|inf=2.846771e-08  r/r0=2.2082e-06
[mg]   it 1026  |r|inf=2.846493e-08  r/r0=2.2080e-06
[mg]   it 1027  |r|inf=2.846134e-08  r/r0=2.2078e-06
[mg]   it 1028  |r|inf=2.845691e-08  r/r0=2.2074e-06
[mg]   it 1029  |r|inf=2.845166e-08  r/r0=2.2070e-06
[mg]   it 1030  |r|inf=2.844559e-08  r/r0=2.2065e-06
[mg]   it 1031  |r|inf=2.843869e-08  r/r0=2.2060e-06
[mg]   it 1032  |r|inf=2.843097e-08  r/r0=2.2054e-06
[mg]   it 1033  |r|inf=2.842243e-08  r/r0=2.2047e-06
[mg]   it 1034  |r|inf=2.841306e-08  r/r0=2.2040e-06
[mg]   it 1035  |r|inf=2.840287e-08  r/r0=2.2032e-06
[mg]   it 1036  |r|inf=2.839186e-08  r/r0=2.2024e-06
[mg]   it 1037  |r|inf=2.838003e-08  r/r0=2.2014e-06
[mg]   it 1038  |r|inf=2.836737e-08  r/r0=2.2005e-06
[mg]   it 1039  |r|inf=2.835390e-08  r/r0=2.1994e-06
[mg]   it 1040  |r|inf=2.833961e-08  r/r0=2.1983e-06
[mg]   it 1041  |r|inf=2.832450e-08  r/r0=2.1971e-06
[mg]   it 1042  |r|inf=2.830858e-08  r/r0=2.1959e-06
[mg]   it 1043  |r|inf=2.829184e-08  r/r0=2.1946e-06
[mg]   it 1044  |r|inf=2.827428e-08  r/r0=2.1932e-06
[mg]   it 1045  |r|inf=2.825591e-08  r/r0=2.1918e-06
[mg]   it 1046  |r|inf=2.823672e-08  r/r0=2.1903e-06
[mg]   it 1047  |r|inf=2.821672e-08  r/r0=2.1888e-06
[mg]   it 1048  |r|inf=2.819591e-08  r/r0=2.1872e-06
[mg]   it 1049  |r|inf=2.817428e-08  r/r0=2.1855e-06
[mg]   it 1050  |r|inf=2.815185e-08  r/r0=2.1837e-06
[mg]   it 1051  |r|inf=2.812861e-08  r/r0=2.1819e-06
[mg]   it 1052  |r|inf=2.810456e-08  r/r0=2.1801e-06
[mg]   it 1053  |r|inf=2.807970e-08  r/r0=2.1782e-06
[mg]   it 1054  |r|inf=2.805403e-08  r/r0=2.1762e-06
[mg]   it 1055  |r|inf=2.802757e-08  r/r0=2.1741e-06
[mg]   it 1056  |r|inf=2.800029e-08  r/r0=2.1720e-06
[mg]   it 1057  |r|inf=2.797222e-08  r/r0=2.1698e-06
[mg]   it 1058  |r|inf=2.794334e-08  r/r0=2.1676e-06
[mg]   it 1059  |r|inf=2.791366e-08  r/r0=2.1653e-06
[mg]   it 1060  |r|inf=2.788319e-08  r/r0=2.1629e-06
[mg]   it 1061  |r|inf=2.785192e-08  r/r0=2.1605e-06
[mg]   it 1062  |r|inf=2.781985e-08  r/r0=2.1580e-06
[mg]   it 1063  |r|inf=2.778699e-08  r/r0=2.1554e-06
[mg]   it 1064  |r|inf=2.775333e-08  r/r0=2.1528e-06
[mg]   it 1065  |r|inf=2.771888e-08  r/r0=2.1502e-06
[mg]   it 1066  |r|inf=2.768364e-08  r/r0=2.1474e-06
[mg]   it 1067  |r|inf=2.764762e-08  r/r0=2.1446e-06
[mg]   it 1068  |r|inf=2.761080e-08  r/r0=2.1418e-06
[mg]   it 1069  |r|inf=2.757320e-08  r/r0=2.1389e-06
[mg]   it 1070  |r|inf=2.753482e-08  r/r0=2.1359e-06
[mg]   it 1071  |r|inf=2.749565e-08  r/r0=2.1328e-06
[mg]   it 1072  |r|inf=2.745571e-08  r/r0=2.1297e-06
[mg]   it 1073  |r|inf=2.741498e-08  r/r0=2.1266e-06
[mg]   it 1074  |r|inf=2.737348e-08  r/r0=2.1234e-06
[mg]   it 1075  |r|inf=2.733121e-08  r/r0=2.1201e-06
[mg]   it 1076  |r|inf=2.728816e-08  r/r0=2.1168e-06
[mg]   it 1077  |r|inf=2.724434e-08  r/r0=2.1134e-06
[mg]   it 1078  |r|inf=2.719974e-08  r/r0=2.1099e-06
[mg]   it 1079  |r|inf=2.715439e-08  r/r0=2.1064e-06
[mg]   it 1080  |r|inf=2.710826e-08  r/r0=2.1028e-06
[mg]   it 1081  |r|inf=2.706138e-08  r/r0=2.0992e-06
[mg]   it 1082  |r|inf=2.701373e-08  r/r0=2.0955e-06
[mg]   it 1083  |r|inf=2.696532e-08  r/r0=2.0917e-06
[mg]   it 1084  |r|inf=2.691615e-08  r/r0=2.0879e-06
[mg]   it 1085  |r|inf=2.686623e-08  r/r0=2.0840e-06
[mg]   it 1086  |r|inf=2.681556e-08  r/r0=2.0801e-06
[mg]   it 1087  |r|inf=2.676414e-08  r/r0=2.0761e-06
[mg]   it 1088  |r|inf=2.671197e-08  r/r0=2.0721e-06
[mg]   it 1089  |r|inf=2.665905e-08  r/r0=2.0680e-06
[mg]   it 1090  |r|inf=2.660539e-08  r/r0=2.0638e-06
[mg]   it 1091  |r|inf=2.655099e-08  r/r0=2.0596e-06
[mg]   it 1092  |r|inf=2.649585e-08  r/r0=2.0553e-06
[mg]   it 1093  |r|inf=2.643997e-08  r/r0=2.0510e-06
[mg]   it 1094  |r|inf=2.638336e-08  r/r0=2.0466e-06
[mg]   it 1095  |r|inf=2.632602e-08  r/r0=2.0421e-06
[mg]   it 1096  |r|inf=2.626794e-08  r/r0=2.0376e-06
[mg]   it 1097  |r|inf=2.620915e-08  r/r0=2.0331e-06
[mg]   it 1098  |r|inf=2.614963e-08  r/r0=2.0284e-06
[mg]   it 1099  |r|inf=2.608939e-08  r/r0=2.0238e-06
[mg]   it 1100  |r|inf=2.602843e-08  r/r0=2.0190e-06
[mg]   it 1101  |r|inf=2.596675e-08  r/r0=2.0142e-06
[mg]   it 1102  |r|inf=2.590437e-08  r/r0=2.0094e-06
[mg]   it 1103  |r|inf=2.584127e-08  r/r0=2.0045e-06
[mg]   it 1104  |r|inf=2.577747e-08  r/r0=1.9996e-06
[mg]   it 1105  |r|inf=2.571296e-08  r/r0=1.9946e-06
[mg]   it 1106  |r|inf=2.564775e-08  r/r0=1.9895e-06
[mg]   it 1107  |r|inf=2.558185e-08  r/r0=1.9844e-06
[mg]   it 1108  |r|inf=2.551525e-08  r/r0=1.9792e-06
[mg]   it 1109  |r|inf=2.544795e-08  r/r0=1.9740e-06
[mg]   it 1110  |r|inf=2.537997e-08  r/r0=1.9687e-06
[mg]   it 1111  |r|inf=2.531130e-08  r/r0=1.9634e-06
[mg]   it 1112  |r|inf=2.524195e-08  r/r0=1.9580e-06
[mg]   it 1113  |r|inf=2.517192e-08  r/r0=1.9526e-06
[mg]   it 1114  |r|inf=2.510122e-08  r/r0=1.9471e-06
[mg]   it 1115  |r|inf=2.502984e-08  r/r0=1.9416e-06
[mg]   it 1116  |r|inf=2.495779e-08  r/r0=1.9360e-06
[mg]   it 1117  |r|inf=2.488508e-08  r/r0=1.9303e-06
[mg]   it 1118  |r|inf=2.481170e-08  r/r0=1.9247e-06
[mg]   it 1119  |r|inf=2.473766e-08  r/r0=1.9189e-06
[mg]   it 1120  |r|inf=2.466297e-08  r/r0=1.9131e-06
[mg]   it 1121  |r|inf=2.458762e-08  r/r0=1.9073e-06
[mg]   it 1122  |r|inf=2.451163e-08  r/r0=1.9014e-06
[mg]   it 1123  |r|inf=2.443498e-08  r/r0=1.8954e-06
[mg]   it 1124  |r|inf=2.435770e-08  r/r0=1.8894e-06
[mg]   it 1125  |r|inf=2.427978e-08  r/r0=1.8834e-06
[mg]   it 1126  |r|inf=2.420122e-08  r/r0=1.8773e-06
[mg]   it 1127  |r|inf=2.412203e-08  r/r0=1.8712e-06
[mg]   it 1128  |r|inf=2.404221e-08  r/r0=1.8650e-06
[mg]   it 1129  |r|inf=2.396177e-08  r/r0=1.8587e-06
[mg]   it 1130  |r|inf=2.388071e-08  r/r0=1.8524e-06
[mg]   it 1131  |r|inf=2.379903e-08  r/r0=1.8461e-06
[mg]   it 1132  |r|inf=2.371674e-08  r/r0=1.8397e-06
[mg]   it 1133  |r|inf=2.363384e-08  r/r0=1.8333e-06
[mg]   it 1134  |r|inf=2.355033e-08  r/r0=1.8268e-06
[mg]   it 1135  |r|inf=2.346622e-08  r/r0=1.8203e-06
[mg]   it 1136  |r|inf=2.338152e-08  r/r0=1.8137e-06
[mg]   it 1137  |r|inf=2.329622e-08  r/r0=1.8071e-06
[mg]   it 1138  |r|inf=2.321033e-08  r/r0=1.8004e-06
[mg]   it 1139  |r|inf=2.312385e-08  r/r0=1.7937e-06
[mg]   it 1140  |r|inf=2.303680e-08  r/r0=1.7870e-06
[mg]   it 1141  |r|inf=2.294916e-08  r/r0=1.7802e-06
[mg]   it 1142  |r|inf=2.286096e-08  r/r0=1.7733e-06
[mg]   it 1143  |r|inf=2.277218e-08  r/r0=1.7664e-06
[mg]   it 1144  |r|inf=2.268284e-08  r/r0=1.7595e-06
[mg]   it 1145  |r|inf=2.259293e-08  r/r0=1.7525e-06
[mg]   it 1146  |r|inf=2.250247e-08  r/r0=1.7455e-06
[mg]   it 1147  |r|inf=2.241146e-08  r/r0=1.7385e-06
[mg]   it 1148  |r|inf=2.231989e-08  r/r0=1.7314e-06
[mg]   it 1149  |r|inf=2.222778e-08  r/r0=1.7242e-06
[mg]   it 1150  |r|inf=2.213514e-08  r/r0=1.7170e-06
[mg]   it 1151  |r|inf=2.204195e-08  r/r0=1.7098e-06
[mg]   it 1152  |r|inf=2.194823e-08  r/r0=1.7025e-06
[mg]   it 1153  |r|inf=2.185399e-08  r/r0=1.6952e-06
[mg]   it 1154  |r|inf=2.175922e-08  r/r0=1.6879e-06
[mg]   it 1155  |r|inf=2.166393e-08  r/r0=1.6805e-06
[mg]   it 1156  |r|inf=2.163921e-08  r/r0=1.6786e-06
[mg]   it 1157  |r|inf=2.167611e-08  r/r0=1.6814e-06
[mg]   it 1158  |r|inf=2.171241e-08  r/r0=1.6842e-06
[mg]   it 1159  |r|inf=2.174811e-08  r/r0=1.6870e-06
[mg]   it 1160  |r|inf=2.178321e-08  r/r0=1.6897e-06
[mg]   it 1161  |r|inf=2.181772e-08  r/r0=1.6924e-06
[mg]   it 1162  |r|inf=2.185163e-08  r/r0=1.6950e-06
[mg]   it 1163  |r|inf=2.188494e-08  r/r0=1.6976e-06
[mg]   it 1164  |r|inf=2.191766e-08  r/r0=1.7002e-06
[mg]   it 1165  |r|inf=2.194978e-08  r/r0=1.7027e-06
[mg]   it 1166  |r|inf=2.198130e-08  r/r0=1.7051e-06
[mg]   it 1167  |r|inf=2.201223e-08  r/r0=1.7075e-06
[mg]   it 1168  |r|inf=2.204256e-08  r/r0=1.7098e-06
[mg]   it 1169  |r|inf=2.207230e-08  r/r0=1.7122e-06
[mg]   it 1170  |r|inf=2.210144e-08  r/r0=1.7144e-06
[mg]   it 1171  |r|inf=2.212998e-08  r/r0=1.7166e-06
[mg]   it 1172  |r|inf=2.215793e-08  r/r0=1.7188e-06
[mg]   it 1173  |r|inf=2.218529e-08  r/r0=1.7209e-06
[mg]   it 1174  |r|inf=2.221206e-08  r/r0=1.7230e-06
[mg]   it 1175  |r|inf=2.223823e-08  r/r0=1.7250e-06
[mg]   it 1176  |r|inf=2.226380e-08  r/r0=1.7270e-06
[mg]   it 1177  |r|inf=2.228879e-08  r/r0=1.7289e-06
[mg]   it 1178  |r|inf=2.231319e-08  r/r0=1.7308e-06
[mg]   it 1179  |r|inf=2.233699e-08  r/r0=1.7327e-06
[mg]   it 1180  |r|inf=2.236021e-08  r/r0=1.7345e-06
[mg]   it 1181  |r|inf=2.238283e-08  r/r0=1.7362e-06
[mg]   it 1182  |r|inf=2.240487e-08  r/r0=1.7380e-06
[mg]   it 1183  |r|inf=2.242632e-08  r/r0=1.7396e-06
[mg]   it 1184  |r|inf=2.244718e-08  r/r0=1.7412e-06
[mg]   it 1185  |r|inf=2.246745e-08  r/r0=1.7428e-06
[mg]   it 1186  |r|inf=2.248714e-08  r/r0=1.7443e-06
[mg]   it 1187  |r|inf=2.250625e-08  r/r0=1.7458e-06
[mg]   it 1188  |r|inf=2.252477e-08  r/r0=1.7473e-06
[mg]   it 1189  |r|inf=2.254271e-08  r/r0=1.7486e-06
[mg]   it 1190  |r|inf=2.256007e-08  r/r0=1.7500e-06
[mg]   it 1191  |r|inf=2.257684e-08  r/r0=1.7513e-06
[mg]   it 1192  |r|inf=2.259304e-08  r/r0=1.7525e-06
[mg]   it 1193  |r|inf=2.260866e-08  r/r0=1.7538e-06
[mg]   it 1194  |r|inf=2.262370e-08  r/r0=1.7549e-06
[mg]   it 1195  |r|inf=2.263816e-08  r/r0=1.7560e-06
[mg]   it 1196  |r|inf=2.265205e-08  r/r0=1.7571e-06
[mg]   it 1197  |r|inf=2.266536e-08  r/r0=1.7582e-06
[mg]   it 1198  |r|inf=2.267811e-08  r/r0=1.7591e-06
[mg]   it 1199  |r|inf=2.269028e-08  r/r0=1.7601e-06
[mg]   it 1200  |r|inf=2.270187e-08  r/r0=1.7610e-06
[mg]   it 1201  |r|inf=2.271290e-08  r/r0=1.7618e-06
[mg]   it 1202  |r|inf=2.272337e-08  r/r0=1.7627e-06
[mg]   it 1203  |r|inf=2.273326e-08  r/r0=1.7634e-06
[mg]   it 1204  |r|inf=2.274259e-08  r/r0=1.7641e-06
[mg]   it 1205  |r|inf=2.275136e-08  r/r0=1.7648e-06
[mg]   it 1206  |r|inf=2.275956e-08  r/r0=1.7655e-06
[mg]   it 1207  |r|inf=2.276720e-08  r/r0=1.7661e-06
[mg]   it 1208  |r|inf=2.277429e-08  r/r0=1.7666e-06
[mg]   it 1209  |r|inf=2.278081e-08  r/r0=1.7671e-06
[mg]   it 1210  |r|inf=2.278678e-08  r/r0=1.7676e-06
[mg]   it 1211  |r|inf=2.279219e-08  r/r0=1.7680e-06
[mg]   it 1212  |r|inf=2.279705e-08  r/r0=1.7684e-06
[mg]   it 1213  |r|inf=2.280136e-08  r/r0=1.7687e-06
[mg]   it 1214  |r|inf=2.280512e-08  r/r0=1.7690e-06
[mg]   it 1215  |r|inf=2.280833e-08  r/r0=1.7692e-06
[mg]   it 1216  |r|inf=2.281099e-08  r/r0=1.7695e-06
[mg]   it 1217  |r|inf=2.281310e-08  r/r0=1.7696e-06
[mg]   it 1218  |r|inf=2.281468e-08  r/r0=1.7697e-06
[mg]   it 1219  |r|inf=2.281571e-08  r/r0=1.7698e-06
[mg]   it 1220  |r|inf=2.281620e-08  r/r0=1.7699e-06
[mg]   it 1221  |r|inf=2.281615e-08  r/r0=1.7699e-06
[mg]   it 1222  |r|inf=2.281557e-08  r/r0=1.7698e-06
[mg]   it 1223  |r|inf=2.281445e-08  r/r0=1.7697e-06
[mg]   it 1224  |r|inf=2.281280e-08  r/r0=1.7696e-06
[mg]   it 1225  |r|inf=2.281061e-08  r/r0=1.7694e-06
[mg]   it 1226  |r|inf=2.280790e-08  r/r0=1.7692e-06
[mg]   it 1227  |r|inf=2.280466e-08  r/r0=1.7690e-06
[mg]   it 1228  |r|inf=2.280089e-08  r/r0=1.7687e-06
[mg]   it 1229  |r|inf=2.279660e-08  r/r0=1.7683e-06
[mg]   it 1230  |r|inf=2.279179e-08  r/r0=1.7680e-06
[mg]   it 1231  |r|inf=2.278646e-08  r/r0=1.7676e-06
[mg]   it 1232  |r|inf=2.278062e-08  r/r0=1.7671e-06
[mg]   it 1233  |r|inf=2.277425e-08  r/r0=1.7666e-06
[mg]   it 1234  |r|inf=2.276737e-08  r/r0=1.7661e-06
[mg]   it 1235  |r|inf=2.275998e-08  r/r0=1.7655e-06
[mg]   it 1236  |r|inf=2.275209e-08  r/r0=1.7649e-06
[mg]   it 1237  |r|inf=2.274368e-08  r/r0=1.7642e-06
[mg]   it 1238  |r|inf=2.273477e-08  r/r0=1.7635e-06
[mg]   it 1239  |r|inf=2.272535e-08  r/r0=1.7628e-06
[mg]   it 1240  |r|inf=2.271544e-08  r/r0=1.7620e-06
[mg]   it 1241  |r|inf=2.270502e-08  r/r0=1.7612e-06
[mg]   it 1242  |r|inf=2.269411e-08  r/r0=1.7604e-06
[mg]   it 1243  |r|inf=2.268270e-08  r/r0=1.7595e-06
[mg]   it 1244  |r|inf=2.267080e-08  r/r0=1.7586e-06
[mg]   it 1245  |r|inf=2.265841e-08  r/r0=1.7576e-06
[mg]   it 1246  |r|inf=2.264553e-08  r/r0=1.7566e-06
[mg]   it 1247  |r|inf=2.263217e-08  r/r0=1.7556e-06
[mg]   it 1248  |r|inf=2.261832e-08  r/r0=1.7545e-06
[mg]   it 1249  |r|inf=2.260399e-08  r/r0=1.7534e-06
[mg]   it 1250  |r|inf=2.258918e-08  r/r0=1.7522e-06
[mg]   it 1251  |r|inf=2.257389e-08  r/r0=1.7511e-06
[mg]   it 1252  |r|inf=2.255813e-08  r/r0=1.7498e-06
[mg]   it 1253  |r|inf=2.254190e-08  r/r0=1.7486e-06
[mg]   it 1254  |r|inf=2.252519e-08  r/r0=1.7473e-06
[mg]   it 1255  |r|inf=2.250802e-08  r/r0=1.7460e-06
[mg]   it 1256  |r|inf=2.249038e-08  r/r0=1.7446e-06
[mg]   it 1257  |r|inf=2.247228e-08  r/r0=1.7432e-06
[mg]   it 1258  |r|inf=2.245372e-08  r/r0=1.7417e-06
[mg]   it 1259  |r|inf=2.243470e-08  r/r0=1.7403e-06
[mg]   it 1260  |r|inf=2.241522e-08  r/r0=1.7388e-06
[mg]   it 1261  |r|inf=2.239529e-08  r/r0=1.7372e-06
[mg]   it 1262  |r|inf=2.237491e-08  r/r0=1.7356e-06
[mg]   it 1263  |r|inf=2.235407e-08  r/r0=1.7340e-06
[mg]   it 1264  |r|inf=2.233280e-08  r/r0=1.7324e-06
[mg]   it 1265  |r|inf=2.231107e-08  r/r0=1.7307e-06
[mg]   it 1266  |r|inf=2.228891e-08  r/r0=1.7290e-06
[mg]   it 1267  |r|inf=2.226630e-08  r/r0=1.7272e-06
[mg]   it 1268  |r|inf=2.224326e-08  r/r0=1.7254e-06
[mg]   it 1269  |r|inf=2.221979e-08  r/r0=1.7236e-06
[mg]   it 1270  |r|inf=2.219588e-08  r/r0=1.7217e-06
[mg]   it 1271  |r|inf=2.217154e-08  r/r0=1.7199e-06
[mg]   it 1272  |r|inf=2.214677e-08  r/r0=1.7179e-06
[mg]   it 1273  |r|inf=2.212158e-08  r/r0=1.7160e-06
[mg]   it 1274  |r|inf=2.209597e-08  r/r0=1.7140e-06
[mg]   it 1275  |r|inf=2.206994e-08  r/r0=1.7120e-06
[mg]   it 1276  |r|inf=2.204349e-08  r/r0=1.7099e-06
[mg]   it 1277  |r|inf=2.201662e-08  r/r0=1.7078e-06
[mg]   it 1278  |r|inf=2.198934e-08  r/r0=1.7057e-06
[mg]   it 1279  |r|inf=2.196165e-08  r/r0=1.7036e-06
[mg]   it 1280  |r|inf=2.193356e-08  r/r0=1.7014e-06
[mg]   it 1281  |r|inf=2.190505e-08  r/r0=1.6992e-06
[mg]   it 1282  |r|inf=2.187615e-08  r/r0=1.6969e-06
[mg]   it 1283  |r|inf=2.184684e-08  r/r0=1.6947e-06
[mg]   it 1284  |r|inf=2.181714e-08  r/r0=1.6924e-06
[mg]   it 1285  |r|inf=2.178704e-08  r/r0=1.6900e-06
[mg]   it 1286  |r|inf=2.175655e-08  r/r0=1.6877e-06
[mg]   it 1287  |r|inf=2.172567e-08  r/r0=1.6853e-06
[mg]   it 1288  |r|inf=2.169440e-08  r/r0=1.6828e-06
[mg]   it 1289  |r|inf=2.166274e-08  r/r0=1.6804e-06
[mg]   it 1290  |r|inf=2.163071e-08  r/r0=1.6779e-06
[mg]   it 1291  |r|inf=2.159829e-08  r/r0=1.6754e-06
[mg]   it 1292  |r|inf=2.156549e-08  r/r0=1.6728e-06
[mg]   it 1293  |r|inf=2.153232e-08  r/r0=1.6703e-06
[mg]   it 1294  |r|inf=2.149878e-08  r/r0=1.6677e-06
[mg]   it 1295  |r|inf=2.146486e-08  r/r0=1.6650e-06
[mg]   it 1296  |r|inf=2.143058e-08  r/r0=1.6624e-06
[mg]   it 1297  |r|inf=2.139593e-08  r/r0=1.6597e-06
[mg]   it 1298  |r|inf=2.136092e-08  r/r0=1.6570e-06
[mg]   it 1299  |r|inf=2.132554e-08  r/r0=1.6542e-06
[mg]   it 1300  |r|inf=2.128981e-08  r/r0=1.6515e-06
[mg]   it 1301  |r|inf=2.125373e-08  r/r0=1.6487e-06
[mg]   it 1302  |r|inf=2.121729e-08  r/r0=1.6458e-06
[mg]   it 1303  |r|inf=2.118050e-08  r/r0=1.6430e-06
[mg]   it 1304  |r|inf=2.114336e-08  r/r0=1.6401e-06
[mg]   it 1305  |r|inf=2.110588e-08  r/r0=1.6372e-06
[mg]   it 1306  |r|inf=2.106805e-08  r/r0=1.6343e-06
[mg]   it 1307  |r|inf=2.102988e-08  r/r0=1.6313e-06
[mg]   it 1308  |r|inf=2.099138e-08  r/r0=1.6283e-06
[mg]   it 1309  |r|inf=2.095254e-08  r/r0=1.6253e-06
[mg]   it 1310  |r|inf=2.091336e-08  r/r0=1.6223e-06
[mg]   it 1311  |r|inf=2.087385e-08  r/r0=1.6192e-06
[mg]   it 1312  |r|inf=2.083402e-08  r/r0=1.6161e-06
[mg]   it 1313  |r|inf=2.079386e-08  r/r0=1.6130e-06
[mg]   it 1314  |r|inf=2.075337e-08  r/r0=1.6098e-06
[mg]   it 1315  |r|inf=2.071257e-08  r/r0=1.6067e-06
[mg]   it 1316  |r|inf=2.067144e-08  r/r0=1.6035e-06
[mg]   it 1317  |r|inf=2.063000e-08  r/r0=1.6003e-06
[mg]   it 1318  |r|inf=2.058825e-08  r/r0=1.5970e-06
[mg]   it 1319  |r|inf=2.054618e-08  r/r0=1.5938e-06
[mg]   it 1320  |r|inf=2.050381e-08  r/r0=1.5905e-06
[mg]   it 1321  |r|inf=2.046112e-08  r/r0=1.5872e-06
[mg]   it 1322  |r|inf=2.041814e-08  r/r0=1.5838e-06
[mg]   it 1323  |r|inf=2.037485e-08  r/r0=1.5805e-06
[mg]   it 1324  |r|inf=2.033126e-08  r/r0=1.5771e-06
[mg]   it 1325  |r|inf=2.028737e-08  r/r0=1.5737e-06
[mg]   it 1326  |r|inf=2.024319e-08  r/r0=1.5703e-06
[mg]   it 1327  |r|inf=2.019872e-08  r/r0=1.5668e-06
[mg]   it 1328  |r|inf=2.015396e-08  r/r0=1.5633e-06
[mg]   it 1329  |r|inf=2.010891e-08  r/r0=1.5599e-06
[mg]   it 1330  |r|inf=2.006357e-08  r/r0=1.5563e-06
[mg]   it 1331  |r|inf=2.001795e-08  r/r0=1.5528e-06
[mg]   it 1332  |r|inf=1.997205e-08  r/r0=1.5492e-06
[mg]   it 1333  |r|inf=1.992587e-08  r/r0=1.5457e-06
[mg]   it 1334  |r|inf=1.987941e-08  r/r0=1.5421e-06
[mg]   it 1335  |r|inf=1.983268e-08  r/r0=1.5384e-06
[mg]   it 1336  |r|inf=1.978568e-08  r/r0=1.5348e-06
[mg]   it 1337  |r|inf=1.973841e-08  r/r0=1.5311e-06
[mg]   it 1338  |r|inf=1.969087e-08  r/r0=1.5274e-06
[mg]   it 1339  |r|inf=1.964307e-08  r/r0=1.5237e-06
[mg]   it 1340  |r|inf=1.959501e-08  r/r0=1.5200e-06
[mg]   it 1341  |r|inf=1.954668e-08  r/r0=1.5162e-06
[mg]   it 1342  |r|inf=1.949810e-08  r/r0=1.5125e-06
[mg]   it 1343  |r|inf=1.944926e-08  r/r0=1.5087e-06
[mg]   it 1344  |r|inf=1.940016e-08  r/r0=1.5049e-06
[mg]   it 1345  |r|inf=1.935082e-08  r/r0=1.5010e-06
[mg]   it 1346  |r|inf=1.930122e-08  r/r0=1.4972e-06
[mg]   it 1347  |r|inf=1.925138e-08  r/r0=1.4933e-06
[mg]   it 1348  |r|inf=1.920129e-08  r/r0=1.4895e-06
[mg]   it 1349  |r|inf=1.915096e-08  r/r0=1.4855e-06
[mg]   it 1350  |r|inf=1.910039e-08  r/r0=1.4816e-06
[mg]   it 1351  |r|inf=1.904959e-08  r/r0=1.4777e-06
[mg]   it 1352  |r|inf=1.899854e-08  r/r0=1.4737e-06
[mg]   it 1353  |r|inf=1.894726e-08  r/r0=1.4697e-06
[mg]   it 1354  |r|inf=1.889575e-08  r/r0=1.4657e-06
[mg]   it 1355  |r|inf=1.884401e-08  r/r0=1.4617e-06
[mg]   it 1356  |r|inf=1.879204e-08  r/r0=1.4577e-06
[mg]   it 1357  |r|inf=1.873985e-08  r/r0=1.4537e-06
[mg]   it 1358  |r|inf=1.868743e-08  r/r0=1.4496e-06
[mg]   it 1359  |r|inf=1.863479e-08  r/r0=1.4455e-06
[mg]   it 1360  |r|inf=1.858193e-08  r/r0=1.4414e-06
[mg]   it 1361  |r|inf=1.852885e-08  r/r0=1.4373e-06
[mg]   it 1362  |r|inf=1.847556e-08  r/r0=1.4332e-06
[mg]   it 1363  |r|inf=1.842206e-08  r/r0=1.4290e-06
[mg]   it 1364  |r|inf=1.836834e-08  r/r0=1.4248e-06
[mg]   it 1365  |r|inf=1.831441e-08  r/r0=1.4207e-06
[mg]   it 1366  |r|inf=1.826028e-08  r/r0=1.4165e-06
[mg]   it 1367  |r|inf=1.820594e-08  r/r0=1.4122e-06
[mg]   it 1368  |r|inf=1.815140e-08  r/r0=1.4080e-06
[mg]   it 1369  |r|inf=1.809666e-08  r/r0=1.4038e-06
[mg]   it 1370  |r|inf=1.804171e-08  r/r0=1.3995e-06
[mg]   it 1371  |r|inf=1.798657e-08  r/r0=1.3952e-06
[mg]   it 1372  |r|inf=1.793123e-08  r/r0=1.3909e-06
[mg]   it 1373  |r|inf=1.787570e-08  r/r0=1.3866e-06
[mg]   it 1374  |r|inf=1.781998e-08  r/r0=1.3823e-06
[mg]   it 1375  |r|inf=1.776407e-08  r/r0=1.3780e-06
[mg]   it 1376  |r|inf=1.770797e-08  r/r0=1.3736e-06
[mg]   it 1377  |r|inf=1.765168e-08  r/r0=1.3692e-06
[mg]   it 1378  |r|inf=1.759521e-08  r/r0=1.3649e-06
[mg]   it 1379  |r|inf=1.753856e-08  r/r0=1.3605e-06
[mg]   it 1380  |r|inf=1.748173e-08  r/r0=1.3561e-06
[mg]   it 1381  |r|inf=1.742472e-08  r/r0=1.3516e-06
[mg]   it 1382  |r|inf=1.736753e-08  r/r0=1.3472e-06
[mg]   it 1383  |r|inf=1.731017e-08  r/r0=1.3428e-06
[mg]   it 1384  |r|inf=1.725263e-08  r/r0=1.3383e-06
[mg]   it 1385  |r|inf=1.719492e-08  r/r0=1.3338e-06
[mg]   it 1386  |r|inf=1.713704e-08  r/r0=1.3293e-06
[mg]   it 1387  |r|inf=1.707900e-08  r/r0=1.3248e-06
[mg]   it 1388  |r|inf=1.702078e-08  r/r0=1.3203e-06
[mg]   it 1389  |r|inf=1.696241e-08  r/r0=1.3158e-06
[mg]   it 1390  |r|inf=1.690387e-08  r/r0=1.3112e-06
[mg]   it 1391  |r|inf=1.684517e-08  r/r0=1.3067e-06
[mg]   it 1392  |r|inf=1.678631e-08  r/r0=1.3021e-06
[mg]   it 1393  |r|inf=1.672729e-08  r/r0=1.2975e-06
[mg]   it 1394  |r|inf=1.666812e-08  r/r0=1.2930e-06
[mg]   it 1395  |r|inf=1.660879e-08  r/r0=1.2883e-06
[mg]   it 1396  |r|inf=1.654931e-08  r/r0=1.2837e-06
[mg]   it 1397  |r|inf=1.648968e-08  r/r0=1.2791e-06
[mg]   it 1398  |r|inf=1.647274e-08  r/r0=1.2778e-06
[mg]   it 1399  |r|inf=1.654870e-08  r/r0=1.2837e-06
[mg]   it 1400  |r|inf=1.662432e-08  r/r0=1.2896e-06
[mg]   it 1401  |r|inf=1.669958e-08  r/r0=1.2954e-06
[mg]   it 1402  |r|inf=1.677450e-08  r/r0=1.3012e-06
[mg]   it 1403  |r|inf=1.684907e-08  r/r0=1.3070e-06
[mg]   it 1404  |r|inf=1.692330e-08  r/r0=1.3127e-06
[mg]   it 1405  |r|inf=1.699717e-08  r/r0=1.3185e-06
[mg]   it 1406  |r|inf=1.707070e-08  r/r0=1.3242e-06
[mg]   it 1407  |r|inf=1.714388e-08  r/r0=1.3299e-06
[mg]   it 1408  |r|inf=1.721672e-08  r/r0=1.3355e-06
[mg]   it 1409  |r|inf=1.728921e-08  r/r0=1.3411e-06
[mg]   it 1410  |r|inf=1.736135e-08  r/r0=1.3467e-06
[mg]   it 1411  |r|inf=1.743315e-08  r/r0=1.3523e-06
[mg]   it 1412  |r|inf=1.750460e-08  r/r0=1.3578e-06
[mg]   it 1413  |r|inf=1.757571e-08  r/r0=1.3634e-06
[mg]   it 1414  |r|inf=1.764647e-08  r/r0=1.3688e-06
[mg]   it 1415  |r|inf=1.771689e-08  r/r0=1.3743e-06
[mg]   it 1416  |r|inf=1.778697e-08  r/r0=1.3797e-06
[mg]   it 1417  |r|inf=1.785670e-08  r/r0=1.3852e-06
[mg]   it 1418  |r|inf=1.792610e-08  r/r0=1.3905e-06
[mg]   it 1419  |r|inf=1.799515e-08  r/r0=1.3959e-06
[mg]   it 1420  |r|inf=1.806385e-08  r/r0=1.4012e-06
[mg]   it 1421  |r|inf=1.813222e-08  r/r0=1.4065e-06
[mg]   it 1422  |r|inf=1.820024e-08  r/r0=1.4118e-06
[mg]   it 1423  |r|inf=1.826793e-08  r/r0=1.4170e-06
[mg]   it 1424  |r|inf=1.833527e-08  r/r0=1.4223e-06
[mg]   it 1425  |r|inf=1.840228e-08  r/r0=1.4275e-06
[mg]   it 1426  |r|inf=1.846895e-08  r/r0=1.4326e-06
[mg]   it 1427  |r|inf=1.853527e-08  r/r0=1.4378e-06
[mg]   it 1428  |r|inf=1.860126e-08  r/r0=1.4429e-06
[mg]   it 1429  |r|inf=1.866692e-08  r/r0=1.4480e-06
[mg]   it 1430  |r|inf=1.873223e-08  r/r0=1.4531e-06
[mg]   it 1431  |r|inf=1.879721e-08  r/r0=1.4581e-06
[mg]   it 1432  |r|inf=1.886185e-08  r/r0=1.4631e-06
[mg]   it 1433  |r|inf=1.892616e-08  r/r0=1.4681e-06
[mg]   it 1434  |r|inf=1.899013e-08  r/r0=1.4731e-06
[mg]   it 1435  |r|inf=1.905377e-08  r/r0=1.4780e-06
[mg]   it 1436  |r|inf=1.911707e-08  r/r0=1.4829e-06
[mg]   it 1437  |r|inf=1.918004e-08  r/r0=1.4878e-06
[mg]   it 1438  |r|inf=1.924267e-08  r/r0=1.4927e-06
[mg]   it 1439  |r|inf=1.930498e-08  r/r0=1.4975e-06
[mg]   it 1440  |r|inf=1.936695e-08  r/r0=1.5023e-06
[mg]   it 1441  |r|inf=1.942859e-08  r/r0=1.5071e-06
[mg]   it 1442  |r|inf=1.948990e-08  r/r0=1.5118e-06
[mg]   it 1443  |r|inf=1.955088e-08  r/r0=1.5166e-06
[mg]   it 1444  |r|inf=1.961152e-08  r/r0=1.5213e-06
[mg]   it 1445  |r|inf=1.967184e-08  r/r0=1.5260e-06
[mg]   it 1446  |r|inf=1.973183e-08  r/r0=1.5306e-06
[mg]   it 1447  |r|inf=1.979150e-08  r/r0=1.5352e-06
[mg]   it 1448  |r|inf=1.985083e-08  r/r0=1.5398e-06
[mg]   it 1449  |r|inf=1.990984e-08  r/r0=1.5444e-06
[mg]   it 1450  |r|inf=1.996852e-08  r/r0=1.5490e-06
[mg]   it 1451  |r|inf=2.002688e-08  r/r0=1.5535e-06
[mg]   it 1452  |r|inf=2.008490e-08  r/r0=1.5580e-06
[mg]   it 1453  |r|inf=2.014261e-08  r/r0=1.5625e-06
[mg]   it 1454  |r|inf=2.019999e-08  r/r0=1.5669e-06
[mg]   it 1455  |r|inf=2.025705e-08  r/r0=1.5713e-06
[mg]   it 1456  |r|inf=2.031378e-08  r/r0=1.5757e-06
[mg]   it 1457  |r|inf=2.037019e-08  r/r0=1.5801e-06
[mg]   it 1458  |r|inf=2.042628e-08  r/r0=1.5845e-06
[mg]   it 1459  |r|inf=2.048205e-08  r/r0=1.5888e-06
[mg]   it 1460  |r|inf=2.053750e-08  r/r0=1.5931e-06
[mg]   it 1461  |r|inf=2.059262e-08  r/r0=1.5974e-06
[mg]   it 1462  |r|inf=2.064743e-08  r/r0=1.6016e-06
[mg]   it 1463  |r|inf=2.070192e-08  r/r0=1.6059e-06
[mg]   it 1464  |r|inf=2.075609e-08  r/r0=1.6101e-06
[mg]   it 1465  |r|inf=2.080994e-08  r/r0=1.6142e-06
[mg]   it 1466  |r|inf=2.086348e-08  r/r0=1.6184e-06
[mg]   it 1467  |r|inf=2.091669e-08  r/r0=1.6225e-06
[mg]   it 1468  |r|inf=2.096960e-08  r/r0=1.6266e-06
[mg]   it 1469  |r|inf=2.102218e-08  r/r0=1.6307e-06
[mg]   it 1470  |r|inf=2.107445e-08  r/r0=1.6348e-06
[mg]   it 1471  |r|inf=2.112641e-08  r/r0=1.6388e-06
[mg]   it 1472  |r|inf=2.117806e-08  r/r0=1.642[run] step 2/3
8e-06
[mg]   it 1473  |r|inf=2.122939e-08  r/r0=1.6468e-06
[mg]   it 1474  |r|inf=2.128041e-08  r/r0=1.6507e-06
[mg]   it 1475  |r|inf=2.133111e-08  r/r0=1.6547e-06
[mg]   it 1476  |r|inf=2.138151e-08  r/r0=1.6586e-06
[mg]   it 1477  |r|inf=2.143159e-08  r/r0=1.6625e-06
[mg]   it 1478  |r|inf=2.148137e-08  r/r0=1.6663e-06
[mg]   it 1479  |r|inf=2.153083e-08  r/r0=1.6702e-06
[mg]   it 1480  |r|inf=2.157999e-08  r/r0=1.6740e-06
[mg]   it 1481  |r|inf=2.162884e-08  r/r0=1.6778e-06
[mg]   it 1482  |r|inf=2.167738e-08  r/r0=1.6815e-06
[mg]   it 1483  |r|inf=2.172561e-08  r/r0=1.6853e-06
[mg]   it 1484  |r|inf=2.177354e-08  r/r0=1.6890e-06
[mg]   it 1485  |r|inf=2.182116e-08  r/r0=1.6927e-06
[mg]   it 1486  |r|inf=2.186848e-08  r/r0=1.6963e-06
[mg]   it 1487  |r|inf=2.191549e-08  r/r0=1.7000e-06
[mg]   it 1488  |r|inf=2.196220e-08  r/r0=1.7036e-06
[mg]   it 1489  |r|inf=2.200860e-08  r/r0=1.7072e-06
[mg]   it 1490  |r|inf=2.205470e-08  r/r0=1.7108e-06
[mg]   it 1491  |r|inf=2.210050e-08  r/r0=1.7143e-06
[mg]   it 1492  |r|inf=2.214600e-08  r/r0=1.7179e-06
[mg]   it 1493  |r|inf=2.219120e-08  r/r0=1.7214e-06
[mg]   it 1494  |r|inf=2.223609e-08  r/r0=1.7249e-06
[mg]   it 1495  |r|inf=2.228069e-08  r/r0=1.7283e-06
[mg]   it 1496  |r|inf=2.232499e-08  r/r0=1.7318e-06
[mg]   it 1497  |r|inf=2.236898e-08  r/r0=1.7352e-06
[mg]   it 1498  |r|inf=2.241269e-08  r/r0=1.7386e-06
[mg]   it 1499  |r|inf=2.245609e-08  r/r0=1.7419e-06
[mg]   it 1500  |r|inf=2.249920e-08  r/r0=1.7453e-06
[mg] solve 2: r0=1.127436e-02 rtol=1.0e-09 (pre=2 post=2 bottom=12)
[mg]   it   1  |r|inf=1.787394e-02  r/r0=1.5854e+00
[mg]   it   2  |r|inf=4.519802e-03  r/r0=4.0089e-01
[mg]   it   3  |r|inf=1.197912e-03  r/r0=1.0625e-01
[mg]   it   4  |r|inf=6.587061e-04  r/r0=5.8425e-02
[mg]   it   5  |r|inf=2.052914e-04  r/r0=1.8209e-02
[mg]   it   6  |r|inf=1.399475e-04  r/r0=1.2413e-02
[mg]   it   7  |r|inf=9.891840e-05  r/r0=8.7737e-03
[mg]   it   8  |r|inf=4.836014e-05  r/r0=4.2894e-03
[mg]   it   9  |r|inf=3.192343e-05  r/r0=2.8315e-03
[mg]   it  10  |r|inf=2.852325e-05  r/r0=2.5299e-03
[mg]   it  11  |r|inf=2.128624e-05  r/r0=1.8880e-03
[mg]   it  12  |r|inf=1.609243e-05  r/r0=1.4273e-03
[mg]   it  13  |r|inf=1.155684e-05  r/r0=1.0251e-03
[mg]   it  14  |r|inf=1.087690e-05  r/r0=9.6475e-04
[mg]   it  15  |r|inf=7.215691e-06  r/r0=6.4001e-04
[mg]   it  16  |r|inf=7.031758e-06  r/r0=6.2369e-04
[mg]   it  17  |r|inf=5.056996e-06  r/r0=4.4854e-04
[mg]   it  18  |r|inf=4.169054e-06  r/r0=3.6978e-04
[mg]   it  19  |r|inf=2.349500e-06  r/r0=2.0839e-04
[mg]   it  20  |r|inf=2.010274e-06  r/r0=1.7830e-04
[mg]   it  21  |r|inf=1.926225e-06  r/r0=1.7085e-04
[mg]   it  22  |r|inf=6.752317e-07  r/r0=5.9891e-05
[mg]   it  23  |r|inf=1.318419e-06  r/r0=1.1694e-04
[mg]   it  24  |r|inf=3.131292e-07  r/r0=2.7774e-05
[mg]   it  25  |r|inf=6.761280e-07  r/r0=5.9970e-05
[mg]   it  26  |r|inf=3.550339e-07  r/r0=3.1490e-05
[mg]   it  27  |r|inf=3.939414e-07  r/r0=3.4941e-05
[mg]   it  28  |r|inf=2.613092e-07  r/r0=2.3177e-05
[mg]   it  29  |r|inf=2.383692e-07  r/r0=2.1143e-05
[mg]   it  30  |r|inf=1.527914e-07  r/r0=1.3552e-05
[mg]   it  31  |r|inf=1.941258e-07  r/r0=1.7218e-05
[mg]   it  32  |r|inf=5.377071e-08  r/r0=4.7693e-06
[mg]   it  33  |r|inf=1.414673e-07  r/r0=1.2548e-05
[mg]   it  34  |r|inf=6.032985e-08  r/r0=5.3511e-06
[mg]   it  35  |r|inf=5.732186e-08  r/r0=5.0843e-06
[mg]   it  36  |r|inf=8.264681e-08  r/r0=7.3305e-06
[mg]   it  37  |r|inf=3.955261e-08  r/r0=3.5082e-06
[mg]   it  38  |r|inf=4.159851e-08  r/r0=3.6897e-06
[mg]   it  39  |r|inf=6.469686e-08  r/r0=5.7384e-06
[mg]   it  40  |r|inf=4.801774e-08  r/r0=4.2590e-06
[mg]   it  41  |r|inf=2.341969e-08  r/r0=2.0773e-06
[mg]   it  42  |r|inf=2.904780e-08  r/r0=2.5764e-06
[mg]   it  43  |r|inf=4.093193e-08  r/r0=3.6305e-06
[mg]   it  44  |r|inf=3.804765e-08  r/r0=3.3747e-06
[mg]   it  45  |r|inf=2.231959e-08  r/r0=1.9797e-06
[mg]   it  46  |r|inf=1.452302e-08  r/r0=1.2881e-06
[mg]   it  47  |r|inf=1.896187e-08  r/r0=1.6819e-06
[mg]   it  48  |r|inf=2.518329e-08  r/r0=2.2337e-06
[mg]   it  49  |r|inf=2.814691e-08  r/r0=2.4965e-06
[mg]   it  50  |r|inf=2.458080e-08  r/r0=2.1802e-06
[mg]   it  51  |r|inf=1.662152e-08  r/r0=1.4743e-06
[mg]   it  52  |r|inf=1.360558e-08  r/r0=1.2068e-06
[mg]   it  53  |r|inf=9.678889e-09  r/r0=8.5849e-07
[mg]   it  54  |r|inf=1.480888e-08  r/r0=1.3135e-06
[mg]   it  55  |r|inf=1.748502e-08  r/r0=1.5509e-06
[mg]   it  56  |r|inf=2.027626e-08  r/r0=1.7984e-06
[mg]   it  57  |r|inf=2.069687e-08  r/r0=1.8357e-06
[mg]   it  58  |r|inf=1.878437e-08  r/r0=1.6661e-06
[mg]   it  59  |r|inf=1.492568e-08  r/r0=1.3239e-06
[mg]   it  60  |r|inf=1.245176e-08  r/r0=1.1044e-06
[mg]   it  61  |r|inf=1.086445e-08  r/r0=9.6364e-07
[mg]   it  62  |r|inf=8.529050e-09  r/r0=7.5650e-07
[mg]   it  63  |r|inf=9.764903e-09  r/r0=8.6612e-07
[mg]   it  64  |r|inf=1.236616e-08  r/r0=1.0968e-06
[mg]   it  65  |r|inf=1.406869e-08  r/r0=1.2478e-06
[mg]   it  66  |r|inf=1.559936e-08  r/r0=1.3836e-06
[mg]   it  67  |r|inf=1.700747e-08  r/r0=1.5085e-06
[mg]   it  68  |r|inf=1.750135e-08  r/r0=1.5523e-06
[mg]   it  69  |r|inf=1.708479e-08  r/r0=1.5154e-06
[mg]   it  70  |r|inf=1.580704e-08  r/r0=1.4020e-06
[mg]   it  71  |r|inf=1.378001e-08  r/r0=1.2222e-06
[mg]   it  72  |r|inf=1.143443e-08  r/r0=1.0142e-06
[mg]   it  73  |r|inf=1.108203e-08  r/r0=9.8294e-07
[mg]   it  74  |r|inf=1.029044e-08  r/r0=9.1273e-07
[mg]   it  75  |r|inf=9.160211e-09  r/r0=8.1248e-07
[mg]   it  76  |r|inf=7.792080e-09  r/r0=6.9113e-07
[mg]   it  77  |r|inf=7.596166e-09  r/r0=6.7376e-07
[mg]   it  78  |r|inf=9.244739e-09  r/r0=8.1998e-07
[mg]   it  79  |r|inf=1.054777e-08  r/r0=9.3555e-07
[mg]   it  80  |r|inf=1.152029e-08  r/r0=1.0218e-06
[mg]   it  81  |r|inf=1.217894e-08  r/r0=1.0802e-06
[mg]   it  82  |r|inf=1.278053e-08  r/r0=1.1336e-06
[mg]   it  83  |r|inf=1.364505e-08  r/r0=1.2103e-06
[mg]   it  84  |r|inf=1.419690e-08  r/r0=1.2592e-06
[mg]   it  85  |r|inf=1.443630e-08  r/r0=1.2805e-06
[mg]   it  86  |r|inf=1.436591e-08  r/r0=1.2742e-06
[mg]   it  87  |r|inf=1.399347e-08  r/r0=1.2412e-06
[mg]   it  88  |r|inf=1.333397e-08  r/r0=1.1827e-06
[mg]   it  89  |r|inf=1.241099e-08  r/r0=1.1008e-06
[mg]   it  90  |r|inf=1.125667e-08  r/r0=9.9843e-07
[mg]   it  91  |r|inf=9.910341e-09  r/r0=8.7902e-07
[mg]   it  92  |r|inf=9.682702e-09  r/r0=8.5882e-07
[mg]   it  93  |r|inf=9.507180e-09  r/r0=8.4326e-07
[mg]   it  94  |r|inf=9.174725e-09  r/r0=8.1377e-07
[mg]   it  95  |r|inf=8.706570e-09  r/r0=7.7224e-07
[mg]   it  96  |r|inf=8.125135e-09  r/r0=7.2067e-07
[mg]   it  97  |r|inf=7.452433e-09  r/r0=6.6101e-07
[mg]   it  98  |r|inf=6.708894e-09  r/r0=5.9506e-07
[mg]   it  99  |r|inf=6.347665e-09  r/r0=5.6302e-07
[mg]   it 100  |r|inf=7.307214e-09  r/r0=6.4813e-07
[mg]   it 101  |r|inf=8.147579e-09  r/r0=7.2266e-07
[mg]   it 102  |r|inf=8.871337e-09  r/r0=7.8686e-07
[mg]   it 103  |r|inf=9.482009e-09  r/r0=8.4102e-07
[mg]   it 104  |r|inf=9.983455e-09  r/r0=8.8550e-07
[mg]   it 105  |r|inf=1.037947e-08  r/r0=9.2063e-07
[mg]   it 106  |r|inf=1.067352e-08  r/r0=9.4671e-07
[mg]   it 107  |r|inf=1.086870e-08  r/r0=9.6402e-07
[mg]   it 108  |r|inf=1.135370e-08  r/r0=1.0070e-06
[mg]   it 109  |r|inf=1.179432e-08  r/r0=1.0461e-06
[mg]   it 110  |r|inf=1.213250e-08  r/r0=1.0761e-06
[mg]   it 111  |r|inf=1.236796e-08  r/r0=1.0970e-06
[mg]   it 112  |r|inf=1.250056e-08  r/r0=1.1088e-06
[mg]   it 113  |r|inf=1.253046e-08  r/r0=1.1114e-06
[mg]   it 114  |r|inf=1.245841e-08  r/r0=1.1050e-06
[mg]   it 115  |r|inf=1.228594e-08  r/r0=1.0897e-06
[mg]   it 116  |r|inf=1.201553e-08  r/r0=1.0657e-06
[mg]   it 117  |r|inf=1.165073e-08  r/r0=1.0334e-06
[mg]   it 118  |r|inf=1.119627e-08  r/r0=9.9307e-07
[mg]   it 119  |r|inf=1.065803e-08  r/r0=9.4533e-07
[mg]   it 120  |r|inf=1.004299e-08  r/r0=8.9078e-07
[mg]   it 121  |r|inf=9.359069e-09  r/r0=8.3012e-07
[mg]   it 122  |r|inf=8.763928e-09  r/r0=7.7733e-07
[mg]   it 123  |r|inf=8.811762e-09  r/r0=7.8158e-07
[mg]   it 124  |r|inf=8.796686e-09  r/r0=7.8024e-07
[mg]   it 125  |r|inf=8.721728e-09  r/r0=7.7359e-07
[mg]   it 126  |r|inf=8.590556e-09  r/r0=7.6195e-07
[mg]   it 127  |r|inf=8.407326e-09  r/r0=7.4570e-07
[mg]   it 128  |r|inf=8.176523e-09  r/r0=7.2523e-07
[mg]   it 129  |r|inf=7.902811e-09  r/r0=7.0095e-07
[mg]   it 130  |r|inf=7.590892e-09  r/r0=6.7329e-07
[mg]   it 131  |r|inf=7.245390e-09  r/r0=6.4264e-07
[mg]   it 132  |r|inf=6.870749e-09  r/r0=6.0941e-07
[mg]   it 133  |r|inf=6.471162e-09  r/r0=5.7397e-07
[mg]   it 134  |r|inf=6.050520e-09  r/r0=5.3666e-07
[mg]   it 135  |r|inf=6.017639e-09  r/r0=5.3375e-07
[mg]   it 136  |r|inf=6.559146e-09  r/r0=5.8178e-07
[mg]   it 137  |r|inf=7.060054e-09  r/r0=6.2620e-07
[mg]   it 138  |r|inf=7.520774e-09  r/r0=6.6707e-07
[mg]   it 139  |r|inf=7.941914e-09  r/r0=7.0442e-07
[mg]   it 140  |r|inf=8.324213e-09  r/r0=7.3833e-07
[mg]   it 141  |r|inf=8.668490e-09  r/r0=7.6887e-07
[mg]   it 142  |r|inf=8.975595e-09  r/r0=7.9611e-07
[mg]   it 143  |r|inf=9.246381e-09  r/r0=8.2012e-07
[mg]   it 144  |r|inf=9.481674e-09  r/r0=8.4099e-07
[mg]   it 145  |r|inf=9.682256e-09  r/r0=8.5879e-07
[mg]   it 146  |r|inf=9.848855e-09  r/r0=8.7356e-07
[mg]   it 147  |r|inf=9.982141e-09  r/r0=8.8538e-07
[mg]   it 148  |r|inf=1.008272e-08  r/r0=8.9431e-07
[mg]   it 149  |r|inf=1.019386e-08  r/r0=9.0416e-07
[mg]   it 150  |r|inf=1.048146e-08  r/r0=9.2967e-07
[mg]   it 151  |r|inf=1.073556e-08  r/r0=9.5221e-07
[mg]   it 152  |r|inf=1.095608e-08  r/r0=9.7177e-07
[mg]   it 153  |r|inf=1.114298e-08  r/r0=9.8835e-07
[mg]   it 154  |r|inf=1.129617e-08  r/r0=1.0019e-06
[mg]   it 155  |r|inf=1.141557e-08  r/r0=1.0125e-06
[mg]   it 156  |r|inf=1.150114e-08  r/r0=1.0201e-06
[mg]   it 157  |r|inf=1.155285e-08  r/r0=1.0247e-06
[mg]   it 158  |r|inf=1.157075e-08  r/r0=1.0263e-06
[mg]   it 159  |r|inf=1.155494e-08  r/r0=1.0249e-06
[mg]   it 160  |r|inf=1.150562e-08  r/r0=1.0205e-06
[mg]   it 161  |r|inf=1.142307e-08  r/r0=1.0132e-06
[mg]   it 162  |r|inf=1.130771e-08  r/r0=1.0030e-06
[mg]   it 163  |r|inf=1.116007e-08  r/r0=9.8986e-07
[mg]   it 164  |r|inf=1.098081e-08  r/r0=9.7396e-07
[mg]   it 165  |r|inf=1.077074e-08  r/r0=9.5533e-07
[mg]   it 166  |r|inf=1.053082e-08  r/r0=9.3405e-07
[mg]   it 167  |r|inf=1.026212e-08  r/r0=9.1022e-07
[mg]   it 168  |r|inf=9.965875e-09  r/r0=8.8394e-07
[mg]   it 169  |r|inf=9.643443e-09  r/r0=8.5534e-07
[mg]   it 170  |r|inf=9.296304e-09  r/r0=8.2455e-07
[mg]   it 171  |r|inf=8.926046e-09  r/r0=7.9171e-07
[mg]   it 172  |r|inf=8.534352e-09  r/r0=7.5697e-07
[mg]   it 173  |r|inf=8.326838e-09  r/r0=7.3856e-07
[mg]   it 174  |r|inf=8.383194e-09  r/r0=7.4356e-07
[mg]   it 175  |r|inf=8.417582e-09  r/r0=7.4661e-07
[mg]   it 176  |r|inf=8.430439e-09  r/r0=7.4775e-07
[mg]   it 177  |r|inf=8.422303e-09  r/r0=7.4703e-07
[mg]   it 178  |r|inf=8.393801e-09  r/r0=7.4450e-07
[mg]   it 179  |r|inf=8.345638e-09  r/r0=7.4023e-07
[mg]   it 180  |r|inf=8.278588e-09  r/r0=7.3428e-07
[mg]   it 181  |r|inf=8.193483e-09  r/r0=7.2674e-07
[mg]   it 182  |r|inf=8.091198e-09  r/r0=7.1766e-07
[mg]   it 183  |r|inf=7.972644e-09  r/r0=7.0715e-07
[mg]   it 184  |r|inf=7.838750e-09  r/r0=6.9527e-07
[mg]   it 185  |r|inf=7.690463e-09  r/r0=6.8212e-07
[mg]   it 186  |r|inf=7.528728e-09  r/r0=6.6777e-07
[mg]   it 187  |r|inf=7.354486e-09  r/r0=6.5232e-07
[mg]   it 188  |r|inf=7.168661e-09  r/r0=6.3584e-07
[mg]   it 189  |r|inf=6.972159e-09  r/r0=6.1841e-07
[mg]   it 190  |r|inf=6.765858e-09  r/r0=6.0011e-07
[mg]   it 191  |r|inf=6.550602e-09  r/r0=5.8102e-07
[mg]   it 192  |r|inf=6.327204e-09  r/r0=5.6120e-07
[mg]   it 193  |r|inf=6.096436e-09  r/r0=5.4073e-07
[mg]   it 194  |r|inf=5.859029e-09  r/r0=5.1968e-07
[mg]   it 195  |r|inf=5.829298e-09  r/r0=5.1704e-07
[mg]   it 196  |r|inf=6.139275e-09  r/r0=5.4453e-07
[mg]   it 197  |r|inf=6.435595e-09  r/r0=5.7082e-07
[mg]   it 198  |r|inf=6.718321e-09  r/r0=5.9589e-07
[mg]   it 199  |r|inf=6.987546e-09  r/r0=6.1977e-07
[mg]   it 200  |r|inf=7.243389e-09  r/r0=6.4247e-07
[mg]   it 201  |r|inf=7.485990e-09  r/r0=6.6398e-07
[mg]   it 202  |r|inf=7.715507e-09  r/r0=6.8434e-07
[mg]   it 203  |r|inf=7.932106e-09  r/r0=7.0355e-07
[mg]   it 204  |r|inf=8.135965e-09  r/r0=7.2163e-07
[mg]   it 205  |r|inf=8.327266e-09  r/r0=7.3860e-07
[mg]   it 206  |r|inf=8.506191e-09  r/r0=7.5447e-07
[mg]   it 207  |r|inf=8.672926e-09  r/r0=7.6926e-07
[mg]   it 208  |r|inf=8.827652e-09  r/r0=7.8298e-07
[mg]   it 209  |r|inf=8.970546e-09  r/r0=7.9566e-07
[mg]   it 210  |r|inf=9.101783e-09  r/r0=8.0730e-07
[mg]   it 211  |r|inf=9.221528e-09  r/r0=8.1792e-07
[mg]   it 212  |r|inf=9.329941e-09  r/r0=8.2754e-07
[mg]   it 213  |r|inf=9.427174e-09  r/r0=8.3616e-07
[mg]   it 214  |r|inf=9.513373e-09  r/r0=8.4381e-07
[mg]   it 215  |r|inf=9.588673e-09  r/r0=8.5048e-07
[mg]   it 216  |r|inf=9.653204e-09  r/r0=8.5621e-07
[mg]   it 217  |r|inf=9.707088e-09  r/r0=8.6099e-07
[mg]   it 218  |r|inf=9.750438e-09  r/r0=8.6483e-07
[mg]   it 219  |r|inf=9.783363e-09  r/r0=8.6775e-07
[mg]   it 220  |r|inf=9.880297e-09  r/r0=8.7635e-07
[mg]   it 221  |r|inf=1.003543e-08  r/r0=8.9011e-07
[mg]   it 222  |r|inf=1.017977e-08  r/r0=9.0291e-07
[mg]   it 223  |r|inf=1.031330e-08  r/r0=9.1476e-07
[mg]   it 224  |r|inf=1.043602e-08  r/r0=9.2564e-07
[mg]   it 225  |r|inf=1.054791e-08  r/r0=9.3557e-07
[mg]   it 226  |r|inf=1.064897e-08  r/r0=9.4453e-07
[mg]   it 227  |r|inf=1.073918e-08  r/r0=9.5253e-07
[mg]   it 228  |r|inf=1.081852e-08  r/r0=9.5957e-07
[mg]   it 229  |r|inf=1.088699e-08  r/r0=9.6564e-07
[mg]   it 230  |r|inf=1.094456e-08  r/r0=9.7075e-07
[mg]   it 231  |r|inf=1.099124e-08  r/r0=9.7489e-07
[mg]   it 232  |r|inf=1.102701e-08  r/r0=9.7806e-07
[mg]   it 233  |r|inf=1.105187e-08  r/r0=9.8027e-07
[mg]   it 234  |r|inf=1.106584e-08  r/r0=9.8150e-07
[mg]   it 235  |r|inf=1.106893e-08  r/r0=9.8178e-07
[mg]   it 236  |r|inf=1.106116e-08  r/r0=9.8109e-07
[mg]   it 237  |r|inf=1.104256e-08  r/r0=9.7944e-07
[mg]   it 238  |r|inf=1.101317e-08  r/r0=9.7683e-07
[mg]   it 239  |r|inf=1.097306e-08  r/r0=9.7328e-07
[mg]   it 240  |r|inf=1.092228e-08  r/r0=9.6877e-07
[mg]   it 241  |r|inf=1.086091e-08  r/r0=9.6333e-07
[mg]   it 242  |r|inf=1.078906e-08  r/r0=9.5695e-07
[mg]   it 243  |r|inf=1.070681e-08  r/r0=9.4966e-07
[mg]   it 244  |r|inf=1.061431e-08  r/r0=9.4146e-07
[mg]   it 245  |r|inf=1.051169e-08  r/r0=9.3235e-07
[mg]   it 246  |r|inf=1.039909e-08  r/r0=9.2237e-07
[mg]   it 247  |r|inf=1.027670e-08  r/r0=9.1151e-07
[mg]   it 248  |r|inf=1.014468e-08  r/r0=8.9980e-07
[mg]   it 249  |r|inf=1.000325e-08  r/r0=8.8726e-07
[mg]   it 250  |r|inf=9.852623e-09  r/r0=8.7390e-07
[mg]   it 251  |r|inf=9.693024e-09  r/r0=8.5974e-07
[mg]   it 252  |r|inf=9.524700e-09  r/r0=8.4481e-07
[mg]   it 253  |r|inf=9.347913e-09  r/r0=8.2913e-07
[mg]   it 254  |r|inf=9.162935e-09  r/r0=8.1272e-07
[mg]   it 255  |r|inf=8.970051e-09  r/r0=7.9561e-07
[mg]   it 256  |r|inf=8.769560e-09  r/r0=7.7783e-07
[mg]   it 257  |r|inf=8.561770e-09  r/r0=7.5940e-07
[mg]   it 258  |r|inf=8.347000e-09  r/r0=7.4035e-07
[mg]   it 259  |r|inf=8.125577e-09  r/r0=7.2071e-07
[mg]   it 260  |r|inf=8.133539e-09  r/r0=7.2142e-07
[mg]   it 261  |r|inf=8.178529e-09  r/r0=7.2541e-07
[mg]   it 262  |r|inf=8.216178e-09  r/r0=7.2875e-07
[mg]   it 263  |r|inf=8.246543e-09  r/r0=7.3144e-07
[mg]   it 264  |r|inf=8.269694e-09  r/r0=7.3350e-07
[mg]   it 265  |r|inf=8.285712e-09  r/r0=7.3492e-07
[mg]   it 266  |r|inf=8.294692e-09  r/r0=7.3571e-07
[mg]   it 267  |r|inf=8.296738e-09  r/r0=7.3589e-07
[mg]   it 268  |r|inf=8.291963e-09  r/r0=7.3547e-07
[mg]   it 269  |r|inf=8.280492e-09  r/r0=7.3445e-07
[mg]   it 270  |r|inf=8.262457e-09  r/r0=7.3285e-07
[mg]   it 271  |r|inf=8.237999e-09  r/r0=7.3068e-07
[mg]   it 272  |r|inf=8.207266e-09  r/r0=7.2796e-07
[mg]   it 273  |r|inf=8.170412e-09  r/r0=7.2469e-07
[mg]   it 274  |r|inf=8.127598e-09  r/r0=7.2089e-07
[mg]   it 275  |r|inf=8.078989e-09  r/r0=7.1658e-07
[mg]   it 276  |r|inf=8.024754e-09  r/r0=7.1177e-07
[mg]   it 277  |r|inf=7.965067e-09  r/r0=7.0648e-07
[mg]   it 278  |r|inf=7.900104e-09  r/r0=7.0071e-07
[mg]   it 279  |r|inf=7.830043e-09  r/r0=6.9450e-07
[mg]   it 280  |r|inf=7.755063e-09  r/r0=6.8785e-07
[mg]   it 281  |r|inf=7.675344e-09  r/r0=6.8078e-07
[mg]   it 282  |r|inf=7.591068e-09  r/r0=6.7330e-07
[mg]   it 283  |r|inf=7.502414e-09  r/r0=6.6544e-07
[mg]   it 284  |r|inf=7.409561e-09  r/r0=6.5720e-07
[mg]   it 285  |r|inf=7.312687e-09  r/r0=6.4861e-07
[mg]   it 286  |r|inf=7.211967e-09  r/r0=6.3968e-07
[mg]   it 287  |r|inf=7.107576e-09  r/r0=6.3042e-07
[mg]   it 288  |r|inf=6.999683e-09  r/r0=6.2085e-07
[mg]   it 289  |r|inf=6.888457e-09  r/r0=6.1098e-07
[mg]   it 290  |r|inf=6.774061e-09  r/r0=6.0084e-07
[mg]   it 291  |r|inf=6.656656e-09  r/r0=5.9042e-07
[mg]   it 292  |r|inf=6.536398e-09  r/r0=5.7976e-07
[mg]   it 293  |r|inf=6.413441e-09  r/r0=5.6885e-07
[mg]   it 294  |r|inf=6.287932e-09  r/r0=5.5772e-07
[mg]   it 295  |r|inf=6.160014e-09  r/r0=5.4637e-07
[mg]   it 296  |r|inf=6.029828e-09  r/r0=5.3483e-07
[mg]   it 297  |r|inf=5.897509e-09  r/r0=5.2309e-07
[mg]   it 298  |r|inf=5.763185e-09  r/r0=5.1118e-07
[mg]   it 299  |r|inf=5.889507e-09  r/r0=5.2238e-07
[mg]   it 300  |r|inf=6.061715e-09  r/r0=5.3765e-07
[mg]   it 301  |r|inf=6.229464e-09  r/r0=5.5253e-07
[mg]   it 302  |r|inf=6.392766e-09  r/r0=5.6702e-07
[mg]   it 303  |r|inf=6.551638e-09  r/r0=5.8111e-07
[mg]   it 304  |r|inf=6.706102e-09  r/r0=5.9481e-07
[mg]   it 305  |r|inf=6.856180e-09  r/r0=6.0812e-07
[mg]   it 306  |r|inf=7.001899e-09  r/r0=6.2105e-07
[mg]   it 307  |r|inf=7.143287e-09  r/r0=6.3359e-07
[mg]   it 308  |r|inf=7.280374e-09  r/r0=6.4575e-07
[mg]   it 309  |r|inf=7.413193e-09  r/r0=6.5753e-07
[mg]   it 310  |r|inf=7.541777e-09  r/r0=6.6893e-07
[mg]   it 311  |r|inf=7.666162e-09  r/r0=6.7996e-07
[mg]   it 312  |r|inf=7.786382e-09  r/r0=6.9063e-07
[mg]   it 313  |r|inf=7.902475e-09  r/r0=7.0092e-07
[mg]   it 314  |r|inf=8.014477e-09  r/r0=7.1086e-07
[mg]   it 315  |r|inf=8.122426e-09  r/r0=7.2043e-07
[mg]   it 316  |r|inf=8.226359e-09  r/r0=7.2965e-07
[mg]   it 317  |r|inf=8.326315e-09  r/r0=7.3852e-07
[mg]   it 318  |r|inf=8.422330e-09  r/r0=7.4703e-07
[mg]   it 319  |r|inf=8.514443e-09  r/r0=7.5520e-07
[mg]   it 320  |r|inf=8.602689e-09  r/r0=7.6303e-07
[mg]   it 321  |r|inf=8.687106e-09  r/r0=7.7052e-07
[mg]   it 322  |r|inf=8.767728e-09  r/r0=7.7767e-07
[mg]   it 323  |r|inf=8.844593e-09  r/r0=7.8449e-07
[mg]   it 324  |r|inf=8.917733e-09  r/r0=7.9097e-07
[mg]   it 325  |r|inf=8.987183e-09  r/r0=7.9713e-07
[mg]   it 326  |r|inf=9.052976e-09  r/r0=8.0297e-07
[mg]   it 327  |r|inf=9.115143e-09  r/r0=8.0848e-07
[mg]   it 328  |r|inf=9.173717e-09  r/r0=8.1368e-07
[mg]   it 329  |r|inf=9.228728e-09  r/r0=8.1856e-07
[mg]   it 330  |r|inf=9.280204e-09  r/r0=8.2312e-07
[mg]   it 331  |r|inf=9.328175e-09  r/r0=8.2738e-07
[mg]   it 332  |r|inf=9.372668e-09  r/r0=8.3133e-07
[mg]   it 333  |r|inf=9.413709e-09  r/r0=8.3497e-07
[mg]   it 334  |r|inf=9.451325e-09  r/r0=8.3830e-07
[mg]   it 335  |r|inf=9.485540e-09  r/r0=8.4134e-07
[mg]   it 336  |r|inf=9.516378e-09  r/r0=8.4407e-07
[mg]   it 337  |r|inf=9.543863e-09  r/r0=8.4651e-07
[mg]   it 338  |r|inf=9.568016e-09  r/r0=8.4865e-07
[mg]   it 339  |r|inf=9.588859e-09  r/r0=8.5050e-07
[mg]   it 340  |r|inf=9.606413e-09  r/r0=8.5206e-07
[mg]   it 341  |r|inf=9.620698e-09  r/r0=8.5333e-07
[mg]   it 342  |r|inf=9.631734e-09  r/r0=8.5430e-07
[mg]   it 343  |r|inf=9.668617e-09  r/r0=8.5758e-07
[mg]   it 344  |r|inf=9.753924e-09  r/r0=8.6514e-07
[mg]   it 345  |r|inf=9.835855e-09  r/r0=8.7241e-07
[mg]   it 346  |r|inf=9.914411e-09  r/r0=8.7938e-07
[mg]   it 347  |r|inf=9.989591e-09  r/r0=8.8604e-07
[mg]   it 348  |r|inf=1.006140e-08  r/r0=8.9241e-07
[mg]   it 349  |r|inf=1.012983e-08  r/r0=8.9848e-07
[mg]   it 350  |r|inf=1.019488e-08  r/r0=9.0425e-07
[mg]   it 351  |r|inf=1.025655e-08  r/r0=9.0972e-07
[mg]   it 352  |r|inf=1.031484e-08  r/r0=9.1489e-07
[mg]   it 353  |r|inf=1.036976e-08  r/r0=9.1976e-07
[mg]   it 354  |r|inf=1.042128e-08  r/r0=9.2433e-07
[mg]   it 355  |r|inf=1.046943e-08  r/r0=9.2860e-07
[mg]   it 356  |r|inf=1.051418e-08  r/r0=9.3257e-07
[mg]   it 357  |r|inf=1.055554e-08  r/r0=9.3624e-07
[mg]   it 358  |r|inf=1.059351e-08  r/r0=9.3961e-07
[mg]   it 359  |r|inf=1.062809e-08  r/r0=9.4268e-07
[mg]   it 360  |r|inf=1.065927e-08  r/r0=9.4544e-07
[mg]   it 361  |r|inf=1.068706e-08  r/r0=9.4791e-07
[mg]   it 362  |r|inf=1.071145e-08  r/r0=9.5007e-07
[mg]   it 363  |r|inf=1.073243e-08  r/r0=9.5193e-07
[mg]   it 364  |r|inf=1.075002e-08  r/r0=9.5349e-07
[mg]   it 365  |r|inf=1.076422e-08  r/r0=9.5475e-07
[mg]   it 366  |r|inf=1.077501e-08  r/r0=9.5571e-07
[mg]   it 367  |r|inf=1.078241e-08  r/r0=9.5637e-07
[mg]   it 368  |r|inf=1.078642e-08  r/r0=9.5672e-07
[mg]   it 369  |r|inf=1.078703e-08  r/r0=9.5678e-07
[mg]   it 370  |r|inf=1.078427e-08  r/r0=9.5653e-07
[mg]   it 371  |r|inf=1.077812e-08  r/r0=9.5598e-07
[mg]   it 372  |r|inf=1.076860e-08  r/r0=9.5514e-07
[mg]   it 373  |r|inf=1.075571e-08  r/r0=9.5400e-07
[mg]   it 374  |r|inf=1.073946e-08  r/r0=9.5256e-07
[mg]   it 375  |r|inf=1.071986e-08  r/r0=9.5082e-07
[mg]   it 376  |r|inf=1.069692e-08  r/r0=9.4878e-07
[mg]   it 377  |r|inf=1.067066e-08  r/r0=9.4645e-07
[mg]   it 378  |r|inf=1.064108e-08  r/r0=9.4383e-07
[mg]   it 379  |r|inf=1.060820e-08  r/r0=9.4091e-07
[mg]   it 380  |r|inf=1.057204e-08  r/r0=9.3771e-07
[mg]   it 381  |r|inf=1.053261e-08  r/r0=9.3421e-07
[mg]   it 382  |r|inf=1.048993e-08  r/r0=9.3042e-07
[mg]   it 383  |r|inf=1.044402e-08  r/r0=9.2635e-07
[mg]   it 384  |r|inf=1.039491e-08  r/r0=9.2200e-07
[mg]   it 385  |r|inf=1.034262e-08  r/r0=9.1736e-07
[mg]   it 386  |r|inf=1.028717e-08  r/r0=9.1244e-07
[mg]   it 387  |r|inf=1.022858e-08  r/r0=9.0724e-07
[mg]   it 388  |r|inf=1.016689e-08  r/r0=9.0177e-07
[mg]   it 389  |r|inf=1.010213e-08  r/r0=8.9603e-07
[mg]   it 390  |r|inf=1.003432e-08  r/r0=8.9001e-07
[mg]   it 391  |r|inf=9.963501e-09  r/r0=8.8373e-07
[mg]   it 392  |r|inf=9.889705e-09  r/r0=8.7719e-07
[mg]   it 393  |r|inf=9.812967e-09  r/r0=8.7038e-07
[mg]   it 394  |r|inf=9.733325e-09  r/r0=8.6331e-07
[mg]   it 395  |r|inf=9.650818e-09  r/r0=8.5600e-07
[mg]   it 396  |r|inf=9.565487e-09  r/r0=8.4843e-07
[mg]   it 397  |r|inf=9.477372e-09  r/r0=8.4061e-07
[mg]   it 398  |r|inf=9.386518e-09  r/r0=8.3255e-07
[mg]   it 399  |r|inf=9.292968e-09  r/r0=8.2426e-07
[mg]   it 400  |r|inf=9.196770e-09  r/r0=8.1572e-07
[mg]   it 401  |r|inf=9.097971e-09  r/r0=8.0696e-07
[mg]   it 402  |r|inf=8.996619e-09  r/r0=7.9797e-07
[mg]   it 403  |r|inf=8.892765e-09  r/r0=7.8876e-07
[mg]   it 404  |r|inf=8.786460e-09  r/r0=7.7933e-07
[mg]   it 405  |r|inf=8.677756e-09  r/r0=7.6969e-07
[mg]   it 406  |r|inf=8.566708e-09  r/r0=7.5984e-07
[mg]   it 407  |r|inf=8.453371e-09  r/r0=7.4979e-07
[mg]   it 408  |r|inf=8.337799e-09  r/r0=7.3954e-07
[mg]   it 409  |r|inf=8.220049e-09  r/r0=7.2909e-07
[mg]   it 410  |r|inf=8.100180e-09  r/r0=7.1846e-07
[mg]   it 411  |r|inf=8.002862e-09  r/r0=7.0983e-07
[mg]   it 412  |r|inf=8.037499e-09  r/r0=7.1290e-07
[mg]   it 413  |r|inf=8.069781e-09  r/r0=7.1576e-07
[mg]   it 414  |r|inf=8.099713e-09  r/r0=7.1842e-07
[mg]   it 415  |r|inf=8.127302e-09  r/r0=7.2087e-07
[mg]   it 416  |r|inf=8.152554e-09  r/r0=7.2311e-07
[mg]   it 417  |r|inf=8.175478e-09  r/r0=7.2514e-07
[mg]   it 418  |r|inf=8.196085e-09  r/r0=7.2697e-07
[mg]   it 419  |r|inf=8.214386e-09  r/r0=7.2859e-07
[mg]   it 420  |r|inf=8.230393e-09  r/r0=7.3001e-07
[mg]   it 421  |r|inf=8.244121e-09  r/r0=7.3123e-07
[mg]   it 422  |r|inf=8.255585e-09  r/r0=7.3224e-07
[mg]   it 423  |r|inf=8.264801e-09  r/r0=7.3306e-07
[mg]   it 424  |r|inf=8.271785e-09  r/r0=7.3368e-07
[mg]   it 425  |r|inf=8.276558e-09  r/r0=7.3410e-07
[mg]   it 426  |r|inf=8.279138e-09  r/r0=7.3433e-07
[mg]   it 427  |r|inf=8.279546e-09  r/r0=7.3437e-07
[mg]   it 428  |r|inf=8.277804e-09  r/r0=7.3421e-07
[mg]   it 429  |r|inf=8.273933e-09  r/r0=7.3387e-07
[mg]   it 430  |r|inf=8.267958e-09  r/r0=7.3334e-07
[mg]   it 431  |r|inf=8.259902e-09  r/r0=7.3263e-07
[mg]   it 432  |r|inf=8.249791e-09  r/r0=7.3173e-07
[mg]   it 433  |r|inf=8.237650e-09  r/r0=7.3065e-07
[mg]   it 434  |r|inf=8.223506e-09  r/r0=7.2940e-07
[mg]   it 435  |r|inf=8.207387e-09  r/r0=7.2797e-07
[mg]   it 436  |r|inf=8.189319e-09  r/r0=7.2637e-07
[mg]   it 437  |r|inf=8.169332e-09  r/r0=7.2459e-07
[mg]   it 438  |r|inf=8.147455e-09  r/r0=7.2265e-07
[mg]   it 439  |r|inf=8.123717e-09  r/r0=7.2055e-07
[mg]   it 440  |r|inf=8.098148e-09  r/r0=7.1828e-07
[mg]   it 441  |r|inf=8.070778e-09  r/r0=7.1585e-07
[mg]   it 442  |r|inf=8.041639e-09  r/r0=7.1327e-07
[mg]   it 443  |r|inf=8.010761e-09  r/r0=7.1053e-07
[mg]   it 444  |r|inf=7.978175e-09  r/r0=7.0764e-07
[mg]   it 445  |r|inf=7.943915e-09  r/r0=7.0460e-07
[mg]   it 446  |r|inf=7.908010e-09  r/r0=7.0142e-07
[mg]   it 447  |r|inf=7.870494e-09  r/r0=6.9809e-07
[mg]   it 448  |r|inf=7.831398e-09  r/r0=6.9462e-07
[mg]   it 449  |r|inf=7.790754e-09  r/r0=6.9101e-07
[mg]   it 450  |r|inf=7.748596e-09  r/r0=6.8728e-07
[mg]   it 451  |r|inf=7.704955e-09  r/r0=6.8340e-07
[mg]   it 452  |r|inf=7.659864e-09  r/r0=6.7941e-07
[mg]   it 453  |r|inf=7.613355e-09  r/r0=6.7528e-07
[mg]   it 454  |r|inf=7.565459e-09  r/r0=6.7103e-07
[mg]   it 455  |r|inf=7.516210e-09  r/r0=6.6666e-07
[mg]   it 456  |r|inf=7.465639e-09  r/r0=6.6218e-07
[mg]   it 457  |r|inf=7.413778e-09  r/r0=6.5758e-07
[mg]   it 458  |r|inf=7.360659e-09  r/r0=6.5287e-07
[mg]   it 459  |r|inf=7.306312e-09  r/r0=6.4805e-07
[mg]   it 460  |r|inf=7.250770e-09  r/r0=6.4312e-07
[mg]   it 461  |r|inf=7.194062e-09  r/r0=6.3809e-07
[mg]   it 462  |r|inf=7.136220e-09  r/r0=6.3296e-07
[mg]   it 463  |r|inf=7.077274e-09  r/r0=6.2773e-07
[mg]   it 464  |r|inf=7.017254e-09  r/r0=6.2241e-07
[mg]   it 465  |r|inf=6.956189e-09  r/r0=6.1699e-07
[mg]   it 466  |r|inf=6.894108e-09  r/r0=6.1149e-07
[mg]   it 467  |r|inf=6.831042e-09  r/r0=6.0589e-07
[mg]   it 468  |r|inf=6.767017e-09  r/r0=6.0021e-07
[mg]   it 469  |r|inf=6.702063e-09  r/r0=5.9445e-07
[mg]   it 470  |r|inf=6.636206e-09  r/r0=5.8861e-07
[mg]   it 471  |r|inf=6.569475e-09  r/r0=5.8269e-07
[mg]   it 472  |r|inf=6.501895e-09  r/r0=5.7670e-07
[mg]   it 473  |r|inf=6.433494e-09  r/r0=5.7063e-07
[mg]   it 474  |r|inf=6.364298e-09  r/r0=5.6449e-07
[mg]   it 475  |r|inf=6.294331e-09  r/r0=5.5829e-07
[mg]   it 476  |r|inf=6.223619e-09  r/r0=5.5202e-07
[mg]   it 477  |r|inf=6.152186e-09  r/r0=5.4568e-07
[mg]   it 478  |r|inf=6.080057e-09  r/r0=5.3928e-07
[mg]   it 479  |r|inf=6.007256e-09  r/r0=5.3282e-07
[mg]   it 480  |r|inf=5.933804e-09  r/r0=5.2631e-07
[mg]   it 481  |r|inf=5.859726e-09  r/r0=5.1974e-07
[mg]   it 482  |r|inf=5.889820e-09  r/r0=5.2241e-07
[mg]   it 483  |r|inf=5.985856e-09  r/r0=5.3093e-07
[mg]   it 484  |r|inf=6.080484e-09  r/r0=5.3932e-07
[mg]   it 485  |r|inf=6.173708e-09  r/r0=5.4759e-07
[mg]   it 486  |r|inf=6.265530e-09  r/r0=5.5573e-07
[mg]   it 487  |r|inf=6.355953e-09  r/r0=5.6375e-07
[mg]   it 488  |r|inf=6.444981e-09  r/r0=5.7165e-07
[mg]   it 489  |r|inf=6.532618e-09  r/r0=5.7942e-07
[mg]   it 490  |r|inf=6.618868e-09  r/r0=5.8707e-07
[mg]   it 491  |r|inf=6.703736e-09  r/r0=5.9460e-07
[mg]   it 492  |r|inf=6.787227e-09  r/r0=6.0201e-07
[mg]   it 493  |r|inf=6.869345e-09  r/r0=6.0929e-07
[mg]   it 494  |r|inf=6.950097e-09  r/r0=6.1645e-07
[mg]   it 495  |r|inf=7.029486e-09  r/r0=6.2349e-07
[mg]   it 496  |r|inf=7.107521e-09  r/r0=6.3041e-07
[mg]   it 497  |r|inf=7.184205e-09  r/r0=6.3722e-07
[mg]   it 498  |r|inf=7.259546e-09  r/r0=6.4390e-07
[mg]   it 499  |r|inf=7.333549e-09  r/r0=6.5046e-07
[mg]   it 500  |r|inf=7.406222e-09  r/r0=6.5691e-07
[mg]   it 501  |r|inf=7.477570e-09  r/r0=6.6324e-07
[mg]   it 502  |r|inf=7.547600e-09  r/r0=6.6945e-07
[mg]   it 503  |r|inf=7.616320e-09  r/r0=6.7554e-07
[mg]   it 504  |r|inf=7.683735e-09  r/r0=6.8152e-07
[mg]   it 505  |r|inf=7.749854e-09  r/r0=6.8739e-07
[mg]   it 506  |r|inf=7.814682e-09  r/r0=6.9314e-07
[mg]   it 507  |r|inf=7.878227e-09  r/r0=6.9877e-07
[mg]   it 508  |r|inf=7.940497e-09  r/r0=7.0430e-07
[mg]   it 509  |r|inf=8.001497e-09  r/r0=7.0971e-07
[mg]   it 510  |r|inf=8.061235e-09  r/r0=7.1501e-07
[mg]   it 511  |r|inf=8.119719e-09  r/r0=7.2019e-07
[mg]   it 512  |r|inf=8.176956e-09  r/r0=7.2527e-07
[mg]   it 513  |r|inf=8.232952e-09  r/r0=7.3024e-07
[mg]   it 514  |r|inf=8.287715e-09  r/r0=7.3509e-07
[mg]   it 515  |r|inf=8.341252e-09  r/r0=7.3984e-07
[mg]   it 516  |r|inf=8.393570e-09  r/r0=7.4448e-07
[mg]   it 517  |r|inf=8.444675e-09  r/r0=7.4902e-07
[mg]   it 518  |r|inf=8.494576e-09  r/r0=7.5344e-07
[mg]   it 519  |r|inf=8.543278e-09  r/r0=7.5776e-07
[mg]   it 520  |r|inf=8.590790e-09  r/r0=7.6198e-07
[mg]   it 521  |r|inf=8.637117e-09  r/r0=7.6608e-07
[mg]   it 522  |r|inf=8.682266e-09  r/r0=7.7009e-07
[mg]   it 523  |r|inf=8.726245e-09  r/r0=7.7399e-07
[mg]   it 524  |r|inf=8.769059e-09  r/r0=7.7779e-07
[mg]   it 525  |r|inf=8.810715e-09  r/r0=7.8148e-07
[mg]   it 526  |r|inf=8.851220e-09  r/r0=7.8507e-07
[mg]   it 527  |r|inf=8.890580e-09  r/r0=7.8857e-07
[mg]   it 528  |r|inf=8.928801e-09  r/r0=7.9196e-07
[mg]   it 529  |r|inf=8.965890e-09  r/r0=7.9525e-07
[mg]   it 530  |r|inf=9.001853e-09  r/r0=7.9844e-07
[mg]   it 531  |r|inf=9.036695e-09  r/r0=8.0153e-07
[mg]   it 532  |r|inf=9.070422e-09  r/r0=8.0452e-07
[mg]   it 533  |r|inf=9.103042e-09  r/r0=8.0741e-07
[mg]   it 534  |r|inf=9.134558e-09  r/r0=8.1021e-07
[mg]   it 535  |r|inf=9.164977e-09  r/r0=8.1290e-07
[mg]   it 536  |r|inf=9.194305e-09  r/r0=8.1551e-07
[mg]   it 537  |r|inf=9.222546e-09  r/r0=8.1801e-07
[mg]   it 538  |r|inf=9.249706e-09  r/r0=8.2042e-07
[mg]   it 539  |r|inf=9.275791e-09  r/r0=8.2273e-07
[mg]   it 540  |r|inf=9.300805e-09  r/r0=8.2495e-07
[mg]   it 541  |r|inf=9.324753e-09  r/r0=8.2708e-07
[mg]   it 542  |r|inf=9.347641e-09  r/r0=8.2911e-07
[mg]   it 543  |r|inf=9.369474e-09  r/r0=8.3104e-07
[mg]   it 544  |r|inf=9.390255e-09  r/r0=8.3289e-07
[mg]   it 545  |r|inf=9.409990e-09  r/r0=8.3464e-07
[mg]   it 546  |r|inf=9.428683e-09  r/r0=8.3629e-07
[mg]   it 547  |r|inf=9.446339e-09  r/r0=8.3786e-07
[mg]   it 548  |r|inf=9.462962e-09  r/r0=8.3933e-07
[mg]   it 549  |r|inf=9.478557e-09  r/r0=8.4072e-07
[mg]   it 550  |r|inf=9.493127e-09  r/r0=8.4201e-07
[mg]   it 551  |r|inf=9.506677e-09  r/r0=8.4321e-07
[mg]   it 552  |r|inf=9.519210e-09  r/r0=8.4432e-07
[mg]   it 553  |r|inf=9.530731e-09  r/r0=8.4535e-07
[mg]   it 554  |r|inf=9.541244e-09  r/r0=8.4628e-07
[mg]   it 555  |r|inf=9.550751e-09  r/r0=8.4712e-07
[mg]   it 556  |r|inf=9.559258e-09  r/r0=8.4788e-07
[mg]   it 557  |r|inf=9.566767e-09  r/r0=8.4854e-07
[mg]   it 558  |r|inf=9.573283e-09  r/r0=8.4912e-07
[mg]   it 559  |r|inf=9.578808e-09  r/r0=8.4961e-07
[mg]   it 560  |r|inf=9.583347e-09  r/r0=8.5001e-07
[mg]   it 561  |r|inf=9.586902e-09  r/r0=8.5033e-07
[mg]   it 562  |r|inf=9.589476e-09  r/r0=8.5056e-07
[mg]   it 563  |r|inf=9.606410e-09  r/r0=8.5206e-07
[mg]   it 564  |r|inf=9.652054e-09  r/r0=8.5611e-07
[mg]   it 565  |r|inf=9.696677e-09  r/r0=8.6006e-07
[mg]   it 566  |r|inf=9.740280e-09  r/r0=8.6393e-07
[mg]   it 567  |r|inf=9.782861e-09  r/r0=8.6771e-07
[mg]   it 568  |r|inf=9.824423e-09  r/r0=8.7139e-07
[mg]   it 569  |r|inf=9.864964e-09  r/r0=8.7499e-07
[mg]   it 570  |r|inf=9.904485e-09  r/r0=8.7850e-07
[mg]   it 571  |r|inf=9.942985e-09  r/r0=8.8191e-07
[mg]   it 572  |r|inf=9.980466e-09  r/r0=8.8524e-07
[mg]   it 573  |r|inf=1.001693e-08  r/r0=8.8847e-07
[mg]   it 574  |r|inf=1.005237e-08  r/r0=8.9161e-07
[mg]   it 575  |r|inf=1.008679e-08  r/r0=8.9467e-07
[mg]   it 576  |r|inf=1.012019e-08  r/r0=8.9763e-07
[mg]   it 577  |r|inf=1.015256e-08  r/r0=9.0050e-07
[mg]   it 578  |r|inf=1.018392e-08  r/r0=9.0328e-07
[mg]   it 579  |r|inf=1.021426e-08  r/r0=9.0597e-07
[mg]   it 580  |r|inf=1.024358e-08  r/r0=9.0857e-07
[mg]   it 581  |r|inf=1.027187e-08  r/r0=9.1108e-07
[mg]   it 582  |r|inf=1.029914e-08  r/r0=9.1350e-07
[mg]   it 583  |r|inf=1.032539e-08  r/r0=9.1583e-07
[mg]   it 584  |r|inf=1.035062e-08  r/r0=9.1807e-07
[mg]   it 585  |r|inf=1.037483e-08  r/r0=9.2021e-07
[mg]   it 586  |r|inf=1.039801e-08  r/r0=9.2227e-07
[mg]   it 587  |r|inf=1.042017e-08  r/r0=9.2424e-07
[mg]   it 588  |r|inf=1.044130e-08  r/r0=9.2611e-07
[mg]   it 589  |r|inf=1.046142e-08  r/r0=9.2789e-07
[mg]   it 590  |r|inf=1.048050e-08  r/r0=9.2959e-07
[mg]   it 591  |r|inf=1.049857e-08  r/r0=9.3119e-07
[mg]   it 592  |r|inf=1.051561e-08  r/r0=9.3270e-07
[mg]   it 593  |r|inf=1.053162e-08  r/r0=9.3412e-07
[mg]   it 594  |r|inf=1.054661e-08  r/r0=9.3545e-07
[mg]   it 595  |r|inf=1.056058e-08  r/r0=9.3669e-07
[mg]   it 596  |r|inf=1.057352e-08  r/r0=9.3784e-07
[mg]   it 597  |r|inf=1.058543e-08  r/r0=9.3889e-07
[mg]   it 598  |r|inf=1.059632e-08  r/r0=9.3986e-07
[mg]   it 599  |r|inf=1.060619e-08  r/r0=9.4073e-07
[mg]   it 600  |r|inf=1.061503e-08  r/r0=9.4152e-07
[mg]   it 601  |r|inf=1.062284e-08  r/r0=9.4221e-07
[mg]   it 602  |r|inf=1.062963e-08  r/r0=9.4281e-07
[mg]   it 603  |r|inf=1.063540e-08  r/r0=9.4333e-07
[mg]   it 604  |r|inf=1.064014e-08  r/r0=9.4375e-07
[mg]   it 605  |r|inf=1.064386e-08  r/r0=9.4408e-07
[mg]   it 606  |r|inf=1.064656e-08  r/r0=9.4432e-07
[mg]   it 607  |r|inf=1.064823e-08  r/r0=9.4446e-07
[mg]   it 608  |r|inf=1.064888e-08  r/r0=9.4452e-07
[mg]   it 609  |r|inf=1.064850e-08  r/r0=9.4449e-07
[mg]   it 610  |r|inf=1.064711e-08  r/r0=9.4436e-07
[mg]   it 611  |r|inf=1.064470e-08  r/r0=9.4415e-07
[mg]   it 612  |r|inf=1.064127e-08  r/r0=9.4385e-07
[mg]   it 613  |r|inf=1.063682e-08  r/r0=9.4345e-07
[mg]   it 614  |r|inf=1.063135e-08  r/r0=9.4297e-07
[mg]   it 615  |r|inf=1.062486e-08  r/r0=9.4239e-07
[mg]   it 616  |r|inf=1.061737e-08  r/r0=9.4173e-07
[mg]   it 617  |r|inf=1.060886e-08  r/r0=9.4097e-07
[mg]   it 618  |r|inf=1.059933e-08  r/r0=9.4013e-07
[mg]   it 619  |r|inf=1.058880e-08  r/r0=9.3919e-07
[mg]   it 620  |r|inf=1.057726e-08  r/r0=9.3817e-07
[mg]   it 621  |r|inf=1.056471e-08  r/r0=9.3706e-07
[mg]   it 622  |r|inf=1.055116e-08  r/r0=9.3585e-07
[mg]   it 623  |r|inf=1.053660e-08  r/r0=9.3456e-07
[mg]   it 624  |r|inf=1.052105e-08  r/r0=9.3318e-07
[mg]   it 625  |r|inf=1.050449e-08  r/r0=9.3171e-07
[mg]   it 626  |r|inf=1.048694e-08  r/r0=9.3016e-07
[mg]   it 627  |r|inf=1.046840e-08  r/r0=9.2851e-07
[mg]   it 628  |r|inf=1.044887e-08  r/r0=9.2678e-07
[mg]   it 629  |r|inf=1.042835e-08  r/r0=9.2496e-07
[mg]   it 630  |r|inf=1.040684e-08  r/r0=9.2305e-07
[mg]   it 631  |r|inf=1.038436e-08  r/r0=9.2106e-07
[mg]   it 632  |r|inf=1.036089e-08  r/r0=9.1898e-07
[mg]   it 633  |r|inf=1.033645e-08  r/r0=9.1681e-07
[mg]   it 634  |r|inf=1.031104e-08  r/r0=9.1456e-07
[mg]   it 635  |r|inf=1.028466e-08  r/r0=9.1222e-07
[mg]   it 636  |r|inf=1.025732e-08  r/r0=9.0979e-07
[mg]   it 637  |r|inf=1.022902e-08  r/r0=9.0728e-07
[mg]   it 638  |r|inf=1.019976e-08  r/r0=9.0469e-07
[mg]   it 639  |r|inf=1.016955e-08  r/r0=9.0201e-07
[mg]   it 640  |r|inf=1.013839e-08  r/r0=8.9924e-07
[mg]   it 641  |r|inf=1.010629e-08  r/r0=8.9640e-07
[mg]   it 642  |r|inf=1.007325e-08  r/r0=8.9346e-07
[mg]   it 643  |r|inf=1.003928e-08  r/r0=8.9045e-07
[mg]   it 644  |r|inf=1.000438e-08  r/r0=8.8736e-07
[mg]   it 645  |r|inf=9.968551e-09  r/r0=8.8418e-07
[mg]   it 646  |r|inf=9.931808e-09  r/r0=8.8092e-07
[mg]   it 647  |r|inf=9.894152e-09  r/r0=8.7758e-07
[mg]   it 648  |r|inf=9.855589e-09  r/r0=8.7416e-07
[mg]   it 649  |r|inf=9.816124e-09  r/r0=8.7066e-07
[mg]   it 650  |r|inf=9.775763e-09  r/r0=8.6708e-07
[mg]   it 651  |r|inf=9.734513e-09  r/r0=8.6342e-07
[mg]   it 652  |r|inf=9.692379e-09  r/r0=8.5968e-07
[mg]   it 653  |r|inf=9.649367e-09  r/r0=8.5587e-07
[mg]   it 654  |r|inf=9.605485e-09  r/r0=8.5198e-07
[mg]   it 655  |r|inf=9.560738e-09  r/r0=8.4801e-07
[mg]   it 656  |r|inf=9.515133e-09  r/r0=8.4396e-07
[mg]   it 657  |r|inf=9.468677e-09  r/r0=8.3984e-07
[mg]   it 658  |r|inf=9.421377e-09  r/r0=8.3565e-07
[mg]   it 659  |r|inf=9.373240e-09  r/r0=8.3138e-07
[mg]   it 660  |r|inf=9.324273e-09  r/r0=8.2703e-07
[mg]   it 661  |r|inf=9.274485e-09  r/r0=8.2262e-07
[mg]   it 662  |r|inf=9.223881e-09  r/r0=8.1813e-07
[mg]   it 663  |r|inf=9.172470e-09  r/r0=8.1357e-07
[mg]   it 664  |r|inf=9.120260e-09  r/r0=8.0894e-07
[mg]   it 665  |r|inf=9.067258e-09  r/r0=8.0424e-07
[mg]   it 666  |r|inf=9.013473e-09  r/r0=7.9947e-07
[mg]   it 667  |r|inf=8.958913e-09  r/r0=7.9463e-07
[mg]   it 668  |r|inf=8.903586e-09  r/r0=7.8972e-07
[mg]   it 669  |r|inf=8.847500e-09  r/r0=7.8474e-07
[mg]   it 670  |r|inf=8.790664e-09  r/r0=7.7970e-07
[mg]   it 671  |r|inf=8.733086e-09  r/r0=7.7460e-07
[mg]   it 672  |r|inf=8.674775e-09  r/r0=7.6942e-07
[mg]   it 673  |r|inf=8.615741e-09  r/r0=7.6419e-07
[mg]   it 674  |r|inf=8.555992e-09  r/r0=7.5889e-07
[mg]   it 675  |r|inf=8.495536e-09  r/r0=7.5353e-07
[mg]   it 676  |r|inf=8.434384e-09  r/r0=7.4810e-07
[mg]   it 677  |r|inf=8.372544e-09  r/r0=7.4262e-07
[mg]   it 678  |r|inf=8.310026e-09  r/r0=7.3707e-07
[mg]   it 679  |r|inf=8.246839e-09  r/r0=7.3147e-07
[mg]   it 680  |r|inf=8.182993e-09  r/r0=7.2581e-07
[mg]   it 681  |r|inf=8.118497e-09  r/r0=7.2008e-07
[mg]   it 682  |r|inf=8.053361e-09  r/r0=7.1431e-07
[mg]   it 683  |r|inf=7.987594e-09  r/r0=7.0847e-07
[mg]   it 684  |r|inf=8.009285e-09  r/r0=7.1040e-07
[mg]   it 685  |r|inf=8.030797e-09  r/r0=7.1231e-07
[mg]   it 686  |r|inf=8.051585e-09  r/r0=7.1415e-07
[mg]   it 687  |r|inf=8.071651e-09  r/r0=7.1593e-07
[mg]   it 688  |r|inf=8.090994e-09  r/r0=7.1765e-07
[mg]   it 689  |r|inf=8.109616e-09  r/r0=7.1930e-07
[mg]   it 690  |r|inf=8.127516e-09  r/r0=7.2088e-07
[mg]   it 691  |r|inf=8.144697e-09  r/r0=7.2241e-07
[mg]   it 692  |r|inf=8.161159e-09  r/r0=7.2387e-07
[mg]   it 693  |r|inf=8.176903e-09  r/r0=7.2527e-07
[mg]   it 694  |r|inf=8.191931e-09  r/r0=7.2660e-07
[mg]   it 695  |r|inf=8.206244e-09  r/r0=7.2787e-07
[mg]   it 696  |r|inf=8.219844e-09  r/r0=7.2907e-07
[mg]   it 697  |r|inf=8.232733e-09  r/r0=7.3022e-07
[mg]   it 698  |r|inf=8.244911e-09  r/r0=7.3130e-07
[mg]   it 699  |r|inf=8.256382e-09  r/r0=7.3231e-07
[mg]   it 700  |r|inf=8.267146e-09  r/r0=7.3327e-07
[mg]   it 701  |r|inf=8.277208e-09  r/r0=7.3416e-07
[mg]   it 702  |r|inf=8.286567e-09  r/r0=7.3499e-07
[mg]   it 703  |r|inf=8.295228e-09  r/r0=7.3576e-07
[mg]   it 704  |r|inf=8.303193e-09  r/r0=7.3647e-07
[mg]   it 705  |r|inf=8.310464e-09  r/r0=7.3711e-07
[mg]   it 706  |r|inf=8.317043e-09  r/r0=7.3770e-07
[mg]   it 707  |r|inf=8.322935e-09  r/r0=7.3822e-07
[mg]   it 708  |r|inf=8.328141e-09  r/r0=7.3868e-07
[mg]   it 709  |r|inf=8.332665e-09  r/r0=7.3908e-07
[mg]   it 710  |r|inf=8.336510e-09  r/r0=7.3942e-07
[mg]   it 711  |r|inf=8.339680e-09  r/r0=7.3970e-07
[mg]   it 712  |r|inf=8.342177e-09  r/r0=7.3992e-07
[mg]   it 713  |r|inf=8.344004e-09  r/r0=7.4009e-07
[mg]   it 714  |r|inf=8.345167e-09  r/r0=7.4019e-07
[mg]   it 715  |r|inf=8.345668e-09  r/r0=7.4023e-07
[mg]   it 716  |r|inf=8.345511e-09  r/r0=7.4022e-07
[mg]   it 717  |r|inf=8.344699e-09  r/r0=7.4015e-07
[mg]   it 718  |r|inf=8.343237e-09  r/r0=7.4002e-07
[mg]   it 719  |r|inf=8.341129e-09  r/r0=7.3983e-07
[mg]   it 720  |r|inf=8.338379e-09  r/r0=7.3959e-07
[mg]   it 721  |r|inf=8.334990e-09  r/r0=7.3929e-07
[mg]   it 722  |r|inf=8.330968e-09  r/r0=7.3893e-07
[mg]   it 723  |r|inf=8.326316e-09  r/r0=7.3852e-07
[mg]   it 724  |r|inf=8.321039e-09  r/r0=7.3805e-07
[mg]   it 725  |r|inf=8.315141e-09  r/r0=7.3753e-07
[mg]   it 726  |r|inf=8.308627e-09  r/r0=7.3695e-07
[mg]   it 727  |r|inf=8.301501e-09  r/r0=7.3632e-07
[mg]   it 728  |r|inf=8.293768e-09  r/r0=7.3563e-07
[mg]   it 729  |r|inf=8.285432e-09  r/r0=7.3489e-07
[mg]   it 730  |r|inf=8.276499e-09  r/r0=7.3410e-07
[mg]   it 731  |r|inf=8.266973e-09  r/r0=7.3325e-07
[mg]   it 732  |r|inf=8.256860e-09  r/r0=7.3236e-07
[mg]   it 733  |r|inf=8.246163e-09  r/r0=7.3141e-07
[mg]   it 734  |r|inf=8.234888e-09  r/r0=7.3041e-07
[mg]   it 735  |r|inf=8.223040e-09  r/r0=7.2936e-07
[mg]   it 736  |r|inf=8.210624e-09  r/r0=7.2826e-07
[mg]   it 737  |r|inf=8.197645e-09  r/r0=7.2710e-07
[mg]   it 738  |r|inf=8.184108e-09  r/r0=7.2590e-07
[mg]   it 739  |r|inf=8.170018e-09  r/r0=7.2465e-07
[mg]   it 740  |r|inf=8.155381e-09  r/r0=7.2336e-07
[mg]   it 741  |r|inf=8.140202e-09  r/r0=7.2201e-07
[mg]   it 742  |r|inf=8.124486e-09  r/r0=7.2062e-07
[mg]   it 743  |r|inf=8.108239e-09  r/r0=7.1917e-07
[mg]   it 744  |r|inf=8.091465e-09  r/r0=7.1769e-07
[mg]   it 745  |r|inf=8.074170e-09  r/r0=7.1615e-07
[mg]   it 746  |r|inf=8.056360e-09  r/r0=7.1457e-07
[mg]   it 747  |r|inf=8.038039e-09  r/r0=7.1295e-07
[mg]   it 748  |r|inf=8.019214e-09  r/r0=7.1128e-07
[mg]   it 749  |r|inf=7.999889e-09  r/r0=7.0956e-07
[mg]   it 750  |r|inf=7.980070e-09  r/r0=7.0781e-07
[mg]   it 751  |r|inf=7.959763e-09  r/r0=7.0601e-07
[mg]   it 752  |r|inf=7.938973e-09  r/r0=7.0416e-07
[mg]   it 753  |r|inf=7.917705e-09  r/r0=7.0228e-07
[mg]   it 754  |r|inf=7.895965e-09  r/r0=7.0035e-07
[mg]   it 755  |r|inf=7.873759e-09  r/r0=6.9838e-07
[mg]   it 756  |r|inf=7.851091e-09  r/r0=6.9637e-07
[mg]   it 757  |r|inf=7.827968e-09  r/r0=6.9432e-07
[mg]   it 758  |r|inf=7.804395e-09  r/r0=6.9222e-07
[mg]   it 759  |r|inf=7.780377e-09  r/r0=6.9009e-07
[mg]   it 760  |r|inf=7.755920e-09  r/r0=6.8793e-07
[mg]   it 761  |r|inf=7.731029e-09  r/r0=6.8572e-07
[mg]   it 762  |r|inf=7.705710e-09  r/r0=6.8347e-07
[mg]   it 763  |r|inf=7.679968e-09  r/r0=6.8119e-07
[mg]   it 764  |r|inf=7.653808e-09  r/r0=6.7887e-07
[mg]   it 765  |r|inf=7.627237e-09  r/r0=6.7651e-07
[mg]   it 766  |r|inf=7.600259e-09  r/r0=6.7412e-07
[mg]   it 767  |r|inf=7.572879e-09  r/r0=6.7169e-07
[mg]   it 768  |r|inf=7.545104e-09  r/r0=6.6923e-07
[mg]   it 769  |r|inf=7.516939e-09  r/r0=6.6673e-07
[mg]   it 770  |r|inf=7.488388e-09  r/r0=6.6420e-07
[mg]   it 771  |r|inf=7.459458e-09  r/r0=6.6163e-07
[mg]   it 772  |r|inf=7.430153e-09  r/r0=6.5903e-07
[mg]   it 773  |r|inf=7.400479e-09  r/r0=6.5640e-07
[mg]   it 774  |r|inf=7.370441e-09  r/r0=6.5373e-07
[mg]   it 775  |r|inf=7.340044e-09  r/r0=6.5104e-07
[mg]   it 776  |r|inf=7.309294e-09  r/r0=6.4831e-07
[mg]   it 777  |r|inf=7.278195e-09  r/r0=6.4555e-07
[mg]   it 778  |r|inf=7.246753e-09  r/r0=6.4276e-07
[mg]   it 779  |r|inf=7.214973e-09  r/r0=6.3994e-07
[mg]   it 780  |r|inf=7.182859e-09  r/r0=6.3710e-07
[mg]   it 781  |r|inf=7.150418e-09  r/r0=6.3422e-07
[mg]   it 782  |r|inf=7.117654e-09  r/r0=6.3131e-07
[mg]   it 783  |r|inf=7.084571e-09  r/r0=6.2838e-07
[mg]   it 784  |r|inf=7.051176e-09  r/r0=6.2542e-07
[mg]   it 785  |r|inf=7.017472e-09  r/r0=6.2243e-07
[mg]   it 786  |r|inf=6.983466e-09  r/r0=6.1941e-07
[mg]   it 787  |r|inf=6.949160e-09  r/r0=6.1637e-07
[mg]   it 788  |r|inf=6.914561e-09  r/r0=6.1330e-07
[mg]   it 789  |r|inf=6.879673e-09  r/r0=6.1020e-07
[mg]   it 790  |r|inf=6.844501e-09  r/r0=6.0709e-07
[mg]   it 791  |r|inf=6.809050e-09  r/r0=6.0394e-07
[mg]   it 792  |r|inf=6.773323e-09  r/r0=6.0077e-07
[mg]   it 793  |r|inf=6.737327e-09  r/r0=5.9758e-07
[mg]   it 794  |r|inf=6.701064e-09  r/r0=5.9436e-07
[mg]   it 795  |r|inf=6.664541e-09  r/r0=5.9112e-07
[mg]   it 796  |r|inf=6.627761e-09  r/r0=5.8786e-07
[mg]   it 797  |r|inf=6.590728e-09  r/r0=5.8458e-07
[mg]   it 798  |r|inf=6.553448e-09  r/r0=5.8127e-07
[mg]   it 799  |r|inf=6.515924e-09  r/r0=5.7794e-07
[mg]   it 800  |r|inf=6.478161e-09  r/r0=5.7459e-07
[mg]   it 801  |r|inf=6.440164e-09  r/r0=5.7122e-07
[mg]   it 802  |r|inf=6.401935e-09  r/r0=5.6783e-07
[mg]   it 803  |r|inf=6.363480e-09  r/r0=5.6442e-07
[mg]   it 804  |r|inf=6.324803e-09  r/r0=5.6099e-07
[mg]   it 805  |r|inf=6.285907e-09  r/r0=5.5754e-07
[mg]   it 806  |r|inf=6.246798e-09  r/r0=5.5407e-07
[mg]   it 807  |r|inf=6.207478e-09  r/r0=5.5058e-07
[mg]   it 808  |r|inf=6.167951e-09  r/r0=5.4708e-07
[mg]   it 809  |r|inf=6.128223e-09  r/r0=5.4355e-07
[mg]   it 810  |r|inf=6.088296e-09  r/r0=5.4001e-07
[mg]   it 811  |r|inf=6.048174e-09  r/r0=5.3645e-07
[mg]   it 812  |r|inf=6.007862e-09  r/r0=5.3288e-07
[mg]   it 813  |r|inf=5.967362e-09  r/r0=5.2929e-07
[mg]   it 814  |r|inf=5.994840e-09  r/r0=5.3172e-07
[mg]   it 815  |r|inf=6.047018e-09  r/r0=5.3635e-07
[mg]   it 816  |r|inf=6.098768e-09  r/r0=5.4094e-07
[mg]   it 817  |r|inf=6.150089e-09  r/r0=5.4549e-07
[mg]   it 818  |r|inf=6.200983e-09  r/r0=5.5001e-07
[mg]   it 819  |r|inf=6.251451e-09  r/r0=5.5448e-07
[mg]   it 820  |r|inf=6.301491e-09  r/r0=5.5892e-07
[mg]   it 821  |r|inf=6.351106e-09  r/r0=5.6332e-07
[mg]   it 822  |r|inf=6.400296e-09  r/r0=5.6769e-07
[mg]   it 823  |r|inf=6.449062e-09  r/r0=5.7201e-07
[mg]   it 824  |r|inf=6.497404e-09  r/r0=5.7630e-07
[mg]   it 825  |r|inf=6.545324e-09  r/r0=5.8055e-07
[mg]   it 826  |r|inf=6.592822e-09  r/r0=5.8476e-07
[mg]   it 827  |r|inf=6.639898e-09  r/r0=5.8894e-07
[mg]   it 828  |r|inf=6.686554e-09  r/r0=5.9308e-07
[mg]   it 829  |r|inf=6.732791e-09  r/r0=5.9718e-07
[mg]   it 830  |r|inf=6.778609e-09  r/r0=6.0124e-07
[mg]   it 831  |r|inf=6.824010e-09  r/r0=6.0527e-07
[mg]   it 832  |r|inf=6.868994e-09  r/r0=6.0926e-07
[mg]   it 833  |r|inf=6.913562e-09  r/r0=6.1321e-07
[mg]   it 834  |r|inf=6.957716e-09  r/r0=6.1713e-07
[mg]   it 835  |r|inf=7.001456e-09  r/r0=6.2101e-07
[mg]   it 836  |r|inf=7.044784e-09  r/r0=6.2485e-07
[mg]   it 837  |r|inf=7.087700e-09  r/r0=6.2866e-07
[mg]   it 838  |r|inf=7.130206e-09  r/r0=6.3243e-07
[mg]   it 839  |r|inf=7.172303e-09  r/r0=6.3616e-07
[mg]   it 840  |r|inf=7.213991e-09  r/r0=6.3986e-07
[mg]   it 841  |r|inf=7.255272e-09  r/r0=6.4352e-07
[mg]   it 842  |r|inf=7.296147e-09  r/r0=6.4714e-07
[mg]   it 843  |r|inf=7.336617e-09  r/r0=6.5073e-07
[mg]   it 844  |r|inf=7.376684e-09  r/r0=6.5429e-07
[mg]   it 845  |r|inf=7.416348e-09  r/r0=6.5781e-07
[mg]   it 846  |r|inf=7.455611e-09  r/r0=6.6129e-07
[mg]   it 847  |r|inf=7.494473e-09  r/r0=6.6474e-07
[mg]   it 848  |r|inf=7.532937e-09  r/r0=6.6815e-07
[mg]   it 849  |r|inf=7.571003e-09  r/r0=6.7152e-07
[mg]   it 850  |r|inf=7.608673e-09  r/r0=6.7486e-07
[mg]   it 851  |r|inf=7.645947e-09  r/r0=6.7817e-07
[mg]   it 852  |r|inf=7.682827e-09  r/r0=6.8144e-07
[mg]   it 853  |r|inf=7.719315e-09  r/r0=6.8468e-07
[mg]   it 854  |r|inf=7.755411e-09  r/r0=6.8788e-07
[mg]   it 855  |r|inf=7.791117e-09  r/r0=6.9105e-07
[mg]   it 856  |r|inf=7.826434e-09  r/r0=6.9418e-07
[mg]   it 857  |r|inf=7.861363e-09  r/r0=6.9728e-07
[mg]   it 858  |r|inf=7.895905e-09  r/r0=7.0034e-07
[mg]   it 859  |r|inf=7.930063e-09  r/r0=7.0337e-07
[mg]   it 860  |r|inf=7.963836e-09  r/r0=7.0637e-07
[mg]   it 861  |r|inf=7.997227e-09  r/r0=7.0933e-07
[mg]   it 862  |r|inf=8.030237e-09  r/r0=7.1226e-07
[mg]   it 863  |r|inf=8.062866e-09  r/r0=7.1515e-07
[mg]   it 864  |r|inf=8.095117e-09  r/r0=7.1801e-07
[mg]   it 865  |r|inf=8.126990e-09  r/r0=7.2084e-07
[mg]   it 866  |r|inf=8.158486e-09  r/r0=7.2363e-07
[mg]   it 867  |r|inf=8.189608e-09  r/r0=7.2639e-07
[mg]   it 868  |r|inf=8.220356e-09  r/r0=7.2912e-07
[mg]   it 869  |r|inf=8.250731e-09  r/r0=7.3181e-07
[mg]   it 870  |r|inf=8.280736e-09  r/r0=7.3447e-07
[mg]   it 871  |r|inf=8.310370e-09  r/r0=7.3710e-07
[mg]   it 872  |r|inf=8.339636e-09  r/r0=7.3970e-07
[mg]   it 873  |r|inf=8.368534e-09  r/r0=7.4226e-07
[mg]   it 874  |r|inf=8.397066e-09  r/r0=7.4479e-07
[mg]   it 875  |r|inf=8.425234e-09  r/r0=7.4729e-07
[mg]   it 876  |r|inf=8.453037e-09  r/r0=7.4976e-07
[mg]   it 877  |r|inf=8.480478e-09  r/r0=7.5219e-07
[mg]   it 878  |r|inf=8.507559e-09  r/r0=7.5459e-07
[mg]   it 879  |r|inf=8.534279e-09  r/r0=7.5696e-07
[mg]   it 880  |r|inf=8.560640e-09  r/r0=7.5930e-07
[mg]   it 881  |r|inf=8.586644e-09  r/r0=7.6161e-07
[mg]   it 882  |r|inf=8.612292e-09  r/r0=7.6388e-07
[mg]   it 883  |r|inf=8.637584e-09  r/r0=7.6613e-07
[mg]   it 884  |r|inf=8.662523e-09  r/r0=7.6834e-07
[mg]   it 885  |r|inf=8.687109e-09  r/r0=7.7052e-07
[mg]   it 886  |r|inf=8.711344e-09  r/r0=7.7267e-07
[mg]   it 887  |r|inf=8.735228e-09  r/r0=7.7479e-07
[mg]   it 888  |r|inf=8.758763e-09  r/r0=7.7687e-07
[mg]   it 889  |r|inf=8.781950e-09  r/r0=7.7893e-07
[mg]   it 890  |r|inf=8.804791e-09  r/r0=7.8096e-07
[mg]   it 891  |r|inf=8.827285e-09  r/r0=7.8295e-07
[mg]   it 892  |r|inf=8.849436e-09  r/r0=7.8492e-07
[mg]   it 893  |r|inf=8.871243e-09  r/r0=7.8685e-07
[mg]   it 894  |r|inf=8.892707e-09  r/r0=7.8875e-07
[mg]   it 895  |r|inf=8.913831e-09  r/r0=7.9063e-07
[mg]   it 896  |r|inf=8.934614e-09  r/r0=7.9247e-07
[mg]   it 897  |r|inf=8.955059e-09  r/r0=7.9429e-07
[mg]   it 898  |r|inf=8.975166e-09  r/r0=7.9607e-07
[mg]   it 899  |r|inf=8.994936e-09  r/r0=7.9782e-07
[mg]   it 900  |r|inf=9.014370e-09  r/r0=7.9955e-07
[mg]   it 901  |r|inf=9.033470e-09  r/r0=8.0124e-07
[mg]   it 902  |r|inf=9.052236e-09  r/r0=8.0290e-07
[mg]   it 903  |r|inf=9.070670e-09  r/r0=8.0454e-07
[mg]   it 904  |r|inf=9.088772e-09  r/r0=8.0614e-07
[mg]   it 905  |r|inf=9.106544e-09  r/r0=8.0772e-07
[mg]   it 906  |r|inf=9.123986e-09  r/r0=8.0927e-07
[mg]   it 907  |r|inf=9.141100e-09  r/r0=8.1079e-07
[mg]   it 908  |r|inf=9.157886e-09  r/r0=8.1228e-07
[mg]   it 909  |r|inf=9.174346e-09  r/r0=8.1374e-07
[mg]   it 910  |r|inf=9.190481e-09  r/r0=8.1517e-07
[mg]   it 911  |r|inf=9.206291e-09  r/r0=8.1657e-07
[mg]   it 912  |r|inf=9.221778e-09  r/r0=8.1794e-07
[mg]   it 913  |r|inf=9.236942e-09  r/r0=8.1929e-07
[mg]   it 914  |r|inf=9.251784e-09  r/r0=8.2060e-07
[mg]   it 915  |r|inf=9.266306e-09  r/r0=8.2189e-07
[mg]   it 916  |r|inf=9.280508e-09  r/r0=8.2315e-07
[mg]   it 917  |r|inf=9.294391e-09  r/r0=8.2438e-07
[mg]   it 918  |r|inf=9.307956e-09  r/r0=8.2559e-07
[mg]   it 919  |r|inf=9.321204e-09  r/r0=8.2676e-07
[mg]   it 920  |r|inf=9.334136e-09  r/r0=8.2791e-07
[mg]   it 921  |r|inf=9.346752e-09  r/r0=8.2903e-07
[mg]   it 922  |r|inf=9.359054e-09  r/r0=8.3012e-07
[mg]   it 923  |r|inf=9.371042e-09  r/r0=8.3118e-07
[mg]   it 924  |r|inf=9.382718e-09  r/r0=8.3222e-07
[mg]   it 925  |r|inf=9.394082e-09  r/r0=8.3322e-07
[mg]   it 926  |r|inf=9.405134e-09  r/r0=8.3421e-07
[mg]   it 927  |r|inf=9.415876e-09  r/r0=8.3516e-07
[mg]   it 928  |r|inf=9.426309e-09  r/r0=8.3608e-07
[mg]   it 929  |r|inf=9.436433e-09  r/r0=8.3698e-07
[mg]   it 930  |r|inf=9.446249e-09  r/r0=8.3785e-07
[mg]   it 931  |r|inf=9.455758e-09  r/r0=8.3870e-07
[mg]   it 932  |r|inf=9.464961e-09  r/r0=8.3951e-07
[mg]   it 933  |r|inf=9.473858e-09  r/r0=8.4030e-07
[mg]   it 934  |r|inf=9.482450e-09  r/r0=8.4106e-07
[mg]   it 935  |r|inf=9.490738e-09  r/r0=8.4180e-07
[mg]   it 936  |r|inf=9.498723e-09  r/r0=8.4251e-07
[mg]   it 937  |r|inf=9.506405e-09  r/r0=8.4319e-07
[mg]   it 938  |r|inf=9.513785e-09  r/r0=8.4384e-07
[mg]   it 939  |r|inf=9.520864e-09  r/r0=8.4447e-07
[mg]   it 940  |r|inf=9.527642e-09  r/r0=8.4507e-07
[mg]   it 941  |r|inf=9.534121e-09  r/r0=8.4565e-07
[mg]   it 942  |r|inf=9.540300e-09  r/r0=8.4619e-07
[mg]   it 943  |r|inf=9.546181e-09  r/r0=8.4672e-07
[mg]   it 944  |r|inf=9.551765e-09  r/r0=8.4721e-07
[mg]   it 945  |r|inf=9.557051e-09  r/r0=8.4768e-07
[mg]   it 946  |r|inf=9.562040e-09  r/r0=8.4812e-07
[mg]   it 947  |r|inf=9.566734e-09  r/r0=8.4854e-07
[mg]   it 948  |r|inf=9.571133e-09  r/r0=8.4893e-07
[mg]   it 949  |r|inf=9.575237e-09  r/r0=8.4929e-07
[mg]   it 950  |r|inf=9.579047e-09  r/r0=8.4963e-07
[mg]   it 951  |r|inf=9.582564e-09  r/r0=8.4994e-07
[mg]   it 952  |r|inf=9.585788e-09  r/r0=8.5023e-07
[mg]   it 953  |r|inf=9.588720e-09  r/r0=8.5049e-07
[mg]   it 954  |r|inf=9.591360e-09  r/r0=8.5072e-07
[mg]   it 955  |r|inf=9.593710e-09  r/r0=8.5093e-07
[mg]   it 956  |r|inf=9.595769e-09  r/r0=8.5111e-07
[mg]   it 957  |r|inf=9.597539e-09  r/r0=8.5127e-07
[mg]   it 958  |r|inf=9.599020e-09  r/r0=8.5140e-07
[mg]   it 959  |r|inf=9.600211e-09  r/r0=8.5151e-07
[mg]   it 960  |r|inf=9.601115e-09  r/r0=8.5159e-07
[mg]   it 961  |r|inf=9.601732e-09  r/r0=8.5164e-07
[mg]   it 962  |r|inf=9.602061e-09  r/r0=8.5167e-07
[mg]   it 963  |r|inf=9.602104e-09  r/r0=8.5168e-07
[mg]   it 964  |r|inf=9.601861e-09  r/r0=8.5165e-07
[mg]   it 965  |r|inf=9.610005e-09  r/r0=8.5238e-07
[mg]   it 966  |r|inf=9.633911e-09  r/r0=8.5450e-07
[mg]   it 967  |r|inf=9.657518e-09  r/r0=8.5659e-07
[mg]   it 968  |r|inf=9.680826e-09  r/r0=8.5866e-07
[mg]   it 969  |r|inf=9.703836e-09  r/r0=8.6070e-07
[mg]   it 970  |r|inf=9.726547e-09  r/r0=8.6271e-07
[mg]   it 971  |r|inf=9.748960e-09  r/r0=8.6470e-07
[mg]   it 972  |r|inf=9.771075e-09  r/r0=8.6666e-07
[mg]   it 973  |r|inf=9.792891e-09  r/r0=8.6860e-07
[mg]   it 974  |r|inf=9.814409e-09  r/r0=8.7051e-07
[mg]   it 975  |r|inf=9.835630e-09  r/r0=8.7239e-07
[mg]   it 976  |r|inf=9.856552e-09  r/r0=8.7424e-07
[mg]   it 977  |r|inf=9.877175e-09  r/r0=8.7607e-07
[mg]   it 978  |r|inf=9.897501e-09  r/r0=8.7788e-07
[mg]   it 979  |r|inf=9.917529e-09  r/r0=8.7965e-07
[mg]   it 980  |r|inf=9.937259e-09  r/r0=8.8140e-07
[mg]   it 981  |r|inf=9.956691e-09  r/r0=8.8313e-07
[mg]   it 982  |r|inf=9.975825e-09  r/r0=8.8482e-07
[mg]   it 983  |r|inf=9.994660e-09  r/r0=8.8649e-07
[mg]   it 984  |r|inf=1.001320e-08  r/r0=8.8814e-07
[mg]   it 985  |r|inf=1.003144e-08  r/r0=8.8976e-07
[mg]   it 986  |r|inf=1.004938e-08  r/r0=8.9135e-07
[mg]   it 987  |r|inf=1.006702e-08  r/r0=8.9291e-07
[mg]   it 988  |r|inf=1.008437e-08  r/r0=8.9445e-07
[mg]   it 989  |r|inf=1.010142e-08  r/r0=8.9596e-07
[mg]   it 990  |r|inf=1.011817e-08  r/r0=8.9745e-07
[mg]   it 991  |r|inf=1.013462e-08  r/r0=8.9891e-07
[mg]   it 992  |r|inf=1.015077e-08  r/r0=9.0034e-07
[mg]   it 993  |r|inf=1.016663e-08  r/r0=9.0175e-07
[mg]   it 994  |r|inf=1.018219e-08  r/r0=9.0313e-07
[mg]   it 995  |r|inf=1.019745e-08  r/r0=9.0448e-07
[mg]   it 996  |r|inf=1.021241e-08  r/r0=9.0581e-07
[mg]   it 997  |r|inf=1.022707e-08  r/r0=9.0711e-07
[mg]   it 998  |r|inf=1.024144e-08  r/r0=9.0838e-07
[mg]   it 999  |r|inf=1.025551e-08  r/r0=9.0963e-07
[mg]   it 1000  |r|inf=1.026928e-08  r/r0=9.1085e-07
[mg]   it 1001  |r|inf=1.028275e-08  r/r0=9.1205e-07
[mg]   it 1002  |r|inf=1.029592e-08  r/r0=9.1322e-07
[mg]   it 1003  |r|inf=1.030880e-08  r/r0=9.1436e-07
[mg]   it 1004  |r|inf=1.032137e-08  r/r0=9.1547e-07
[mg]   it 1005  |r|inf=1.033365e-08  r/r0=9.1656e-07
[mg]   it 1006  |r|inf=1.034563e-08  r/r0=9.1762e-07
[mg]   it 1007  |r|inf=1.035731e-08  r/r0=9.1866e-07
[mg]   it 1008  |r|inf=1.036869e-08  r/r0=9.1967e-07
[mg]   it 1009  |r|inf=1.037978e-08  r/r0=9.2065e-07
[mg]   it 1010  |r|inf=1.039056e-08  r/r0=9.2161e-07
[mg]   it 1011  |r|inf=1.040105e-08  r/r0=9.2254e-07
[mg]   it 1012  |r|inf=1.041124e-08  r/r0=9.2344e-07
[mg]   it 1013  |r|inf=1.042113e-08  r/r0=9.2432e-07
[mg]   it 1014  |r|inf=1.043072e-08  r/r0=9.2517e-07
[mg]   it 1015  |r|inf=1.044002e-08  r/r0=9.2600e-07
[mg]   it 1016  |r|inf=1.044901e-08  r/r0=9.2679e-07
[mg]   it 1017  |r|inf=1.045771e-08  r/r0=9.2757e-07
[mg]   it 1018  |r|inf=1.046610e-08  r/r0=9.2831e-07
[mg]   it 1019  |r|inf=1.047420e-08  r/r0=9.2903e-07
[mg]   it 1020  |r|inf=1.048200e-08  r/r0=9.2972e-07
[mg]   it 1021  |r|inf=1.048950e-08  r/r0=9.3039e-07
[mg]   it 1022  |r|inf=1.049671e-08  r/r0=9.3102e-07
[mg]   it 1023  |r|inf=1.050361e-08  r/r0=9.3164e-07
[mg]   it 1024  |r|inf=1.051022e-08  r/r0=9.3222e-07
[mg]   it 1025  |r|inf=1.051652e-08  r/r0=9.3278e-07
[mg]   it 1026  |r|inf=1.052253e-08  r/r0=9.3331e-07
[mg]   it 1027  |r|inf=1.052824e-08  r/r0=9.3382e-07
[mg]   it 1028  |r|inf=1.053365e-08  r/r0=9.3430e-07
[mg]   it 1029  |r|inf=1.053876e-08  r/r0=9.3475e-07
[mg]   it 1030  |r|inf=1.054358e-08  r/r0=9.3518e-07
[mg]   it 1031  |r|inf=1.054809e-08  r/r0=9.3558e-07
[mg]   it 1032  |r|inf=1.055231e-08  r/r0=9.3596e-07
[mg]   it 1033  |r|inf=1.055623e-08  r/r0=9.3630e-07
[mg]   it 1034  |r|inf=1.055984e-08  r/r0=9.3662e-07
[mg]   it 1035  |r|inf=1.056317e-08  r/r0=9.3692e-07
[mg]   it 1036  |r|inf=1.056619e-08  r/r0=9.3719e-07
[mg]   it 1037  |r|inf=1.056891e-08  r/r0=9.3743e-07
[mg]   it 1038  |r|inf=1.057134e-08  r/r0=9.3764e-07
[mg]   it 1039  |r|inf=1.057347e-08  r/r0=9.3783e-07
[mg]   it 1040  |r|inf=1.057529e-08  r/r0=9.3799e-07
[mg]   it 1041  |r|inf=1.057683e-08  r/r0=9.3813e-07
[mg]   it 1042  |r|inf=1.057806e-08  r/r0=9.3824e-07
[mg]   it 1043  |r|inf=1.057899e-08  r/r0=9.3832e-07
[mg]   it 1044  |r|inf=1.057963e-08  r/r0=9.3838e-07
[mg]   it 1045  |r|inf=1.057997e-08  r/r0=9.3841e-07
[mg]   it 1046  |r|inf=1.058001e-08  r/r0=9.3841e-07
[mg]   it 1047  |r|inf=1.057976e-08  r/r0=9.3839e-07
[mg]   it 1048  |r|inf=1.057921e-08  r/r0=9.3834e-07
[mg]   it 1049  |r|inf=1.057836e-08  r/r0=9.3827e-07
[mg]   it 1050  |r|inf=1.057721e-08  r/r0=9.3816e-07
[mg]   it 1051  |r|inf=1.057577e-08  r/r0=9.3804e-07
[mg]   it 1052  |r|inf=1.057403e-08  r/r0=9.3788e-07
[mg]   it 1053  |r|inf=1.057199e-08  r/r0=9.3770e-07
[mg]   it 1054  |r|inf=1.056966e-08  r/r0=9.3749e-07
[mg]   it 1055  |r|inf=1.056703e-08  r/r0=9.3726e-07
[mg]   it 1056  |r|inf=1.056410e-08  r/r0=9.3700e-07
[mg]   it 1057  |r|inf=1.056088e-08  r/r0=9.3672e-07
[mg]   it 1058  |r|inf=1.055736e-08  r/r0=9.3640e-07
[mg]   it 1059  |r|inf=1.055355e-08  r/r0=9.3607e-07
[mg]   it 1060  |r|inf=1.054944e-08  r/r0=9.3570e-07
[mg]   it 1061  |r|inf=1.054503e-08  r/r0=9.3531e-07
[mg]   it 1062  |r|inf=1.054033e-08  r/r0=9.3489e-07
[mg]   it 1063  |r|inf=1.053534e-08  r/r0=9.3445e-07
[mg]   it 1064  |r|inf=1.053005e-08  r/r0=9.3398e-07
[mg]   it 1065  |r|inf=1.052447e-08  r/r0=9.3349e-07
[mg]   it 1066  |r|inf=1.051859e-08  r/r0=9.3297e-07
[mg]   it 1067  |r|inf=1.051243e-08  r/r0=9.3242e-07
[mg]   it 1068  |r|inf=1.050596e-08  r/r0=9.3185e-07
[mg]   it 1069  |r|inf=1.049921e-08  r/r0=9.3125e-07
[mg]   it 1070  |r|inf=1.049216e-08  r/r0=9.3062e-07
[mg]   it 1071  |r|inf=1.048482e-08  r/r0=9.2997e-07
[mg]   it 1072  |r|inf=1.047719e-08  r/r0=9.2929e-07
[mg]   it 1073  |r|inf=1.046926e-08  r/r0=9.2859e-07
[mg]   it 1074  |r|inf=1.046104e-08  r/r0=9.2786e-07
[mg]   it 1075  |r|inf=1.045254e-08  r/r0=9.2711e-07
[mg]   it 1076  |r|inf=1.044374e-08  r/r0=9.2633e-07
[mg]   it 1077  |r|inf=1.043465e-08  r/r0=9.2552e-07
[mg]   it 1078  |r|inf=1.042528e-08  r/r0=9.2469e-07
[mg]   it 1079  |r|inf=1.041561e-08  r/r0=9.2383e-07
[mg]   it 1080  |r|inf=1.040565e-08  r/r0=9.2295e-07
[mg]   it 1081  |r|inf=1.039541e-08  r/r0=9.2204e-07
[mg]   it 1082  |r|inf=1.038487e-08  r/r0=9.2111e-07
[mg]   it 1083  |r|inf=1.037405e-08  r/r0=9.2015e-07
[mg]   it 1084  |r|inf=1.036295e-08  r/r0=9.1916e-07
[mg]   it 1085  |r|inf=1.035155e-08  r/r0=9.1815e-07
[mg]   it 1086  |r|inf=1.033987e-08  r/r0=9.1711e-07
[mg]   it 1087  |r|inf=1.032790e-08  r/r0=9.1605e-07
[mg]   it 1088  |r|inf=1.031565e-08  r/r0=9.1497e-07
[mg]   it 1089  |r|inf=1.030311e-08  r/r0=9.1385e-07
[mg]   it 1090  |r|inf=1.029029e-08  r/r0=9.1272e-07
[mg]   it 1091  |r|inf=1.027719e-08  r/r0=9.1155e-07
[mg]   it 1092  |r|inf=1.026380e-08  r/r0=9.1037e-07
[mg]   it 1093  |r|inf=1.025013e-08  r/r0=9.0915e-07
[mg]   it 1094  |r|inf=1.023618e-08  r/r0=9.0792e-07
[mg]   it 1095  |r|inf=1.022194e-08  r/r0=9.0665e-07
[mg]   it 1096  |r|inf=1.020743e-08  r/r0=9.0537e-07
[mg]   it 1097  |r|inf=1.019263e-08  r/r0=9.0405e-07
[mg]   it 1098  |r|inf=1.017756e-08  r/r0=9.0272e-07
[mg]   it 1099  |r|inf=1.016220e-08  r/r0=9.0135e-07
[mg]   it 1100  |r|inf=1.014657e-08  r/r0=8.9997e-07
[mg]   it 1101  |r|inf=1.013066e-08  r/r0=8.9856e-07
[mg]   it 1102  |r|inf=1.011447e-08  r/r0=8.9712e-07
[mg]   it 1103  |r|inf=1.009801e-08  r/r0=8.9566e-07
[mg]   it 1104  |r|inf=1.008127e-08  r/r0=8.9418e-07
[mg]   it 1105  |r|inf=1.006425e-08  r/r0=8.9267e-07
[mg]   it 1106  |r|inf=1.004697e-08  r/r0=8.9113e-07
[mg]   it 1107  |r|inf=1.002940e-08  r/r0=8.8958e-07
[mg]   it 1108  |r|inf=1.001157e-08  r/r0=8.8799e-07
[mg]   it 1109  |r|inf=9.993462e-09  r/r0=8.8639e-07
[mg]   it 1110  |r|inf=9.975084e-09  r/r0=8.8476e-07
[mg]   it 1111  |r|inf=9.956436e-09  r/r0=8.8310e-07
[mg]   it 1112  |r|inf=9.937518e-09  r/r0=8.8143e-07
[mg]   it 1113  |r|inf=9.918331e-09  r/r0=8.7972e-07
[mg]   it 1114  |r|inf=9.898876e-09  r/r0=8.7800e-07
[mg]   it 1115  |r|inf=9.879154e-09  r/r0=8.7625e-07
[mg]   it 1116  |r|inf=9.859166e-09  r/r0=8.7448e-07
[mg]   it 1117  |r|inf=9.838912e-09  r/r0=8.7268e-07
[mg]   it 1118  |r|inf=9.818394e-09  r/r0=8.7086e-07
[mg]   it 1119  |r|inf=9.797612e-09  r/r0=8.6902e-07
[mg]   it 1120  |r|inf=9.776568e-09  r/r0=8.6715e-07
[mg]   it 1121  |r|inf=9.755261e-09  r/r0=8.6526e-07
[mg]   it 1122  |r|inf=9.733693e-09  r/r0=8.6335e-07
[mg]   it 1123  |r|inf=9.711866e-09  r/r0=8.6141e-07
[mg]   it 1124  |r|inf=9.689779e-09  r/r0=8.5945e-07
[mg]   it 1125  |r|inf=9.667434e-09  r/r0=8.5747e-07
[mg]   it 1126  |r|inf=9.644832e-09  r/r0=8.5547e-07
[mg]   it 1127  |r|inf=9.621974e-09  r/r0=8.5344e-07
[mg]   it 1128  |r|inf=9.598861e-09  r/r0=8.5139e-07
[mg]   it 1129  |r|inf=9.575494e-09  r/r0=8.4932e-07
[mg]   it 1130  |r|inf=9.551873e-09  r/r0=8.4722e-07
[mg]   it 1131  |r|inf=9.528001e-09  r/r0=8.4510e-07
[mg]   it 1132  |r|inf=9.503877e-09  r/r0=8.4296e-07
[mg]   it 1133  |r|inf=9.479504e-09  r/r0=8.4080e-07
[mg]   it 1134  |r|inf=9.454882e-09  r/r0=8.3862e-07
[mg]   it 1135  |r|inf=9.430011e-09  r/r0=8.3641e-07
[mg]   it 1136  |r|inf=9.404894e-09  r/r0=8.3418e-07
[mg]   it 1137  |r|inf=9.379532e-09  r/r0=8.3193e-07
[mg]   it 1138  |r|inf=9.353925e-09  r/r0=8.2966e-07
[mg]   it 1139  |r|inf=9.328074e-09  r/r0=8.2737e-07
[mg]   it 1140  |r|inf=9.301982e-09  r/r0=8.2506e-07
[mg]   it 1141  |r|inf=9.275648e-09  r/r0=8.2272e-07
[mg]   it 1142  |r|inf=9.249074e-09  r/r0=8.2036e-07
[mg]   it 1143  |r|inf=9.222262e-09  r/r0=8.1799e-07
[mg]   it 1144  |r|inf=9.195212e-09  r/r0=8.1559e-07
[mg]   it 1145  |r|inf=9.167926e-09  r/r0=8.1317e-07
[mg]   it 1146  |r|inf=9.140405e-09  r/r0=8.1072e-07
[mg]   it 1147  |r|inf=9.112650e-09  r/r0=8.0826e-07
[mg]   it 1148  |r|inf=9.084662e-09  r/r0=8.0578e-07
[mg]   it 1149  |r|inf=9.056443e-09  r/r0=8.0328e-07
[mg]   it 1150  |r|inf=9.027993e-09  r/r0=8.0075e-07
[mg]   it 1151  |r|inf=8.999315e-09  r/r0=7.9821e-07
[mg]   it 1152  |r|inf=8.970409e-09  r/r0=7.9565e-07
[mg]   it 1153  |r|inf=8.941277e-09  r/r0=7.9306e-07
[mg]   it 1154  |r|inf=8.911920e-09  r/r0=7.9046e-07
[mg]   it 1155  |r|inf=8.882339e-09  r/r0=7.8783e-07
[mg]   it 1156  |r|inf=8.852535e-09  r/r0=7.8519e-07
[mg]   it 1157  |r|inf=8.822511e-09  r/r0=7.8253e-07
[mg]   it 1158  |r|inf=8.792267e-09  r/r0=7.7985e-07
[mg]   it 1159  |r|inf=8.761804e-09  r/r0=7.7714e-07
[mg]   it 1160  |r|inf=8.731125e-09  r/r0=7.7442e-07
[mg]   it 1161  |r|inf=8.700229e-09  r/r0=7.7168e-07
[mg]   it 1162  |r|inf=8.669120e-09  r/r0=7.6892e-07
[mg]   it 1163  |r|inf=8.637797e-09  r/r0=7.6614e-07
[mg]   it 1164  |r|inf=8.606264e-09  r/r0=7.6335e-07
[mg]   it 1165  |r|inf=8.574520e-09  r/r0=7.6053e-07
[mg]   it 1166  |r|inf=8.542567e-09  r/r0=7.5770e-07
[mg]   it 1167  |r|inf=8.510407e-09  r/r0=7.5485e-07
[mg]   it 1168  |r|inf=8.478041e-09  r/r0=7.5198e-07
[mg]   it 1169  |r|inf=8.445471e-09  r/r0=7.4909e-07
[mg]   it 1170  |r|inf=8.412698e-09  r/r0=7.4618e-07
[mg]   it 1171  |r|inf=8.379724e-09  r/r0=7.4325e-07
[mg]   it 1172  |r|inf=8.346549e-09  r/r0=7.4031e-07
[mg]   it 1173  |r|inf=8.313176e-09  r/r0=7.3735e-07
[mg]   it 1174  |r|inf=8.279606e-09  r/r0=7.3437e-07
[mg]   it 1175  |r|inf=8.245840e-09  r/r0=7.3138e-07
[mg]   it 1176  |r|inf=8.211880e-09  r/r0=7.2837e-07
[mg]   it 1177  |r|inf=8.177728e-09  r/r0=7.2534e-07
[mg]   it 1178  |r|inf=8.143385e-09  r/r0=7.2229e-07
[mg]   it 1179  |r|inf=8.108852e-09  r/r0=7.1923e-07
[mg]   it 1180  |r|inf=8.074131e-09  r/r0=7.1615e-07
[mg]   it 1181  |r|inf=8.039224e-09  r/r0=7.1305e-07
[mg]   it 1182  |r|inf=8.008046e-09  r/r0=7.1029e-07
[mg]   it 1183  |r|inf=8.021420e-09  r/r0=7.1147e-07
[mg]   it 1184  |r|inf=8.034580e-09  r/r0=7.1264e-07
[mg]   it 1185  |r|inf=8.047526e-09  r/r0=7.1379e-07
[mg]   it 1186  |r|inf=8.060259e-09  r/r0=7.1492e-07
[mg]   it 1187  |r|inf=8.072777e-09  r/r0=7.1603e-07
[mg]   it 1188  |r|inf=8.085082e-09  r/r0=7.1712e-07
[mg]   it 1189  |r|inf=8.097173e-09  r/r0=7.1819e-07
[mg]   it 1190  |r|inf=8.109050e-09  r/r0=7.1925e-07
[mg]   it 1191  |r|inf=8.120714e-09  r/r0=7.2028e-07
[mg]   it 1192  |r|inf=8.132164e-09  r/r0=7.2130e-07
[mg]   it 1193  |r|inf=8.143401e-09  r/r0=7.2229e-07
[mg]   it 1194  |r|inf=8.154424e-09  r/r0=7.2327e-07
[mg]   it 1195  |r|inf=8.165234e-09  r/r0=7.2423e-07
[mg]   it 1196  |r|inf=8.175830e-09  r/r0=7.2517e-07
[mg]   it 1197  |r|inf=8.186214e-09  r/r0=7.2609e-07
[mg]   it 1198  |r|inf=8.196385e-09  r/r0=7.2699e-07
[mg]   it 1199  |r|inf=8.206343e-09  r/r0=7.2788e-07
[mg]   it 1200  |r|inf=8.216088e-09  r/r0=7.2874e-07
[mg]   it 1201  |r|inf=8.225621e-09  r/r0=7.2959e-07
[mg]   it 1202  |r|inf=8.234941e-09  r/r0=7.3041e-07
[mg]   it 1203  |r|inf=8.244050e-09  r/r0=7.3122e-07
[mg]   it 1204  |r|inf=8.252947e-09  r/r0=7.3201e-07
[mg]   it 1205  |r|inf=8.261632e-09  r/r0=7.3278e-07
[mg]   it 1206  |r|inf=8.270105e-09  r/r0=7.3353e-07
[mg]   it 1207  |r|inf=8.278368e-09  r/r0=7.3426e-07
[mg]   it 1208  |r|inf=8.286419e-09  r/r0=7.3498e-07
[mg]   it 1209  |r|inf=8.294260e-09  r/r0=7.3567e-07
[mg]   it 1210  |r|inf=8.301891e-09  r/r0=7.3635e-07
[mg]   it 1211  |r|inf=8.309311e-09  r/r0=7.3701e-07
[mg]   it 1212  |r|inf=8.316521e-09  r/r0=7.3765e-07
[mg]   it 1213  |r|inf=8.323522e-09  r/r0=7.3827e-07
[mg]   it 1214  |r|inf=8.330314e-09  r/r0=7.3887e-07
[mg]   it 1215  |r|inf=8.336897e-09  r/r0=7.3946e-07
[mg]   it 1216  |r|inf=8.343271e-09  r/r0=7.4002e-07
[mg]   it 1217  |r|inf=8.349437e-09  r/r0=7.4057e-07
[mg]   it 1218  |r|inf=8.355396e-09  r/r0=7.4110e-07
[mg]   it 1219  |r|inf=8.361146e-09  r/r0=7.4161e-07
[mg]   it 1220  |r|inf=8.366690e-09  r/r0=7.4210e-07
[mg]   it 1221  |r|inf=8.372027e-09  r/r0=7.4257e-07
[mg]   it 1222  |r|inf=8.377157e-09  r/r0=7.4303e-07
[mg]   it 1223  |r|inf=8.382082e-09  r/r0=7.4346e-07
[mg]   it 1224  |r|inf=8.386801e-09  r/r0=7.4388e-07
[mg]   it 1225  |r|inf=8.391315e-09  r/r0=7.4428e-07
[mg]   it 1226  |r|inf=8.395624e-09  r/r0=7.4466e-07
[mg]   it 1227  |r|inf=8.399729e-09  r/r0=7.4503e-07
[mg]   it 1228  |r|inf=8.403631e-09  r/r0=7.4538e-07
[mg]   it 1229  |r|inf=8.407329e-09  r/r0=7.4570e-07
[mg]   it 1230  |r|inf=8.410824e-09  r/r0=7.4601e-07
[mg]   it 1231  |r|inf=8.414117e-09  r/r0=7.4631e-07
[mg]   it 1232  |r|inf=8.417207e-09  r/r0=7.4658e-07
[mg]   it 1233  |r|inf=8.420097e-09  r/r0=7.4684e-07
[mg]   it 1234  |r|inf=8.422786e-09  r/r0=7.4707e-07
[mg]   it 1235  |r|inf=8.425274e-09  r/r0=7.4729e-07
[mg]   it 1236  |r|inf=8.427562e-09  r/r0=7.4750e-07
[mg]   it 1237  |r|inf=8.429651e-09  r/r0=7.4768e-07
[mg]   it 1238  |r|inf=8.431542e-09  r/r0=7.4785e-07
[mg]   it 1239  |r|inf=8.433234e-09  r/r0=7.4800e-07
[mg]   it 1240  |r|inf=8.434728e-09  r/r0=7.4813e-07
[mg]   it 1241  |r|inf=8.436026e-09  r/r0=7.4825e-07
[mg]   it 1242  |r|inf=8.437126e-09  r/r0=7.4835e-07
[mg]   it 1243  |r|inf=8.438031e-09  r/r0=7.4843e-07
[mg]   it 1244  |r|inf=8.438741e-09  r/r0=7.4849e-07
[mg]   it 1245  |r|inf=8.439256e-09  r/r0=7.4853e-07
[mg]   it 1246  |r|inf=8.439576e-09  r/r0=7.4856e-07
[mg]   it 1247  |r|inf=8.439703e-09  r/r0=7.4857e-07
[mg]   it 1248  |r|inf=8.439638e-09  r/r0=7.4857e-07
[mg]   it 1249  |r|inf=8.439380e-09  r/r0=7.4855e-07
[mg]   it 1250  |r|inf=8.438930e-09  r/r0=7.4851e-07
[mg]   it 1251  |r|inf=8.438289e-09  r/r0=7.4845e-07
[mg]   it 1252  |r|inf=8.437458e-09  r/r0=7.4838e-07
[mg]   it 1253  |r|inf=8.436437e-09  r/r0=7.4828e-07
[mg]   it 1254  |r|inf=8.435227e-09  r/r0=7.4818e-07
[mg]   it 1255  |r|inf=8.433829e-09  r/r0=7.4805e-07
[mg]   it 1256  |r|inf=8.432243e-09  r/r0=7.4791e-07
[mg]   it 1257  |r|inf=8.430470e-09  r/r0=7.4776e-07
[mg]   it 1258  |r|inf=8.428511e-09  r/r0=7.4758e-07
[mg]   it 1259  |r|inf=8.426366e-09  r/r0=7.4739e-07
[mg]   it 1260  |r|inf=8.424036e-09  r/r0=7.4718e-07
[mg]   it 1261  |r|inf=8.421522e-09  r/r0=7.4696e-07
[mg]   it 1262  |r|inf=8.418824e-09  r/r0=7.4672e-07
[mg]   it 1263  |r|inf=8.415944e-09  r/r0=7.4647e-07
[mg]   it 1264  |r|inf=8.412881e-09  r/r0=7.4620e-07
[mg]   it 1265  |r|inf=8.409637e-09  r/r0=7.4591e-07
[mg]   it 1266  |r|inf=8.406213e-09  r/r0=7.4560e-07
[mg]   it 1267  |r|inf=8.402609e-09  r/r0=7.4528e-07
[mg]   it 1268  |r|inf=8.398825e-09  r/r0=7.4495e-07
[mg]   it 1269  |r|inf=8.394863e-09  r/r0=7.4460e-07
[mg]   it 1270  |r|inf=8.390724e-09  r/r0=7.4423e-07
[mg]   it 1271  |r|inf=8.386408e-09  r/r0=7.4385e-07
[mg]   it 1272  |r|inf=8.381916e-09  r/r0=7.4345e-07
[mg]   it 1273  |r|inf=8.377248e-09  r/r0=7.4304e-07
[mg]   it 1274  |r|inf=8.372406e-09  r/r0=7.4261e-07
[mg]   it 1275  |r|inf=8.367390e-09  r/r0=7.4216e-07
[mg]   it 1276  |r|inf=8.362201e-09  r/r0=7.4170e-07
[mg]   it 1277  |r|inf=8.356840e-09  r/r0=7.4122e-07
[mg]   it 1278  |r|inf=8.351308e-09  r/r0=7.4073e-07
[mg]   it 1279  |r|inf=8.345605e-09  r/r0=7.4023e-07
[mg]   it 1280  |r|inf=8.339732e-09  r/r0=7.3971e-07
[mg]   it 1281  |r|inf=8.333690e-09  r/r0=7.3917e-07
[mg]   it 1282  |r|inf=8.327480e-09  r/r0=7.3862e-07
[mg]   it 1283  |r|inf=8.321103e-09  r/r0=7.3806e-07
[mg]   it 1284  |r|inf=8.314559e-09  r/r0=7.3747e-07
[mg]   it 1285  |r|inf=8.307850e-09  r/r0=7.3688e-07
[mg]   it 1286  |r|inf=8.300975e-09  r/r0=7.3627e-07
[mg]   it 1287  |r|inf=8.293937e-09  r/r0=7.3565e-07
[mg]   it 1288  |r|inf=8.286735e-09  r/r0=7.3501e-07
[mg]   it 1289  |r|inf=8.279371e-09  r/r0=7.3435e-07
[mg]   it 1290  |r|inf=8.271845e-09  r/r0=7.3369e-07
[mg]   it 1291  |r|inf=8.264159e-09  r/r0=7.3300e-07
[mg]   it 1292  |r|inf=8.256313e-09  r/r0=7.3231e-07
[mg]   it 1293  |r|inf=8.248307e-09  r/r0=7.3160e-07
[mg]   it 1294  |r|inf=8.240144e-09  r/r0=7.3087e-07
[mg]   it 1295  |r|inf=8.231823e-09  r/r0=7.3014e-07
[mg]   it 1296  |r|inf=8.223345e-09  r/r0=7.2938e-07
[mg]   it 1297  |r|inf=8.214712e-09  r/r0=7.2862e-07
[mg]   it 1298  |r|inf=8.205924e-09  r/r0=7.2784e-07
[mg]   it 1299  |r|inf=8.196983e-09  r/r0=7.2705e-07
[mg]   it 1300  |r|inf=8.187888e-09  r/r0=7.2624e-07
[mg]   it 1301  |r|inf=8.178641e-09  r/r0=7.2542e-07
[mg]   it 1302  |r|inf=8.169242e-09  r/r0=7.2459e-07
[mg]   it 1303  |r|inf=8.159693e-09  r/r0=7.2374e-07
[mg]   it 1304  |r|inf=8.149995e-09  r/r0=7.2288e-07
[mg]   it 1305  |r|inf=8.140148e-09  r/r0=7.2200e-07
[mg]   it 1306  |r|inf=8.130152e-09  r/r0=7.2112e-07
[mg]   it 1307  |r|inf=8.120010e-09  r/r0=7.2022e-07
[mg]   it 1308  |r|inf=8.109722e-09  r/r0=7.1931e-07
[mg]   it 1309  |r|inf=8.099288e-09  r/r0=7.1838e-07
[mg]   it 1310  |r|inf=8.088710e-09  r/r0=7.1744e-07
[mg]   it 1311  |r|inf=8.077989e-09  r/r0=7.1649e-07
[mg]   it 1312  |r|inf=8.067125e-09  r/r0=7.1553e-07
[mg]   it 1313  |r|inf=8.056119e-09  r/r0=7.1455e-07
[mg]   it 1314  |r|inf=8.044972e-09  r/r0=7.1356e-07
[mg]   it 1315  |r|inf=8.033685e-09  r/r0=7.1256e-07
[mg]   it 1316  |r|inf=8.022259e-09  r/r0=7.1155e-07
[mg]   it 1317  |r|inf=8.010695e-09  r/r0=7.1052e-07
[mg]   it 1318  |r|inf=7.998993e-09  r/r0=7.0949e-07
[mg]   it 1319  |r|inf=7.987155e-09  r/r0=7.0844e-07
[mg]   it 1320  |r|inf=7.975181e-09  r/r0=7.0737e-07
[mg]   it 1321  |r|inf=7.963072e-09  r/r0=7.0630e-07
[mg]   it 1322  |r|inf=7.950829e-09  r/r0=7.0521e-07
[mg]   it 1323  |r|inf=7.938454e-09  r/r0=7.0412e-07
[mg]   it 1324  |r|inf=7.925946e-09  r/r0=7.0301e-07
[mg]   it 1325  |r|inf=7.913307e-09  r/r0=7.0188e-07
[mg]   it 1326  |r|inf=7.900538e-09  r/r0=7.0075e-07
[mg]   it 1327  |r|inf=7.887639e-09  r/r0=6.9961e-07
[mg]   it 1328  |r|inf=7.874611e-09  r/r0=6.9845e-07
[mg]   it 1329  |r|inf=7.861456e-09  r/r0=6.9729e-07
[mg]   it 1330  |r|inf=7.848174e-09  r/r0=6.9611e-07
[mg]   it 1331  |r|inf=7.834766e-09  r/r0=6.9492e-07
[mg]   it 1332  |r|inf=7.821232e-09  r/r0=6.9372e-07
[mg]   it 1333  |r|inf=7.807575e-09  r/r0=6.9251e-07
[mg]   it 1334  |r|inf=7.793794e-09  r/r0=6.9128e-07
[mg]   it 1335  |r|inf=7.779890e-09  r/r0=6.9005e-07
[mg]   it 1336  |r|inf=7.765865e-09  r/r0=6.8881e-07
[mg]   it 1337  |r|inf=7.751719e-09  r/r0=6.8755e-07
[mg]   it 1338  |r|inf=7.737453e-09  r/r0=6.8629e-07
[mg]   it 1339  |r|inf=7.723068e-09  r/r0=6.8501e-07
[mg]   it 1340  |r|inf=7.708565e-09  r/r0=6.8372e-07
[mg]   it 1341  |r|inf=7.693944e-09  r/r0=6.8243e-07
[mg]   it 1342  |r|inf=7.679207e-09  r/r0=6.8112e-07
[mg]   it 1343  |r|inf=7.664354e-09  r/r0=6.7980e-07
[mg]   it 1344  |r|inf=7.649386e-09  r/r0=6.7848e-07
[mg]   it 1345  |r|inf=7.634305e-09  r/r0=6.7714e-07
[mg]   it 1346  |r|inf=7.619110e-09  r/r0=6.7579e-07
[mg]   it 1347  |r|inf=7.603803e-09  r/r0=6.7443e-07
[mg]   it 1348  |r|inf=7.588385e-09  r/r0=6.7307e-07
[mg]   it 1349  |r|inf=7.572856e-09  r/r0=6.7169e-07
[mg]   it 1350  |r|inf=7.557218e-09  r/r0=6.7030e-07
[mg]   it 1351  |r|inf=7.541470e-09  r/r0=6.6890e-07
[mg]   it 1352  |r|inf=7.525615e-09  r/r0=6.6750e-07
[mg]   it 1353  |r|inf=7.509652e-09  r/r0=6.6608e-07
[mg]   it 1354  |r|inf=7.493583e-09  r/r0=6.6466e-07
[mg]   it 1355  |r|inf=7.477409e-09  r/r0=6.6322e-07
[mg]   it 1356  |r|inf=7.461130e-09  r/r0=6.6178e-07
[mg]   it 1357  |r|inf=7.444747e-09  r/r0=6.6033e-07
[mg]   it 1358  |r|inf=7.428260e-09  r/r0=6.5886e-07
[mg]   it 1359  |r|inf=7.411672e-09  r/r0=6.5739e-07
[mg]   it 1360  |r|inf=7.394982e-09  r/r0=6.5591e-07
[mg]   it 1361  |r|inf=7.378192e-09  r/r0=6.5442e-07
[mg]   it 1362  |r|inf=7.361302e-09  r/r0=6.5292e-07
[mg]   it 1363  |r|inf=7.344313e-09  r/r0=6.5142e-07
[mg]   it 1364  |r|inf=7.327226e-09  r/r0=6.4990e-07
[mg]   it 1365  |r|inf=7.310042e-09  r/r0=6.4838e-07
[mg]   it 1366  |r|inf=7.292761e-09  r/r0=6.4684e-07
[mg]   it 1367  |r|inf=7.275384e-09  r/r0=6.4530e-07
[mg]   it 1368  |r|inf=7.257912e-09  r/r0=6.4375e-07
[mg]   it 1369  |r|inf=7.240346e-09  r/r0=6.4220e-07
[mg]   it 1370  |r|inf=7.222687e-09  r/r0=6.4063e-07
[mg]   it 1371  |r|inf=7.204936e-09  r/r0=6.3905e-07
[mg]   it 1372  |r|inf=7.187092e-09  r/r0=6.3747e-07
[mg]   it 1373  |r|inf=7.169158e-09  r/r0=6.3588e-07
[mg]   it 1374  |r|inf=7.151133e-09  r/r0=6.3428e-07
[mg]   it 1375  |r|inf=7.133019e-09  r/r0=6.3268e-07
[mg]   it 1376  |r|inf=7.114816e-09  r/r0=6.3106e-07
[mg]   it 1377  |r|inf=7.096525e-09  r/r0=6.2944e-07
[mg]   it 1378  |r|inf=7.078147e-09  r/r0=6.2781e-07
[mg]   it 1379  |r|inf=7.059683e-09  r/r0=6.2617e-07
[mg]   it 1380  |r|inf=7.041133e-09  r/r0=6.2453e-07
[mg]   it 1381  |r|inf=7.022499e-09  r/r0=6.2287e-07
[mg]   it 1382  |r|inf=7.003780e-09  r/r0=6.2121e-07
[mg]   it 1383  |r|inf=6.984978e-09  r/r0=6.1955e-07
[mg]   it 1384  |r|inf=6.966093e-09  r/r0=6.1787e-07
[mg]   it 1385  |r|inf=6.947126e-09  r/r0=6.1619e-07
[mg]   it 1386  |r|inf=6.928079e-09  r/r0=6.1450e-07
[mg]   it 1387  |r|inf=6.908951e-09  r/r0=6.1280e-07
[mg]   it 1388  |r|inf=6.889743e-09  r/r0=6.1110e-07
[mg]   it 1389  |r|inf=6.870456e-09  r/r0=6.0939e-07
[mg]   it 1390  |r|inf=6.851091e-09  r/r0=6.0767e-07
[mg]   it 1391  |r|inf=6.831649e-09  r/r0=6.0595e-07
[mg]   it 1392  |r|inf=6.812130e-09  r/r0=6.0421e-07
[mg]   it 1393  |r|inf=6.792535e-09  r/r0=6.0248e-07
[mg]   it 1394  |r|inf=6.772864e-09  r/r0=6.0073e-07
[mg]   it 1395  |r|inf=6.753119e-09  r/r0=5.9898e-07
[mg]   it 1396  |r|inf=6.733300e-09  r/r0=5.9722e-07
[mg]   it 1397  |r|inf=6.713407e-09  r/r0=5.9546e-07
[mg]   it 1398  |r|inf=6.693443e-09  r/r0=5.9369e-07
[mg]   it 1399  |r|inf=6.673406e-09  r/r0=5.9191e-07
[mg]   it 1400  |r|inf=6.653298e-09  r/r0=5.9013e-07
[mg]   it 1401  |r|inf=6.633120e-09  r/r0=5.8834e-07
[mg]   it 1402  |r|inf=6.612872e-09  r/r0=5.8654e-07
[mg]   it 1403  |r|inf=6.592555e-09  r/r0=5.8474e-07
[mg]   it 1404  |r|inf=6.572169e-09  r/r0=5.8293e-07
[mg]   it 1405  |r|inf=6.551716e-09  r/r0=5.8112e-07
[mg]   it 1406  |r|inf=6.531195e-09  r/r0=5.7930e-07
[mg]   it 1407  |r|inf=6.510608e-09  r/r0=5.7747e-07
[mg]   it 1408  |r|inf=6.489955e-09  r/r0=5.7564e-07
[mg]   it 1409  |r|inf=6.469238e-09  r/r0=5.7380e-07
[mg]   it 1410  |r|inf=6.448455e-09  r/r0=5.7196e-07
[mg]   it 1411  |r|inf=6.427609e-09  r/r0=5.7011e-07
[mg]   it 1412  |r|inf=6.406700e-09  r/r0=5.6825e-07
[mg]   it 1413  |r|inf=6.385728e-09  r/r0=5.6639e-07
[mg]   it 1414  |r|inf=6.364694e-09  r/r0=5.6453e-07
[mg]   it 1415  |r|inf=6.343599e-09  r/r0=5.6266e-07
[mg]   it 1416  |r|inf=6.322443e-09  r/r0=5.6078e-07
[mg]   it 1417  |r|inf=6.301227e-09  r/r0=5.5890e-07
[mg]   it 1418  |r|inf=6.279952e-09  r/r0=5.5701e-07
[mg]   it 1419  |r|inf=6.258618e-09  r/r0=5.5512e-07
[mg]   it 1420  |r|inf=6.237226e-09  r/r0=5.5322e-07
[mg]   it 1421  |r|inf=6.215776e-09  r/r0=5.5132e-07
[mg]   it 1422  |r|inf=6.194269e-09  r/r0=5.4941e-07
[mg]   it 1423  |r|inf=6.172706e-09  r/r0=5.4750e-07
[mg]   it 1424  |r|inf=6.151087e-09  r/r0=5.4558e-07
[mg]   it 1425  |r|inf=6.129413e-09  r/r0=5.4366e-07
[mg]   it 1426  |r|inf=6.107685e-09  r/r0=5.4173e-07
[mg]   it 1427  |r|inf=6.093891e-09  r/r0=5.4051e-07
[mg]   it 1428  |r|inf=6.121822e-09  r/r0=5.4299e-07
[mg]   it 1429  |r|inf=6.149627e-09  r/r0=5.4545e-07
[mg]   it 1430  |r|inf=6.177306e-09  r/r0=5.4791e-07
[mg]   it 1431  |r|inf=6.204860e-09  r/r0=5.5035e-07
[mg]   it 1432  |r|inf=6.232288e-09  r/r0=5.5278e-07
[mg]   it 1433  |r|inf=6.259591e-09  r/r0=5.5521e-07
[mg]   it 1434  |r|inf=6.286769e-09  r/r0=5.5762e-07
[mg]   it 1435  |r|inf=6.313821e-09  r/r0=5.6002e-07
[mg]   it 1436  |r|inf=6.340749e-09  r/r0=5.6240e-07
[mg]   it 1437  |r|inf=6.367551e-09  r/r0=5.6478e-07
[mg]   it 1438  |r|inf=6.394229e-09  r/r0=5.6715e-07
[mg]   it 1439  |r|inf=6.420782e-09  r/r0=5.6950e-07
[mg]   it 1440  |r|inf=6.447210e-09  r/r0=5.7185e-07
[mg]   it 1441  |r|inf=6.473514e-09  r/r0=5.7418e-07
[mg]   it 1442  |r|inf=6.499693e-09  r/r0=5.7650e-07
[mg]   it 1443  |r|inf=6.525748e-09  r/r0=5.7881e-07
[mg]   it 1444  |r|inf=6.551680e-09  r/r0=5.8111e-07
[mg]   it 1445  |r|inf=6.577487e-09  r/r0=5.8340e-07
[mg]   it 1446  |r|inf=6.603170e-09  r/r0=5.8568e-07
[mg]   it 1447  |r|inf=6.628730e-09  r/r0=5.8795e-07
[mg]   it 1448  |r|inf=6.654167e-09  r/r0=5.9020e-07
[mg]   it 1449  |r|inf=6.679480e-09  r/r0=5.9245e-07
[mg]   it 1450  |r|inf=6.704669e-09  r/r0=5.9468e-07
[mg]   it 1451  |r|inf=6.729736e-09  r/r0=5.9691e-07
[mg]   it 1452  |r|inf=6.754680e-09  r/r0=5.9912e-07
[mg]   it 1453  |r|inf=6.779501e-09  r/r0=6.0132e-07
[mg]   it 1454  |r|inf=6.804199e-09  r/r0=6.0351e-07
[mg]   it 1455  |r|inf=6.828776e-09  r/r0=6.0569e-07
[mg]   it 1456  |r|inf=6.853229e-09  r/r0=6.0786e-07
[mg]   it 1457  |r|inf=6.877561e-09  r/r0=6.1002e-07
[mg]   it 1458  |r|inf=6.901771e-09  r/r0=6.[run] step 3/3
[perf] 164949.7 ms/step  0.8 Mcell/s (0.1/rank)  pressure iters/step 1500.0
[phases, rank-max ms/step] step=164949.6  predictor=1.3  momentum=549.8  projection=164395.4  pressure_allreduce=284.4  allreduce_count=7505
[out] spheres_bench_np8.json
