[cfg] global 768x768x768 = 453.0M cells  ranks=8  backend=Cuda  grid=staggered  IBM=cutcell  face_interp=9  bottom=auto  spheres=587 R=48.0 cells  phi=0.6003  levels=7  pressure=pcg(maxit=1500,rtol=1e-09,warmstart=0)  steps=0+3 then march(tol=0,max=400)
  rank 0: block 384x384x384 at [0, 0, 0]  gcn122.local.snellius.surf.nl 0000:26:00.0
  rank 1: block 384x384x384 at [0, 0, 384]  gcn122.local.snellius.surf.nl 0000:06:00.0
  rank 2: block 384x384x384 at [0, 384, 0]  gcn122.local.snellius.surf.nl 0000:C6:00.0
  rank 3: block 384x384x384 at [0, 384, 384]  gcn122.local.snellius.surf.nl 0000:A6:00.0
  rank 4: block 384x384x384 at [384, 0, 0]  gcn154.local.snellius.surf.nl 0000:26:00.0
  rank 5: block 384x384x384 at [384, 0, 384]  gcn154.local.snellius.surf.nl 0000:06:00.0
  rank 6: block 384x384x384 at [384, 384, 0]  gcn154.local.snellius.surf.nl 0000:C6:00.0
  rank 7: block 384x384x384 at [384, 384, 384]  gcn154.local.snellius.surf.nl 0000:A6:00.0
[sdf] built in 1.4s  voxel solid fraction=0.6003 (packing 0.6003)
[mg] initMpi 768x768x768 np=8 -> 7 levels (requested 7)
[mg]  L0 global  768x 768x 768  rank0 block  384x 384x 384  ratio(2,2,2)
[mg]  L1 global  384x 384x 384  rank0 block  192x 192x 192  ratio(2,2,2)
[mg]  L2 global  192x 192x 192  rank0 block   96x  96x  96  ratio(2,2,2)
[mg]  L3 global   96x  96x  96  rank0 block   48x  48x  48  ratio(2,2,2)
[mg]  L4 global   48x  48x  48  rank0 block   24x  24x  24  ratio(2,2,2)
[mg]  L5 global   24x  24x  24  rank0 block   12x  12x  12  ratio(2,2,2)
[mg]  L6 global   12x  12x  12  rank0 block    6x   6x   6  ratio(1,1,1)
[run] warmup 0 steps...
[mg] solve 0: r0=2.071217e-02 rtol=1.0e-09 (pre=2 post=2 bottom=12)
[mg]   it   1  |r|inf=3.680762e-02  r/r0=1.7771e+00
[mg]   it   2  |r|inf=1.260036e-02  r/r0=6.0836e-01
[mg]   it   3  |r|inf=5.052745e-03  r/r0=2.4395e-01
[mg]   it   4  |r|inf=2.768471e-03  r/r0=1.3366e-01
[mg]   it   5  |r|inf=1.668428e-03  r/r0=8.0553e-02
[mg]   it   6  |r|inf=1.210914e-03  r/r0=5.8464e-02
[mg]   it   7  |r|inf=7.238204e-04  r/r0=3.4947e-02
[mg]   it   8  |r|inf=5.398444e-04  r/r0=2.6064e-02
[mg]   it   9  |r|inf=4.732575e-04  r/r0=2.2849e-02
[mg]   it  10  |r|inf=4.109686e-04  r/r0=1.9842e-02
[mg]   it  11  |r|inf=3.518465e-04  r/r0=1.6987e-02
[mg]   it  12  |r|inf=2.769621e-04  r/r0=1.3372e-02
[mg]   it  13  |r|inf=1.795621e-04  r/r0=8.6694e-03
[mg]   it  14  |r|inf=1.467807e-04  r/r0=7.0867e-03
[mg]   it  15  |r|inf=1.070088e-04  r/r0=5.1665e-03
[mg]   it  16  |r|inf=6.534865e-05  r/r0=3.1551e-03
[mg]   it  17  |r|inf=3.898067e-05  r/r0=1.8820e-03
[mg]   it  18  |r|inf=3.229647e-05  r/r0=1.5593e-03
[mg]   it  19  |r|inf=3.771463e-05  r/r0=1.8209e-03
[mg]   it  20  |r|inf=2.507197e-05  r/r0=1.2105e-03
[mg]   it  21  |r|inf=3.663998e-05  r/r0=1.7690e-03
[mg]   it  22  |r|inf=1.518135e-05  r/r0=7.3297e-04
[mg]   it  23  |r|inf=2.075744e-05  r/r0=1.0022e-03
[mg]   it  24  |r|inf=1.743762e-05  r/r0=8.4190e-04
[mg]   it  25  |r|inf=1.594373e-05  r/r0=7.6978e-04
[mg]   it  26  |r|inf=1.461493e-05  r/r0=7.0562e-04
[mg]   it  27  |r|inf=1.220371e-05  r/r0=5.8920e-04
[mg]   it  28  |r|inf=1.008628e-05  r/r0=4.8697e-04
[mg]   it  29  |r|inf=1.023757e-05  r/r0=4.9428e-04
[mg]   it  30  |r|inf=6.920349e-06  r/r0=3.3412e-04
[mg]   it  31  |r|inf=7.674218e-06  r/r0=3.7052e-04
[mg]   it  32  |r|inf=6.180236e-06  r/r0=2.9839e-04
[mg]   it  33  |r|inf=4.904760e-06  r/r0=2.3681e-04
[mg]   it  34  |r|inf=6.140889e-06  r/r0=2.9649e-04
[mg]   it  35  |r|inf=5.191318e-06  r/r0=2.5064e-04
[mg]   it  36  |r|inf=4.488496e-06  r/r0=2.1671e-04
[mg]   it  37  |r|inf=3.801438e-06  r/r0=1.8354e-04
[mg]   it  38  |r|inf=4.053219e-06  r/r0=1.9569e-04
[mg]   it  39  |r|inf=3.927820e-06  r/r0=1.8964e-04
[mg]   it  40  |r|inf=4.142838e-06  r/r0=2.0002e-04
[mg]   it  41  |r|inf=3.335631e-06  r/r0=1.6105e-04
[mg]   it  42  |r|inf=3.941895e-06  r/r0=1.9032e-04
[mg]   it  43  |r|inf=3.769798e-06  r/r0=1.8201e-04
[mg]   it  44  |r|inf=3.807636e-06  r/r0=1.8384e-04
[mg]   it  45  |r|inf=3.996106e-06  r/r0=1.9294e-04
[mg]   it  46  |r|inf=4.173969e-06  r/r0=2.0152e-04
[mg]   it  47  |r|inf=3.470950e-06  r/r0=1.6758e-04
[mg]   it  48  |r|inf=3.950205e-06  r/r0=1.9072e-04
[mg]   it  49  |r|inf=4.227821e-06  r/r0=2.0412e-04
[mg]   it  50  |r|inf=3.843111e-06  r/r0=1.8555e-04
[mg]   it  51  |r|inf=4.229173e-06  r/r0=2.0419e-04
[mg]   it  52  |r|inf=4.296889e-06  r/r0=2.0746e-04
[mg]   it  53  |r|inf=5.027598e-06  r/r0=2.4274e-04
[mg]   it  54  |r|inf=5.139078e-06  r/r0=2.4812e-04
[mg]   it  55  |r|inf=4.708668e-06  r/r0=2.2734e-04
[mg]   it  56  |r|inf=4.197073e-06  r/r0=2.0264e-04
[mg]   it  57  |r|inf=4.847433e-06  r/r0=2.3404e-04
[mg]   it  58  |r|inf=5.127740e-06  r/r0=2.4757e-04
[mg]   it  59  |r|inf=5.033244e-06  r/r0=2.4301e-04
[mg]   it  60  |r|inf=4.568363e-06  r/r0=2.2056e-04
[mg]   it  61  |r|inf=5.082180e-06  r/r0=2.4537e-04
[mg]   it  62  |r|inf=5.282431e-06  r/r0=2.5504e-04
[mg]   it  63  |r|inf=5.603936e-06  r/r0=2.7056e-04
[mg]   it  64  |r|inf=6.287497e-06  r/r0=3.0357e-04
[mg]   it  65  |r|inf=6.607029e-06  r/r0=3.1899e-04
[mg]   it  66  |r|inf=6.581467e-06  r/r0=3.1776e-04
[mg]   it  67  |r|inf=6.252885e-06  r/r0=3.0189e-04
[mg]   it  68  |r|inf=5.671371e-06  r/r0=2.7382e-04
[mg]   it  69  |r|inf=5.328778e-06  r/r0=2.5728e-04
[mg]   it  70  |r|inf=5.848832e-06  r/r0=2.8239e-04
[mg]   it  71  |r|inf=6.169273e-06  r/r0=2.9786e-04
[mg]   it  72  |r|inf=6.291283e-06  r/r0=3.0375e-04
[mg]   it  73  |r|inf=6.216738e-06  r/r0=3.0015e-04
[mg]   it  74  |r|inf=5.949468e-06  r/r0=2.8724e-04
[mg]   it  75  |r|inf=5.497304e-06  r/r0=2.6541e-04
[mg]   it  76  |r|inf=5.900982e-06  r/r0=2.8490e-04
[mg]   it  77  |r|inf=6.198262e-06  r/r0=2.9926e-04
[mg]   it  78  |r|inf=6.319975e-06  r/r0=3.0513e-04
[mg]   it  79  |r|inf=6.327392e-06  r/r0=3.0549e-04
[mg]   it  80  |r|inf=7.019055e-06  r/r0=3.3889e-04
[mg]   it  81  |r|inf=7.524952e-06  r/r0=3.6331e-04
[mg]   it  82  |r|inf=7.842982e-06  r/r0=3.7867e-04
[mg]   it  83  |r|inf=7.979594e-06  r/r0=3.8526e-04
[mg]   it  84  |r|inf=7.947496e-06  r/r0=3.8371e-04
[mg]   it  85  |r|inf=7.763163e-06  r/r0=3.7481e-04
[mg]   it  86  |r|inf=7.444621e-06  r/r0=3.5943e-04
[mg]   it  87  |r|inf=7.009763e-06  r/r0=3.3844e-04
[mg]   it  88  |r|inf=6.475297e-06  r/r0=3.1263e-04
[mg]   it  89  |r|inf=6.098695e-06  r/r0=2.9445e-04
[mg]   it  90  |r|inf=6.468495e-06  r/r0=3.1230e-04
[mg]   it  91  |r|inf=6.744466e-06  r/r0=3.2563e-04
[mg]   it  92  |r|inf=6.928489e-06  r/r0=3.3451e-04
[mg]   it  93  |r|inf=7.022423e-06  r/r0=3.3905e-04
[mg]   it  94  |r|inf=7.028113e-06  r/r0=3.3932e-04
[mg]   it  95  |r|inf=6.947518e-06  r/r0=3.3543e-04
[mg]   it  96  |r|inf=6.782908e-06  r/r0=3.2748e-04
[mg]   it  97  |r|inf=6.537105e-06  r/r0=3.1562e-04
[mg]   it  98  |r|inf=6.213712e-06  r/r0=3.0000e-04
[mg]   it  99  |r|inf=6.007804e-06  r/r0=2.9006e-04
[mg]   it 100  |r|inf=6.306919e-06  r/r0=3.0450e-04
[mg]   it 101  |r|inf=6.533199e-06  r/r0=3.1543e-04
[mg]   it 102  |r|inf=6.684891e-06  r/r0=3.2275e-04
[mg]   it 103  |r|inf=6.761583e-06  r/r0=3.2645e-04
[mg]   it 104  |r|inf=6.764271e-06  r/r0=3.2658e-04
[mg]   it 105  |r|inf=6.835323e-06  r/r0=3.3001e-04
[mg]   it 106  |r|inf=7.312703e-06  r/r0=3.5306e-04
[mg]   it 107  |r|inf=7.710082e-06  r/r0=3.7225e-04
[mg]   it 108  |r|inf=8.026577e-06  r/r0=3.8753e-04
[mg]   it 109  |r|inf=8.262894e-06  r/r0=3.9894e-04
[mg]   it 110  |r|inf=8.421118e-06  r/r0=4.0658e-04
[mg]   it 111  |r|inf=8.504457e-06  r/r0=4.1060e-04
[mg]   it 112  |r|inf=8.516965e-06  r/r0=4.1121e-04
[mg]   it 113  |r|inf=8.463272e-06  r/r0=4.0861e-04
[mg]   it 114  |r|inf=8.348336e-06  r/r0=4.0306e-04
[mg]   it 115  |r|inf=8.177233e-06  r/r0=3.9480e-04
[mg]   it 116  |r|inf=7.954985e-06  r/r0=3.8407e-04
[mg]   it 117  |r|inf=7.686433e-06  r/r0=3.7111e-04
[mg]   it 118  |r|inf=7.376152e-06  r/r0=3.5613e-04
[mg]   it 119  |r|inf=7.028396e-06  r/r0=3.3934e-04
[mg]   it 120  |r|inf=6.647079e-06  r/r0=3.2093e-04
[mg]   it 121  |r|inf=6.238520e-06  r/r0=3.0120e-04
[mg]   it 122  |r|inf=6.470523e-06  r/r0=3.1240e-04
[mg]   it 123  |r|inf=6.665403e-06  r/r0=3.2181e-04
[mg]   it 124  |r|inf=6.823900e-06  r/r0=3.2946e-04
[mg]   it 125  |r|inf=6.946735e-06  r/r0=3.3539e-04
[mg]   it 126  |r|inf=7.034600e-06  r/r0=3.3964e-04
[mg]   it 127  |r|inf=7.088152e-06  r/r0=3.4222e-04
[mg]   it 128  |r|inf=7.108024e-06  r/r0=3.4318e-04
[mg]   it 129  |r|inf=7.094837e-06  r/r0=3.4254e-04
[mg]   it 130  |r|inf=7.049214e-06  r/r0=3.4034e-04
[mg]   it 131  |r|inf=6.971804e-06  r/r0=3.3660e-04
[mg]   it 132  |r|inf=6.863302e-06  r/r0=3.3137e-04
[mg]   it 133  |r|inf=6.724469e-06  r/r0=3.2466e-04
[mg]   it 134  |r|inf=6.556158e-06  r/r0=3.1654e-04
[mg]   it 135  |r|inf=6.359329e-06  r/r0=3.0703e-04
[mg]   it 136  |r|inf=6.135067e-06  r/r0=2.9621e-04
[mg]   it 137  |r|inf=5.884595e-06  r/r0=2.8411e-04
[mg]   it 138  |r|inf=6.060197e-06  r/r0=2.9259e-04
[mg]   it 139  |r|inf=6.237294e-06  r/r0=3.0114e-04
[mg]   it 140  |r|inf=6.387256e-06  r/r0=3.0838e-04
[mg]   it 141  |r|inf=6.509684e-06  r/r0=3.1429e-04
[mg]   it 142  |r|inf=6.604354e-06  r/r0=3.1886e-04
[mg]   it 143  |r|inf=6.671228e-06  r/r0=3.2209e-04
[mg]   it 144  |r|inf=6.710459e-06  r/r0=3.2399e-04
[mg]   it 145  |r|inf=6.722392e-06  r/r0=3.2456e-04
[mg]   it 146  |r|inf=6.707558e-06  r/r0=3.2385e-04
[mg]   it 147  |r|inf=6.788712e-06  r/r0=3.2776e-04
[mg]   it 148  |r|inf=7.100686e-06  r/r0=3.4283e-04
[mg]   it 149  |r|inf=7.382821e-06  r/r0=3.5645e-04
[mg]   it 150  |r|inf=7.634703e-06  r/r0=3.6861e-04
[mg]   it 151  |r|inf=7.856158e-06  r/r0=3.7930e-04
[mg]   it 152  |r|inf=8.047238e-06  r/r0=3.8853e-04
[mg]   it 153  |r|inf=8.208209e-06  r/r0=3.9630e-04
[mg]   it 154  |r|inf=8.339524e-06  r/r0=4.0264e-04
[mg]   it 155  |r|inf=8.441809e-06  r/r0=4.0758e-04
[mg]   it 156  |r|inf=8.515834e-06  r/r0=4.1115e-04
[mg]   it 157  |r|inf=8.562493e-06  r/r0=4.1340e-04
[mg]   it 158  |r|inf=8.582778e-06  r/r0=4.1438e-04
[mg]   it 159  |r|inf=8.577756e-06  r/r0=4.1414e-04
[mg]   it 160  |r|inf=8.548552e-06  r/r0=4.1273e-04
[mg]   it 161  |r|inf=8.496320e-06  r/r0=4.1021e-04
[mg]   it 162  |r|inf=8.422235e-06  r/r0=4.0663e-04
[mg]   it 163  |r|inf=8.327472e-06  r/r0=4.0206e-04
[mg]   it 164  |r|inf=8.213192e-06  r/r0=3.9654e-04
[mg]   it 165  |r|inf=8.080536e-06  r/r0=3.9013e-04
[mg]   it 166  |r|inf=7.930611e-06  r/r0=3.8290e-04
[mg]   it 167  |r|inf=7.764483e-06  r/r0=3.7488e-04
[mg]   it 168  |r|inf=7.583177e-06  r/r0=3.6612e-04
[mg]   it 169  |r|inf=7.387670e-06  r/r0=3.5668e-04
[mg]   it 170  |r|inf=7.178887e-06  r/r0=3.4660e-04
[mg]   it 171  |r|inf=6.957708e-06  r/r0=3.3592e-04
[mg]   it 172  |r|inf=6.724959e-06  r/r0=3.2469e-04
[mg]   it 173  |r|inf=6.481421e-06  r/r0=3.1293e-04
[mg]   it 174  |r|inf=6.233660e-06  r/r0=3.0097e-04
[mg]   it 175  |r|inf=6.367156e-06  r/r0=3.0741e-04
[mg]   it 176  |r|inf=6.487318e-06  r/r0=3.1321e-04
[mg]   it 177  |r|inf=6.594336e-06  r/r0=3.1838e-04
[mg]   it 178  |r|inf=6.688394e-06  r/r0=3.2292e-04
[mg]   it 179  |r|inf=6.769676e-06  r/r0=3.2685e-04
[mg]   it 180  |r|inf=6.838355e-06  r/r0=3.3016e-04
[mg]   it 181  |r|inf=6.894602e-06  r/r0=3.3288e-04
[mg]   it 182  |r|inf=6.938579e-06  r/r0=3.3500e-04
[mg]   it 183  |r|inf=6.970444e-06  r/r0=3.3654e-04
[mg]   it 184  |r|inf=6.990349e-06  r/r0=3.3750e-04
[mg]   it 185  |r|inf=6.998441e-06  r/r0=3.3789e-04
[mg]   it 186  |r|inf=6.994867e-06  r/r0=3.3772e-04
[mg]   it 187  |r|inf=6.979769e-06  r/r0=3.3699e-04
[mg]   it 188  |r|inf=6.953293e-06  r/r0=3.3571e-04
[mg]   it 189  |r|inf=6.915583e-06  r/r0=3.3389e-04
[mg]   it 190  |r|inf=6.866790e-06  r/r0=3.3153e-04
[mg]   it 191  |r|inf=6.807068e-06  r/r0=3.2865e-04
[mg]   it 192  |r|inf=6.736578e-06  r/r0=3.2525e-04
[mg]   it 193  |r|inf=6.655492e-06  r/r0=3.2133e-04
[mg]   it 194  |r|inf=6.563990e-06  r/r0=3.1691e-04
[mg]   it 195  |r|inf=6.462265e-06  r/r0=3.1200e-04
[mg]   it 196  |r|inf=6.350524e-06  r/r0=3.0661e-04
[mg]   it 197  |r|inf=6.228987e-06  r/r0=3.0074e-04
[mg]   it 198  |r|inf=6.097891e-06  r/r0=2.9441e-04
[mg]   it 199  |r|inf=5.957490e-06  r/r0=2.8763e-04
[mg]   it 200  |r|inf=5.808055e-06  r/r0=2.8042e-04
[mg]   it 201  |r|inf=5.789489e-06  r/r0=2.7952e-04
[mg]   it 202  |r|inf=5.910024e-06  r/r0=2.8534e-04
[mg]   it 203  |r|inf=6.021308e-06  r/r0=2.9071e-04
[mg]   it 204  |r|inf=6.123211e-06  r/r0=2.9563e-04
[mg]   it 205  |r|inf=6.215624e-06  r/r0=3.0010e-04
[mg]   it 206  |r|inf=6.298458e-06  r/r0=3.0409e-04
[mg]   it 207  |r|inf=6.371642e-06  r/r0=3.0763e-04
[mg]   it 208  |r|inf=6.435132e-06  r/r0=3.1069e-04
[mg]   it 209  |r|inf=6.488902e-06  r/r0=3.1329e-04
[mg]   it 210  |r|inf=6.532955e-06  r/r0=3.1542e-04
[mg]   it 211  |r|inf=6.567313e-06  r/r0=3.1708e-04
[mg]   it 212  |r|inf=6.592024e-06  r/r0=3.1827e-04
[mg]   it 213  |r|inf=6.607161e-06  r/r0=3.1900e-04
[mg]   it 214  |r|inf=6.612819e-06  r/r0=3.1927e-04
[mg]   it 215  |r|inf=6.609116e-06  r/r0=3.1909e-04
[mg]   it 216  |r|inf=6.596193e-06  r/r0=3.1847e-04
[mg]   it 217  |r|inf=6.737707e-06  r/r0=3.2530e-04
[mg]   it 218  |r|inf=6.931968e-06  r/r0=3.3468e-04
[mg]   it 219  |r|inf=7.115738e-06  r/r0=3.4355e-04
[mg]   it 220  |r|inf=7.288892e-06  r/r0=3.5191e-04
[mg]   it 221  |r|inf=7.451334e-06  r/r0=3.5976e-04
[mg]   it 222  |r|inf=7.603000e-06  r/r0=3.6708e-04
[mg]   it 223  |r|inf=7.743854e-06  r/r0=3.7388e-04
[mg]   it 224  |r|inf=7.873892e-06  r/r0=3.8016e-04
[mg]   it 225  |r|inf=7.993136e-06  r/r0=3.8591e-04
[mg]   it 226  |r|inf=8.101635e-06  r/r0=3.9115e-04
[mg]   it 227  |r|inf=8.199463e-06  r/r0=3.9588e-04
[mg]   it 228  |r|inf=8.286720e-06  r/r0=4.0009e-04
[mg]   it 229  |r|inf=8.363524e-06  r/r0=4.0380e-04
[mg]   it 230  |r|inf=8.430017e-06  r/r0=4.0701e-04
[mg]   it 231  |r|inf=8.486357e-06  r/r0=4.0973e-04
[mg]   it 232  |r|inf=8.532720e-06  r/r0=4.1197e-04
[mg]   it 233  |r|inf=8.569297e-06  r/r0=4.1373e-04
[mg]   it 234  |r|inf=8.596291e-06  r/r0=4.1504e-04
[mg]   it 235  |r|inf=8.613917e-06  r/r0=4.1589e-04
[mg]   it 236  |r|inf=8.622399e-06  r/r0=4.1630e-04
[mg]   it 237  |r|inf=8.621969e-06  r/r0=4.1628e-04
[mg]   it 238  |r|inf=8.612866e-06  r/r0=4.1584e-04
[mg]   it 239  |r|inf=8.595335e-06  r/r0=4.1499e-04
[mg]   it 240  |r|inf=8.569620e-06  r/r0=4.1375e-04
[mg]   it 241  |r|inf=8.535972e-06  r/r0=4.1212e-04
[mg]   it 242  |r|inf=8.494640e-06  r/r0=4.1013e-04
[mg]   it 243  |r|inf=8.445874e-06  r/r0=4.0777e-04
[mg]   it 244  |r|inf=8.389922e-06  r/r0=4.0507e-04
[mg]   it 245  |r|inf=8.327029e-06  r/r0=4.0204e-04
[mg]   it 246  |r|inf=8.257441e-06  r/r0=3.9868e-04
[mg]   it 247  |r|inf=8.181395e-06  r/r0=3.9500e-04
[mg]   it 248  |r|inf=8.099126e-06  r/r0=3.9103e-04
[mg]   it 249  |r|inf=8.010867e-06  r/r0=3.8677e-04
[mg]   it 250  |r|inf=7.916840e-06  r/r0=3.8223e-04
[mg]   it 251  |r|inf=7.817266e-06  r/r0=3.7742e-04
[mg]   it 252  |r|inf=7.712359e-06  r/r0=3.7236e-04
[mg]   it 253  |r|inf=7.602325e-06  r/r0=3.6705e-04
[mg]   it 254  |r|inf=7.487366e-06  r/r0=3.6150e-04
[mg]   it 255  |r|inf=7.367676e-06  r/r0=3.5572e-04
[mg]   it 256  |r|inf=7.243445e-06  r/r0=3.4972e-04
[mg]   it 257  |r|inf=7.114853e-06  r/r0=3.4351e-04
[mg]   it 258  |r|inf=6.982078e-06  r/r0=3.3710e-04
[mg]   it 259  |r|inf=6.845288e-06  r/r0=3.3050e-04
[mg]   it 260  |r|inf=6.704648e-06  r/r0=3.2371e-04
[mg]   it 261  |r|inf=6.560314e-06  r/r0=3.1674e-04
[mg]   it 262  |r|inf=6.412439e-06  r/r0=3.0960e-04
[mg]   it 263  |r|inf=6.261170e-06  r/r0=3.0229e-04
[mg]   it 264  |r|inf=6.326013e-06  r/r0=3.0542e-04
[mg]   it 265  |r|inf=6.398221e-06  r/r0=3.0891e-04
[mg]   it 266  |r|inf=6.465844e-06  r/r0=3.1218e-04
[mg]   it 267  |r|inf=6.528921e-06  r/r0=3.1522e-04
[mg]   it 268  |r|inf=6.587496e-06  r/r0=3.1805e-04
[mg]   it 269  |r|inf=6.641608e-06  r/r0=3.2066e-04
[mg]   it 270  |r|inf=6.691298e-06  r/r0=3.2306e-04
[mg]   it 271  |r|inf=6.736603e-06  r/r0=3.2525e-04
[mg]   it 272  |r|inf=6.777563e-06  r/r0=3.2723e-04
[mg]   it 273  |r|inf=6.814215e-06  r/r0=3.2900e-04
[mg]   it 274  |r|inf=6.846595e-06  r/r0=3.3056e-04
[mg]   it 275  |r|inf=6.874738e-06  r/r0=3.3192e-04
[mg]   it 276  |r|inf=6.898680e-06  r/r0=3.3307e-04
[mg]   it 277  |r|inf=6.918454e-06  r/r0=3.3403e-04
[mg]   it 278  |r|inf=6.934094e-06  r/r0=3.3478e-04
[mg]   it 279  |r|inf=6.945632e-06  r/r0=3.3534e-04
[mg]   it 280  |r|inf=6.953100e-06  r/r0=3.3570e-04
[mg]   it 281  |r|inf=6.956529e-06  r/r0=3.3587e-04
[mg]   it 282  |r|inf=6.955951e-06  r/r0=3.3584e-04
[mg]   it 283  |r|inf=6.951397e-06  r/r0=3.3562e-04
[mg]   it 284  |r|inf=6.942896e-06  r/r0=3.3521e-04
[mg]   it 285  |r|inf=6.930480e-06  r/r0=3.3461e-04
[mg]   it 286  |r|inf=6.914179e-06  r/r0=3.3382e-04
[mg]   it 287  |r|inf=6.894024e-06  r/r0=3.3285e-04
[mg]   it 288  |r|inf=6.870045e-06  r/r0=3.3169e-04
[mg]   it 289  |r|inf=6.842275e-06  r/r0=3.3035e-04
[mg]   it 290  |r|inf=6.810745e-06  r/r0=3.2883e-04
[mg]   it 291  |r|inf=6.775488e-06  r/r0=3.2713e-04
[mg]   it 292  |r|inf=6.736537e-06  r/r0=3.2525e-04
[mg]   it 293  |r|inf=6.693926e-06  r/r0=3.2319e-04
[mg]   it 294  |r|inf=6.647692e-06  r/r0=3.2096e-04
[mg]   it 295  |r|inf=6.597871e-06  r/r0=3.1855e-04
[mg]   it 296  |r|inf=6.544500e-06  r/r0=3.1597e-04
[mg]   it 297  |r|inf=6.487618e-06  r/r0=3.1323e-04
[mg]   it 298  |r|inf=6.427267e-06  r/r0=3.1031e-04
[mg]   it 299  |r|inf=6.363489e-06  r/r0=3.0723e-04
[mg]   it 300  |r|inf=6.296327e-06  r/r0=3.0399e-04
[mg]   it 301  |r|inf=6.225827e-06  r/r0=3.0059e-04
[mg]   it 302  |r|inf=6.152037e-06  r/r0=2.9703e-04
[mg]   it 303  |r|inf=6.075006e-06  r/r0=2.9331e-04
[mg]   it 304  |r|inf=5.994786e-06  r/r0=2.8943e-04
[mg]   it 305  |r|inf=5.911430e-06  r/r0=2.8541e-04
[mg]   it 306  |r|inf=5.824993e-06  r/r0=2.8124e-04
[mg]   it 307  |r|inf=5.735533e-06  r/r0=2.7692e-04
[mg]   it 308  |r|inf=5.664290e-06  r/r0=2.7348e-04
[mg]   it 309  |r|inf=5.739120e-06  r/r0=2.7709e-04
[mg]   it 310  |r|inf=5.810845e-06  r/r0=2.8055e-04
[mg]   it 311  |r|inf=5.879435e-06  r/r0=2.8386e-04
[mg]   it 312  |r|inf=5.944863e-06  r/r0=2.8702e-04
[mg]   it 313  |r|inf=6.007102e-06  r/r0=2.9003e-04
[mg]   it 314  |r|inf=6.066128e-06  r/r0=2.9288e-04
[mg]   it 315  |r|inf=6.121920e-06  r/r0=2.9557e-04
[mg]   it 316  |r|inf=6.174459e-06  r/r0=2.9811e-04
[mg]   it 317  |r|inf=6.223729e-06  r/r0=3.0049e-04
[mg]   it 318  |r|inf=6.269715e-06  r/r0=3.0271e-04
[mg]   it 319  |r|inf=6.312406e-06  r/r0=3.0477e-04
[mg]   it 320  |r|inf=6.351794e-06  r/r0=3.0667e-04
[mg]   it 321  |r|inf=6.387871e-06  r/r0=3.0841e-04
[mg]   it 322  |r|inf=6.420635e-06  r/r0=3.0999e-04
[mg]   it 323  |r|inf=6.450086e-06  r/r0=3.1142e-04
[mg]   it 324  |r|inf=6.476225e-06  r/r0=3.1268e-04
[mg]   it 325  |r|inf=6.499058e-06  r/r0=3.1378e-04
[mg]   it 326  |r|inf=6.518593e-06  r/r0=3.1472e-04
[mg]   it 327  |r|inf=6.534840e-06  r/r0=3.1551e-04
[mg]   it 328  |r|inf=6.547813e-06  r/r0=3.1613e-04
[mg]   it 329  |r|inf=6.557529e-06  r/r0=3.1660e-04
[mg]   it 330  |r|inf=6.564006e-06  r/r0=3.1692e-04
[mg]   it 331  |r|inf=6.567266e-06  r/r0=3.1707e-04
[mg]   it 332  |r|inf=6.567335e-06  r/r0=3.1708e-04
[mg]   it 333  |r|inf=6.564240e-06  r/r0=3.1693e-04
[mg]   it 334  |r|inf=6.558010e-06  r/r0=3.1663e-04
[mg]   it 335  |r|inf=6.638607e-06  r/r0=3.2052e-04
[mg]   it 336  |r|inf=6.758862e-06  r/r0=3.2632e-04
[mg]   it 337  |r|inf=6.875549e-06  r/r0=3.3196e-04
[mg]   it 338  |r|inf=6.988633e-06  r/r0=3.3742e-04
[mg]   it 339  |r|inf=7.098086e-06  r/r0=3.4270e-04
[mg]   it 340  |r|inf=7.203881e-06  r/r0=3.4781e-04
[mg]   it 341  |r|inf=7.305997e-06  r/r0=3.5274e-04
[mg]   it 342  |r|inf=7.404414e-06  r/r0=3.5749e-04
[mg]   it 343  |r|inf=7.499120e-06  r/r0=3.6206e-04
[mg]   it 344  |r|inf=7.590101e-06  r/r0=3.6646e-04
[mg]   it 345  |r|inf=7.677352e-06  r/r0=3.7067e-04
[mg]   it 346  |r|inf=7.760867e-06  r/r0=3.7470e-04
[mg]   it 347  |r|inf=7.840648e-06  r/r0=3.7855e-04
[mg]   it 348  |r|inf=7.916696e-06  r/r0=3.8222e-04
[mg]   it 349  |r|inf=7.989018e-06  r/r0=3.8572e-04
[mg]   it 350  |r|inf=8.057623e-06  r/r0=3.8903e-04
[mg]   it 351  |r|inf=8.122525e-06  r/r0=3.9216e-04
[mg]   it 352  |r|inf=8.183737e-06  r/r0=3.9512e-04
[mg]   it 353  |r|inf=8.241279e-06  r/r0=3.9790e-04
[mg]   it 354  |r|inf=8.295172e-06  r/r0=4.0050e-04
[mg]   it 355  |r|inf=8.345439e-06  r/r0=4.0292e-04
[mg]   it 356  |r|inf=8.392107e-06  r/r0=4.0518e-04
[mg]   it 357  |r|inf=8.435204e-06  r/r0=4.0726e-04
[mg]   it 358  |r|inf=8.474761e-06  r/r0=4.0917e-04
[mg]   it 359  |r|inf=8.510810e-06  r/r0=4.1091e-04
[mg]   it 360  |r|inf=8.543388e-06  r/r0=4.1248e-04
[mg]   it 361  |r|inf=8.572531e-06  r/r0=4.1389e-04
[mg]   it 362  |r|inf=8.598277e-06  r/r0=4.1513e-04
[mg]   it 363  |r|inf=8.620666e-06  r/r0=4.1621e-04
[mg]   it 364  |r|inf=8.639741e-06  r/r0=4.1713e-04
[mg]   it 365  |r|inf=8.655544e-06  r/r0=4.1790e-04
[mg]   it 366  |r|inf=8.668120e-06  r/r0=4.1850e-04
[mg]   it 367  |r|inf=8.677514e-06  r/r0=4.1896e-04
[mg]   it 368  |r|inf=8.683773e-06  r/r0=4.1926e-04
[mg]   it 369  |r|inf=8.686944e-06  r/r0=4.1941e-04
[mg]   it 370  |r|inf=8.687075e-06  r/r0=4.1942e-04
[mg]   it 371  |r|inf=8.684215e-06  r/r0=4.1928e-04
[mg]   it 372  |r|inf=8.678414e-06  r/r0=4.1900e-04
[mg]   it 373  |r|inf=8.669720e-06  r/r0=4.1858e-04
[mg]   it 374  |r|inf=8.658186e-06  r/r0=4.1802e-04
[mg]   it 375  |r|inf=8.643860e-06  r/r0=4.1733e-04
[mg]   it 376  |r|inf=8.626794e-06  r/r0=4.1651e-04
[mg]   it 377  |r|inf=8.607039e-06  r/r0=4.1555e-04
[mg]   it 378  |r|inf=8.584645e-06  r/r0=4.1447e-04
[mg]   it 379  |r|inf=8.559663e-06  r/r0=4.1327e-04
[mg]   it 380  |r|inf=8.532145e-06  r/r0=4.1194e-04
[mg]   it 381  |r|inf=8.502139e-06  r/r0=4.1049e-04
[mg]   it 382  |r|inf=8.469698e-06  r/r0=4.0892e-04
[mg]   it 383  |r|inf=8.434870e-06  r/r0=4.0724e-04
[mg]   it 384  |r|inf=8.397705e-06  r/r0=4.0545e-04
[mg]   it 385  |r|inf=8.358253e-06  r/r0=4.0354e-04
[mg]   it 386  |r|inf=8.316562e-06  r/r0=4.0153e-04
[mg]   it 387  |r|inf=8.272680e-06  r/r0=3.9941e-04
[mg]   it 388  |r|inf=8.226655e-06  r/r0=3.9719e-04
[mg]   it 389  |r|inf=8.178533e-06  r/r0=3.9487e-04
[mg]   it 390  |r|inf=8.128363e-06  r/r0=3.9244e-04
[mg]   it 391  |r|inf=8.076188e-06  r/r0=3.8992e-04
[mg]   it 392  |r|inf=8.022055e-06  r/r0=3.8731e-04
[mg]   it 393  |r|inf=7.966008e-06  r/r0=3.8461e-04
[mg]   it 394  |r|inf=7.908090e-06  r/r0=3.8181e-04
[mg]   it 395  |r|inf=7.848345e-06  r/r0=3.7892e-04
[mg]   it 396  |r|inf=7.786814e-06  r/r0=3.7595e-04
[mg]   it 397  |r|inf=7.723540e-06  r/r0=3.7290e-04
[mg]   it 398  |r|inf=7.658563e-06  r/r0=3.6976e-04
[mg]   it 399  |r|inf=7.591923e-06  r/r0=3.6654e-04
[mg]   it 400  |r|inf=7.523659e-06  r/r0=3.6325e-04
[mg]   it 401  |r|inf=7.453810e-06  r/r0=3.5988e-04
[mg]   it 402  |r|inf=7.382413e-06  r/r0=3.5643e-04
[mg]   it 403  |r|inf=7.309506e-06  r/r0=3.5291e-04
[mg]   it 404  |r|inf=7.235124e-06  r/r0=3.4932e-04
[mg]   it 405  |r|inf=7.159303e-06  r/r0=3.4566e-04
[mg]   it 406  |r|inf=7.082078e-06  r/r0=3.4193e-04
[mg]   it 407  |r|inf=7.003482e-06  r/r0=3.3813e-04
[mg]   it 408  |r|inf=6.923549e-06  r/r0=3.3427e-04
[mg]   it 409  |r|inf=6.842311e-06  r/r0=3.3035e-04
[mg]   it 410  |r|inf=6.759799e-06  r/r0=3.2637e-04
[mg]   it 411  |r|inf=6.676046e-06  r/r0=3.2232e-04
[mg]   it 412  |r|inf=6.591081e-06  r/r0=3.1822e-04
[mg]   it 413  |r|inf=6.504934e-06  r/r0=3.1406e-04
[mg]   it 414  |r|inf=6.417634e-06  r/r0=3.0985e-04
[mg]   it 415  |r|inf=6.329210e-06  r/r0=3.0558e-04
[mg]   it 416  |r|inf=6.287762e-06  r/r0=3.0358e-04
[mg]   it 417  |r|inf=6.330040e-06  r/r0=3.0562e-04
[mg]   it 418  |r|inf=6.370767e-06  r/r0=3.0759e-04
[mg]   it 419  |r|inf=6.409952e-06  r/r0=3.0948e-04
[mg]   it 420  |r|inf=6.447602e-06  r/r0=3.1130e-04
[mg]   it 421  |r|inf=6.483727e-06  r/r0=3.1304e-04
[mg]   it 422  |r|inf=6.518337e-06  r/r0=3.1471e-04
[mg]   it 423  |r|inf=6.551438e-06  r/r0=3.1631e-04
[mg]   it 424  |r|inf=6.583041e-06  r/r0=3.1783e-04
[mg]   it 425  |r|inf=6.613153e-06  r/r0=3.1929e-04
[mg]   it 426  |r|inf=6.641782e-06  r/r0=3.2067e-04
[mg]   it 427  |r|inf=6.668938e-06  r/r0=3.2198e-04
[mg]   it 428  |r|inf=6.694628e-06  r/r0=3.2322e-04
[mg]   it 429  |r|inf=6.718859e-06  r/r0=3.2439e-04
[mg]   it 430  |r|inf=6.741641e-06  r/r0=3.2549e-04
[mg]   it 431  |r|inf=6.762981e-06  r/r0=3.2652e-04
[mg]   it 432  |r|inf=6.782886e-06  r/r0=3.2748e-04
[mg]   it 433  |r|inf=6.801365e-06  r/r0=3.2838e-04
[mg]   it 434  |r|inf=6.818423e-06  r/r0=3.2920e-04
[mg]   it 435  |r|inf=6.834070e-06  r/r0=3.2995e-04
[mg]   it 436  |r|inf=6.848312e-06  r/r0=3.3064e-04
[mg]   it 437  |r|inf=6.861156e-06  r/r0=3.3126e-04
[mg]   it 438  |r|inf=6.872609e-06  r/r0=3.3181e-04
[mg]   it 439  |r|inf=6.882679e-06  r/r0=3.3230e-04
[mg]   it 440  |r|inf=6.891371e-06  r/r0=3.3272e-04
[mg]   it 441  |r|inf=6.898693e-06  r/r0=3.3307e-04
[mg]   it 442  |r|inf=6.904652e-06  r/r0=3.3336e-04
[mg]   it 443  |r|inf=6.909254e-06  r/r0=3.3358e-04
[mg]   it 444  |r|inf=6.912505e-06  r/r0=3.3374e-04
[mg]   it 445  |r|inf=6.914412e-06  r/r0=3.3383e-04
[mg]   it 446  |r|inf=6.914982e-06  r/r0=3.3386e-04
[mg]   it 447  |r|inf=6.914220e-06  r/r0=3.3382e-04
[mg]   it 448  |r|inf=6.912134e-06  r/r0=3.3372e-04
[mg]   it 449  |r|inf=6.908728e-06  r/r0=3.3356e-04
[mg]   it 450  |r|inf=6.904011e-06  r/r0=3.3333e-04
[mg]   it 451  |r|inf=6.897987e-06  r/r0=3.3304e-04
[mg]   it 452  |r|inf=6.890663e-06  r/r0=3.3269e-04
[mg]   it 453  |r|inf=6.882045e-06  r/r0=3.3227e-04
[mg]   it 454  |r|inf=6.872139e-06  r/r0=3.3179e-04
[mg]   it 455  |r|inf=6.860952e-06  r/r0=3.3125e-04
[mg]   it 456  |r|inf=6.848490e-06  r/r0=3.3065e-04
[mg]   it 457  |r|inf=6.834759e-06  r/r0=3.2999e-04
[mg]   it 458  |r|inf=6.819765e-06  r/r0=3.2926e-04
[mg]   it 459  |r|inf=6.803515e-06  r/r0=3.2848e-04
[mg]   it 460  |r|inf=6.786015e-06  r/r0=3.2763e-04
[mg]   it 461  |r|inf=6.767271e-06  r/r0=3.2673e-04
[mg]   it 462  |r|inf=6.747290e-06  r/r0=3.2576e-04
[mg]   it 463  |r|inf=6.726079e-06  r/r0=3.2474e-04
[mg]   it 464  |r|inf=6.703644e-06  r/r0=3.2366e-04
[mg]   it 465  |r|inf=6.679992e-06  r/r0=3.2252e-04
[mg]   it 466  |r|inf=6.655130e-06  r/r0=3.2131e-04
[mg]   it 467  |r|inf=6.629065e-06  r/r0=3.2006e-04
[mg]   it 468  |r|inf=6.601804e-06  r/r0=3.1874e-04
[mg]   it 469  |r|inf=6.573354e-06  r/r0=3.1737e-04
[mg]   it 470  |r|inf=6.543723e-06  r/r0=3.1594e-04
[mg]   it 471  |r|inf=6.512918e-06  r/r0=3.1445e-04
[mg]   it 472  |r|inf=6.480946e-06  r/r0=3.1291e-04
[mg]   it 473  |r|inf=6.447816e-06  r/r0=3.1131e-04
[mg]   it 474  |r|inf=6.413535e-06  r/r0=3.0965e-04
[mg]   it 475  |r|inf=6.378112e-06  r/r0=3.0794e-04
[mg]   it 476  |r|inf=6.341554e-06  r/r0=3.0618e-04
[mg]   it 477  |r|inf=6.303871e-06  r/r0=3.0436e-04
[mg]   it 478  |r|inf=6.265071e-06  r/r0=3.0248e-04
[mg]   it 479  |r|inf=6.225163e-06  r/r0=3.0056e-04
[mg]   it 480  |r|inf=6.184155e-06  r/r0=2.9858e-04
[mg]   it 481  |r|inf=6.142058e-06  r/r0=2.9654e-04
[mg]   it 482  |r|inf=6.098880e-06  r/r0=2.9446e-04
[mg]   it 483  |r|inf=6.054632e-06  r/r0=2.9232e-04
[mg]   it 484  |r|inf=6.009322e-06  r/r0=2.9013e-04
[mg]   it 485  |r|inf=5.962962e-06  r/r0=2.8790e-04
[mg]   it 486  |r|inf=5.915561e-06  r/r0=2.8561e-04
[mg]   it 487  |r|inf=5.867130e-06  r/r0=2.8327e-04
[mg]   it 488  |r|inf=5.817680e-06  r/r0=2.8088e-04
[mg]   it 489  |r|inf=5.767222e-06  r/r0=2.7845e-04
[mg]   it 490  |r|inf=5.715767e-06  r/r0=2.7596e-04
[mg]   it 491  |r|inf=5.663326e-06  r/r0=2.7343e-04
[mg]   it 492  |r|inf=5.609911e-06  r/r0=2.7085e-04
[mg]   it 493  |r|inf=5.601972e-06  r/r0=2.7047e-04
[mg]   it 494  |r|inf=5.645597e-06  r/r0=2.7257e-04
[mg]   it 495  |r|inf=5.688199e-06  r/r0=2.7463e-04
[mg]   it 496  |r|inf=5.729773e-06  r/r0=2.7664e-04
[mg]   it 497  |r|inf=5.770311e-06  r/r0=2.7860e-04
[mg]   it 498  |r|inf=5.809810e-06  r/r0=2.8050e-04
[mg]   it 499  |r|inf=5.848263e-06  r/r0=2.8236e-04
[mg]   it 500  |r|inf=5.885666e-06  r/r0=2.8416e-04
[mg]   it 501  |r|inf=5.922013e-06  r/r0=2.8592e-04
[mg]   it 502  |r|inf=5.957300e-06  r/r0=2.8762e-04
[mg]   it 503  |r|inf=5.991523e-06  r/r0=2.8928e-04
[mg]   it 504  |r|inf=6.024677e-06  r/r0=2.9088e-04
[mg]   it 505  |r|inf=6.056759e-06  r/r0=2.9243e-04
[mg]   it 506  |r|inf=6.087765e-06  r/r0=2.9392e-04
[mg]   it 507  |r|inf=6.117693e-06  r/r0=2.9537e-04
[mg]   it 508  |r|inf=6.146537e-06  r/r0=2.9676e-04
[mg]   it 509  |r|inf=6.174297e-06  r/r0=2.9810e-04
[mg]   it 510  |r|inf=6.200970e-06  r/r0=2.9939e-04
[mg]   it 511  |r|inf=6.226553e-06  r/r0=3.0062e-04
[mg]   it 512  |r|inf=6.251045e-06  r/r0=3.0181e-04
[mg]   it 513  |r|inf=6.274444e-06  r/r0=3.0294e-04
[mg]   it 514  |r|inf=6.296748e-06  r/r0=3.0401e-04
[mg]   it 515  |r|inf=6.317957e-06  r/r0=3.0504e-04
[mg]   it 516  |r|inf=6.338071e-06  r/r0=3.0601e-04
[mg]   it 517  |r|inf=6.357088e-06  r/r0=3.0693e-04
[mg]   it 518  |r|inf=6.375009e-06  r/r0=3.0779e-04
[mg]   it 519  |r|inf=6.391834e-06  r/r0=3.0860e-04
[mg]   it 520  |r|inf=6.407563e-06  r/r0=3.0936e-04
[mg]   it 521  |r|inf=6.422198e-06  r/r0=3.1007e-04
[mg]   it 522  |r|inf=6.435740e-06  r/r0=3.1072e-04
[mg]   it 523  |r|inf=6.448190e-06  r/r0=3.1132e-04
[mg]   it 524  |r|inf=6.459549e-06  r/r0=3.1187e-04
[mg]   it 525  |r|inf=6.469821e-06  r/r0=3.1237e-04
[mg]   it 526  |r|inf=6.479008e-06  r/r0=3.1281e-04
[mg]   it 527  |r|inf=6.487112e-06  r/r0=3.1320e-04
[mg]   it 528  |r|inf=6.494137e-06  r/r0=3.1354e-04
[mg]   it 529  |r|inf=6.500085e-06  r/r0=3.1383e-04
[mg]   it 530  |r|inf=6.504961e-06  r/r0=3.1406e-04
[mg]   it 531  |r|inf=6.508768e-06  r/r0=3.1425e-04
[mg]   it 532  |r|inf=6.511512e-06  r/r0=3.1438e-04
[mg]   it 533  |r|inf=6.513195e-06  r/r0=3.1446e-04
[mg]   it 534  |r|inf=6.513825e-06  r/r0=3.1449e-04
[mg]   it 535  |r|inf=6.513404e-06  r/r0=3.1447e-04
[mg]   it 536  |r|inf=6.511940e-06  r/r0=3.1440e-04
[mg]   it 537  |r|inf=6.509437e-06  r/r0=3.1428e-04
[mg]   it 538  |r|inf=6.535591e-06  r/r0=3.1554e-04
[mg]   it 539  |r|inf=6.607873e-06  r/r0=3.1903e-04
[mg]   it 540  |r|inf=6.678978e-06  r/r0=3.2247e-04
[mg]   it 541  |r|inf=6.748898e-06  r/r0=3.2584e-04
[mg]   it 542  |r|inf=6.817624e-06  r/r0=3.2916e-04
[mg]   it 543  |r|inf=6.885151e-06  r/r0=3.3242e-04
[mg]   it 544  |r|inf=6.951473e-06  r/r0=3.3562e-04
[mg]   it 545  |r|inf=7.016583e-06  r/r0=3.3877e-04
[mg]   it 546  |r|inf=7.080477e-06  r/r0=3.4185e-04
[mg]   it 547  |r|inf=7.143148e-06  r/r0=3.4488e-04
[mg]   it 548  |r|inf=7.204593e-06  r/r0=3.4784e-04
[mg]   it 549  |r|inf=7.264808e-06  r/r0=3.5075e-04
[mg]   it 550  |r|inf=7.323789e-06  r/r0=3.5360e-04
[mg]   it 551  |r|inf=7.381532e-06  r/r0=3.5639e-04
[mg]   it 552  |r|inf=7.438034e-06  r/r0=3.5911e-04
[mg]   it 553  |r|inf=7.493294e-06  r/r0=3.6178e-04
[mg]   it 554  |r|inf=7.547309e-06  r/r0=3.6439e-04
[mg]   it 555  |r|inf=7.600077e-06  r/r0=3.6694e-04
[mg]   it 556  |r|inf=7.651598e-06  r/r0=3.6943e-04
[mg]   it 557  |r|inf=7.701869e-06  r/r0=3.7185e-04
[mg]   it 558  |r|inf=7.750892e-06  r/r0=3.7422e-04
[mg]   it 559  |r|inf=7.798665e-06  r/r0=3.7653e-04
[mg]   it 560  |r|inf=7.845189e-06  r/r0=3.7877e-04
[mg]   it 561  |r|inf=7.890464e-06  r/r0=3.8096e-04
[mg]   it 562  |r|inf=7.934493e-06  r/r0=3.8308e-04
[mg]   it 563  |r|inf=7.977275e-06  r/r0=3.8515e-04
[mg]   it 564  |r|inf=8.018813e-06  r/r0=3.8715e-04
[mg]   it 565  |r|inf=8.059109e-06  r/r0=3.8910e-04
[mg]   it 566  |r|inf=8.098166e-06  r/r0=3.9099e-04
[mg]   it 567  |r|inf=8.135985e-06  r/r0=3.9281e-04
[mg]   it 568  |r|inf=8.172571e-06  r/r0=3.9458e-04
[mg]   it 569  |r|inf=8.207926e-06  r/r0=3.9629e-04
[mg]   it 570  |r|inf=8.242055e-06  r/r0=3.9793e-04
[mg]   it 571  |r|inf=8.274961e-06  r/r0=3.9952e-04
[mg]   it 572  |r|inf=8.306648e-06  r/r0=4.0105e-04
[mg]   it 573  |r|inf=8.337123e-06  r/r0=4.0252e-04
[mg]   it 574  |r|inf=8.366388e-06  r/r0=4.0394e-04
[mg]   it 575  |r|inf=8.394450e-06  r/r0=4.0529e-04
[mg]   it 576  |r|inf=8.421313e-06  r/r0=4.0659e-04
[mg]   it 577  |r|inf=8.446985e-06  r/r0=4.0783e-04
[mg]   it 578  |r|inf=8.471470e-06  r/r0=4.0901e-04
[mg]   it 579  |r|inf=8.494774e-06  r/r0=4.1013e-04
[mg]   it 580  |r|inf=8.516905e-06  r/r0=4.1120e-04
[mg]   it 581  |r|inf=8.537869e-06  r/r0=4.1222e-04
[mg]   it 582  |r|inf=8.557673e-06  r/r0=4.1317e-04
[mg]   it 583  |r|inf=8.576323e-06  r/r0=4.1407e-04
[mg]   it 584  |r|inf=8.593828e-06  r/r0=4.1492e-04
[mg]   it 585  |r|inf=8.610194e-06  r/r0=4.1571e-04
[mg]   it 586  |r|inf=8.625430e-06  r/r0=4.1644e-04
[mg]   it 587  |r|inf=8.639543e-06  r/r0=4.1712e-04
[mg]   it 588  |r|inf=8.652541e-06  r/r0=4.1775e-04
[mg]   it 589  |r|inf=8.664432e-06  r/r0=4.1833e-04
[mg]   it 590  |r|inf=8.675225e-06  r/r0=4.1885e-04
[mg]   it 591  |r|inf=8.684929e-06  r/r0=4.1932e-04
[mg]   it 592  |r|inf=8.693551e-06  r/r0=4.1973e-04
[mg]   it 593  |r|inf=8.701100e-06  r/r0=4.2010e-04
[mg]   it 594  |r|inf=8.707586e-06  r/r0=4.2041e-04
[mg]   it 595  |r|inf=8.713017e-06  r/r0=4.2067e-04
[mg]   it 596  |r|inf=8.717403e-06  r/r0=4.2088e-04
[mg]   it 597  |r|inf=8.720752e-06  r/r0=4.2104e-04
[mg]   it 598  |r|inf=8.723074e-06  r/r0=4.2116e-04
[mg]   it 599  |r|inf=8.724378e-06  r/r0=4.2122e-04
[mg]   it 600  |r|inf=8.724673e-06  r/r0=4.2123e-04
[mg]   it 601  |r|inf=8.723970e-06  r/r0=4.2120e-04
[mg]   it 602  |r|inf=8.722277e-06  r/r0=4.2112e-04
[mg]   it 603  |r|inf=8.719605e-06  r/r0=4.2099e-04
[mg]   it 604  |r|inf=8.715962e-06  r/r0=4.2081e-04
[mg]   it 605  |r|inf=8.711359e-06  r/r0=4.2059e-04
[mg]   it 606  |r|inf=8.705806e-06  r/r0=4.2032e-04
[mg]   it 607  |r|inf=8.699311e-06  r/r0=4.2001e-04
[mg]   it 608  |r|inf=8.691886e-06  r/r0=4.1965e-04
[mg]   it 609  |r|inf=8.683539e-06  r/r0=4.1925e-04
[mg]   it 610  |r|inf=8.674281e-06  r/r0=4.1880e-04
[mg]   it 611  |r|inf=8.664121e-06  r/r0=4.1831e-04
[mg]   it 612  |r|inf=8.653070e-06  r/r0=4.1778e-04
[mg]   it 613  |r|inf=8.641136e-06  r/r0=4.1720e-04
[mg]   it 614  |r|inf=8.628331e-06  r/r0=4.1658e-04
[mg]   it 615  |r|inf=8.614664e-06  r/r0=4.1592e-04
[mg]   it 616  |r|inf=8.600144e-06  r/r0=4.1522e-04
[mg]   it 617  |r|inf=8.584781e-06  r/r0=4.1448e-04
[mg]   it 618  |r|inf=8.568586e-06  r/r0=4.1370e-04
[mg]   it 619  |r|inf=8.551568e-06  r/r0=4.1288e-04
[mg]   it 620  |r|inf=8.533736e-06  r/r0=4.1202e-04
[mg]   it 621  |r|inf=8.515101e-06  r/r0=4.1112e-04
[mg]   it 622  |r|inf=8.495672e-06  r/r0=4.1018e-04
[mg]   it 623  |r|inf=8.475459e-06  r/r0=4.0920e-04
[mg]   it 624  |r|inf=8.454470e-06  r/r0=4.0819e-04
[mg]   it 625  |r|inf=8.432716e-06  r/r0=4.0714e-04
[mg]   it 626  |r|inf=8.410207e-06  r/r0=4.0605e-04
[mg]   it 627  |r|inf=8.386951e-06  r/r0=4.0493e-04
[mg]   it 628  |r|inf=8.362957e-06  r/r0=4.0377e-04
[mg]   it 629  |r|inf=8.338236e-06  r/r0=4.0258e-04
[mg]   it 630  |r|inf=8.312797e-06  r/r0=4.0135e-04
[mg]   it 631  |r|inf=8.286647e-06  r/r0=4.0009e-04
[mg]   it 632  |r|inf=8.259798e-06  r/r0=3.9879e-04
[mg]   it 633  |r|inf=8.232257e-06  r/r0=3.9746e-04
[mg]   it 634  |r|inf=8.204034e-06  r/r0=3.9610e-04
[mg]   it 635  |r|inf=8.175137e-06  r/r0=3.9470e-04
[mg]   it 636  |r|inf=8.145575e-06  r/r0=3.9327e-04
[mg]   it 637  |r|inf=8.115357e-06  r/r0=3.9182e-04
[mg]   it 638  |r|inf=8.084492e-06  r/r0=3.9033e-04
[mg]   it 639  |r|inf=8.052988e-06  r/r0=3.8880e-04
[mg]   it 640  |r|inf=8.020854e-06  r/r0=3.8725e-04
[mg]   it 641  |r|inf=7.988098e-06  r/r0=3.8567e-04
[mg]   it 642  |r|inf=7.954728e-06  r/r0=3.8406e-04
[mg]   it 643  |r|inf=7.920753e-06  r/r0=3.8242e-04
[mg]   it 644  |r|inf=7.886180e-06  r/r0=3.8075e-04
[mg]   it 645  |r|inf=7.851019e-06  r/r0=3.7905e-04
[mg]   it 646  |r|inf=7.815276e-06  r/r0=3.7733e-04
[mg]   it 647  |r|inf=7.778960e-06  r/r0=3.7557e-04
[mg]   it 648  |r|inf=7.742079e-06  r/r0=3.7379e-04
[mg]   it 649  |r|inf=7.704640e-06  r/r0=3.7199e-04
[mg]   it 650  |r|inf=7.666651e-06  r/r0=3.7015e-04
[mg]   it 651  |r|inf=7.628119e-06  r/r0=3.6829e-04
[mg]   it 652  |r|inf=7.589053e-06  r/r0=3.6641e-04
[mg]   it 653  |r|inf=7.549458e-06  r/r0=3.6449e-04
[mg]   it 654  |r|inf=7.509344e-06  r/r0=3.6256e-04
[mg]   it 655  |r|inf=7.468716e-06  r/r0=3.6060e-04
[mg]   it 656  |r|inf=7.427582e-06  r/r0=3.5861e-04
[mg]   it 657  |r|inf=7.385949e-06  r/r0=3.5660e-04
[mg]   it 658  |r|inf=7.343825e-06  r/r0=3.5457e-04
[mg]   it 659  |r|inf=7.301215e-06  r/r0=3.5251e-04
[mg]   it 660  |r|inf=7.258126e-06  r/r0=3.5043e-04
[mg]   it 661  |r|inf=7.214566e-06  r/r0=3.4832e-04
[mg]   it 662  |r|inf=7.170541e-06  r/r0=3.4620e-04
[mg]   it 663  |r|inf=7.126057e-06  r/r0=3.4405e-04
[mg]   it 664  |r|inf=7.081121e-06  r/r0=3.4188e-04
[mg]   it 665  |r|inf=7.035740e-06  r/r0=3.3969e-04
[mg]   it 666  |r|inf=6.989919e-06  r/r0=3.3748e-04
[mg]   it 667  |r|inf=6.943664e-06  r/r0=3.3525e-04
[mg]   it 668  |r|inf=6.896983e-06  r/r0=3.3299e-04
[mg]   it 669  |r|inf=6.849880e-06  r/r0=3.3072e-04
[mg]   it 670  |r|inf=6.802362e-06  r/r0=3.2842e-04
[mg]   it 671  |r|inf=6.754435e-06  r/r0=3.2611e-04
[mg]   it 672  |r|inf=6.706105e-06  r/r0=3.2378e-04
[mg]   it 673  |r|inf=6.657377e-06  r/r0=3.2142e-04
[mg]   it 674  |r|inf=6.608257e-06  r/r0=3.1905e-04
[mg]   it 675  |r|inf=6.558750e-06  r/r0=3.1666e-04
[mg]   it 676  |r|inf=6.508863e-06  r/r0=3.1425e-04
[mg]   it 677  |r|inf=6.458600e-06  r/r0=3.1183e-04
[mg]   it 678  |r|inf=6.407967e-06  r/r0=3.0938e-04
[mg]   it 679  |r|inf=6.356969e-06  r/r0=3.0692e-04
[mg]   it 680  |r|inf=6.305612e-06  r/r0=3.0444e-04
[mg]   it 681  |r|inf=6.297260e-06  r/r0=3.0404e-04
[mg]   it 682  |r|inf=6.320771e-06  r/r0=3.0517e-04
[mg]   it 683  |r|inf=6.343774e-06  r/r0=3.0628e-04
[mg]   it 684  |r|inf=6.366270e-06  r/r0=3.0737e-04
[mg]   it 685  |r|inf=6.388262e-06  r/r0=3.0843e-04
[mg]   it 686  |r|inf=6.409752e-06  r/r0=3.0947e-04
[mg]   it 687  |r|inf=6.430740e-06  r/r0=3.1048e-04
[mg]   it 688  |r|inf=6.451229e-06  r/r0=3.1147e-04
[mg]   it 689  |r|inf=6.471221e-06  r/r0=3.1244e-04
[mg]   it 690  |r|inf=6.490716e-06  r/r0=3.1338e-04
[mg]   it 691  |r|inf=6.509718e-06  r/r0=3.1429e-04
[mg]   it 692  |r|inf=6.528228e-06  r/r0=3.1519e-04
[mg]   it 693  |r|inf=6.546246e-06  r/r0=3.1606e-04
[mg]   it 694  |r|inf=6.563776e-06  r/r0=3.1690e-04
[mg]   it 695  |r|inf=6.580818e-06  r/r0=3.1773e-04
[mg]   it 696  |r|inf=6.597375e-06  r/r0=3.1853e-04
[mg]   it 697  |r|inf=6.613447e-06  r/r0=3.1930e-04
[mg]   it 698  |r|inf=6.629037e-06  r/r0=3.2006e-04
[mg]   it 699  |r|inf=6.644147e-06  r/r0=3.2078e-04
[mg]   it 700  |r|inf=6.658777e-06  r/r0=3.2149e-04
[mg]   it 701  |r|inf=6.672929e-06  r/r0=3.2217e-04
[mg]   it 702  |r|inf=6.686606e-06  r/r0=3.2283e-04
[mg]   it 703  |r|inf=6.699807e-06  r/r0=3.2347e-04
[mg]   it 704  |r|inf=6.712536e-06  r/r0=3.2409e-04
[mg]   it 705  |r|inf=6.724794e-06  r/r0=3.2468e-04
[mg]   it 706  |r|inf=6.736581e-06  r/r0=3.2525e-04
[mg]   it 707  |r|inf=6.747900e-06  r/r0=3.2579e-04
[mg]   it 708  |r|inf=6.758753e-06  r/r0=3.2632e-04
[mg]   it 709  |r|inf=6.769139e-06  r/r0=3.2682e-04
[mg]   it 710  |r|inf=6.779062e-06  r/r0=3.2730e-04
[mg]   it 711  |r|inf=6.788522e-06  r/r0=3.2776e-04
[mg]   it 712  |r|inf=6.797522e-06  r/r0=3.2819e-04
[mg]   it 713  |r|inf=6.806061e-06  r/r0=3.2860e-04
[mg]   it 714  |r|inf=6.814142e-06  r/r0=3.2899e-04
[mg]   it 715  |r|inf=6.821767e-06  r/r0=3.2936e-04
[mg]   it 716  |r|inf=6.828935e-06  r/r0=3.2971e-04
[mg]   it 717  |r|inf=6.835650e-06  r/r0=3.3003e-04
[mg]   it 718  |r|inf=6.841912e-06  r/r0=3.3033e-04
[mg]   it 719  |r|inf=6.847723e-06  r/r0=3.3061e-04
[mg]   it 720  |r|inf=6.853084e-06  r/r0=3.3087e-04
[mg]   it 721  |r|inf=6.857996e-06  r/r0=3.3111e-04
[mg]   it 722  |r|inf=6.862460e-06  r/r0=3.3132e-04
[mg]   it 723  |r|inf=6.866479e-06  r/r0=3.3152e-04
[mg]   it 724  |r|inf=6.870052e-06  r/r0=3.3169e-04
[mg]   it 725  |r|inf=6.873182e-06  r/r0=3.3184e-04
[mg]   it 726  |r|inf=6.875870e-06  r/r0=3.3197e-04
[mg]   it 727  |r|inf=6.878118e-06  r/r0=3.3208e-04
[mg]   it 728  |r|inf=6.879925e-06  r/r0=3.3217e-04
[mg]   it 729  |r|inf=6.881294e-06  r/r0=3.3223e-04
[mg]   it 730  |r|inf=6.882226e-06  r/r0=3.3228e-04
[mg]   it 731  |r|inf=6.882721e-06  r/r0=3.3230e-04
[mg]   it 732  |r|inf=6.882783e-06  r/r0=3.3231e-04
[mg]   it 733  |r|inf=6.882410e-06  r/r0=3.3229e-04
[mg]   it 734  |r|inf=6.881606e-06  r/r0=3.3225e-04
[mg]   it 735  |r|inf=6.880370e-06  r/r0=3.3219e-04
[mg]   it 736  |r|inf=6.878705e-06  r/r0=3.3211e-04
[mg]   it 737  |r|inf=6.876611e-06  r/r0=3.3201e-04
[mg]   it 738  |r|inf=6.874089e-06  r/r0=3.3189e-04
[mg]   it 739  |r|inf=6.871142e-06  r/r0=3.3174e-04
[mg]   it 740  |r|inf=6.867769e-06  r/r0=3.3158e-04
[mg]   it 741  |r|inf=6.863973e-06  r/r0=3.3140e-04
[mg]   it 742  |r|inf=6.859753e-06  r/r0=3.3119e-04
[mg]   it 743  |r|inf=6.855113e-06  r/r0=3.3097e-04
[mg]   it 744  |r|inf=6.850052e-06  r/r0=3.3073e-04
[mg]   it 745  |r|inf=6.844572e-06  r/r0=3.3046e-04
[mg]   it 746  |r|inf=6.838674e-06  r/r0=3.3018e-04
[mg]   it 747  |r|inf=6.832360e-06  r/r0=3.2987e-04
[mg]   it 748  |r|inf=6.825630e-06  r/r0=3.2955e-04
[mg]   it 749  |r|inf=6.818486e-06  r/r0=3.2920e-04
[mg]   it 750  |r|inf=6.810929e-06  r/r0=3.2884e-04
[mg]   it 751  |r|inf=6.802959e-06  r/r0=3.2845e-04
[mg]   it 752  |r|inf=6.794579e-06  r/r0=3.2805e-04
[mg]   it 753  |r|inf=6.785790e-06  r/r0=3.2762e-04
[mg]   it 754  |r|inf=6.776592e-06  r/r0=3.2718e-04
[mg]   it 755  |r|inf=6.766987e-06  r/r0=3.2672e-04
[mg]   it 756  |r|inf=6.756977e-06  r/r0=3.2623e-04
[mg]   it 757  |r|inf=6.746561e-06  r/r0=3.2573e-04
[mg]   it 758  |r|inf=6.735742e-06  r/r0=3.2521e-04
[mg]   it 759  |r|inf=6.724521e-06  r/r0=3.2467e-04
[mg]   it 760  |r|inf=6.712899e-06  r/r0=3.2410e-04
[mg]   it 761  |r|inf=6.700878e-06  r/r0=3.2352e-04
[mg]   it 762  |r|inf=6.688458e-06  r/r0=3.2292e-04
[mg]   it 763  |r|inf=6.675641e-06  r/r0=3.2231e-04
[mg]   it 764  |r|inf=6.662427e-06  r/r0=3.2167e-04
[mg]   it 765  |r|inf=6.648820e-06  r/r0=3.2101e-04
[mg]   it 766  |r|inf=6.634819e-06  r/r0=3.2033e-04
[mg]   it 767  |r|inf=6.620426e-06  r/r0=3.1964e-04
[mg]   it 768  |r|inf=6.605642e-06  r/r0=3.1893e-04
[mg]   it 769  |r|inf=6.590469e-06  r/r0=3.1819e-04
[mg]   it 770  |r|inf=6.574908e-06  r/r0=3.1744e-04
[mg]   it 771  |r|inf=6.558960e-06  r/r0=3.1667e-04
[mg]   it 772  |r|inf=6.542627e-06  r/r0=3.1588e-04
[mg]   it 773  |r|inf=6.525910e-06  r/r0=3.1508e-04
[mg]   it 774  |r|inf=6.508811e-06  r/r0=3.1425e-04
[mg]   it 775  |r|inf=6.491331e-06  r/r0=3.1341e-04
[mg]   it 776  |r|inf=6.473470e-06  r/r0=3.1254e-04
[mg]   it 777  |r|inf=6.455232e-06  r/r0=3.1166e-04
[mg]   it 778  |r|inf=6.436617e-06  r/r0=3.1076e-04
[mg]   it 779  |r|inf=6.417627e-06  r/r0=3.0985e-04
[mg]   it 780  |r|inf=6.398263e-06  r/r0=3.0891e-04
[mg]   it 781  |r|inf=6.378526e-06  r/r0=3.0796e-04
[mg]   it 782  |r|inf=6.358419e-06  r/r0=3.0699e-04
[mg]   it 783  |r|inf=6.337943e-06  r/r0=3.0600e-04
[mg]   it 784  |r|inf=6.317098e-06  r/r0=3.0499e-04
[mg]   it 785  |r|inf=6.295888e-06  r/r0=3.0397e-04
[mg]   it 786  |r|inf=6.274314e-06  r/r0=3.0293e-04
[mg]   it 787  |r|inf=6.252376e-06  r/r0=3.0187e-04
[mg]   it 788  |r|inf=6.230078e-06  r/r0=3.0079e-04
[mg]   it 789  |r|inf=6.207419e-06  r/r0=2.9970e-04
[mg]   it 790  |r|inf=6.184403e-06  r/r0=2.9859e-04
[mg]   it 791  |r|inf=6.161031e-06  r/r0=2.9746e-04
[mg]   it 792  |r|inf=6.137304e-06  r/r0=2.9631e-04
[mg]   it 793  |r|inf=6.113225e-06  r/r0=2.9515e-04
[mg]   it 794  |r|inf=6.088794e-06  r/r0=2.9397e-04
[mg]   it 795  |r|inf=6.064015e-06  r/r0=2.9278e-04
[mg]   it 796  |r|inf=6.038888e-06  r/r0=2.9156e-04
[mg]   it 797  |r|inf=6.013415e-06  r/r0=2.9033e-04
[mg]   it 798  |r|inf=5.987599e-06  r/r0=2.8909e-04
[mg]   it 799  |r|inf=5.961441e-06  r/r0=2.8782e-04
[mg]   it 800  |r|inf=5.934943e-06  r/r0=2.8654e-04
[mg]   it 801  |r|inf=5.908107e-06  r/r0=2.8525e-04
[mg]   it 802  |r|inf=5.880935e-06  r/r0=2.8394e-04
[mg]   it 803  |r|inf=5.853429e-06  r/r0=2.8261e-04
[mg]   it 804  |r|inf=5.825591e-06  r/r0=2.8126e-04
[mg]   it 805  |r|inf=5.797423e-06  r/r0=2.7990e-04
[mg]   it 806  |r|inf=5.768927e-06  r/r0=2.7853e-04
[mg]   it 807  |r|inf=5.740105e-06  r/r0=2.7714e-04
[mg]   it 808  |r|inf=5.710959e-06  r/r0=2.7573e-04
[mg]   it 809  |r|inf=5.681491e-06  r/r0=2.7431e-04
[mg]   it 810  |r|inf=5.651703e-06  r/r0=2.7287e-04
[mg]   it 811  |r|inf=5.621598e-06  r/r0=2.7142e-04
[mg]   it 812  |r|inf=5.591178e-06  r/r0=2.6995e-04
[mg]   it 813  |r|inf=5.560445e-06  r/r0=2.6846e-04
[mg]   it 814  |r|inf=5.529401e-06  r/r0=2.6696e-04
[mg]   it 815  |r|inf=5.550797e-06  r/r0=2.6800e-04
[mg]   it 816  |r|inf=5.576003e-06  r/r0=2.6921e-04
[mg]   it 817  |r|inf=5.600879e-06  r/r0=2.7041e-04
[mg]   it 818  |r|inf=5.625423e-06  r/r0=2.7160e-04
[mg]   it 819  |r|inf=5.649635e-06  r/r0=2.7277e-04
[mg]   it 820  |r|inf=5.673513e-06  r/r0=2.7392e-04
[mg]   it 821  |r|inf=5.697057e-06  r/r0=2.7506e-04
[mg]   it 822  |r|inf=5.720265e-06  r/r0=2.7618e-04
[mg]   it 823  |r|inf=5.743137e-06  r/r0=2.7728e-04
[mg]   it 824  |r|inf=5.765670e-06  r/r0=2.7837e-04
[mg]   it 825  |r|inf=5.787865e-06  r/r0=2.7944e-04
[mg]   it 826  |r|inf=5.809721e-06  r/r0=2.8050e-04
[mg]   it 827  |r|inf=5.831236e-06  r/r0=2.8154e-04
[mg]   it 828  |r|inf=5.852409e-06  r/r0=2.8256e-04
[mg]   it 829  |r|inf=5.873240e-06  r/r0=2.8356e-04
[mg]   it 830  |r|inf=5.893728e-06  r/r0=2.8455e-04
[mg]   it 831  |r|inf=5.913872e-06  r/r0=2.8553e-04
[mg]   it 832  |r|inf=5.933670e-06  r/r0=2.8648e-04
[mg]   it 833  |r|inf=5.953123e-06  r/r0=2.8742e-04
[mg]   it 834  |r|inf=5.972230e-06  r/r0=2.8834e-04
[mg]   it 835  |r|inf=5.990990e-06  r/r0=2.8925e-04
[mg]   it 836  |r|inf=6.009401e-06  r/r0=2.9014e-04
[mg]   it 837  |r|inf=6.027465e-06  r/r0=2.9101e-04
[mg]   it 838  |r|inf=6.045179e-06  r/r0=2.9187e-04
[mg]   it 839  |r|inf=6.062543e-06  r/r0=2.9270e-04
[mg]   it 840  |r|inf=6.079557e-06  r/r0=2.9353e-04
[mg]   it 841  |r|inf=6.096220e-06  r/r0=2.9433e-04
[mg]   it 842  |r|inf=6.112532e-06  r/r0=2.9512e-04
[mg]   it 843  |r|inf=6.128492e-06  r/r0=2.9589e-04
[mg]   it 844  |r|inf=6.144099e-06  r/r0=2.9664e-04
[mg]   it 845  |r|inf=6.159354e-06  r/r0=2.9738e-04
[mg]   it 846  |r|inf=6.174255e-06  r/r0=2.9810e-04
[mg]   it 847  |r|inf=6.188803e-06  r/r0=2.9880e-04
[mg]   it 848  |r|inf=6.202997e-06  r/r0=2.9949e-04
[mg]   it 849  |r|inf=6.216837e-06  r/r0=3.0015e-04
[mg]   it 850  |r|inf=6.230322e-06  r/r0=3.0080e-04
[mg]   it 851  |r|inf=6.243453e-06  r/r0=3.0144e-04
[mg]   it 852  |r|inf=6.256229e-06  r/r0=3.0206e-04
[mg]   it 853  |r|inf=6.268650e-06  r/r0=3.0266e-04
[mg]   it 854  |r|inf=6.280715e-06  r/r0=3.0324e-04
[mg]   it 855  |r|inf=6.292425e-06  r/r0=3.0380e-04
[mg]   it 856  |r|inf=6.303780e-06  r/r0=3.0435e-04
[mg]   it 857  |r|inf=6.314779e-06  r/r0=3.0488e-04
[mg]   it 858  |r|inf=6.325423e-06  r/r0=3.0540e-04
[mg]   it 859  |r|inf=6.335711e-06  r/r0=3.0589e-04
[mg]   it 860  |r|inf=6.345644e-06  r/r0=3.0637e-04
[mg]   it 861  |r|inf=6.355222e-06  r/r0=3.0684e-04
[mg]   it 862  |r|inf=6.364445e-06  r/r0=3.0728e-04
[mg]   it 863  |r|inf=6.373312e-06  r/r0=3.0771e-04
[mg]   it 864  |r|inf=6.381825e-06  r/r0=3.0812e-04
[mg]   it 865  |r|inf=6.389983e-06  r/r0=3.0851e-04
[mg]   it 866  |r|inf=6.397786e-06  r/r0=3.0889e-04
[mg]   it 867  |r|inf=6.405236e-06  r/r0=3.0925e-04
[mg]   it 868  |r|inf=6.412332e-06  r/r0=3.0959e-04
[mg]   it 869  |r|inf=6.419074e-06  r/r0=3.0992e-04
[mg]   it 870  |r|inf=6.425463e-06  r/r0=3.1023e-04
[mg]   it 871  |r|inf=6.431500e-06  r/r0=3.1052e-04
[mg]   it 872  |r|inf=6.437185e-06  r/r0=3.1079e-04
[mg]   it 873  |r|inf=6.442518e-06  r/r0=3.1105e-04
[mg]   it 874  |r|inf=6.447500e-06  r/r0=3.1129e-04
[mg]   it 875  |r|inf=6.452131e-06  r/r0=3.1151e-04
[mg]   it 876  |r|inf=6.456412e-06  r/r0=3.1172e-04
[mg]   it 877  |r|inf=6.460344e-06  r/r0=3.1191e-04
[mg]   it 878  |r|inf=6.463927e-06  r/r0=3.1208e-04
[mg]   it 879  |r|inf=6.467162e-06  r/r0=3.1224e-04
[mg]   it 880  |r|inf=6.470050e-06  r/r0=3.1238e-04
[mg]   it 881  |r|inf=6.472591e-06  r/r0=3.1250e-04
[mg]   it 882  |r|inf=6.474787e-06  r/r0=3.1261e-04
[mg]   it 883  |r|inf=6.476637e-06  r/r0=3.1270e-04
[mg]   it 884  |r|inf=6.478144e-06  r/r0=3.1277e-04
[mg]   it 885  |r|inf=6.479307e-06  r/r0=3.1283e-04
[mg]   it 886  |r|inf=6.480127e-06  r/r0=3.1287e-04
[mg]   it 887  |r|inf=6.480607e-06  r/r0=3.1289e-04
[mg]   it 888  |r|inf=6.480746e-06  r/r0=3.1290e-04
[mg]   it 889  |r|inf=6.480545e-06  r/r0=3.1289e-04
[mg]   it 890  |r|inf=6.480006e-06  r/r0=3.1286e-04
[mg]   it 891  |r|inf=6.479129e-06  r/r0=3.1282e-04
[mg]   it 892  |r|inf=6.477917e-06  r/r0=3.1276e-04
[mg]   it 893  |r|inf=6.518179e-06  r/r0=3.1470e-04
[mg]   it 894  |r|inf=6.560249e-06  r/r0=3.1673e-04
[mg]   it 895  |r|inf=6.601937e-06  r/r0=3.1875e-04
[mg]   it 896  |r|inf=6.643239e-06  r/r0=3.2074e-04
[mg]   it 897  |r|inf=6.684155e-06  r/r0=3.2272e-04
[mg]   it 898  |r|inf=6.724684e-06  r/r0=3.2467e-04
[mg]   it 899  |r|inf=6.764824e-06  r/r0=3.2661e-04
[mg]   it 900  |r|inf=6.804573e-06  r/r0=3.2853e-04
[mg]   it 901  |r|inf=6.843931e-06  r/r0=3.3043e-04
[mg]   it 902  |r|inf=6.882896e-06  r/r0=3.3231e-04
[mg]   it 903  |r|inf=6.921467e-06  r/r0=3.3417e-04
[mg]   it 904  |r|inf=6.959643e-06  r/r0=3.3602e-04
[mg]   it 905  |r|inf=6.997423e-06  r/r0=3.3784e-04
[mg]   it 906  |r|inf=7.034805e-06  r/r0=3.3965e-04
[mg]   it 907  |r|inf=7.071789e-06  r/r0=3.4143e-04
[mg]   it 908  |r|inf=7.108374e-06  r/r0=3.4320e-04
[mg]   it 909  |r|inf=7.144559e-06  r/r0=3.4494e-04
[mg]   it 910  |r|inf=7.180343e-06  r/r0=3.4667e-04
[mg]   it 911  |r|inf=7.215726e-06  r/r0=3.4838e-04
[mg]   it 912  |r|inf=7.250705e-06  r/r0=3.5007e-04
[mg]   it 913  |r|inf=7.285282e-06  r/r0=3.5174e-04
[mg]   it 914  |r|inf=7.319455e-06  r/r0=3.5339e-04
[mg]   it 915  |r|inf=7.353223e-06  r/r0=3.5502e-04
[mg]   it 916  |r|inf=7.386586e-06  r/r0=3.5663e-04
[mg]   it 917  |r|inf=7.419543e-06  r/r0=3.5822e-04
[mg]   it 918  |r|inf=7.452094e-06  r/r0=3.5979e-04
[mg]   it 919  |r|inf=7.484238e-06  r/r0=3.6134e-04
[mg]   it 920  |r|inf=7.515976e-06  r/r0=3.6288e-04
[mg]   it 921  |r|inf=7.547306e-06  r/r0=3.6439e-04
[mg]   it 922  |r|inf=7.578228e-06  r/r0=3.6588e-04
[mg]   it 923  |r|inf=7.608742e-06  r/r0=3.6736e-04
[mg]   it 924  |r|inf=7.638848e-06  r/r0=3.6881e-04
[mg]   it 925  |r|inf=7.668545e-06  r/r0=3.7024e-04
[mg]   it 926  |r|inf=7.697834e-06  r/r0=3.7166e-04
[mg]   it 927  |r|inf=7.726714e-06  r/r0=3.7305e-04
[mg]   it 928  |r|inf=7.755186e-06  r/r0=3.7443e-04
[mg]   it 929  |r|inf=7.783248e-06  r/r0=3.7578e-04
[mg]   it 930  |r|inf=7.810902e-06  r/r0=3.7712e-04
[mg]   it 931  |r|inf=7.838147e-06  r/r0=3.7843e-04
[mg]   it 932  |r|inf=7.864983e-06  r/r0=3.7973e-04
[mg]   it 933  |r|inf=7.891411e-06  r/r0=3.8100e-04
[mg]   it 934  |r|inf=7.917430e-06  r/r0=3.8226e-04
[mg]   it 935  |r|inf=7.943041e-06  r/r0=3.8350e-04
[mg]   it 936  |r|inf=7.968244e-06  r/r0=3.8471e-04
[mg]   it 937  |r|inf=7.993040e-06  r/r0=3.8591e-04
[mg]   it 938  |r|inf=8.017428e-06  r/r0=3.8709e-04
[mg]   it 939  |r|inf=8.041409e-06  r/r0=3.8825e-04
[mg]   it 940  |r|inf=8.064984e-06  r/r0=3.8938e-04
[mg]   it 941  |r|inf=8.088153e-06  r/r0=3.9050e-04
[mg]   it 942  |r|inf=8.110916e-06  r/r0=3.9160e-04
[mg]   it 943  |r|inf=8.133274e-06  r/r0=3.9268e-04
[mg]   it 944  |r|inf=8.155227e-06  r/r0=3.9374e-04
[mg]   it 945  |r|inf=8.176776e-06  r/r0=3.9478e-04
[mg]   it 946  |r|inf=8.197922e-06  r/r0=3.9580e-04
[mg]   it 947  |r|inf=8.218666e-06  r/r0=3.9680e-04
[mg]   it 948  |r|inf=8.239007e-06  r/r0=3.9779e-04
[mg]   it 949  |r|inf=8.258947e-06  r/r0=3.9875e-04
[mg]   it 950  |r|inf=8.278486e-06  r/r0=3.9969e-04
[mg]   it 951  |r|inf=8.297625e-06  r/r0=4.0062e-04
[mg]   it 952  |r|inf=8.316366e-06  r/r0=4.0152e-04
[mg]   it 953  |r|inf=8.334708e-06  r/r0=4.0241e-04
[mg]   it 954  |r|inf=8.352653e-06  r/r0=4.0327e-04
[mg]   it 955  |r|inf=8.370202e-06  r/r0=4.0412e-04
[mg]   it 956  |r|inf=8.387355e-06  r/r0=4.0495e-04
[mg]   it 957  |r|inf=8.404114e-06  r/r0=4.0576e-04
[mg]   it 958  |r|inf=8.420479e-06  r/r0=4.0655e-04
[mg]   it 959  |r|inf=8.436452e-06  r/r0=4.0732e-04
[mg]   it 960  |r|inf=8.452034e-06  r/r0=4.0807e-04
[mg]   it 961  |r|inf=8.467225e-06  r/r0=4.0880e-04
[mg]   it 962  |r|inf=8.482027e-06  r/r0=4.0952e-04
[mg]   it 963  |r|inf=8.496441e-06  r/r0=4.1021e-04
[mg]   it 964  |r|inf=8.510468e-06  r/r0=4.1089e-04
[mg]   it 965  |r|inf=8.524109e-06  r/r0=4.1155e-04
[mg]   it 966  |r|inf=8.537366e-06  r/r0=4.1219e-04
[mg]   it 967  |r|inf=8.550239e-06  r/r0=4.1281e-04
[mg]   it 968  |r|inf=8.562730e-06  r/r0=4.1342e-04
[mg]   it 969  |r|inf=8.574841e-06  r/r0=4.1400e-04
[mg]   it 970  |r|inf=8.586572e-06  r/r0=4.1457e-04
[mg]   it 971  |r|inf=8.597925e-06  r/r0=4.1511e-04
[mg]   it 972  |r|inf=8.608901e-06  r/r0=4.1564e-04
[mg]   it 973  |r|inf=8.619502e-06  r/r0=4.1616e-04
[mg]   it 974  |r|inf=8.629729e-06  r/r0=4.1665e-04
[mg]   it 975  |r|inf=8.639583e-06  r/r0=4.1713e-04
[mg]   it 976  |r|inf=8.649066e-06  r/r0=4.1758e-04
[mg]   it 977  |r|inf=8.658179e-06  r/r0=4.1802e-04
[mg]   it 978  |r|inf=8.666924e-06  r/r0=4.1845e-04
[mg]   it 979  |r|inf=8.675302e-06  r/r0=4.1885e-04
[mg]   it 980  |r|inf=8.683314e-06  r/r0=4.1924e-04
[mg]   it 981  |r|inf=8.690963e-06  r/r0=4.1961e-04
[mg]   it 982  |r|inf=8.698250e-06  r/r0=4.1996e-04
[mg]   it 983  |r|inf=8.705176e-06  r/r0=4.2029e-04
[mg]   it 984  |r|inf=8.711743e-06  r/r0=4.2061e-04
[mg]   it 985  |r|inf=8.717952e-06  r/r0=4.2091e-04
[mg]   it 986  |r|inf=8.723806e-06  r/r0=4.2119e-04
[mg]   it 987  |r|inf=8.729305e-06  r/r0=4.2146e-04
[mg]   it 988  |r|inf=8.734451e-06  r/r0=4.2171e-04
[mg]   it 989  |r|inf=8.739246e-06  r/r0=4.2194e-04
[mg]   it 990  |r|inf=8.743692e-06  r/r0=4.2215e-04
[mg]   it 991  |r|inf=8.747790e-06  r/r0=4.2235e-04
[mg]   it 992  |r|inf=8.751543e-06  r/r0=4.2253e-04
[mg]   it 993  |r|inf=8.754950e-06  r/r0=4.2270e-04
[mg]   it 994  |r|inf=8.758015e-06  r/r0=4.2284e-04
[mg]   it 995  |r|inf=8.760739e-06  r/r0=4.2298e-04
[mg]   it 996  |r|inf=8.763124e-06  r/r0=4.2309e-04
[mg]   it 997  |r|inf=8.765172e-06  r/r0=4.2319e-04
[mg]   it 998  |r|inf=8.766883e-06  r/r0=4.2327e-04
[mg]   it 999  |r|inf=8.768261e-06  r/r0=4.2334e-04
[mg]   it 1000  |r|inf=8.769306e-06  r/r0=4.2339e-04
[mg]   it 1001  |r|inf=8.770021e-06  r/r0=4.2342e-04
[mg]   it 1002  |r|inf=8.770407e-06  r/r0=4.2344e-04
[mg]   it 1003  |r|inf=8.770467e-06  r/r0=4.2345e-04
[mg]   it 1004  |r|inf=8.770201e-06  r/r0=4.2343e-04
[mg]   it 1005  |r|inf=8.769612e-06  r/r0=4.2340e-04
[mg]   it 1006  |r|inf=8.768701e-06  r/r0=4.2336e-04
[mg]   it 1007  |r|inf=8.767470e-06  r/r0=4.2330e-04
[mg]   it 1008  |r|inf=8.765922e-06  r/r0=4.2323e-04
[mg]   it 1009  |r|inf=8.764057e-06  r/r0=4.2314e-04
[mg]   it 1010  |r|inf=8.761878e-06  r/r0=4.2303e-04
[mg]   it 1011  |r|inf=8.759387e-06  r/r0=4.2291e-04
[mg]   it 1012  |r|inf=8.756585e-06  r/r0=4.2277e-04
[mg]   it 1013  |r|inf=8.753474e-06  r/r0=4.2262e-04
[mg]   it 1014  |r|inf=8.750056e-06  r/r0=4.2246e-04
[mg]   it 1015  |r|inf=8.746334e-06  r/r0=4.2228e-04
[mg]   it 1016  |r|inf=8.742307e-06  r/r0=4.2209e-04
[mg]   it 1017  |r|inf=8.737980e-06  r/r0=4.2188e-04
[mg]   it 1018  |r|inf=8.733353e-06  r/r0=4.2165e-04
[mg]   it 1019  |r|inf=8.728428e-06  r/r0=4.2142e-04
[mg]   it 1020  |r|inf=8.723207e-06  r/r0=4.2116e-04
[mg]   it 1021  |r|inf=8.717692e-06  r/r0=4.2090e-04
[mg]   it 1022  |r|inf=8.711884e-06  r/r0=4.2062e-04
[mg]   it 1023  |r|inf=8.705787e-06  r/r0=4.2032e-04
[mg]   it 1024  |r|inf=8.699401e-06  r/r0=4.2001e-04
[mg]   it 1025  |r|inf=8.692728e-06  r/r0=4.1969e-04
[mg]   it 1026  |r|inf=8.685770e-06  r/r0=4.1936e-04
[mg]   it 1027  |r|inf=8.678530e-06  r/r0=4.1901e-04
[mg]   it 1028  |r|inf=8.671008e-06  r/r0=4.1864e-04
[mg]   it 1029  |r|inf=8.663207e-06  r/r0=4.1827e-04
[mg]   it 1030  |r|inf=8.655128e-06  r/r0=4.1788e-04
[mg]   it 1031  |r|inf=8.646774e-06  r/r0=4.1747e-04
[mg]   it 1032  |r|inf=8.638146e-06  r/r0=4.1706e-04
[mg]   it 1033  |r|inf=8.629246e-06  r/r0=4.1663e-04
[mg]   it 1034  |r|inf=8.620076e-06  r/r0=4.1618e-04
[mg]   it 1035  |r|inf=8.610637e-06  r/r0=4.1573e-04
[mg]   it 1036  |r|inf=8.600932e-06  r/r0=4.1526e-04
[mg]   it 1037  |r|inf=8.590962e-06  r/r0=4.1478e-04
[mg]   it 1038  |r|inf=8.580730e-06  r/r0=4.1428e-04
[mg]   it 1039  |r|inf=8.570236e-06  r/r0=4.1378e-04
[mg]   it 1040  |r|inf=8.559483e-06  r/r0=4.1326e-04
[mg]   it 1041  |r|inf=8.548473e-06  r/r0=4.1273e-04
[mg]   it 1042  |r|inf=8.537207e-06  r/r0=4.1218e-04
[mg]   it 1043  |r|inf=8.525687e-06  r/r0=4.1163e-04
[mg]   it 1044  |r|inf=8.513915e-06  r/r0=4.1106e-04
[mg]   it 1045  |r|inf=8.501893e-06  r/r0=4.1048e-04
[mg]   it 1046  |r|inf=8.489622e-06  r/r0=4.0989e-04
[mg]   it 1047  |r|inf=8.477105e-06  r/r0=4.0928e-04
[mg]   it 1048  |r|inf=8.464342e-06  r/r0=4.0867e-04
[mg]   it 1049  |r|inf=8.451336e-06  r/r0=4.0804e-04
[mg]   it 1050  |r|inf=8.438089e-06  r/r0=4.0740e-04
[mg]   it 1051  |r|inf=8.424602e-06  r/r0=4.0675e-04
[mg]   it 1052  |r|inf=8.410877e-06  r/r0=4.0608e-04
[mg]   it 1053  |r|inf=8.396916e-06  r/r0=4.0541e-04
[mg]   it 1054  |r|inf=8.382720e-06  r/r0=4.0472e-04
[mg]   it 1055  |r|inf=8.368291e-06  r/r0=4.0403e-04
[mg]   it 1056  |r|inf=8.353631e-06  r/r0=4.0332e-04
[mg]   it 1057  |r|inf=8.338742e-06  r/r0=4.0260e-04
[mg]   it 1058  |r|inf=8.323625e-06  r/r0=4.0187e-04
[mg]   it 1059  |r|inf=8.308282e-06  r/r0=4.0113e-04
[mg]   it 1060  |r|inf=8.292714e-06  r/r0=4.0038e-04
[mg]   it 1061  |r|inf=8.276924e-06  r/r0=3.9962e-04
[mg]   it 1062  |r|inf=8.260913e-06  r/r0=3.9884e-04
[mg]   it 1063  |r|inf=8.244682e-06  r/r0=3.9806e-04
[mg]   it 1064  |r|inf=8.228234e-06  r/r0=3.9727e-04
[mg]   it 1065  |r|inf=8.211569e-06  r/r0=3.9646e-04
[mg]   it 1066  |r|inf=8.194691e-06  r/r0=3.9565e-04
[mg]   it 1067  |r|inf=8.177599e-06  r/r0=3.9482e-04
[mg]   it 1068  |r|inf=8.160296e-06  r/r0=3.9399e-04
[mg]   it 1069  |r|inf=8.142783e-06  r/r0=3.9314e-04
[mg]   it 1070  |r|inf=8.125063e-06  r/r0=3.9228e-04
[mg]   it 1071  |r|inf=8.107136e-06  r/r0=3.9142e-04
[mg]   it 1072  |r|inf=8.089004e-06  r/r0=3.9054e-04
[mg]   it 1073  |r|inf=8.070669e-06  r/r0=3.8966e-04
[mg]   it 1074  |r|inf=8.052132e-06  r/r0=3.8876e-04
[mg]   it 1075  |r|inf=8.033395e-06  r/r0=3.8786e-04
[mg]   it 1076  |r|inf=8.014459e-06  r/r0=3.8694e-04
[mg]   it 1077  |r|inf=7.995326e-06  r/r0=3.8602e-04
[mg]   it 1078  |r|inf=7.975998e-06  r/r0=3.8509e-04
[mg]   it 1079  |r|inf=7.956476e-06  r/r0=3.8414e-04
[mg]   it 1080  |r|inf=7.936761e-06  r/r0=3.8319e-04
[mg]   it 1081  |r|inf=7.916855e-06  r/r0=3.8223e-04
[mg]   it 1082  |r|inf=7.896760e-06  r/r0=3.8126e-04
[mg]   it 1083  |r|inf=7.876476e-06  r/r0=3.8028e-04
[mg]   it 1084  |r|inf=7.856006e-06  r/r0=3.7929e-04
[mg]   it 1085  |r|inf=7.835351e-06  r/r0=3.7830e-04
[mg]   it 1086  |r|inf=7.814512e-06  r/r0=3.7729e-04
[mg]   it 1087  |r|inf=7.793491e-06  r/r0=3.7628e-04
[mg]   it 1088  |r|inf=7.772289e-06  r/r0=3.7525e-04
[mg]   it 1089  |r|inf=7.750907e-06  r/r0=3.7422e-04
[mg]   it 1090  |r|inf=7.729348e-06  r/r0=3.7318e-04
[mg]   it 1091  |r|inf=7.707612e-06  r/r0=3.7213e-04
[mg]   it 1092  |r|inf=7.685701e-06  r/r0=3.7107e-04
[mg]   it 1093  |r|inf=7.663617e-06  r/r0=3.7001e-04
[mg]   it 1094  |r|inf=7.641360e-06  r/r0=3.6893e-04
[mg]   it 1095  |r|inf=7.618931e-06  r/r0=3.6785e-04
[mg]   it 1096  |r|inf=7.596334e-06  r/r0=3.6676e-04
[mg]   it 1097  |r|inf=7.573567e-06  r/r0=3.6566e-04
[mg]   it 1098  |r|inf=7.550634e-06  r/r0=3.6455e-04
[mg]   it 1099  |r|inf=7.527536e-06  r/r0=3.6344e-04
[mg]   it 1100  |r|inf=7.504273e-06  r/r0=3.6231e-04
[mg]   it 1101  |r|inf=7.480847e-06  r/r0=3.6118e-04
[mg]   it 1102  |r|inf=7.457259e-06  r/r0=3.6004e-04
[mg]   it 1103  |r|inf=7.433511e-06  r/r0=3.5890e-04
[mg]   it 1104  |r|inf=7.409603e-06  r/r0=3.5774e-04
[mg]   it 1105  |r|inf=7.385538e-06  r/r0=3.5658e-04
[mg]   it 1106  |r|inf=7.361317e-06  r/r0=3.5541e-04
[mg]   it 1107  |r|inf=7.336940e-06  r/r0=3.5423e-04
[mg]   it 1108  |r|inf=7.312409e-06  r/r0=3.5305e-04
[mg]   it 1109  |r|inf=7.287725e-06  r/r0=3.5186e-04
[mg]   it 1110  |r|inf=7.262889e-06  r/r0=3.5066e-04
[mg]   it 1111  |r|inf=7.237903e-06  r/r0=3.4945e-04
[mg]   it 1112  |r|inf=7.212768e-06  r/r0=3.4824e-04
[mg]   it 1113  |r|inf=7.187485e-06  r/r0=3.4702e-04
[mg]   it 1114  |r|inf=7.162056e-06  r/r0=3.4579e-04
[mg]   it 1115  |r|inf=7.136480e-06  r/r0=3.4455e-04
[mg]   it 1116  |r|inf=7.110760e-06  r/r0=3.4331e-04
[mg]   it 1117  |r|inf=7.084897e-06  r/r0=3.4206e-04
[mg]   it 1118  |r|inf=7.058892e-06  r/r0=3.4081e-04
[mg]   it 1119  |r|inf=7.032746e-06  r/r0=3.3955e-04
[mg]   it 1120  |r|inf=7.006461e-06  r/r0=3.3828e-04
[mg]   it 1121  |r|inf=6.980036e-06  r/r0=3.3700e-04
[mg]   it 1122  |r|inf=6.953474e-06  r/r0=3.3572e-04
[mg]   it 1123  |r|inf=6.926776e-06  r/r0=3.3443e-04
[mg]   it 1124  |r|inf=6.899942e-06  r/r0=3.3313e-04
[mg]   it 1125  |r|inf=6.872974e-06  r/r0=3.3183e-04
[mg]   it 1126  |r|inf=6.845873e-06  r/r0=3.3052e-04
[mg]   it 1127  |r|inf=6.818640e-06  r/r0=3.2921e-04
[mg]   it 1128  |r|inf=6.791277e-06  r/r0=3.2789e-04
[mg]   it 1129  |r|inf=6.763783e-06  r/r0=3.2656e-04
[mg]   it 1130  |r|inf=6.736160e-06  r/r0=3.2523e-04
[mg]   it 1131  |r|inf=6.708410e-06  r/r0=3.2389e-04
[mg]   it 1132  |r|inf=6.680533e-06  r/r0=3.2254e-04
[mg]   it 1133  |r|inf=6.652530e-06  r/r0=3.2119e-04
[mg]   it 1134  |r|inf=6.624402e-06  r/r0=3.1983e-04
[mg]   it 1135  |r|inf=6.596151e-06  r/r0=3.1847e-04
[mg]   it 1136  |r|inf=6.567778e-06  r/r0=3.1710e-04
[mg]   it 1137  |r|inf=6.539282e-06  r/r0=3.1572e-04
[mg]   it 1138  |r|inf=6.510667e-06  r/r0=3.1434e-04
[mg]   it 1139  |r|inf=6.481931e-06  r/r0=3.1295e-04
[mg]   it 1140  |r|inf=6.453077e-06  r/r0=3.1156e-04
[mg]   it 1141  |r|inf=6.424105e-06  r/r0=3.1016e-04
[mg]   it 1142  |r|inf=6.395017e-06  r/r0=3.0876e-04
[mg]   it 1143  |r|inf=6.365812e-06  r/r0=3.0735e-04
[mg]   it 1144  |r|inf=6.336493e-06  r/r0=3.0593e-04
[mg]   it 1145  |r|inf=6.307060e-06  r/r0=3.0451e-04
[mg]   it 1146  |r|inf=6.309400e-06  r/r0=3.0462e-04
[mg]   it 1147  |r|inf=6.322392e-06  r/r0=3.0525e-04
[mg]   it 1148  |r|inf=6.335221e-06  r/r0=3.0587e-04
[mg]   it 1149  |r|inf=6.347887e-06  r/r0=3.0648e-04
[mg]   it 1150  |r|inf=6.360390e-06  r/r0=3.0708e-04
[mg]   it 1151  |r|inf=6.372731e-06  r/r0=3.0768e-04
[mg]   it 1152  |r|inf=6.384910e-06  r/r0=3.0827e-04
[mg]   it 1153  |r|inf=6.396928e-06  r/r0=3.0885e-04
[mg]   it 1154  |r|inf=6.408784e-06  r/r0=3.0942e-04
[mg]   it 1155  |r|inf=6.420480e-06  r/r0=3.0999e-04
[mg]   it 1156  |r|inf=6.432015e-06  r/r0=3.1054e-04
[mg]   it 1157  |r|inf=6.443391e-06  r/r0=3.1109e-04
[mg]   it 1158  |r|inf=6.454606e-06  r/r0=3.1163e-04
[mg]   it 1159  |r|inf=6.465662e-06  r/r0=3.1217e-04
[mg]   it 1160  |r|inf=6.476558e-06  r/r0=3.1269e-04
[mg]   it 1161  |r|inf=6.487296e-06  r/r0=3.1321e-04
[mg]   it 1162  |r|inf=6.497875e-06  r/r0=3.1372e-04
[mg]   it 1163  |r|inf=6.508296e-06  r/r0=3.1423e-04
[mg]   it 1164  |r|inf=6.518559e-06  r/r0=3.1472e-04
[mg]   it 1165  |r|inf=6.528664e-06  r/r0=3.1521e-04
[mg]   it 1166  |r|inf=6.538613e-06  r/r0=3.1569e-04
[mg]   it 1167  |r|inf=6.548404e-06  r/r0=3.1616e-04
[mg]   it 1168  |r|inf=6.558039e-06  r/r0=3.1663e-04
[mg]   it 1169  |r|inf=6.567517e-06  r/r0=3.1708e-04
[mg]   it 1170  |r|inf=6.576839e-06  r/r0=3.1753e-04
[mg]   it 1171  |r|inf=6.586006e-06  r/r0=3.1798e-04
[mg]   it 1172  |r|inf=6.595018e-06  r/r0=3.1841e-04
[mg]   it 1173  |r|inf=6.603874e-06  r/r0=3.1884e-04
[mg]   it 1174  |r|inf=6.612575e-06  r/r0=3.1926e-04
[mg]   it 1175  |r|inf=6.621123e-06  r/r0=3.1967e-04
[mg]   it 1176  |r|inf=6.629516e-06  r/r0=3.2008e-04
[mg]   it 1177  |r|inf=6.637755e-06  r/r0=3.2048e-04
[mg]   it 1178  |r|inf=6.645840e-06  r/r0=3.2087e-04
[mg]   it 1179  |r|inf=6.653773e-06  r/r0=3.2125e-04
[mg]   it 1180  |r|inf=6.661552e-06  r/r0=3.2163e-04
[mg]   it 1181  |r|inf=6.669179e-06  r/r0=3.2199e-04
[mg]   it 1182  |r|inf=6.676654e-06  r/r0=3.2235e-04
[mg]   it 1183  |r|inf=6.683976e-06  r/r0=3.2271e-04
[mg]   it 1184  |r|inf=6.691147e-06  r/r0=3.2305e-04
[mg]   it 1185  |r|inf=6.698166e-06  r/r0=3.2339e-04
[mg]   it 1186  |r|inf=6.705034e-06  r/r0=3.2372e-04
[mg]   it 1187  |r|inf=6.711752e-06  r/r0=3.2405e-04
[mg]   it 1188  |r|inf=6.718318e-06  r/r0=3.2437e-04
[mg]   it 1189  |r|inf=6.724735e-06  r/r0=3.2468e-04
[mg]   it 1190  |r|inf=6.731001e-06  r/r0=3.2498e-04
[mg]   it 1191  |r|inf=6.737118e-06  r/r0=3.2527e-04
[mg]   it 1192  |r|inf=6.743085e-06  r/r0=3.2556e-04
[mg]   it 1193  |r|inf=6.748903e-06  r/r0=3.2584e-04
[mg]   it 1194  |r|inf=6.754572e-06  r/r0=3.2612e-04
[mg]   it 1195  |r|inf=6.760092e-06  r/r0=3.2638e-04
[mg]   it 1196  |r|inf=6.765464e-06  r/r0=3.2664e-04
[mg]   it 1197  |r|inf=6.770688e-06  r/r0=3.2689e-04
[mg]   it 1198  |r|inf=6.775764e-06  r/r0=3.2714e-04
[mg]   it 1199  |r|inf=6.780693e-06  r/r0=3.2738e-04
[mg]   it 1200  |r|inf=6.785474e-06  r/r0=3.2761e-04
[mg]   it 1201  |r|inf=6.790109e-06  r/r0=3.2783e-04
[mg]   it 1202  |r|inf=6.794597e-06  r/r0=3.2805e-04
[mg]   it 1203  |r|inf=6.798938e-06  r/r0=3.2826e-04
[mg]   it 1204  |r|inf=6.803133e-06  r/r0=3.2846e-04
[mg]   it 1205  |r|inf=6.807182e-06  r/r0=3.2866e-04
[mg]   it 1206  |r|inf=6.811085e-06  r/r0=3.2884e-04
[mg]   it 1207  |r|inf=6.814843e-06  r/r0=3.2903e-04
[mg]   it 1208  |r|inf=6.818456e-06  r/r0=3.2920e-04
[mg]   it 1209  |r|inf=6.821924e-06  r/r0=3.2937e-04
[mg]   it 1210  |r|inf=6.825247e-06  r/r0=3.2953e-04
[mg]   it 1211  |r|inf=6.828426e-06  r/r0=3.2968e-04
[mg]   it 1212  |r|inf=6.831461e-06  r/r0=3.2983e-04
[mg]   it 1213  |r|inf=6.834351e-06  r/r0=3.2997e-04
[mg]   it 1214  |r|inf=6.837099e-06  r/r0=3.3010e-04
[mg]   it 1215  |r|inf=6.839702e-06  r/r0=3.3023e-04
[mg]   it 1216  |r|inf=6.842163e-06  r/r0=3.3035e-04
[mg]   it 1217  |r|inf=6.844481e-06  r/r0=3.3046e-04
[mg]   it 1218  |r|inf=6.846656e-06  r/r0=3.3056e-04
[mg]   it 1219  |r|inf=6.848689e-06  r/r0=3.3066e-04
[mg]   it 1220  |r|inf=6.850579e-06  r/r0=3.3075e-04
[mg]   it 1221  |r|inf=6.852328e-06  r/r0=3.3084e-04
[mg]   it 1222  |r|inf=6.853935e-06  r/r0=3.3091e-04
[mg]   it 1223  |r|inf=6.855400e-06  r/r0=3.3098e-04
[mg]   it 1224  |r|inf=6.856724e-06  r/r0=3.3105e-04
[mg]   it 1225  |r|inf=6.857908e-06  r/r0=3.3111e-04
[mg]   it 1226  |r|inf=6.858950e-06  r/r0=3.3116e-04
[mg]   it 1227  |r|inf=6.859852e-06  r/r0=3.3120e-04
[mg]   it 1228  |r|inf=6.860614e-06  r/r0=3.3124e-04
[mg]   it 1229  |r|inf=6.861236e-06  r/r0=3.3127e-04
[mg]   it 1230  |r|inf=6.861718e-06  r/r0=3.3129e-04
[mg]   it 1231  |r|inf=6.862061e-06  r/r0=3.3131e-04
[mg]   it 1232  |r|inf=6.862264e-06  r/r0=3.3132e-04
[mg]   it 1233  |r|inf=6.862328e-06  r/r0=3.3132e-04
[mg]   it 1234  |r|inf=6.862253e-06  r/r0=3.3131e-04
[mg]   it 1235  |r|inf=6.862040e-06  r/r0=3.3130e-04
[mg]   it 1236  |r|inf=6.861688e-06  r/r0=3.3129e-04
[mg]   it 1237  |r|inf=6.861198e-06  r/r0=3.3126e-04
[mg]   it 1238  |r|inf=6.860570e-06  r/r0=3.3123e-04
[mg]   it 1239  |r|inf=6.859805e-06  r/r0=3.3120e-04
[mg]   it 1240  |r|inf=6.858902e-06  r/r0=3.3115e-04
[mg]   it 1241  |r|inf=6.857861e-06  r/r0=3.3110e-04
[mg]   it 1242  |r|inf=6.856684e-06  r/r0=3.3105e-04
[mg]   it 1243  |r|inf=6.855370e-06  r/r0=3.3098e-04
[mg]   it 1244  |r|inf=6.853919e-06  r/r0=3.3091e-04
[mg]   it 1245  |r|inf=6.852332e-06  r/r0=3.3084e-04
[mg]   it 1246  |r|inf=6.850609e-06  r/r0=3.3075e-04
[mg]   it 1247  |r|inf=6.848749e-06  r/r0=3.3066e-04
[mg]   it 1248  |r|inf=6.846754e-06  r/r0=3.3057e-04
[mg]   it 1249  |r|inf=6.844624e-06  r/r0=3.3046e-04
[mg]   it 1250  |r|inf=6.842359e-06  r/r0=3.3035e-04
[mg]   it 1251  |r|inf=6.839958e-06  r/r0=3.3024e-04
[mg]   it 1252  |r|inf=6.837423e-06  r/r0=3.3012e-04
[mg]   it 1253  |r|inf=6.834753e-06  r/r0=3.2999e-04
[mg]   it 1254  |r|inf=6.831948e-06  r/r0=3.2985e-04
[mg]   it 1255  |r|inf=6.829010e-06  r/r0=3.2971e-04
[mg]   it 1256  |r|inf=6.825937e-06  r/r0=3.2956e-04
[mg]   it 1257  |r|inf=6.822731e-06  r/r0=3.2941e-04
[mg]   it 1258  |r|inf=6.819392e-06  r/r0=3.2925e-04
[mg]   it 1259  |r|inf=6.815919e-06  r/r0=3.2908e-04
[mg]   it 1260  |r|inf=6.812313e-06  r/r0=3.2890e-04
[mg]   it 1261  |r|inf=6.808574e-06  r/r0=3.2872e-04
[mg]   it 1262  |r|inf=6.804703e-06  r/r0=3.2854e-04
[mg]   it 1263  |r|inf=6.800699e-06  r/r0=3.2834e-04
[mg]   it 1264  |r|inf=6.796563e-06  r/r0=3.2814e-04
[mg]   it 1265  |r|inf=6.792296e-06  r/r0=3.2794e-04
[mg]   it 1266  |r|inf=6.787896e-06  r/r0=3.2772e-04
[mg]   it 1267  |r|inf=6.783365e-06  r/r0=3.2751e-04
[mg]   it 1268  |r|inf=6.778703e-06  r/r0=3.2728e-04
[mg]   it 1269  |r|inf=6.773910e-06  r/r0=3.2705e-04
[mg]   it 1270  |r|inf=6.768986e-06  r/r0=3.2681e-04
[mg]   it 1271  |r|inf=6.763931e-06  r/r0=3.2657e-04
[mg]   it 1272  |r|inf=6.758746e-06  r/r0=3.2632e-04
[mg]   it 1273  |r|inf=6.753431e-06  r/r0=3.2606e-04
[mg]   it 1274  |r|inf=6.747986e-06  r/r0=3.2580e-04
[mg]   it 1275  |r|inf=6.742411e-06  r/r0=3.2553e-04
[mg]   it 1276  |r|inf=6.736707e-06  r/r0=3.2525e-04
[mg]   it 1277  |r|inf=6.730873e-06  r/r0=3.2497e-04
[mg]   it 1278  |r|inf=6.724910e-06  r/r0=3.2468e-04
[mg]   it 1279  |r|inf=6.718819e-06  r/r0=3.2439e-04
[mg]   it 1280  |r|inf=6.712599e-06  r/r0=3.2409e-04
[mg]   it 1281  |r|inf=6.706251e-06  r/r0=3.2378e-04
[mg]   it 1282  |r|inf=6.699774e-06  r/r0=3.2347e-04
[mg]   it 1283  |r|inf=6.693170e-06  r/r0=3.2315e-04
[mg]   it 1284  |r|inf=6.686438e-06  r/r0=3.2283e-04
[mg]   it 1285  |r|inf=6.679579e-06  r/r0=3.2250e-04
[mg]   it 1286  |r|inf=6.672592e-06  r/r0=3.2216e-04
[mg]   it 1287  |r|inf=6.665478e-06  r/r0=3.2181e-04
[mg]   it 1288  |r|inf=6.658238e-06  r/r0=3.2146e-04
[mg]   it 1289  |r|inf=6.650871e-06  r/r0=3.2111e-04
[mg]   it 1290  |r|inf=6.643378e-06  r/r0=3.2075e-04
[mg]   it 1291  |r|inf=6.635759e-06  r/r0=3.2038e-04
[mg]   it 1292  |r|inf=6.628014e-06  r/r0=3.2001e-04
[mg]   it 1293  |r|inf=6.620144e-06  r/r0=3.1963e-04
[mg]   it 1294  |r|inf=6.612148e-06  r/r0=3.1924e-04
[mg]   it 1295  |r|inf=6.604027e-06  r/r0=3.1885e-04
[mg]   it 1296  |r|inf=6.595781e-06  r/r0=3.1845e-04
[mg]   it 1297  |r|inf=6.587411e-06  r/r0=3.1805e-04
[mg]   it 1298  |r|inf=6.578916e-06  r/r0=3.1764e-04
[mg]   it 1299  |r|inf=6.570298e-06  r/r0=3.1722e-04
[mg]   it 1300  |r|inf=6.561555e-06  r/r0=3.1680e-04
[mg]   it 1301  |r|inf=6.552689e-06  r/r0=3.1637e-04
[mg]   it 1302  |r|inf=6.543699e-06  r/r0=3.1593e-04
[mg]   it 1303  |r|inf=6.534587e-06  r/r0=3.1550e-04
[mg]   it 1304  |r|inf=6.525351e-06  r/r0=3.1505e-04
[mg]   it 1305  |r|inf=6.515993e-06  r/r0=3.1460e-04
[mg]   it 1306  |r|inf=6.506512e-06  r/r0=3.1414e-04
[mg]   it 1307  |r|inf=6.496910e-06  r/r0=3.1368e-04
[mg]   it 1308  |r|inf=6.487185e-06  r/r0=3.1321e-04
[mg]   it 1309  |r|inf=6.477339e-06  r/r0=3.1273e-04
[mg]   it 1310  |r|inf=6.467372e-06  r/r0=3.1225e-04
[mg]   it 1311  |r|inf=6.457283e-06  r/r0=3.1176e-04
[mg]   it 1312  |r|inf=6.447074e-06  r/r0=3.1127e-04
[mg]   it 1313  |r|inf=6.436744e-06  r/r0=3.1077e-04
[mg]   it 1314  |r|inf=6.426294e-06  r/r0=3.1027e-04
[mg]   it 1315  |r|inf=6.415724e-06  r/r0=3.0976e-04
[mg]   it 1316  |r|inf=6.405034e-06  r/r0=3.0924e-04
[mg]   it 1317  |r|inf=6.394225e-06  r/r0=3.0872e-04
[mg]   it 1318  |r|inf=6.383296e-06  r/r0=3.0819e-04
[mg]   it 1319  |r|inf=6.372249e-06  r/r0=3.0766e-04
[mg]   it 1320  |r|inf=6.361083e-06  r/r0=3.0712e-04
[mg]   it 1321  |r|inf=6.349798e-06  r/r0=3.0657e-04
[mg]   it 1322  |r|inf=6.338396e-06  r/r0=3.0602e-04
[mg]   it 1323  |r|inf=6.326875e-06  r/r0=3.0547e-04
[mg]   it 1324  |r|inf=6.315237e-06  r/r0=3.0490e-04
[mg]   it 1325  |r|inf=6.303482e-06  r/r0=3.0434e-04
[mg]   it 1326  |r|inf=6.291610e-06  r/r0=3.0376e-04
[mg]   it 1327  |r|inf=6.279621e-06  r/r0=3.0319e-04
[mg]   it 1328  |r|inf=6.267516e-06  r/r0=3.0260e-04
[mg]   it 1329  |r|inf=6.255295e-06  r/r0=3.0201e-04
[mg]   it 1330  |r|inf=6.242957e-06  r/r0=3.0141e-04
[mg]   it 1331  |r|inf=6.230505e-06  r/r0=3.0081e-04
[mg]   it 1332  |r|inf=6.217937e-06  r/r0=3.0021e-04
[mg]   it 1333  |r|inf=6.205254e-06  r/r0=2.9959e-04
[mg]   it 1334  |r|inf=6.192457e-06  r/r0=2.9898e-04
[mg]   it 1335  |r|inf=6.179545e-06  r/r0=2.9835e-04
[mg]   it 1336  |r|inf=6.166519e-06  r/r0=2.9772e-04
[mg]   it 1337  |r|inf=6.153380e-06  r/r0=2.9709e-04
[mg]   it 1338  |r|inf=6.140127e-06  r/r0=2.9645e-04
[mg]   it 1339  |r|inf=6.126761e-06  r/r0=2.9580e-04
[mg]   it 1340  |r|inf=6.113283e-06  r/r0=2.9515e-04
[mg]   it 1341  |r|inf=6.099692e-06  r/r0=2.9450e-04
[mg]   it 1342  |r|inf=6.085989e-06  r/r0=2.9384e-04
[mg]   it 1343  |r|inf=6.072174e-06  r/r0=2.9317e-04
[mg]   it 1344  |r|inf=6.058247e-06  r/r0=2.9250e-04
[mg]   it 1345  |r|inf=6.044210e-06  r/r0=2.9182e-04
[mg]   it 1346  |r|inf=6.030062e-06  r/r0=2.9114e-04
[mg]   it 1347  |r|inf=6.015803e-06  r/r0=2.9045e-04
[mg]   it 1348  |r|inf=6.001434e-06  r/r0=2.8975e-04
[mg]   it 1349  |r|inf=5.986955e-06  r/r0=2.8905e-04
[mg]   it 1350  |r|inf=5.972366e-06  r/r0=2.8835e-04
[mg]   it 1351  |r|inf=5.957669e-06  r/r0=2.8764e-04
[mg]   it 1352  |r|inf=5.942863e-06  r/r0=2.8693e-04
[mg]   it 1353  |r|inf=5.927948e-06  r/r0=2.8621e-04
[mg]   it 1354  |r|inf=5.912925e-06  r/r0=2.8548e-04
[mg]   it 1355  |r|inf=5.897794e-06  r/r0=2.8475e-04
[mg]   it 1356  |r|inf=5.882556e-06  r/r0=2.8401e-04
[mg]   it 1357  |r|inf=5.867211e-06  r/r0=2.8327e-04
[mg]   it 1358  |r|inf=5.851759e-06  r/r0=2.8253e-04
[mg]   it 1359  |r|inf=5.836201e-06  r/r0=2.8178e-04
[mg]   it 1360  |r|inf=5.820536e-06  r/r0=2.8102e-04
[mg]   it 1361  |r|inf=5.804766e-06  r/r0=2.8026e-04
[mg]   it 1362  |r|inf=5.788891e-06  r/r0=2.7949e-04
[mg]   it 1363  |r|inf=5.772911e-06  r/r0=2.7872e-04
[mg]   it 1364  |r|inf=5.756827e-06  r/r0=2.7794e-04
[mg]   it 1365  |r|inf=5.740638e-06  r/r0=2.7716e-04
[mg]   it 1366  |r|inf=5.724345e-06  r/r0=2.7638e-04
[mg]   it 1367  |r|inf=5.707949e-06  r/r0=2.7558e-04
[mg]   it 1368  |r|inf=5.691450e-06  r/r0=2.7479e-04
[mg]   it 1369  |r|inf=5.674849e-06  r/r0=2.7399e-04
[mg]   it 1370  |r|inf=5.658145e-06  r/r0=2.7318e-04
[mg]   it 1371  |r|inf=5.641339e-06  r/r0=2.7237e-04
[mg]   it 1372  |r|inf=5.624431e-06  r/r0=2.7155e-04
[mg]   it 1373  |r|inf=5.607423e-06  r/r0=2.7073e-04
[mg]   it 1374  |r|inf=5.590314e-06  r/r0=2.6990e-04
[mg]   it 1375  |r|inf=5.573104e-06  r/r0=2.6907e-04
[mg]   it 1376  |r|inf=5.555795e-06  r/r0=2.6824e-04
[mg]   it 1377  |r|inf=5.538386e-06  r/r0=2.6740e-04
[mg]   it 1378  |r|inf=5.520878e-06  r/r0=2.6655e-04
[mg]   it 1379  |r|inf=5.503272e-06  r/r0=2.6570e-04
[mg]   it 1380  |r|inf=5.485889e-06  r/r0=2.6486e-04
[mg]   it 1381  |r|inf=5.500465e-06  r/r0=2.6557e-04
[mg]   it 1382  |r|inf=5.514936e-06  r/r0=2.6627e-04
[mg]   it 1383  |r|inf=5.529303e-06  r/r0=2.6696e-04
[mg]   it 1384  |r|inf=5.543564e-06  r/r0=2.6765e-04
[mg]   it 1385  |r|inf=5.557721e-06  r/r0=2.6833e-04
[mg]   it 1386  |r|inf=5.571772e-06  r/r0=2.6901e-04
[mg]   it 1387  |r|inf=5.585717e-06  r/r0=2.6968e-04
[mg]   it 1388  |r|inf=5.599557e-06  r/r0=2.7035e-04
[mg]   it 1389  |r|inf=5.613291e-06  r/r0=2.7101e-04
[mg]   it 1390  |r|inf=5.626919e-06  r/r0=2.7167e-04
[mg]   it 1391  |r|inf=5.640440e-06  r/r0=2.7232e-04
[mg]   it 1392  |r|inf=5.653855e-06  r/r0=2.7297e-04
[mg]   it 1393  |r|inf=5.667163e-06  r/r0=2.7362e-04
[mg]   it 1394  |r|inf=5.680365e-06  r/r0=2.7425e-04
[mg]   it 1395  |r|inf=5.693459e-06  r/r0=2.7488e-04
[mg]   it 1396  |r|inf=5.706446e-06  r/r0=2.7551e-04
[mg]   it 1397  |r|inf=5.719325e-06  r/r0=2.7613e-04
[mg]   it 1398  |r|inf=5.732097e-06  r/r0=2.7675e-04
[mg]   it 1399  |r|inf=5.744761e-06  r/r0=2.7736e-04
[mg]   it 1400  |r|inf=5.757317e-06  r/r0=2.7797e-04
[mg]   it 1401  |r|inf=5.769764e-06  r/r0=2.7857e-04
[mg]   it 1402  |r|inf=5.782104e-06  r/r0=2.7916e-04
[mg]   it 1403  |r|inf=5.794334e-06  r/r0=2.7976e-04
[mg]   it 1404  |r|inf=5.806457e-06  r/r0=2.8034e-04
[mg]   it 1405  |r|inf=5.818470e-06  r/r0=2.8092e-04
[mg]   it 1406  |r|inf=5.830374e-06  r/r0=2.8150e-04
[mg]   it 1407  |r|inf=5.842169e-06  r/r0=2.8206e-04
[mg]   it 1408  |r|inf=5.853855e-06  r/r0=2.8263e-04
[mg]   it 1409  |r|inf=5.865431e-06  r/r0=2.8319e-04
[mg]   it 1410  |r|inf=5.876898e-06  r/r0=2.8374e-04
[mg]   it 1411  |r|inf=5.888255e-06  r/r0=2.8429e-04
[mg]   it 1412  |r|inf=5.899502e-06  r/r0=2.8483e-04
[mg]   it 1413  |r|inf=5.910639e-06  r/r0=2.8537e-04
[mg]   it 1414  |r|inf=5.921665e-06  r/r0=2.8590e-04
[mg]   it 1415  |r|inf=5.932582e-06  r/r0=2.8643e-04
[mg]   it 1416  |r|inf=5.943387e-06  r/r0=2.8695e-04
[mg]   it 1417  |r|inf=5.954083e-06  r/r0=2.8747e-04
[mg]   it 1418  |r|inf=5.964667e-06  r/r0=2.8798e-04
[mg]   it 1419  |r|inf=5.975141e-06  r/r0=2.8848e-04
[mg]   it 1420  |r|inf=5.985504e-06  r/r0=2.8898e-04
[mg]   it 1421  |r|inf=5.995755e-06  r/r0=2.8948e-04
[mg]   it 1422  |r|inf=6.005896e-06  r/r0=2.8997e-04
[mg]   it 1423  |r|inf=6.015925e-06  r/r0=2.9045e-04
[mg]   it 1424  |r|inf=6.025843e-06  r/r0=2.9093e-04
[mg]   it 1425  |r|inf=6.035649e-06  r/r0=2.9141e-04
[mg]   it 1426  |r|inf=6.045343e-06  r/r0=2.9187e-04
[mg]   it 1427  |r|inf=6.054926e-06  r/r0=2.9234e-04
[mg]   it 1428  |r|inf=6.064397e-06  r/r0=2.9279e-04
[mg]   it 1429  |r|inf=6.073756e-06  r/r0=2.9325e-04
[mg]   it 1430  |r|inf=6.083003e-06  r/r0=2.9369e-04
[mg]   it 1431  |r|inf=6.092138e-06  r/r0=2.9413e-04
[mg]   it 1432  |r|inf=6.101160e-06  r/r0=2.9457e-04
[mg]   it 1433  |r|inf=6.110070e-06  r/r0=2.9500e-04
[mg]   it 1434  |r|inf=6.118868e-06  r/r0=2.9542e-04
[mg]   it 1435  |r|inf=6.127554e-06  r/r0=2.9584e-04
[mg]   it 1436  |r|inf=6.136127e-06  r/r0=2.9626e-04
[mg]   it 1437  |r|inf=6.144588e-06  r/r0=2.9667e-04
[mg]   it 1438  |r|inf=6.152935e-06  r/r0=2.9707e-04
[mg]   it 1439  |r|inf=6.161170e-06  r/r0=2.9747e-04
[mg]   it 1440  |r|inf=6.169293e-06  r/r0=2.9786e-04
[mg]   it 1441  |r|inf=6.177302e-06  r/r0=2.9825e-04
[mg]   it 1442  |r|inf=6.185199e-06  r/r0=2.9863e-04
[mg]   it 1443  |r|inf=6.192983e-06  r/r0=2.9900e-04
[mg]   it 1444  |r|inf=6.200654e-06  r/r0=2.9937e-04
[mg]   it 1445  |r|inf=6.208211e-06  r/r0=2.9974e-04
[mg]   it 1446  |r|inf=6.215656e-06  r/r0=3.0010e-04
[mg]   it 1447  |r|inf=6.222988e-06  r/r0=3.0045e-04
[mg]   it 1448  |r|inf=6.230206e-06  r/r0=3.0080e-04
[mg]   it 1449  |r|inf=6.237311e-06  r/r0=3.0114e-04
[mg]   it 1450  |r|inf=6.244304e-06  r/r0=3.0148e-04
[mg]   it 1451  |r|inf=6.251182e-06  r/r0=3.0181e-04
[mg]   it 1452  |r|inf=6.257948e-06  r/r0=3.0214e-04
[mg]   it 1453  |r|inf=6.264601e-06  r/r0=3.0246e-04
[mg]   it 1454  |r|inf=6.271140e-06  r/r0=3.0278e-04
[mg]   it 1455  |r|inf=6.277566e-06  r/r0=3.0309e-04
[mg]   it 1456  |r|inf=6.283879e-06  r/r0=3.0339e-04
[mg]   it 1457  |r|inf=6.290078e-06  r/r0=3.0369e-04
[mg]   it 1458  |r|inf=6.296164e-06  r/r0=3.0398e-04
[mg]   it 1459  |r|inf=6.302137e-06  r/r0=3.0427e-04
[mg]   it 1460  |r|inf=6.307997e-06  r/r0=3.0456e-04
[mg]   it 1461  |r|inf=6.313743e-06  r/r0=3.0483e-04
[mg]   it 1462  |r|inf=6.319376e-06  r/r0=3.0510e-04
[mg]   it 1463  |r|inf=6.324896e-06  r/r0=3.0537e-04
[mg]   it 1464  |r|inf=6.330303e-06  r/r0=3.0563e-04
[mg]   it 1465  |r|inf=6.335596e-06  r/r0=3.0589e-04
[mg]   it 1466  |r|inf=6.340776e-06  r/r0=3.0614e-04
[mg]   it 1467  |r|inf=6.345844e-06  r/r0=3.0638e-04
[mg]   it 1468  |r|inf=6.350798e-06  r/r0=3.0662e-04
[mg]   it 1469  |r|inf=6.355639e-06  r/r0=3.0686e-04
[mg]   it 1470  |r|inf=6.360367e-06  r/r0=3.0708e-04
[mg]   it 1471  |r|inf=6.364982e-06  r/r0=3.0731e-04
[mg]   it 1472  |r|inf=6.369484e-06  r/r0=3.0752e-04
[mg]   it 1473  |r|inf=6.373874e-06  r/r0=3.0774e-04
[mg]   it 1474  |r|inf=6.378150e-06  r/r0=3.0794e-04
[mg]   it 1475  |r|inf=6.382314e-06  r/r0=3.0814e-04
[mg]   it 1476  |r|inf=6.386365e-06  r/r0=3.0834e-04
[mg]   it 1477  |r|inf=6.390303e-06  r/r0=3.0853e-04
[mg]   it 1478  |r|inf=6.394129e-06  r/r0=3.0871e-04
[mg]   it 1479  |r|inf=6.397843e-06  r/r0=3.0889e-04
[mg]   it 1480  |r|inf=6.401444e-06  r/r0=3.0907e-04
[mg]   it 1481  |r|inf=6.404932e-06  r/r0=3.0924e-04
[mg]   it 1482  |r|inf=6.408309e-06  r/r0=3.0940e-04
[mg]   it 1483  |r|inf=6.411573e-06  r/r0=3.0956e-04
[mg]   it 1484  |r|inf=6.414725e-06  r/r0=3.0971e-04
[mg]   it 1485  |r|inf=6.417765e-06  r/r0=3.0985e-04
[mg]   it 1486  |r|inf=6.420694e-06  r/r0=3.1000e-[run] step 1/3
04
[mg]   it 1487  |r|inf=6.423510e-06  r/r0=3.1013e-04
[mg]   it 1488  |r|inf=6.426215e-06  r/r0=3.1026e-04
[mg]   it 1489  |r|inf=6.428808e-06  r/r0=3.1039e-04
[mg]   it 1490  |r|inf=6.431290e-06  r/r0=3.1051e-04
[mg]   it 1491  |r|inf=6.433660e-06  r/r0=3.1062e-04
[mg]   it 1492  |r|inf=6.435919e-06  r/r0=3.1073e-04
[mg]   it 1493  |r|inf=6.438067e-06  r/r0=3.1083e-04
[mg]   it 1494  |r|inf=6.440104e-06  r/r0=3.1093e-04
[mg]   it 1495  |r|inf=6.442031e-06  r/r0=3.1103e-04
[mg]   it 1496  |r|inf=6.443846e-06  r/r0=3.1111e-04
[mg]   it 1497  |r|inf=6.445551e-06  r/r0=3.1120e-04
[mg]   it 1498  |r|inf=6.447145e-06  r/r0=3.1127e-04
[mg]   it 1499  |r|inf=6.448629e-06  r/r0=3.1134e-04
[mg]   it 1500  |r|inf=6.450003e-06  r/r0=3.1141e-04
[mg] solve 1: r0=1.242922e-02 rtol=1.0e-09 (pre=2 post=2 bottom=12)
[mg]   it   1  |r|inf=2.504621e-02  r/r0=2.0151e+00
[mg]   it   2  |r|inf=7.635899e-03  r/r0=6.1435e-01
[mg]   it   3  |r|inf=3.126159e-03  r/r0=2.5152e-01
[mg]   it   4  |r|inf=1.682187e-03  r/r0=1.3534e-01
[mg]   it   5  |r|inf=9.170009e-04  r/r0=7.3778e-02
[mg]   it   6  |r|inf=6.641053e-04  r/r0=5.3431e-02
[mg]   it   7  |r|inf=4.090178e-04  r/r0=3.2908e-02
[mg]   it   8  |r|inf=3.469501e-04  r/r0=2.7914e-02
[mg]   it   9  |r|inf=3.031045e-04  r/r0=2.4386e-02
[mg]   it  10  |r|inf=2.620317e-04  r/r0=2.1082e-02
[mg]   it  11  |r|inf=2.209306e-04  r/r0=1.7775e-02
[mg]   it  12  |r|inf=1.689178e-04  r/r0=1.3590e-02
[mg]   it  13  |r|inf=1.150007e-04  r/r0=9.2524e-03
[mg]   it  14  |r|inf=9.666547e-05  r/r0=7.7773e-03
[mg]   it  15  |r|inf=7.248402e-05  r/r0=5.8317e-03
[mg]   it  16  |r|inf=5.274062e-05  r/r0=4.2433e-03
[mg]   it  17  |r|inf=3.025946e-05  r/r0=2.4345e-03
[mg]   it  18  |r|inf=2.530607e-05  r/r0=2.0360e-03
[mg]   it  19  |r|inf=3.010081e-05  r/r0=2.4218e-03
[mg]   it  20  |r|inf=2.008695e-05  r/r0=1.6161e-03
[mg]   it  21  |r|inf=2.819578e-05  r/r0=2.2685e-03
[mg]   it  22  |r|inf=1.329186e-05  r/r0=1.0694e-03
[mg]   it  23  |r|inf=1.630301e-05  r/r0=1.3117e-03
[mg]   it  24  |r|inf=9.295504e-06  r/r0=7.4788e-04
[mg]   it  25  |r|inf=1.267761e-05  r/r0=1.0200e-03
[mg]   it  26  |r|inf=8.488869e-06  r/r0=6.8298e-04
[mg]   it  27  |r|inf=1.042289e-05  r/r0=8.3858e-04
[mg]   it  28  |r|inf=7.720220e-06  r/r0=6.2113e-04
[mg]   it  29  |r|inf=8.641055e-06  r/r0=6.9522e-04
[mg]   it  30  |r|inf=7.164115e-06  r/r0=5.7639e-04
[mg]   it  31  |r|inf=5.362495e-06  r/r0=4.3144e-04
[mg]   it  32  |r|inf=5.569304e-06  r/r0=4.4808e-04
[mg]   it  33  |r|inf=5.028898e-06  r/r0=4.0460e-04
[mg]   it  34  |r|inf=4.826345e-06  r/r0=3.8831e-04
[mg]   it  35  |r|inf=4.111706e-06  r/r0=3.3081e-04
[mg]   it  36  |r|inf=4.870751e-06  r/r0=3.9188e-04
[mg]   it  37  |r|inf=4.423391e-06  r/r0=3.5589e-04
[mg]   it  38  |r|inf=4.326336e-06  r/r0=3.4808e-04
[mg]   it  39  |r|inf=3.620205e-06  r/r0=2.9127e-04
[mg]   it  40  |r|inf=3.982812e-06  r/r0=3.2044e-04
[mg]   it  41  |r|inf=3.979774e-06  r/r0=3.2020e-04
[mg]   it  42  |r|inf=4.060617e-06  r/r0=3.2670e-04
[mg]   it  43  |r|inf=4.336731e-06  r/r0=3.4891e-04
[mg]   it  44  |r|inf=4.615012e-06  r/r0=3.7130e-04
[mg]   it  45  |r|inf=3.860558e-06  r/r0=3.1060e-04
[mg]   it  46  |r|inf=4.397782e-06  r/r0=3.5383e-04
[mg]   it  47  |r|inf=4.683587e-06  r/r0=3.7682e-04
[mg]   it  48  |r|inf=4.201653e-06  r/r0=3.3805e-04
[mg]   it  49  |r|inf=4.650285e-06  r/r0=3.7414e-04
[mg]   it  50  |r|inf=4.805292e-06  r/r0=3.8661e-04
[mg]   it  51  |r|inf=5.544090e-06  r/r0=4.4605e-04
[mg]   it  52  |r|inf=5.577621e-06  r/r0=4.4875e-04
[mg]   it  53  |r|inf=5.007014e-06  r/r0=4.0284e-04
[mg]   it  54  |r|inf=4.829375e-06  r/r0=3.8855e-04
[mg]   it  55  |r|inf=5.473109e-06  r/r0=4.4034e-04
[mg]   it  56  |r|inf=5.682664e-06  r/r0=4.5720e-04
[mg]   it  57  |r|inf=5.453697e-06  r/r0=4.3878e-04
[mg]   it  58  |r|inf=5.237747e-06  r/r0=4.2141e-04
[mg]   it  59  |r|inf=5.707468e-06  r/r0=4.5920e-04
[mg]   it  60  |r|inf=5.776933e-06  r/r0=4.6479e-04
[mg]   it  61  |r|inf=6.476612e-06  r/r0=5.2108e-04
[mg]   it  62  |r|inf=7.065167e-06  r/r0=5.6843e-04
[mg]   it  63  |r|inf=7.237281e-06  r/r0=5.8228e-04
[mg]   it  64  |r|inf=7.031051e-06  r/r0=5.6569e-04
[mg]   it  65  |r|inf=6.503781e-06  r/r0=5.2327e-04
[mg]   it  66  |r|inf=5.715508e-06  r/r0=4.5984e-04
[mg]   it  67  |r|inf=6.186721e-06  r/r0=4.9776e-04
[mg]   it  68  |r|inf=6.628713e-06  r/r0=5.3332e-04
[mg]   it  69  |r|inf=6.838575e-06  r/r0=5.5020e-04
[mg]   it  70  |r|inf=6.818943e-06  r/r0=5.4862e-04
[mg]   it  71  |r|inf=6.574247e-06  r/r0=5.2893e-04
[mg]   it  72  |r|inf=6.113038e-06  r/r0=4.9183e-04
[mg]   it  73  |r|inf=6.275827e-06  r/r0=5.0493e-04
[mg]   it  74  |r|inf=6.631463e-06  r/r0=5.3354e-04
[mg]   it  75  |r|inf=6.785930e-06  r/r0=5.4597e-04
[mg]   it  76  |r|inf=6.739355e-06  r/r0=5.4222e-04
[mg]   it  77  |r|inf=7.444803e-06  r/r0=5.9898e-04
[mg]   it  78  |r|inf=8.012439e-06  r/r0=6.4465e-04
[mg]   it  79  |r|inf=8.365374e-06  r/r0=6.7304e-04
[mg]   it  80  |r|inf=8.511249e-06  r/r0=6.8478e-04
[mg]   it  81  |r|inf=8.465232e-06  r/r0=6.8108e-04
[mg]   it  82  |r|inf=8.246914e-06  r/r0=6.6351e-04
[mg]   it  83  |r|inf=7.877574e-06  r/r0=6.3379e-04
[mg]   it  84  |r|inf=7.378152e-06  r/r0=5.9361e-04
[mg]   it  85  |r|inf=6.768015e-06  r/r0=5.4452e-04
[mg]   it  86  |r|inf=6.650966e-06  r/r0=5.3511e-04
[mg]   it  87  |r|inf=7.035256e-06  r/r0=5.6603e-04
[mg]   it  88  |r|inf=7.311965e-06  r/r0=5.8829e-04
[mg]   it  89  |r|inf=7.483302e-06  r/r0=6.0207e-04
[mg]   it  90  |r|inf=7.551425e-06  r/r0=6.0755e-04
[mg]   it  91  |r|inf=7.518504e-06  r/r0=6.0491e-04
[mg]   it  92  |r|inf=7.386927e-06  r/r0=5.9432e-04
[mg]   it  93  |r|inf=7.159584e-06  r/r0=5.7603e-04
[mg]   it  94  |r|inf=6.840172e-06  r/r0=5.5033e-04
[mg]   it  95  |r|inf=6.433484e-06  r/r0=5.1761e-04
[mg]   it  96  |r|inf=6.657542e-06  r/r0=5.3564e-04
[mg]   it  97  |r|inf=6.937315e-06  r/r0=5.5815e-04
[mg]   it  98  |r|inf=7.131683e-06  r/r0=5.7378e-04
[mg]   it  99  |r|inf=7.239529e-06  r/r0=5.8246e-04
[mg]   it 100  |r|inf=7.261461e-06  r/r0=5.8423e-04
[mg]   it 101  |r|inf=7.227661e-06  r/r0=5.8151e-04
[mg]   it 102  |r|inf=7.777282e-06  r/r0=6.2573e-04
[mg]   it 103  |r|inf=8.235152e-06  r/r0=6.6256e-04
[mg]   it 104  |r|inf=8.599738e-06  r/r0=6.9190e-04
[mg]   it 105  |r|inf=8.871517e-06  r/r0=7.1376e-04
[mg]   it 106  |r|inf=9.052726e-06  r/r0=7.2834e-04
[mg]   it 107  |r|inf=9.147038e-06  r/r0=7.3593e-04
[mg]   it 108  |r|inf=9.159212e-06  r/r0=7.3691e-04
[mg]   it 109  |r|inf=9.094746e-06  r/r0=7.3172e-04
[mg]   it 110  |r|inf=8.959557e-06  r/r0=7.2085e-04
[mg]   it 111  |r|inf=8.759709e-06  r/r0=7.0477e-04
[mg]   it 112  |r|inf=8.501199e-06  r/r0=6.8397e-04
[mg]   it 113  |r|inf=8.189794e-06  r/r0=6.5891e-04
[mg]   it 114  |r|inf=7.830924e-06  r/r0=6.3004e-04
[mg]   it 115  |r|inf=7.429625e-06  r/r0=5.9775e-04
[mg]   it 116  |r|inf=6.990516e-06  r/r0=5.6243e-04
[mg]   it 117  |r|inf=6.898159e-06  r/r0=5.5500e-04
[mg]   it 118  |r|inf=7.139858e-06  r/r0=5.7444e-04
[mg]   it 119  |r|inf=7.338280e-06  r/r0=5.9041e-04
[mg]   it 120  |r|inf=7.494312e-06  r/r0=6.0296e-04
[mg]   it 121  |r|inf=7.608812e-06  r/r0=6.1217e-04
[mg]   it 122  |r|inf=7.682608e-06  r/r0=6.1811e-04
[mg]   it 123  |r|inf=7.716491e-06  r/r0=6.2083e-04
[mg]   it 124  |r|inf=7.711237e-06  r/r0=6.2041e-04
[mg]   it 125  |r|inf=7.667623e-06  r/r0=6.1690e-04
[mg]   it 126  |r|inf=7.586452e-06  r/r0=6.1037e-04
[mg]   it 127  |r|inf=7.468582e-06  r/r0=6.0089e-04
[mg]   it 128  |r|inf=7.314953e-06  r/r0=5.8853e-04
[mg]   it 129  |r|inf=7.126617e-06  r/r0=5.7338e-04
[mg]   it 130  |r|inf=6.904761e-06  r/r0=5.5553e-04
[mg]   it 131  |r|inf=6.650728e-06  r/r0=5.3509e-04
[mg]   it 132  |r|inf=6.366035e-06  r/r0=5.1218e-04
[mg]   it 133  |r|inf=6.557620e-06  r/r0=5.2760e-04
[mg]   it 134  |r|inf=6.748946e-06  r/r0=5.4299e-04
[mg]   it 135  |r|inf=6.908445e-06  r/r0=5.5582e-04
[mg]   it 136  |r|inf=7.035700e-06  r/r0=5.6606e-04
[mg]   it 137  |r|inf=7.130513e-06  r/r0=5.7369e-04
[mg]   it 138  |r|inf=7.192927e-06  r/r0=5.7871e-04
[mg]   it 139  |r|inf=7.223224e-06  r/r0=5.8115e-04
[mg]   it 140  |r|inf=7.221929e-06  r/r0=5.8104e-04
[mg]   it 141  |r|inf=7.189795e-06  r/r0=5.7846e-04
[mg]   it 142  |r|inf=7.423175e-06  r/r0=5.9724e-04
[mg]   it 143  |r|inf=7.754443e-06  r/r0=6.2389e-04
[mg]   it 144  |r|inf=8.050684e-06  r/r0=6.4772e-04
[mg]   it 145  |r|inf=8.311566e-06  r/r0=6.6871e-04
[mg]   it 146  |r|inf=8.537051e-06  r/r0=6.8685e-04
[mg]   it 147  |r|inf=8.727375e-06  r/r0=7.0217e-04
[mg]   it 148  |r|inf=8.883022e-06  r/r0=7.1469e-04
[mg]   it 149  |r|inf=9.004699e-06  r/r0=7.2448e-04
[mg]   it 150  |r|inf=9.093304e-06  r/r0=7.3161e-04
[mg]   it 151  |r|inf=9.149898e-06  r/r0=7.3616e-04
[mg]   it 152  |r|inf=9.175667e-06  r/r0=7.3823e-04
[mg]   it 153  |r|inf=9.171901e-06  r/r0=7.3793e-04
[mg]   it 154  |r|inf=9.139959e-06  r/r0=7.3536e-04
[mg]   it 155  |r|inf=9.081244e-06  r/r0=7.3064e-04
[mg]   it 156  |r|inf=8.997181e-06  r/r0=7.2387e-04
[mg]   it 157  |r|inf=8.889197e-06  r/r0=7.1519e-04
[mg]   it 158  |r|inf=8.758701e-06  r/r0=7.0469e-04
[mg]   it 159  |r|inf=8.607072e-06  r/r0=6.9249e-04
[mg]   it 160  |r|inf=8.435646e-06  r/r0=6.7869e-04
[mg]   it 161  |r|inf=8.245710e-06  r/r0=6.6341e-04
[mg]   it 162  |r|inf=8.038493e-06  r/r0=6.4674e-04
[mg]   it 163  |r|inf=7.815163e-06  r/r0=6.2877e-04
[mg]   it 164  |r|inf=7.576827e-06  r/r0=6.0960e-04
[mg]   it 165  |r|inf=7.324528e-06  r/r0=5.8930e-04
[mg]   it 166  |r|inf=7.059247e-06  r/r0=5.6796e-04
[mg]   it 167  |r|inf=6.781908e-06  r/r0=5.4564e-04
[mg]   it 168  |r|inf=6.776776e-06  r/r0=5.4523e-04
[mg]   it 169  |r|inf=6.916631e-06  r/r0=5.5648e-04
[mg]   it 170  |r|inf=7.040990e-06  r/r0=5.6649e-04
[mg]   it 171  |r|inf=7.150087e-06  r/r0=5.7526e-04
[mg]   it 172  |r|inf=7.244148e-06  r/r0=5.8283e-04
[mg]   it 173  |r|inf=7.323396e-06  r/r0=5.8921e-04
[mg]   it 174  |r|inf=7.388045e-06  r/r0=5.9441e-04
[mg]   it 175  |r|inf=7.438298e-06  r/r0=5.9845e-04
[mg]   it 176  |r|inf=7.474355e-06  r/r0=6.0135e-04
[mg]   it 177  |r|inf=7.496407e-06  r/r0=6.0313e-04
[mg]   it 178  |r|inf=7.504640e-06  r/r0=6.0379e-04
[mg]   it 179  |r|inf=7.499238e-06  r/r0=6.0336e-04
[mg]   it 180  |r|inf=7.480382e-06  r/r0=6.0184e-04
[mg]   it 181  |r|inf=7.448252e-06  r/r0=5.9925e-04
[mg]   it 182  |r|inf=7.403032e-06  r/r0=5.9562e-04
[mg]   it 183  |r|inf=7.344913e-06  r/r0=5.9094e-04
[mg]   it 184  |r|inf=7.274088e-06  r/r0=5.8524e-04
[mg]   it 185  |r|inf=7.190764e-06  r/r0=5.7854e-04
[mg]   it 186  |r|inf=7.095158e-06  r/r0=5.7085e-04
[mg]   it 187  |r|inf=6.987500e-06  r/r0=5.6218e-04
[mg]   it 188  |r|inf=6.868037e-06  r/r0=5.5257e-04
[mg]   it 189  |r|inf=6.737032e-06  r/r0=5.4203e-04
[mg]   it 190  |r|inf=6.594770e-06  r/r0=5.3059e-04
[mg]   it 191  |r|inf=6.441554e-06  r/r0=5.1826e-04
[mg]   it 192  |r|inf=6.277710e-06  r/r0=5.0508e-04
[mg]   it 193  |r|inf=6.127624e-06  r/r0=4.9300e-04
[mg]   it 194  |r|inf=6.262736e-06  r/r0=5.0387e-04
[mg]   it 195  |r|inf=6.387112e-06  r/r0=5.1388e-04
[mg]   it 196  |r|inf=6.500595e-06  r/r0=5.2301e-04
[mg]   it 197  |r|inf=6.603055e-06  r/r0=5.3125e-04
[mg]   it 198  |r|inf=6.694386e-06  r/r0=5.3860e-04
[mg]   it 199  |r|inf=6.774509e-06  r/r0=5.4505e-04
[mg]   it 200  |r|inf=6.843371e-06  r/r0=5.5059e-04
[mg]   it 201  |r|inf=6.900951e-06  r/r0=5.5522e-04
[mg]   it 202  |r|inf=6.947256e-06  r/r0=5.5895e-04
[mg]   it 203  |r|inf=6.982322e-06  r/r0=5.6177e-04
[mg]   it 204  |r|inf=7.006217e-06  r/r0=5.6369e-04
[mg]   it 205  |r|inf=7.019039e-06  r/r0=5.6472e-04
[mg]   it 206  |r|inf=7.020915e-06  r/r0=5.6487e-04
[mg]   it 207  |r|inf=7.011999e-06  r/r0=5.6415e-04
[mg]   it 208  |r|inf=6.992476e-06  r/r0=5.6258e-04
[mg]   it 209  |r|inf=7.206868e-06  r/r0=5.7983e-04
[mg]   it 210  |r|inf=7.416616e-06  r/r0=5.9671e-04
[mg]   it 211  |r|inf=7.614139e-06  r/r0=6.1260e-04
[mg]   it 212  |r|inf=7.799305e-06  r/r0=6.2750e-04
[mg]   it 213  |r|inf=7.972020e-06  r/r0=6.4139e-04
[mg]   it 214  |r|inf=8.132229e-06  r/r0=6.5428e-04
[mg]   it 215  |r|inf=8.279915e-06  r/r0=6.6617e-04
[mg]   it 216  |r|inf=8.415096e-06  r/r0=6.7704e-04
[mg]   it 217  |r|inf=8.537824e-06  r/r0=6.8692e-04
[mg]   it 218  |r|inf=8.648184e-06  r/r0=6.9579e-04
[mg]   it 219  |r|inf=8.746291e-06  r/r0=7.0369e-04
[mg]   it 220  |r|inf=8.832287e-06  r/r0=7.1061e-04
[mg]   it 221  |r|inf=8.906341e-06  r/r0=7.1656e-04
[mg]   it 222  |r|inf=8.968644e-06  r/r0=7.2158e-04
[mg]   it 223  |r|inf=9.019411e-06  r/r0=7.2566e-04
[mg]   it 224  |r|inf=9.058872e-06  r/r0=7.2884e-04
[mg]   it 225  |r|inf=9.087276e-06  r/r0=7.3112e-04
[mg]   it 226  |r|inf=9.104884e-06  r/r0=7.3254e-04
[mg]   it 227  |r|inf=9.111970e-06  r/r0=7.3311e-04
[mg]   it 228  |r|inf=9.108818e-06  r/r0=7.3286e-04
[mg]   it 229  |r|inf=9.095718e-06  r/r0=7.3180e-04
[mg]   it 230  |r|inf=9.072966e-06  r/r0=7.2997e-04
[mg]   it 231  |r|inf=9.040862e-06  r/r0=7.2739e-04
[mg]   it 232  |r|inf=8.999709e-06  r/r0=7.2408e-04
[mg]   it 233  |r|inf=8.949808e-06  r/r0=7.2006e-04
[mg]   it 234  |r|inf=8.891461e-06  r/r0=7.1537e-04
[mg]   it 235  |r|inf=8.824968e-06  r/r0=7.1002e-04
[mg]   it 236  |r|inf=8.750624e-06  r/r0=7.0404e-04
[mg]   it 237  |r|inf=8.668720e-06  r/r0=6.9745e-04
[mg]   it 238  |r|inf=8.579545e-06  r/r0=6.9027e-04
[mg]   it 239  |r|inf=8.483377e-06  r/r0=6.8254e-04
[mg]   it 240  |r|inf=8.380490e-06  r/r0=6.7426e-04
[mg]   it 241  |r|inf=8.271153e-06  r/r0=6.6546e-04
[mg]   it 242  |r|inf=8.155624e-06  r/r0=6.5617e-04
[mg]   it 243  |r|inf=8.034155e-06  r/r0=6.4639e-04
[mg]   it 244  |r|inf=7.906989e-06  r/r0=6.3616e-04
[mg]   it 245  |r|inf=7.774364e-06  r/r0=6.2549e-04
[mg]   it 246  |r|inf=7.636507e-06  r/r0=6.1440e-04
[mg]   it 247  |r|inf=7.493636e-06  r/r0=6.0290e-04
[mg]   it 248  |r|inf=7.345966e-06  r/r0=5.9102e-04
[mg]   it 249  |r|inf=7.193699e-06  r/r0=5.7877e-04
[mg]   it 250  |r|inf=7.037031e-06  r/r0=5.6617e-04
[mg]   it 251  |r|inf=6.876153e-06  r/r0=5.5322e-04
[mg]   it 252  |r|inf=6.711245e-06  r/r0=5.3996e-04
[mg]   it 253  |r|inf=6.663057e-06  r/r0=5.3608e-04
[mg]   it 254  |r|inf=6.745812e-06  r/r0=5.4274e-04
[mg]   it 255  |r|inf=6.823198e-06  r/r0=5.4896e-04
[mg]   it 256  |r|inf=6.895268e-06  r/r0=5.5476e-04
[mg]   it 257  |r|inf=6.962072e-06  r/r0=5.6014e-04
[mg]   it 258  |r|inf=7.023662e-06  r/r0=5.6509e-04
[mg]   it 259  |r|inf=7.080085e-06  r/r0=5.6963e-04
[mg]   it 260  |r|inf=7.131391e-06  r/r0=5.7376e-04
[mg]   it 261  |r|inf=7.177627e-06  r/r0=5.7748e-04
[mg]   it 262  |r|inf=7.218839e-06  r/r0=5.8080e-04
[mg]   it 263  |r|inf=7.255072e-06  r/r0=5.8371e-04
[mg]   it 264  |r|inf=7.286369e-06  r/r0=5.8623e-04
[mg]   it 265  |r|inf=7.312775e-06  r/r0=5.8835e-04
[mg]   it 266  |r|inf=7.334329e-06  r/r0=5.9009e-04
[mg]   it 267  |r|inf=7.351075e-06  r/r0=5.9144e-04
[mg]   it 268  |r|inf=7.363050e-06  r/r0=5.9240e-04
[mg]   it 269  |r|inf=7.370296e-06  r/r0=5.9298e-04
[mg]   it 270  |r|inf=7.372849e-06  r/r0=5.9319e-04
[mg]   it 271  |r|inf=7.370750e-06  r/r0=5.9302e-04
[mg]   it 272  |r|inf=7.364034e-06  r/r0=5.9248e-04
[mg]   it 273  |r|inf=7.352741e-06  r/r0=5.9157e-04
[mg]   it 274  |r|inf=7.336908e-06  r/r0=5.9030e-04
[mg]   it 275  |r|inf=7.316571e-06  r/r0=5.8866e-04
[mg]   it 276  |r|inf=7.291770e-06  r/r0=5.8666e-04
[mg]   it 277  |r|inf=7.262542e-06  r/r0=5.8431e-04
[mg]   it 278  |r|inf=7.228927e-06  r/r0=5.8161e-04
[mg]   it 279  |r|inf=7.190964e-06  r/r0=5.7855e-04
[mg]   it 280  |r|inf=7.148694e-06  r/r0=5.7515e-04
[mg]   it 281  |r|inf=7.102159e-06  r/r0=5.7141e-04
[mg]   it 282  |r|inf=7.051402e-06  r/r0=5.6732e-04
[mg]   it 283  |r|inf=6.996467e-06  r/r0=5.6290e-04
[mg]   it 284  |r|inf=6.937400e-06  r/r0=5.5815e-04
[mg]   it 285  |r|inf=6.874249e-06  r/r0=5.5307e-04
[mg]   it 286  |r|inf=6.807064e-06  r/r0=5.4767e-04
[mg]   it 287  |r|inf=6.735896e-06  r/r0=5.4194e-04
[mg]   it 288  |r|inf=6.660800e-06  r/r0=5.3590e-04
[mg]   it 289  |r|inf=6.581830e-06  r/r0=5.2955e-04
[mg]   it 290  |r|inf=6.499046e-06  r/r0=5.2288e-04
[mg]   it 291  |r|inf=6.412508e-06  r/r0=5.1592e-04
[mg]   it 292  |r|inf=6.322280e-06  r/r0=5.0866e-04
[mg]   it 293  |r|inf=6.228426e-06  r/r0=5.0111e-04
[mg]   it 294  |r|inf=6.131016e-06  r/r0=4.9327e-04
[mg]   it 295  |r|inf=6.030120e-06  r/r0=4.8516e-04
[mg]   it 296  |r|inf=6.021995e-06  r/r0=4.8450e-04
[mg]   it 297  |r|inf=6.102336e-06  r/r0=4.9097e-04
[mg]   it 298  |r|inf=6.179057e-06  r/r0=4.9714e-04
[mg]   it 299  |r|inf=6.252122e-06  r/r0=5.0302e-04
[mg]   it 300  |r|inf=6.321501e-06  r/r0=5.0860e-04
[mg]   it 301  |r|inf=6.387163e-06  r/r0=5.1388e-04
[mg]   it 302  |r|inf=6.449082e-06  r/r0=5.1886e-04
[mg]   it 303  |r|inf=6.507236e-06  r/r0=5.2354e-04
[mg]   it 304  |r|inf=6.561603e-06  r/r0=5.2792e-04
[mg]   it 305  |r|inf=6.612167e-06  r/r0=5.3199e-04
[mg]   it 306  |r|inf=6.658914e-06  r/r0=5.3575e-04
[mg]   it 307  |r|inf=6.701833e-06  r/r0=5.3920e-04
[mg]   it 308  |r|inf=6.740917e-06  r/r0=5.4234e-04
[mg]   it 309  |r|inf=6.776164e-06  r/r0=5.4518e-04
[mg]   it 310  |r|inf=6.807572e-06  r/r0=5.4771e-04
[mg]   it 311  |r|inf=6.835146e-06  r/r0=5.4993e-04
[mg]   it 312  |r|inf=6.858892e-06  r/r0=5.5184e-04
[mg]   it 313  |r|inf=6.878821e-06  r/r0=5.5344e-04
[mg]   it 314  |r|inf=6.894948e-06  r/r0=5.5474e-04
[mg]   it 315  |r|inf=6.907290e-06  r/r0=5.5573e-04
[mg]   it 316  |r|inf=6.915870e-06  r/r0=5.5642e-04
[mg]   it 317  |r|inf=6.920711e-06  r/r0=5.5681e-04
[mg]   it 318  |r|inf=6.921842e-06  r/r0=5.5690e-04
[mg]   it 319  |r|inf=6.919295e-06  r/r0=5.5670e-04
[mg]   it 320  |r|inf=6.913105e-06  r/r0=5.5620e-04
[mg]   it 321  |r|inf=6.945688e-06  r/r0=5.5882e-04
[mg]   it 322  |r|inf=7.079721e-06  r/r0=5.6960e-04
[mg]   it 323  |r|inf=7.209637e-06  r/r0=5.8006e-04
[mg]   it 324  |r|inf=7.335396e-06  r/r0=5.9017e-04
[mg]   it 325  |r|inf=7.456960e-06  r/r0=5.9995e-04
[mg]   it 326  |r|inf=7.574298e-06  r/r0=6.0939e-04
[mg]   it 327  |r|inf=7.687381e-06  r/r0=6.1849e-04
[mg]   it 328  |r|inf=7.796186e-06  r/r0=6.2725e-04
[mg]   it 329  |r|inf=7.900697e-06  r/r0=6.3566e-04
[mg]   it 330  |r|inf=8.000898e-06  r/r0=6.4372e-04
[mg]   it 331  |r|inf=8.096782e-06  r/r0=6.5143e-04
[mg]   it 332  |r|inf=8.188343e-06  r/r0=6.5880e-04
[mg]   it 333  |r|inf=8.275583e-06  r/r0=6.6582e-04
[mg]   it 334  |r|inf=8.358503e-06  r/r0=6.7249e-04
[mg]   it 335  |r|inf=8.437114e-06  r/r0=6.7881e-04
[mg]   it 336  |r|inf=8.511427e-06  r/r0=6.8479e-04
[mg]   it 337  |r|inf=8.581459e-06  r/r0=6.9043e-04
[mg]   it 338  |r|inf=8.647229e-06  r/r0=6.9572e-04
[mg]   it 339  |r|inf=8.708760e-06  r/r0=7.0067e-04
[mg]   it 340  |r|inf=8.766080e-06  r/r0=7.0528e-04
[mg]   it 341  |r|inf=8.819219e-06  r/r0=7.0956e-04
[mg]   it 342  |r|inf=8.868210e-06  r/r0=7.1350e-04
[mg]   it 343  |r|inf=8.913088e-06  r/r0=7.1711e-04
[mg]   it 344  |r|inf=8.953894e-06  r/r0=7.2039e-04
[mg]   it 345  |r|inf=8.990668e-06  r/r0=7.2335e-04
[mg]   it 346  |r|inf=9.023455e-06  r/r0=7.2599e-04
[mg]   it 347  |r|inf=9.052300e-06  r/r0=7.2831e-04
[mg]   it 348  |r|inf=9.077252e-06  r/r0=7.3032e-04
[mg]   it 349  |r|inf=9.098362e-06  r/r0=7.3201e-04
[mg]   it 350  |r|inf=9.115680e-06  r/r0=7.3341e-04
[mg]   it 351  |r|inf=9.129261e-06  r/r0=7.3450e-04
[mg]   it 352  |r|inf=9.139160e-06  r/r0=7.3530e-04
[mg]   it 353  |r|inf=9.145433e-06  r/r0=7.3580e-04
[mg]   it 354  |r|inf=9.148137e-06  r/r0=7.3602e-04
[mg]   it 355  |r|inf=9.147330e-06  r/r0=7.3595e-04
[mg]   it 356  |r|inf=9.143073e-06  r/r0=7.3561e-04
[mg]   it 357  |r|inf=9.135425e-06  r/r0=7.3500e-04
[mg]   it 358  |r|inf=9.124446e-06  r/r0=7.3411e-04
[mg]   it 359  |r|inf=9.110197e-06  r/r0=7.3297e-04
[mg]   it 360  |r|inf=9.092740e-06  r/r0=7.3156e-04
[mg]   it 361  |r|inf=9.072136e-06  r/r0=7.2990e-04
[mg]   it 362  |r|inf=9.048446e-06  r/r0=7.2800e-04
[mg]   it 363  |r|inf=9.021733e-06  r/r0=7.2585e-04
[mg]   it 364  |r|inf=8.992057e-06  r/r0=7.2346e-04
[mg]   it 365  |r|inf=8.959479e-06  r/r0=7.2084e-04
[mg]   it 366  |r|inf=8.924062e-06  r/r0=7.1799e-04
[mg]   it 367  |r|inf=8.885865e-06  r/r0=7.1492e-04
[mg]   it 368  |r|inf=8.844948e-06  r/r0=7.1163e-04
[mg]   it 369  |r|inf=8.801371e-06  r/r0=7.0812e-04
[mg]   it 370  |r|inf=8.755194e-06  r/r0=7.0440e-04
[mg]   it 371  |r|inf=8.706473e-06  r/r0=7.0048e-04
[mg]   it 372  |r|inf=8.655269e-06  r/r0=6.9636e-04
[mg]   it 373  |r|inf=8.601636e-06  r/r0=6.9205e-04
[mg]   it 374  |r|inf=8.545632e-06  r/r0=6.8754e-04
[mg]   it 375  |r|inf=8.487311e-06  r/r0=6.8285e-04
[mg]   it 376  |r|inf=8.426729e-06  r/r0=6.7798e-04
[mg]   it 377  |r|inf=8.363939e-06  r/r0=6.7293e-04
[mg]   it 378  |r|inf=8.298994e-06  r/r0=6.6770e-04
[mg]   it 379  |r|inf=8.231946e-06  r/r0=6.6231e-04
[mg]   it 380  |r|inf=8.162845e-06  r/r0=6.5675e-04
[mg]   it 381  |r|inf=8.091742e-06  r/r0=6.5103e-04
[mg]   it 382  |r|inf=8.018685e-06  r/r0=6.4515e-04
[mg]   it 383  |r|inf=7.943724e-06  r/r0=6.3912e-04
[mg]   it 384  |r|inf=7.866903e-06  r/r0=6.3294e-04
[mg]   it 385  |r|inf=7.788271e-06  r/r0=6.2661e-04
[mg]   it 386  |r|inf=7.707871e-06  r/r0=6.2014e-04
[mg]   it 387  |r|inf=7.625748e-06  r/r0=6.1353e-04
[mg]   it 388  |r|inf=7.541946e-06  r/r0=6.0679e-04
[mg]   it 389  |r|inf=7.456506e-06  r/r0=5.9992e-04
[mg]   it 390  |r|inf=7.369470e-06  r/r0=5.9292e-04
[mg]   it 391  |r|inf=7.280878e-06  r/r0=5.8579e-04
[mg]   it 392  |r|inf=7.190769e-06  r/r0=5.7854e-04
[mg]   it 393  |r|inf=7.099183e-06  r/r0=5.7117e-04
[mg]   it 394  |r|inf=7.006157e-06  r/r0=5.6368e-04
[mg]   it 395  |r|inf=6.911727e-06  r/r0=5.5609e-04
[mg]   it 396  |r|inf=6.815930e-06  r/r0=5.4838e-04
[mg]   it 397  |r|inf=6.718801e-06  r/r0=5.4057e-04
[mg]   it 398  |r|inf=6.642807e-06  r/r0=5.3445e-04
[mg]   it 399  |r|inf=6.690607e-06  r/r0=5.3830e-04
[mg]   it 400  |r|inf=6.736588e-06  r/r0=5.4200e-04
[mg]   it 401  |r|inf=6.780760e-06  r/r0=5.4555e-04
[mg]   it 402  |r|inf=6.823135e-06  r/r0=5.4896e-04
[mg]   it 403  |r|inf=6.863723e-06  r/r0=5.5222e-04
[mg]   it 404  |r|inf=6.902536e-06  r/r0=5.5535e-04
[mg]   it 405  |r|inf=6.939582e-06  r/r0=5.5833e-04
[mg]   it 406  |r|inf=6.974874e-06  r/r0=5.6117e-04
[mg]   it 407  |r|inf=7.008421e-06  r/r0=5.6387e-04
[mg]   it 408  |r|inf=7.040233e-06  r/r0=5.6643e-04
[mg]   it 409  |r|inf=7.070321e-06  r/r0=5.6885e-04
[mg]   it 410  |r|inf=7.098694e-06  r/r0=5.7113e-04
[mg]   it 411  |r|inf=7.125362e-06  r/r0=5.7328e-04
[mg]   it 412  |r|inf=7.150335e-06  r/r0=5.7528e-04
[mg]   it 413  |r|inf=7.173622e-06  r/r0=5.7716e-04
[mg]   it 414  |r|inf=7.195233e-06  r/r0=5.7890e-04
[mg]   it 415  |r|inf=7.215176e-06  r/r0=5.8050e-04
[mg]   it 416  |r|inf=7.233462e-06  r/r0=5.8197e-04
[mg]   it 417  |r|inf=7.250098e-06  r/r0=5.8331e-04
[mg]   it 418  |r|inf=7.265093e-06  r/r0=5.8452e-04
[mg]   it 419  |r|inf=7.278456e-06  r/r0=5.8559e-04
[mg]   it 420  |r|inf=7.290197e-06  r/r0=5.8654e-04
[mg]   it 421  |r|inf=7.300322e-06  r/r0=5.8735e-04
[mg]   it 422  |r|inf=7.308841e-06  r/r0=5.8804e-04
[mg]   it 423  |r|inf=7.315761e-06  r/r0=5.8859e-04
[mg]   it 424  |r|inf=7.321091e-06  r/r0=5.8902e-04
[mg]   it 425  |r|inf=7.324838e-06  r/r0=5.8932e-04
[mg]   it 426  |r|inf=7.327011e-06  r/r0=5.8950e-04
[mg]   it 427  |r|inf=7.327618e-06  r/r0=5.8955e-04
[mg]   it 428  |r|inf=7.326665e-06  r/r0=5.8947e-04
[mg]   it 429  |r|inf=7.324162e-06  r/r0=5.8927e-04
[mg]   it 430  |r|inf=7.320115e-06  r/r0=5.8894e-04
[mg]   it 431  |r|inf=7.314533e-06  r/r0=5.8850e-04
[mg]   it 432  |r|inf=7.307422e-06  r/r0=5.8792e-04
[mg]   it 433  |r|inf=7.298791e-06  r/r0=5.8723e-04
[mg]   it 434  |r|inf=7.288647e-06  r/r0=5.8641e-04
[mg]   it 435  |r|inf=7.276998e-06  r/r0=5.8548e-04
[mg]   it 436  |r|inf=7.263851e-06  r/r0=5.8442e-04
[mg]   it 437  |r|inf=7.249215e-06  r/r0=5.8324e-04
[mg]   it 438  |r|inf=7.233096e-06  r/r0=5.8194e-04
[mg]   it 439  |r|inf=7.215502e-06  r/r0=5.8053e-04
[mg]   it 440  |r|inf=7.196442e-06  r/r0=5.7899e-04
[mg]   it 441  |r|inf=7.175923e-06  r/r0=5.7734e-04
[mg]   it 442  |r|inf=7.153953e-06  r/r0=5.7558e-04
[mg]   it 443  |r|inf=7.130541e-06  r/r0=5.7369e-04
[mg]   it 444  |r|inf=7.105694e-06  r/r0=5.7169e-04
[mg]   it 445  |r|inf=7.079421e-06  r/r0=5.6958e-04
[mg]   it 446  |r|inf=7.051731e-06  r/r0=5.6735e-04
[mg]   it 447  |r|inf=7.022631e-06  r/r0=5.6501e-04
[mg]   it 448  |r|inf=6.992131e-06  r/r0=5.6256e-04
[mg]   it 449  |r|inf=6.960239e-06  r/r0=5.5999e-04
[mg]   it 450  |r|inf=6.926965e-06  r/r0=5.5731e-04
[mg]   it 451  |r|inf=6.892318e-06  r/r0=5.5453e-04
[mg]   it 452  |r|inf=6.856307e-06  r/r0=5.5163e-04
[mg]   it 453  |r|inf=6.818942e-06  r/r0=5.4862e-04
[mg]   it 454  |r|inf=6.780233e-06  r/r0=5.4551e-04
[mg]   it 455  |r|inf=6.740189e-06  r/r0=5.4229e-04
[mg]   it 456  |r|inf=6.698823e-06  r/r0=5.3896e-04
[mg]   it 457  |r|inf=6.656142e-06  r/r0=5.3552e-04
[mg]   it 458  |r|inf=6.612160e-06  r/r0=5.3199e-04
[mg]   it 459  |r|inf=6.566886e-06  r/r0=5.2834e-04
[mg]   it 460  |r|inf=6.520331e-06  r/r0=5.2460e-04
[mg]   it 461  |r|inf=6.472509e-06  r/r0=5.2075e-04
[mg]   it 462  |r|inf=6.423429e-06  r/r0=5.1680e-04
[mg]   it 463  |r|inf=6.373105e-06  r/r0=5.1275e-04
[mg]   it 464  |r|inf=6.321549e-06  r/r0=5.0860e-04
[mg]   it 465  |r|inf=6.268773e-06  r/r0=5.0436e-04
[mg]   it 466  |r|inf=6.214790e-06  r/r0=5.0001e-04
[mg]   it 467  |r|inf=6.159614e-06  r/r0=4.9558e-04
[mg]   it 468  |r|inf=6.103259e-06  r/r0=4.9104e-04
[mg]   it 469  |r|inf=6.045737e-06  r/r0=4.8641e-04
[mg]   it 470  |r|inf=5.987063e-06  r/r0=4.8169e-04
[mg]   it 471  |r|inf=5.927252e-06  r/r0=4.7688e-04
[mg]   it 472  |r|inf=5.940524e-06  r/r0=4.7795e-04
[mg]   it 473  |r|inf=5.988233e-06  r/r0=4.8179e-04
[mg]   it 474  |r|inf=6.034744e-06  r/r0=4.8553e-04
[mg]   it 475  |r|inf=6.080051e-06  r/r0=4.8917e-04
[mg]   it 476  |r|inf=6.124146e-06  r/r0=4.9272e-04
[mg]   it 477  |r|inf=6.167023e-06  r/r0=4.9617e-04
[mg]   it 478  |r|inf=6.208676e-06  r/r0=4.9952e-04
[mg]   it 479  |r|inf=6.249098e-06  r/r0=5.0277e-04
[mg]   it 480  |r|inf=6.288283e-06  r/r0=5.0593e-04
[mg]   it 481  |r|inf=6.326228e-06  r/r0=5.0898e-04
[mg]   it 482  |r|inf=6.362925e-06  r/r0=5.1193e-04
[mg]   it 483  |r|inf=6.398371e-06  r/r0=5.1478e-04
[mg]   it 484  |r|inf=6.432561e-06  r/r0=5.1754e-04
[mg]   it 485  |r|inf=6.465492e-06  r/r0=5.2018e-04
[mg]   it 486  |r|inf=6.497159e-06  r/r0=5.2273e-04
[mg]   it 487  |r|inf=6.527559e-06  r/r0=5.2518e-04
[mg]   it 488  |r|inf=6.556690e-06  r/r0=5.2752e-04
[mg]   it 489  |r|inf=6.584548e-06  r/r0=5.2976e-04
[mg]   it 490  |r|inf=6.611132e-06  r/r0=5.3190e-04
[mg]   it 491  |r|inf=6.636439e-06  r/r0=5.3394e-04
[mg]   it 492  |r|inf=6.660470e-06  r/r0=5.3587e-04
[mg]   it 493  |r|inf=6.683221e-06  r/r0=5.3770e-04
[mg]   it 494  |r|inf=6.704693e-06  r/r0=5.3943e-04
[mg]   it 495  |r|inf=6.724886e-06  r/r0=5.4105e-04
[mg]   it 496  |r|inf=6.743799e-06  r/r0=5.4258e-04
[mg]   it 497  |r|inf=6.761434e-06  r/r0=5.4400e-04
[mg]   it 498  |r|inf=6.777790e-06  r/r0=5.4531e-04
[mg]   it 499  |r|inf=6.792871e-06  r/r0=5.4652e-04
[mg]   it 500  |r|inf=6.806677e-06  r/r0=5.4764e-04
[mg]   it 501  |r|inf=6.819210e-06  r/r0=5.4864e-04
[mg]   it 502  |r|inf=6.830474e-06  r/r0=5.4955e-04
[mg]   it 503  |r|inf=6.840471e-06  r/r0=5.5035e-04
[mg]   it 504  |r|inf=6.849204e-06  r/r0=5.5106e-04
[mg]   it 505  |r|inf=6.856678e-06  r/r0=5.5166e-04
[mg]   it 506  |r|inf=6.862897e-06  r/r0=5.5216e-04
[mg]   it 507  |r|inf=6.867865e-06  r/r0=5.5256e-04
[mg]   it 508  |r|inf=6.871587e-06  r/r0=5.5286e-04
[mg]   it 509  |r|inf=6.874068e-06  r/r0=5.5306e-04
[mg]   it 510  |r|inf=6.875315e-06  r/r0=5.5316e-04
[mg]   it 511  |r|inf=6.875333e-06  r/r0=5.5316e-04
[mg]   it 512  |r|inf=6.874129e-06  r/r0=5.5306e-04
[mg]   it 513  |r|inf=6.871710e-06  r/r0=5.5287e-04
[mg]   it 514  |r|inf=6.868083e-06  r/r0=5.5258e-04
[mg]   it 515  |r|inf=6.928777e-06  r/r0=5.5746e-04
[mg]   it 516  |r|inf=7.008212e-06  r/r0=5.6385e-04
[mg]   it 517  |r|inf=7.086269e-06  r/r0=5.7013e-04
[mg]   it 518  |r|inf=7.162939e-06  r/r0=5.7630e-04
[mg]   it 519  |r|inf=7.238213e-06  r/r0=5.8235e-04
[mg]   it 520  |r|inf=7.312085e-06  r/r0=5.8830e-04
[mg]   it 521  |r|inf=7.384546e-06  r/r0=5.9413e-04
[mg]   it 522  |r|inf=7.455589e-06  r/r0=5.9984e-04
[mg]   it 523  |r|inf=7.525210e-06  r/r0=6.0545e-04
[mg]   it 524  |r|inf=7.593401e-06  r/r0=6.1093e-04
[mg]   it 525  |r|inf=7.660158e-06  r/r0=6.1630e-04
[mg]   it 526  |r|inf=7.725476e-06  r/r0=6.2156e-04
[mg]   it 527  |r|inf=7.789351e-06  r/r0=6.2670e-04
[mg]   it 528  |r|inf=7.851779e-06  r/r0=6.3172e-04
[mg]   it 529  |r|inf=7.912759e-06  r/r0=6.3663e-04
[mg]   it 530  |r|inf=7.972286e-06  r/r0=6.4141e-04
[mg]   it 531  |r|inf=8.030359e-06  r/r0=6.4609e-04
[mg]   it 532  |r|inf=8.086977e-06  r/r0=6.5064e-04
[mg]   it 533  |r|inf=8.142139e-06  r/r0=6.5508e-04
[mg]   it 534  |r|inf=8.195844e-06  r/r0=6.5940e-04
[mg]   it 535  |r|inf=8.248093e-06  r/r0=6.6361e-04
[mg]   it 536  |r|inf=8.298885e-06  r/r0=6.6769e-04
[mg]   it 537  |r|inf=8.348222e-06  r/r0=6.7166e-04
[mg]   it 538  |r|inf=8.396106e-06  r/r0=6.7551e-04
[mg]   it 539  |r|inf=8.442538e-06  r/r0=6.7925e-04
[mg]   it 540  |r|inf=8.487521e-06  r/r0=6.8287e-04
[mg]   it 541  |r|inf=8.531058e-06  r/r0=6.8637e-04
[mg]   it 542  |r|inf=8.573151e-06  r/r0=6.8976e-04
[mg]   it 543  |r|inf=8.613805e-06  r/r0=6.9303e-04
[mg]   it 544  |r|inf=8.653024e-06  r/r0=6.9618e-04
[mg]   it 545  |r|inf=8.690812e-06  r/r0=6.9922e-04
[mg]   it 546  |r|inf=8.727174e-06  r/r0=7.0215e-04
[mg]   it 547  |r|inf=8.762116e-06  r/r0=7.0496e-04
[mg]   it 548  |r|inf=8.795643e-06  r/r0=7.0766e-04
[mg]   it 549  |r|inf=8.827761e-06  r/r0=7.1024e-04
[mg]   it 550  |r|inf=8.858477e-06  r/r0=7.1271e-04
[mg]   it 551  |r|inf=8.887798e-06  r/r0=7.1507e-04
[mg]   it 552  |r|inf=8.915730e-06  r/r0=7.1732e-04
[mg]   it 553  |r|inf=8.942280e-06  r/r0=7.1946e-04
[mg]   it 554  |r|inf=8.967458e-06  r/r0=7.2148e-04
[mg]   it 555  |r|inf=8.991270e-06  r/r0=7.2340e-04
[mg]   it 556  |r|inf=9.013724e-06  r/r0=7.2520e-04
[mg]   it 557  |r|inf=9.034830e-06  r/r0=7.2690e-04
[mg]   it 558  |r|inf=9.054597e-06  r/r0=7.2849e-04
[mg]   it 559  |r|inf=9.073033e-06  r/r0=7.2998e-04
[mg]   it 560  |r|inf=9.090147e-06  r/r0=7.3135e-04
[mg]   it 561  |r|inf=9.105950e-06  r/r0=7.3262e-04
[mg]   it 562  |r|inf=9.120450e-06  r/r0=7.3379e-04
[mg]   it 563  |r|inf=9.133659e-06  r/r0=7.3485e-04
[mg]   it 564  |r|inf=9.145585e-06  r/r0=7.3581e-04
[mg]   it 565  |r|inf=9.156241e-06  r/r0=7.3667e-04
[mg]   it 566  |r|inf=9.165635e-06  r/r0=7.3743e-04
[mg]   it 567  |r|inf=9.173779e-06  r/r0=7.3808e-04
[mg]   it 568  |r|inf=9.180683e-06  r/r0=7.3864e-04
[mg]   it 569  |r|inf=9.186359e-06  r/r0=7.3909e-04
[mg]   it 570  |r|inf=9.190818e-06  r/r0=7.3945e-04
[mg]   it 571  |r|inf=9.194070e-06  r/r0=7.3971e-04
[mg]   it 572  |r|inf=9.196128e-06  r/r0=7.3988e-04
[mg]   it 573  |r|inf=9.197003e-06  r/r0=7.3995e-04
[mg]   it 574  |r|inf=9.196706e-06  r/r0=7.3993e-04
[mg]   it 575  |r|inf=9.195249e-06  r/r0=7.3981e-04
[mg]   it 576  |r|inf=9.192645e-06  r/r0=7.3960e-04
[mg]   it 577  |r|inf=9.188903e-06  r/r0=7.3930e-04
[mg]   it 578  |r|inf=9.184037e-06  r/r0=7.3891e-04
[mg]   it 579  |r|inf=9.178059e-06  r/r0=7.3843e-04
[mg]   it 580  |r|inf=9.170980e-06  r/r0=7.3786e-04
[mg]   it 581  |r|inf=9.162812e-06  r/r0=7.3720e-04
[mg]   it 582  |r|inf=9.153568e-06  r/r0=7.3646e-04
[mg]   it 583  |r|inf=9.143259e-06  r/r0=7.3563e-04
[mg]   it 584  |r|inf=9.131897e-06  r/r0=7.3471e-04
[mg]   it 585  |r|inf=9.119496e-06  r/r0=7.3371e-04
[mg]   it 586  |r|inf=9.106066e-06  r/r0=7.3263e-04
[mg]   it 587  |r|inf=9.091619e-06  r/r0=7.3147e-04
[mg]   it 588  |r|inf=9.076169e-06  r/r0=7.3023e-04
[mg]   it 589  |r|inf=9.059726e-06  r/r0=7.2891e-04
[mg]   it 590  |r|inf=9.042303e-06  r/r0=7.2750e-04
[mg]   it 591  |r|inf=9.023911e-06  r/r0=7.2602e-04
[mg]   it 592  |r|inf=9.004564e-06  r/r0=7.2447e-04
[mg]   it 593  |r|inf=8.984272e-06  r/r0=7.2283e-04
[mg]   it 594  |r|inf=8.963048e-06  r/r0=7.2113e-04
[mg]   it 595  |r|inf=8.940902e-06  r/r0=7.1935e-04
[mg]   it 596  |r|inf=8.917848e-06  r/r0=7.1749e-04
[mg]   it 597  |r|inf=8.893897e-06  r/r0=7.1556e-04
[mg]   it 598  |r|inf=8.869059e-06  r/r0=7.1357e-04
[mg]   it 599  |r|inf=8.843348e-06  r/r0=7.1150e-04
[mg]   it 600  |r|inf=8.816774e-06  r/r0=7.0936e-04
[mg]   it 601  |r|inf=8.789348e-06  r/r0=7.0715e-04
[mg]   it 602  |r|inf=8.761083e-06  r/r0=7.0488e-04
[mg]   it 603  |r|inf=8.731988e-06  r/r0=7.0254e-04
[mg]   it 604  |r|inf=8.702077e-06  r/r0=7.0013e-04
[mg]   it 605  |r|inf=8.671358e-06  r/r0=6.9766e-04
[mg]   it 606  |r|inf=8.639844e-06  r/r0=6.9512e-04
[mg]   it 607  |r|inf=8.607545e-06  r/r0=6.9253e-04
[mg]   it 608  |r|inf=8.574473e-06  r/r0=6.8986e-04
[mg]   it 609  |r|inf=8.540637e-06  r/r0=6.8714e-04
[mg]   it 610  |r|inf=8.506048e-06  r/r0=6.8436e-04
[mg]   it 611  |r|inf=8.470717e-06  r/r0=6.8152e-04
[mg]   it 612  |r|inf=8.434654e-06  r/r0=6.7862e-04
[mg]   it 613  |r|inf=8.397870e-06  r/r0=6.7566e-04
[mg]   it 614  |r|inf=8.360374e-06  r/r0=6.7264e-04
[mg]   it 615  |r|inf=8.322177e-06  r/r0=6.6957e-04
[mg]   it 616  |r|inf=8.283289e-06  r/r0=6.6644e-04
[mg]   it 617  |r|inf=8.243718e-06  r/r0=6.6325e-04
[mg]   it 618  |r|inf=8.203476e-06  r/r0=6.6002e-04
[mg]   it 619  |r|inf=8.162572e-06  r/r0=6.5672e-04
[mg]   it 620  |r|inf=8.121015e-06  r/r0=6.5338e-04
[mg]   it 621  |r|inf=8.078815e-06  r/r0=6.4999e-04
[mg]   it 622  |r|inf=8.035981e-06  r/r0=6.4654e-04
[mg]   it 623  |r|inf=7.992522e-06  r/r0=6.4304e-04
[mg]   it 624  |r|inf=7.948447e-06  r/r0=6.3950e-04
[mg]   it 625  |r|inf=7.903765e-06  r/r0=6.3590e-04
[mg]   it 626  |r|inf=7.858485e-06  r/r0=6.3226e-04
[mg]   it 627  |r|inf=7.812616e-06  r/r0=6.2857e-04
[mg]   it 628  |r|inf=7.766166e-06  r/r0=6.2483e-04
[mg]   it 629  |r|inf=7.719144e-06  r/r0=6.2105e-04
[mg]   it 630  |r|inf=7.671558e-06  r/r0=6.1722e-04
[mg]   it 631  |r|inf=7.623416e-06  r/r0=6.1335e-04
[mg]   it 632  |r|inf=7.574728e-06  r/r0=6.0943e-04
[mg]   it 633  |r|inf=7.525500e-06  r/r0=6.0547e-04
[mg]   it 634  |r|inf=7.475740e-06  r/r0=6.0147e-04
[mg]   it 635  |r|inf=7.425458e-06  r/r0=5.9742e-04
[mg]   it 636  |r|inf=7.374659e-06  r/r0=5.9333e-04
[mg]   it 637  |r|inf=7.323353e-06  r/r0=5.8920e-04
[mg]   it 638  |r|inf=7.271546e-06  r/r0=5.8504e-04
[mg]   it 639  |r|inf=7.219246e-06  r/r0=5.8083e-04
[mg]   it 640  |r|inf=7.166460e-06  r/r0=5.7658e-04
[mg]   it 641  |r|inf=7.113196e-06  r/r0=5.7230e-04
[mg]   it 642  |r|inf=7.059461e-06  r/r0=5.6797e-04
[mg]   it 643  |r|inf=7.005261e-06  r/r0=5.6361e-04
[mg]   it 644  |r|inf=6.950604e-06  r/r0=5.5921e-04
[mg]   it 645  |r|inf=6.895497e-06  r/r0=5.5478e-04
[mg]   it 646  |r|inf=6.839945e-06  r/r0=5.5031e-04
[mg]   it 647  |r|inf=6.783957e-06  r/r0=5.4581e-04
[mg]   it 648  |r|inf=6.727539e-06  r/r0=5.4127e-04
[mg]   it 649  |r|inf=6.670697e-06  r/r0=5.3669e-04
[mg]   it 650  |r|inf=6.658378e-06  r/r0=5.3570e-04
[mg]   it 651  |r|inf=6.684734e-06  r/r0=5.3782e-04
[mg]   it 652  |r|inf=6.710491e-06  r/r0=5.3990e-04
[mg]   it 653  |r|inf=6.735654e-06  r/r0=5.4192e-04
[mg]   it 654  |r|inf=6.760222e-06  r/r0=5.4390e-04
[mg]   it 655  |r|inf=6.784200e-06  r/r0=5.4583e-04
[mg]   it 656  |r|inf=6.807589e-06  r/r0=5.4771e-04
[mg]   it 657  |r|inf=6.830391e-06  r/r0=5.4954e-04
[mg]   it 658  |r|inf=6.852608e-06  r/r0=5.5133e-04
[mg]   it 659  |r|inf=6.874243e-06  r/r0=5.5307e-04
[mg]   it 660  |r|inf=6.895297e-06  r/r0=5.5477e-04
[mg]   it 661  |r|inf=6.915773e-06  r/r0=5.5641e-04
[mg]   it 662  |r|inf=6.935673e-06  r/r0=5.5801e-04
[mg]   it 663  |r|inf=6.954998e-06  r/r0=5.5957e-04
[mg]   it 664  |r|inf=6.973752e-06  r/r0=5.6108e-04
[mg]   it 665  |r|inf=6.991935e-06  r/r0=5.6254e-04
[mg]   it 666  |r|inf=7.009550e-06  r/r0=5.6396e-04
[mg]   it 667  |r|inf=7.026599e-06  r/r0=5.6533e-04
[mg]   it 668  |r|inf=7.043084e-06  r/r0=5.6666e-04
[mg]   it 669  |r|inf=7.059006e-06  r/r0=5.6794e-04
[mg]   it 670  |r|inf=7.074369e-06  r/r0=5.6917e-04
[mg]   it 671  |r|inf=7.089173e-06  r/r0=5.7036e-04
[mg]   it 672  |r|inf=7.103421e-06  r/r0=5.7151e-04
[mg]   it 673  |r|inf=7.117114e-06  r/r0=5.7261e-04
[mg]   it 674  |r|inf=7.130255e-06  r/r0=5.7367e-04
[mg]   it 675  |r|inf=7.142845e-06  r/r0=5.7468e-04
[mg]   it 676  |r|inf=7.154886e-06  r/r0=5.7565e-04
[mg]   it 677  |r|inf=7.166380e-06  r/r0=5.7658e-04
[mg]   it 678  |r|inf=7.177329e-06  r/r0=5.7746e-04
[mg]   it 679  |r|inf=7.187734e-06  r/r0=5.7829e-04
[mg]   it 680  |r|inf=7.197598e-06  r/r0=5.7909e-04
[mg]   it 681  |r|inf=7.206922e-06  r/r0=5.7984e-04
[mg]   it 682  |r|inf=7.215708e-06  r/r0=5.8054e-04
[mg]   it 683  |r|inf=7.223957e-06  r/r0=5.8121e-04
[mg]   it 684  |r|inf=7.231672e-06  r/r0=5.8183e-04
[mg]   it 685  |r|inf=7.238853e-06  r/r0=5.8241e-04
[mg]   it 686  |r|inf=7.245504e-06  r/r0=5.8294e-04
[mg]   it 687  |r|inf=7.251624e-06  r/r0=5.8343e-04
[mg]   it 688  |r|inf=7.257217e-06  r/r0=5.8388e-04
[mg]   it 689  |r|inf=7.262283e-06  r/r0=5.8429e-04
[mg]   it 690  |r|inf=7.266824e-06  r/r0=5.8466e-04
[mg]   it 691  |r|inf=7.270843e-06  r/r0=5.8498e-04
[mg]   it 692  |r|inf=7.274339e-06  r/r0=5.8526e-04
[mg]   it 693  |r|inf=7.277316e-06  r/r0=5.8550e-04
[mg]   it 694  |r|inf=7.279775e-06  r/r0=5.8570e-04
[mg]   it 695  |r|inf=7.281716e-06  r/r0=5.8585e-04
[mg]   it 696  |r|inf=7.283143e-06  r/r0=5.8597e-04
[mg]   it 697  |r|inf=7.284055e-06  r/r0=5.8604e-04
[mg]   it 698  |r|inf=7.284456e-06  r/r0=5.8608e-04
[mg]   it 699  |r|inf=7.284346e-06  r/r0=5.8607e-04
[mg]   it 700  |r|inf=7.283727e-06  r/r0=5.8602e-04
[mg]   it 701  |r|inf=7.282600e-06  r/r0=5.8593e-04
[mg]   it 702  |r|inf=7.280967e-06  r/r0=5.8579e-04
[mg]   it 703  |r|inf=7.278830e-06  r/r0=5.8562e-04
[mg]   it 704  |r|inf=7.276190e-06  r/r0=5.8541e-04
[mg]   it 705  |r|inf=7.273048e-06  r/r0=5.8516e-04
[mg]   it 706  |r|inf=7.269406e-06  r/r0=5.8486e-04
[mg]   it 707  |r|inf=7.265265e-06  r/r0=5.8453e-04
[mg]   it 708  |r|inf=7.260627e-06  r/r0=5.8416e-04
[mg]   it 709  |r|inf=7.255493e-06  r/r0=5.8375e-04
[mg]   it 710  |r|inf=7.249866e-06  r/r0=5.8329e-04
[mg]   it 711  |r|inf=7.243745e-06  r/r0=5.8280e-04
[mg]   it 712  |r|inf=7.237134e-06  r/r0=5.8227e-04
[mg]   it 713  |r|inf=7.230032e-06  r/r0=5.8170e-04
[mg]   it 714  |r|inf=7.222443e-06  r/r0=5.8109e-04
[mg]   it 715  |r|inf=7.214366e-06  r/r0=5.8044e-04
[mg]   it 716  |r|inf=7.205805e-06  r/r0=5.7975e-04
[mg]   it 717  |r|inf=7.196759e-06  r/r0=5.7902e-04
[mg]   it 718  |r|inf=7.187231e-06  r/r0=5.7825e-04
[mg]   it 719  |r|inf=7.177223e-06  r/r0=5.7745e-04
[mg]   it 720  |r|inf=7.166735e-06  r/r0=5.7660e-04
[mg]   it 721  |r|inf=7.155769e-06  r/r0=5.7572e-04
[mg]   it 722  |r|inf=7.144327e-06  r/r0=5.7480e-04
[mg]   it 723  |r|inf=7.132410e-06  r/r0=5.7384e-04
[mg]   it 724  |r|inf=7.120020e-06  r/r0=5.7285e-04
[mg]   it 725  |r|inf=7.107158e-06  r/r0=5.7181e-04
[mg]   it 726  |r|inf=7.093826e-06  r/r0=5.7074e-04
[mg]   it 727  |r|inf=7.080025e-06  r/r0=5.6963e-04
[mg]   it 728  |r|inf=7.065758e-06  r/r0=5.6848e-04
[mg]   it 729  |r|inf=7.051025e-06  r/r0=5.6729e-04
[mg]   it 730  |r|inf=7.035828e-06  r/r0=5.6607e-04
[mg]   it 731  |r|inf=7.020169e-06  r/r0=5.6481e-04
[mg]   it 732  |r|inf=7.004049e-06  r/r0=5.6351e-04
[mg]   it 733  |r|inf=6.987470e-06  r/r0=5.6218e-04
[mg]   it 734  |r|inf=6.970434e-06  r/r0=5.6081e-04
[mg]   it 735  |r|inf=6.952943e-06  r/r0=5.5940e-04
[mg]   it 736  |r|inf=6.934997e-06  r/r0=5.5796e-04
[mg]   it 737  |r|inf=6.916599e-06  r/r0=5.5648e-04
[mg]   it 738  |r|inf=6.897751e-06  r/r0=5.5496e-04
[mg]   it 739  |r|inf=6.878454e-06  r/r0=5.5341e-04
[mg]   it 740  |r|inf=6.858710e-06  r/r0=5.5182e-04
[mg]   it 741  |r|inf=6.838520e-06  r/r0=5.5020e-04
[mg]   it 742  |r|inf=6.817888e-06  r/r0=5.4854e-04
[mg]   it 743  |r|inf=6.796813e-06  r/r0=5.4684e-04
[mg]   it 744  |r|inf=6.775299e-06  r/r0=5.4511e-04
[mg]   it 745  |r|inf=6.753347e-06  r/r0=5.4334e-04
[mg]   it 746  |r|inf=6.730959e-06  r/r0=5.4154e-04
[mg]   it 747  |r|inf=6.708137e-06  r/r0=5.3971e-04
[mg]   it 748  |r|inf=6.684882e-06  r/r0=5.3784e-04
[mg]   it 749  |r|inf=6.661198e-06  r/r0=5.3593e-04
[mg]   it 750  |r|inf=6.637085e-06  r/r0=5.3399e-04
[mg]   it 751  |r|inf=6.612546e-06  r/r0=5.3202e-04
[mg]   it 752  |r|inf=6.587583e-06  r/r0=5.3001e-04
[mg]   it 753  |r|inf=6.562197e-06  r/r0=5.2797e-04
[mg]   it 754  |r|inf=6.536392e-06  r/r0=5.2589e-04
[mg]   it 755  |r|inf=6.510169e-06  r/r0=5.2378e-04
[mg]   it 756  |r|inf=6.483530e-06  r/r0=5.2164e-04
[mg]   it 757  |r|inf=6.456477e-06  r/r0=5.1946e-04
[mg]   it 758  |r|inf=6.429013e-06  r/r0=5.1725e-04
[mg]   it 759  |r|inf=6.401140e-06  r/r0=5.1501e-04
[mg]   it 760  |r|inf=6.372860e-06  r/r0=5.1273e-04
[mg]   it 761  |r|inf=6.344175e-06  r/r0=5.1042e-04
[mg]   it 762  |r|inf=6.315088e-06  r/r0=5.0808e-04
[mg]   it 763  |r|inf=6.285601e-06  r/r0=5.0571e-04
[mg]   it 764  |r|inf=6.255716e-06  r/r0=5.0331e-04
[mg]   it 765  |r|inf=6.225436e-06  r/r0=5.0087e-04
[mg]   it 766  |r|inf=6.194763e-06  r/r0=4.9840e-04
[mg]   it 767  |r|inf=6.163700e-06  r/r0=4.9590e-04
[mg]   it 768  |r|inf=6.132249e-06  r/r0=4.9337e-04
[mg]   it 769  |r|inf=6.100413e-06  r/r0=4.9081e-04
[mg]   it 770  |r|inf=6.068194e-06  r/r0=4.8822e-04
[mg]   it 771  |r|inf=6.035595e-06  r/r0=4.8560e-04
[mg]   it 772  |r|inf=6.002619e-06  r/r0=4.8294e-04
[mg]   it 773  |r|inf=5.969267e-06  r/r0=4.8026e-04
[mg]   it 774  |r|inf=5.935544e-06  r/r0=4.7755e-04
[mg]   it 775  |r|inf=5.901451e-06  r/r0=4.7480e-04
[mg]   it 776  |r|inf=5.866991e-06  r/r0=4.7203e-04
[mg]   it 777  |r|inf=5.849130e-06  r/r0=4.7060e-04
[mg]   it 778  |r|inf=5.877164e-06  r/r0=4.7285e-04
[mg]   it 779  |r|inf=5.904812e-06  r/r0=4.7508e-04
[mg]   it 780  |r|inf=5.932071e-06  r/r0=4.7727e-04
[mg]   it 781  |r|inf=5.958941e-06  r/r0=4.7943e-04
[mg]   it 782  |r|inf=5.985421e-06  r/r0=4.8156e-04
[mg]   it 783  |r|inf=6.011508e-06  r/r0=4.8366e-04
[mg]   it 784  |r|inf=6.037201e-06  r/r0=4.8573e-04
[mg]   it 785  |r|inf=6.062500e-06  r/r0=4.8776e-04
[mg]   it 786  |r|inf=6.087403e-06  r/r0=4.8977e-04
[mg]   it 787  |r|inf=6.111909e-06  r/r0=4.9174e-04
[mg]   it 788  |r|inf=6.136016e-06  r/r0=4.9368e-04
[mg]   it 789  |r|inf=6.159724e-06  r/r0=4.9558e-04
[mg]   it 790  |r|inf=6.183031e-06  r/r0=4.9746e-04
[mg]   it 791  |r|inf=6.205937e-06  r/r0=4.9930e-04
[mg]   it 792  |r|inf=6.228440e-06  r/r0=5.0111e-04
[mg]   it 793  |r|inf=6.250539e-06  r/r0=5.0289e-04
[mg]   it 794  |r|inf=6.272233e-06  r/r0=5.0464e-04
[mg]   it 795  |r|inf=6.293522e-06  r/r0=5.0635e-04
[mg]   it 796  |r|inf=6.314404e-06  r/r0=5.0803e-04
[mg]   it 797  |r|inf=6.334879e-06  r/r0=5.0968e-04
[mg]   it 798  |r|inf=6.354946e-06  r/r0=5.1129e-04
[mg]   it 799  |r|inf=6.374603e-06  r/r0=5.1287e-04
[mg]   it 800  |r|inf=6.393851e-06  r/r0=5.1442e-04
[mg]   it 801  |r|inf=6.412688e-06  r/r0=5.1594e-04
[mg]   it 802  |r|inf=6.431114e-06  r/r0=5.1742e-04
[mg]   it 803  |r|inf=6.449129e-06  r/r0=5.1887e-04
[mg]   it 804  |r|inf=6.466731e-06  r/r0=5.2028e-04
[mg]   it 805  |r|inf=6.483920e-06  r/r0=5.2167e-04
[mg]   it 806  |r|inf=6.500695e-06  r/r0=5.2302e-04
[mg]   it 807  |r|inf=6.517056e-06  r/r0=5.2433e-04
[mg]   it 808  |r|inf=6.533004e-06  r/r0=5.2562e-04
[mg]   it 809  |r|inf=6.548536e-06  r/r0=5.2687e-04
[mg]   it 810  |r|inf=6.563653e-06  r/r0=5.2808e-04
[mg]   it 811  |r|inf=6.578355e-06  r/r0=5.2927e-04
[mg]   it 812  |r|inf=6.592640e-06  r/r0=5.3041e-04
[mg]   it 813  |r|inf=6.606510e-06  r/r0=5.3153e-04
[mg]   it 814  |r|inf=6.619964e-06  r/r0=5.3261e-04
[mg]   it 815  |r|inf=6.633001e-06  r/r0=5.3366e-04
[mg]   it 816  |r|inf=6.645622e-06  r/r0=5.3468e-04
[mg]   it 817  |r|inf=6.657827e-06  r/r0=5.3566e-04
[mg]   it 818  |r|inf=6.669615e-06  r/r0=5.3661e-04
[mg]   it 819  |r|inf=6.680987e-06  r/r0=5.3752e-04
[mg]   it 820  |r|inf=6.691942e-06  r/r0=5.3840e-04
[mg]   it 821  |r|inf=6.702480e-06  r/r0=5.3925e-04
[mg]   it 822  |r|inf=6.712603e-06  r/r0=5.4007e-04
[mg]   it 823  |r|inf=6.722310e-06  r/r0=5.4085e-04
[mg]   it 824  |r|inf=6.731601e-06  r/r0=5.4159e-04
[mg]   it 825  |r|inf=6.740476e-06  r/r0=5.4231e-04
[mg]   it 826  |r|inf=6.748937e-06  r/r0=5.4299e-04
[mg]   it 827  |r|inf=6.756982e-06  r/r0=5.4364e-04
[mg]   it 828  |r|inf=6.764614e-06  r/r0=5.4425e-04
[mg]   it 829  |r|inf=6.771831e-06  r/r0=5.4483e-04
[mg]   it 830  |r|inf=6.778635e-06  r/r0=5.4538e-04
[mg]   it 831  |r|inf=6.785027e-06  r/r0=5.4589e-04
[mg]   it 832  |r|inf=6.791006e-06  r/r0=5.4637e-04
[mg]   it 833  |r|inf=6.796573e-06  r/r0=5.4682e-04
[mg]   it 834  |r|inf=6.801730e-06  r/r0=5.4724e-04
[mg]   it 835  |r|inf=6.806476e-06  r/r0=5.4762e-04
[mg]   it 836  |r|inf=6.810813e-06  r/r0=5.4797e-04
[mg]   it 837  |r|inf=6.814741e-06  r/r0=5.4828e-04
[mg]   it 838  |r|inf=6.818261e-06  r/r0=5.4857e-04
[mg]   it 839  |r|inf=6.821374e-06  r/r0=5.4882e-04
[mg]   it 840  |r|inf=6.824082e-06  r/r0=5.4904e-04
[mg]   it 841  |r|inf=6.826384e-06  r/r0=5.4922e-04
[mg]   it 842  |r|inf=6.828282e-06  r/r0=5.4937e-04
[mg]   it 843  |r|inf=6.829777e-06  r/r0=5.4949e-04
[mg]   it 844  |r|inf=6.830870e-06  r/r0=5.4958e-04
[mg]   it 845  |r|inf=6.831563e-06  r/r0=5.4964e-04
[mg]   it 846  |r|inf=6.831856e-06  r/r0=5.4966e-04
[mg]   it 847  |r|inf=6.831750e-06  r/r0=5.4965e-04
[mg]   it 848  |r|inf=6.831247e-06  r/r0=5.4961e-04
[mg]   it 849  |r|inf=6.830348e-06  r/r0=5.4954e-04
[mg]   it 850  |r|inf=6.829055e-06  r/r0=5.4944e-04
[mg]   it 851  |r|inf=6.840795e-06  r/r0=5.5038e-04
[mg]   it 852  |r|inf=6.887738e-06  r/r0=5.5416e-04
[mg]   it 853  |r|inf=6.934234e-06  r/r0=5.5790e-04
[mg]   it 854  |r|inf=6.980279e-06  r/r0=5.6160e-04
[mg]   it 855  |r|inf=7.025874e-06  r/r0=5.6527e-04
[mg]   it 856  |r|inf=7.071015e-06  r/r0=5.6890e-04
[mg]   it 857  |r|inf=7.115701e-06  r/r0=5.7250e-04
[mg]   it 858  |r|inf=7.159931e-06  r/r0=5.7606e-04
[mg]   it 859  |r|inf=7.203703e-06  r/r0=5.7958e-04
[mg]   it 860  |r|inf=7.247015e-06  r/r0=5.8306e-04
[mg]   it 861  |r|inf=7.289866e-06  r/r0=5.8651e-04
[mg]   it 862  |r|inf=7.332255e-06  r/r0=5.8992e-04
[mg]   it 863  |r|inf=7.374180e-06  r/r0=5.9329e-04
[mg]   it 864  |r|inf=7.415640e-06  r/r0=5.9663e-04
[mg]   it 865  |r|inf=7.456633e-06  r/r0=5.9993e-04
[mg]   it 866  |r|inf=7.497160e-06  r/r0=6.0319e-04
[mg]   it 867  |r|inf=7.537217e-06  r/r0=6.0641e-04
[mg]   it 868  |r|inf=7.576805e-06  r/r0=6.0960e-04
[mg]   it 869  |r|inf=7.615923e-06  r/r0=6.1274e-04
[mg]   it 870  |r|inf=7.654569e-06  r/r0=6.1585e-04
[mg]   it 871  |r|inf=7.692742e-06  r/r0=6.1892e-04
[mg]   it 872  |r|inf=7.730442e-06  r/r0=6.2196e-04
[mg]   it 873  |r|inf=7.767669e-06  r/r0=6.2495e-04
[mg]   it 874  |r|inf=7.804420e-06  r/r0=6.2791e-04
[mg]   it 875  |r|inf=7.840697e-06  r/r0=6.3083e-04
[mg]   it 876  |r|inf=7.876497e-06  r/r0=6.3371e-04
[mg]   it 877  |r|inf=7.911822e-06  r/r0=6.3655e-04
[mg]   it 878  |r|inf=7.946669e-06  r/r0=6.3935e-04
[mg]   it 879  |r|inf=7.981039e-06  r/r0=6.4212e-04
[mg]   it 880  |r|inf=8.014931e-06  r/r0=6.4485e-04
[mg]   it 881  |r|inf=8.048345e-06  r/r0=6.4753e-04
[mg]   it 882  |r|inf=8.081281e-06  r/r0=6.5018e-04
[mg]   it 883  |r|inf=8.113739e-06  r/r0=6.5280e-04
[mg]   it 884  |r|inf=8.145718e-06  r/r0=6.5537e-04
[mg]   it 885  |r|inf=8.177219e-06  r/r0=6.5790e-04
[mg]   it 886  |r|inf=8.208241e-06  r/r0=6.6040e-04
[mg]   it 887  |r|inf=8.238784e-06  r/r0=6.6286e-04
[mg]   it 888  |r|inf=8.268849e-06  r/r0=6.6528e-04
[mg]   it 889  |r|inf=8.298435e-06  r/r0=6.6766e-04
[mg]   it 890  |r|inf=8.327544e-06  r/r0=6.7000e-04
[mg]   it 891  |r|inf=8.356174e-06  r/r0=6.7230e-04
[mg]   it 892  |r|inf=8.384326e-06  r/r0=6.7457e-04
[mg]   it 893  |r|inf=8.412001e-06  r/r0=6.7679e-04
[mg]   it 894  |r|inf=8.439199e-06  r/r0=6.7898e-04
[mg]   it 895  |r|inf=8.465920e-06  r/r0=6.8113e-04
[mg]   it 896  |r|inf=8.492166e-06  r/r0=6.8324e-04
[mg]   it 897  |r|inf=8.517935e-06  r/r0=6.8532e-04
[mg]   it 898  |r|inf=8.543230e-06  r/r0=6.8735e-04
[mg]   it 899  |r|inf=8.568050e-06  r/r0=6.8935e-04
[mg]   it 900  |r|inf=8.592397e-06  r/r0=6.9131e-04
[mg]   it 901  |r|inf=8.616270e-06  r/r0=6.9323e-04
[mg]   it 902  |r|inf=8.639672e-06  r/r0=6.9511e-04
[mg]   it 903  |r|inf=8.662602e-06  r/r0=6.9695e-04
[mg]   it 904  |r|inf=8.685061e-06  r/r0=6.9876e-04
[mg]   it 905  |r|inf=8.707050e-06  r/r0=7.0053e-04
[mg]   it 906  |r|inf=8.728571e-06  r/r0=7.0226e-04
[mg]   it 907  |r|inf=8.749624e-06  r/r0=7.0396e-04
[mg]   it 908  |r|inf=8.770210e-06  r/r0=7.0561e-04
[mg]   it 909  |r|inf=8.790331e-06  r/r0=7.0723e-04
[mg]   it 910  |r|inf=8.809987e-06  r/r0=7.0881e-04
[mg]   it 911  |r|inf=8.829179e-06  r/r0=7.1036e-04
[mg]   it 912  |r|inf=8.847909e-06  r/r0=7.1186e-04
[mg]   it 913  |r|inf=8.866177e-06  r/r0=7.1333e-04
[mg]   it 914  |r|inf=8.883986e-06  r/r0=7.1477e-04
[mg]   it 915  |r|inf=8.901337e-06  r/r0=7.1616e-04
[mg]   it 916  |r|inf=8.918230e-06  r/r0=7.1752e-04
[mg]   it 917  |r|inf=8.934667e-06  r/r0=7.1884e-04
[mg]   it 918  |r|inf=8.950649e-06  r/r0=7.2013e-04
[mg]   it 919  |r|inf=8.966179e-06  r/r0=7.2138e-04
[mg]   it 920  |r|inf=8.981256e-06  r/r0=7.2259e-04
[mg]   it 921  |r|inf=8.995884e-06  r/r0=7.2377e-04
[mg]   it 922  |r|inf=9.010063e-06  r/r0=7.2491e-04
[mg]   it 923  |r|inf=9.023795e-06  r/r0=7.2601e-04
[mg]   it 924  |r|inf=9.037081e-06  r/r0=7.2708e-04
[mg]   it 925  |r|inf=9.049923e-06  r/r0=7.2812e-04
[mg]   it 926  |r|inf=9.062323e-06  r/r0=7.2911e-04
[mg]   it 927  |r|inf=9.074283e-06  r/r0=7.3008e-04
[mg]   it 928  |r|inf=9.085803e-06  r/r0=7.3100e-04
[mg]   it 929  |r|inf=9.096887e-06  r/r0=7.3190e-04
[mg]   it 930  |r|inf=9.107535e-06  r/r0=7.3275e-04
[mg]   it 931  |r|inf=9.117749e-06  r/r0=7.3357e-04
[mg]   it 932  |r|inf=9.127531e-06  r/r0=7.3436e-04
[mg]   it 933  |r|inf=9.136884e-06  r/r0=7.3511e-04
[mg]   it 934  |r|inf=9.145808e-06  r/r0=7.3583e-04
[mg]   it 935  |r|inf=9.154306e-06  r/r0=7.3652e-04
[mg]   it 936  |r|inf=9.162379e-06  r/r0=7.3716e-04
[mg]   it 937  |r|inf=9.170030e-06  r/r0=7.3778e-04
[mg]   it 938  |r|inf=9.177260e-06  r/r0=7.3836e-04
[mg]   it 939  |r|inf=9.184072e-06  r/r0=7.3891e-04
[mg]   it 940  |r|inf=9.190467e-06  r/r0=7.3942e-04
[mg]   it 941  |r|inf=9.196447e-06  r/r0=7.3991e-04
[mg]   it 942  |r|inf=9.202014e-06  r/r0=7.4035e-04
[mg]   it 943  |r|inf=9.207171e-06  r/r0=7.4077e-04
[mg]   it 944  |r|inf=9.211919e-06  r/r0=7.4115e-04
[mg]   it 945  |r|inf=9.216261e-06  r/r0=7.4150e-04
[mg]   it 946  |r|inf=9.220198e-06  r/r0=7.4182e-04
[mg]   it 947  |r|inf=9.223733e-06  r/r0=7.4210e-04
[mg]   it 948  |r|inf=9.226868e-06  r/r0=7.4235e-04
[mg]   it 949  |r|inf=9.229604e-06  r/r0=7.4257e-04
[mg]   it 950  |r|inf=9.231944e-06  r/r0=7.4276e-04
[mg]   it 951  |r|inf=9.233891e-06  r/r0=7.4292e-04
[mg]   it 952  |r|inf=9.235445e-06  r/r0=7.4304e-04
[mg]   it 953  |r|inf=9.236610e-06  r/r0=7.4314e-04
[mg]   it 954  |r|inf=9.237388e-06  r/r0=7.4320e-04
[mg]   it 955  |r|inf=9.237780e-06  r/r0=7.4323e-04
[mg]   it 956  |r|inf=9.237789e-06  r/r0=7.4323e-04
[mg]   it 957  |r|inf=9.237418e-06  r/r0=7.4320e-04
[mg]   it 958  |r|inf=9.236668e-06  r/r0=7.4314e-04
[mg]   it 959  |r|inf=9.235541e-06  r/r0=7.4305e-04
[mg]   it 960  |r|inf=9.234040e-06  r/r0=7.4293e-04
[mg]   it 961  |r|inf=9.232168e-06  r/r0=7.4278e-04
[mg]   it 962  |r|inf=9.229925e-06  r/r0=7.4260e-04
[mg]   it 963  |r|inf=9.227315e-06  r/r0=7.4239e-04
[mg]   it 964  |r|inf=9.224340e-06  r/r0=7.4215e-04
[mg]   it 965  |r|inf=9.221002e-06  r/r0=7.4188e-04
[mg]   it 966  |r|inf=9.217304e-06  r/r0=7.4158e-04
[mg]   it 967  |r|inf=9.213246e-06  r/r0=7.4126e-04
[mg]   it 968  |r|inf=9.208833e-06  r/r0=7.4090e-04
[mg]   it 969  |r|inf=9.204066e-06  r/r0=7.4052e-04
[mg]   it 970  |r|inf=9.198947e-06  r/r0=7.4011e-04
[mg]   it 971  |r|inf=9.193479e-06  r/r0=7.3967e-04
[mg]   it 972  |r|inf=9.187664e-06  r/r0=7.3920e-04
[mg]   it 973  |r|inf=9.181504e-06  r/r0=7.3870e-04
[mg]   it 974  |r|inf=9.175001e-06  r/r0=7.3818e-04
[mg]   it 975  |r|inf=9.168158e-06  r/r0=7.3763e-04
[mg]   it 976  |r|inf=9.160977e-06  r/r0=7.3705e-04
[mg]   it 977  |r|inf=9.153461e-06  r/r0=7.3645e-04
[mg]   it 978  |r|inf=9.145611e-06  r/r0=7.3582e-04
[mg]   it 979  |r|inf=9.137429e-06  r/r0=7.3516e-04
[mg]   it 980  |r|inf=9.128919e-06  r/r0=7.3447e-04
[mg]   it 981  |r|inf=9.120083e-06  r/r0=7.3376e-04
[mg]   it 982  |r|inf=9.110922e-06  r/r0=7.3302e-04
[mg]   it 983  |r|inf=9.101439e-06  r/r0=7.3226e-04
[mg]   it 984  |r|inf=9.091636e-06  r/r0=7.3147e-04
[mg]   it 985  |r|inf=9.081515e-06  r/r0=7.3066e-04
[mg]   it 986  |r|inf=9.071079e-06  r/r0=7.2982e-04
[mg]   it 987  |r|inf=9.060330e-06  r/r0=7.2895e-04
[mg]   it 988  |r|inf=9.049271e-06  r/r0=7.2806e-04
[mg]   it 989  |r|inf=9.037902e-06  r/r0=7.2715e-04
[mg]   it 990  |r|inf=9.026227e-06  r/r0=7.2621e-04
[mg]   it 991  |r|inf=9.014248e-06  r/r0=7.2525e-04
[mg]   it 992  |r|inf=9.001968e-06  r/r0=7.2426e-04
[mg]   it 993  |r|inf=8.989387e-06  r/r0=7.2325e-04
[mg]   it 994  |r|inf=8.976509e-06  r/r0=7.2221e-04
[mg]   it 995  |r|inf=8.963336e-06  r/r0=7.2115e-04
[mg]   it 996  |r|inf=8.949869e-06  r/r0=7.2007e-04
[mg]   it 997  |r|inf=8.936112e-06  r/r0=7.1896e-04
[mg]   it 998  |r|inf=8.922066e-06  r/r0=7.1783e-04
[mg]   it 999  |r|inf=8.907733e-06  r/r0=7.1668e-04
[mg]   it 1000  |r|inf=8.893116e-06  r/r0=7.1550e-04
[mg]   it 1001  |r|inf=8.878216e-06  r/r0=7.1430e-04
[mg]   it 1002  |r|inf=8.863037e-06  r/r0=7.1308e-04
[mg]   it 1003  |r|inf=8.847579e-06  r/r0=7.1184e-04
[mg]   it 1004  |r|inf=8.831846e-06  r/r0=7.1057e-04
[mg]   it 1005  |r|inf=8.815839e-06  r/r0=7.0928e-04
[mg]   it 1006  |r|inf=8.799560e-06  r/r0=7.0797e-04
[mg]   it 1007  |r|inf=8.783012e-06  r/r0=7.0664e-04
[mg]   it 1008  |r|inf=8.766197e-06  r/r0=7.0529e-04
[mg]   it 1009  |r|inf=8.749116e-06  r/r0=7.0392e-04
[mg]   it 1010  |r|inf=8.731771e-06  r/r0=7.0252e-04
[mg]   it 1011  |r|inf=8.714166e-06  r/r0=7.0110e-04
[mg]   it 1012  |r|inf=8.696301e-06  r/r0=6.9967e-04
[mg]   it 1013  |r|inf=8.678180e-06  r/r0=6.9821e-04
[mg]   it 1014  |r|inf=8.659803e-06  r/r0=6.9673e-04
[mg]   it 1015  |r|inf=8.641173e-06  r/r0=6.9523e-04
[mg]   it 1016  |r|inf=8.622292e-06  r/r0=6.9371e-04
[mg]   it 1017  |r|inf=8.603162e-06  r/r0=6.9217e-04
[mg]   it 1018  |r|inf=8.583785e-06  r/r0=6.9061e-04
[mg]   it 1019  |r|inf=8.564163e-06  r/r0=6.8903e-04
[mg]   it 1020  |r|inf=8.544298e-06  r/r0=6.8744e-04
[mg]   it 1021  |r|inf=8.524192e-06  r/r0=6.8582e-04
[mg]   it 1022  |r|inf=8.503846e-06  r/r0=6.8418e-04
[mg]   it 1023  |r|inf=8.483264e-06  r/r0=6.8253e-04
[mg]   it 1024  |r|inf=8.462445e-06  r/r0=6.8085e-04
[mg]   it 1025  |r|inf=8.441394e-06  r/r0=6.7916e-04
[mg]   it 1026  |r|inf=8.420111e-06  r/r0=6.7744e-04
[mg]   it 1027  |r|inf=8.398598e-06  r/r0=6.7571e-04
[mg]   it 1028  |r|inf=8.376857e-06  r/r0=6.7396e-04
[mg]   it 1029  |r|inf=8.354890e-06  r/r0=6.7220e-04
[mg]   it 1030  |r|inf=8.332700e-06  r/r0=6.7041e-04
[mg]   it 1031  |r|inf=8.310287e-06  r/r0=6.6861e-04
[mg]   it 1032  |r|inf=8.287653e-06  r/r0=6.6679e-04
[mg]   it 1033  |r|inf=8.264801e-06  r/r0=6.6495e-04
[mg]   it 1034  |r|inf=8.241733e-06  r/r0=6.6309e-04
[mg]   it 1035  |r|inf=8.218449e-06  r/r0=6.6122e-04
[mg]   it 1036  |r|inf=8.194952e-06  r/r0=6.5933e-04
[mg]   it 1037  |r|inf=8.171243e-06  r/r0=6.5742e-04
[mg]   it 1038  |r|inf=8.147325e-06  r/r0=6.5550e-04
[mg]   it 1039  |r|inf=8.123199e-06  r/r0=6.5356e-04
[mg]   it 1040  |r|inf=8.098866e-06  r/r0=6.5160e-04
[mg]   it 1041  |r|inf=8.074330e-06  r/r0=6.4962e-04
[mg]   it 1042  |r|inf=8.049590e-06  r/r0=6.4763e-04
[mg]   it 1043  |r|inf=8.024649e-06  r/r0=6.4563e-04
[mg]   it 1044  |r|inf=7.999508e-06  r/r0=6.4361e-04
[mg]   it 1045  |r|inf=7.974170e-06  r/r0=6.4157e-04
[mg]   it 1046  |r|inf=7.948636e-06  r/r0=6.3951e-04
[mg]   it 1047  |r|inf=7.922907e-06  r/r0=6.3744e-04
[mg]   it 1048  |r|inf=7.896986e-06  r/r0=6.3536e-04
[mg]   it 1049  |r|inf=7.870873e-06  r/r0=6.3326e-04
[mg]   it 1050  |r|inf=7.844571e-06  r/r0=6.3114e-04
[mg]   it 1051  |r|inf=7.818080e-06  r/r0=6.2901e-04
[mg]   it 1052  |r|inf=7.791403e-06  r/r0=6.2686e-04
[mg]   it 1053  |r|inf=7.764542e-06  r/r0=6.2470e-04
[mg]   it 1054  |r|inf=7.737497e-06  r/r0=6.2252e-04
[mg]   it 1055  |r|inf=7.710270e-06  r/r0=6.2033e-04
[mg]   it 1056  |r|inf=7.682863e-06  r/r0=6.1813e-04
[mg]   it 1057  |r|inf=7.655277e-06  r/r0=6.1591e-04
[mg]   it 1058  |r|inf=7.627515e-06  r/r0=6.1368e-04
[mg]   it 1059  |r|inf=7.599576e-06  r/r0=6.1143e-04
[mg]   it 1060  |r|inf=7.571463e-06  r/r0=6.0917e-04
[mg]   it 1061  |r|inf=7.543178e-06  r/r0=6.0689e-04
[mg]   it 1062  |r|inf=7.514722e-06  r/r0=6.0460e-04
[mg]   it 1063  |r|inf=7.486095e-06  r/r0=6.0230e-04
[mg]   it 1064  |r|inf=7.457301e-06  r/r0=5.9998e-04
[mg]   it 1065  |r|inf=7.428339e-06  r/r0=5.9765e-04
[mg]   it 1066  |r|inf=7.399212e-06  r/r0=5.9531e-04
[mg]   it 1067  |r|inf=7.369921e-06  r/r0=5.9295e-04
[mg]   it 1068  |r|inf=7.340467e-06  r/r0=5.9058e-04
[mg]   it 1069  |r|inf=7.310852e-06  r/r0=5.8820e-04
[mg]   it 1070  |r|inf=7.281077e-06  r/r0=5.8580e-04
[mg]   it 1071  |r|inf=7.251144e-06  r/r0=5.8340e-04
[mg]   it 1072  |r|inf=7.221054e-06  r/r0=5.8097e-04
[mg]   it 1073  |r|inf=7.190807e-06  r/r0=5.7854e-04
[mg]   it 1074  |r|inf=7.160406e-06  r/r0=5.7609e-04
[mg]   it 1075  |r|inf=7.129852e-06  r/r0=5.7364e-04
[mg]   it 1076  |r|inf=7.099147e-06  r/r0=5.7117e-04
[mg]   it 1077  |r|inf=7.068290e-06  r/r0=5.6868e-04
[mg]   it 1078  |r|inf=7.037285e-06  r/r0=5.6619e-04
[mg]   it 1079  |r|inf=7.006131e-06  r/r0=5.6368e-04
[mg]   it 1080  |r|inf=6.974831e-06  r/r0=5.6116e-04
[mg]   it 1081  |r|inf=6.943385e-06  r/r0=5.5863e-04
[mg]   it 1082  |r|inf=6.911796e-06  r/r0=5.5609e-04
[mg]   it 1083  |r|inf=6.880063e-06  r/r0=5.5354e-04
[mg]   it 1084  |r|inf=6.848189e-06  r/r0=5.5098e-04
[mg]   it 1085  |r|inf=6.816174e-06  r/r0=5.4840e-04
[mg]   it 1086  |r|inf=6.784020e-06  r/r0=5.4581e-04
[mg]   it 1087  |r|inf=6.751728e-06  r/r0=5.4321e-04
[mg]   it 1088  |r|inf=6.719299e-06  r/r0=5.4061e-04
[mg]   it 1089  |r|inf=6.686734e-06  r/r0=5.3799e-04
[mg]   it 1090  |r|inf=6.657725e-06  r/r0=5.3565e-04
[mg]   it 1091  |r|inf=6.672454e-06  r/r0=5.3684e-04
[mg]   it 1092  |r|inf=6.686990e-06  r/r0=5.3801e-04
[mg]   it 1093  |r|inf=6.701334e-06  r/r0=5.3916e-04
[mg]   it 1094  |r|inf=6.715485e-06  r/r0=5.4030e-04
[mg]   it 1095  |r|inf=6.729445e-06  r/r0=5.4142e-04
[mg]   it 1096  |r|inf=6.743214e-06  r/r0=5.4253e-04
[mg]   it 1097  |r|inf=6.756791e-06  r/r0=5.4362e-04
[mg]   it 1098  |r|inf=6.770178e-06  r/r0=5.4470e-04
[mg]   it 1099  |r|inf=6.783376e-06  r/r0=5.4576e-04
[mg]   it 1100  |r|inf=6.796383e-06  r/r0=5.4681e-04
[mg]   it 1101  |r|inf=6.809201e-06  r/r0=5.4784e-04
[mg]   it 1102  |r|inf=6.821830e-06  r/r0=5.4885e-04
[mg]   it 1103  |r|inf=6.834271e-06  r/r0=5.4986e-04
[mg]   it 1104  |r|inf=6.846524e-06  r/r0=5.5084e-04
[mg]   it 1105  |r|inf=6.858589e-06  r/r0=5.5181e-04
[mg]   it 1106  |r|inf=6.870467e-06  r/r0=5.5277e-04
[mg]   it 1107  |r|inf=6.882159e-06  r/r0=5.5371e-04
[mg]   it 1108  |r|inf=6.893663e-06  r/r0=5.5463e-04
[mg]   it 1109  |r|inf=6.904982e-06  r/r0=5.5554e-04
[mg]   it 1110  |r|inf=6.916115e-06  r/r0=5.5644e-04
[mg]   it 1111  |r|inf=6.927063e-06  r/r0=5.5732e-04
[mg]   it 1112  |r|inf=6.937826e-06  r/r0=5.5819e-04
[mg]   it 1113  |r|inf=6.948405e-06  r/r0=5.5904e-04
[mg]   it 1114  |r|inf=6.958799e-06  r/r0=5.5987e-04
[mg]   it 1115  |r|inf=6.969010e-06  r/r0=5.6070e-04
[mg]   it 1116  |r|inf=6.979038e-06  r/r0=5.6150e-04
[mg]   it 1117  |r|inf=6.988883e-06  r/r0=5.6229e-04
[mg]   it 1118  |r|inf=6.998545e-06  r/r0=5.6307e-04
[mg]   it 1119  |r|inf=7.008025e-06  r/r0=5.6383e-04
[mg]   it 1120  |r|inf=7.017323e-06  r/r0=5.6458e-04
[mg]   it 1121  |r|inf=7.026440e-06  r/r0=5.6532e-04
[mg]   it 1122  |r|inf=7.035376e-06  r/r0=5.6604e-04
[mg]   it 1123  |r|inf=7.044131e-06  r/r0=5.6674e-04
[mg]   it 1124  |r|inf=7.052706e-06  r/r0=5.6743e-04
[mg]   it 1125  |r|inf=7.061101e-06  r/r0=5.6811e-04
[mg]   it 1126  |r|inf=7.069317e-06  r/r0=5.6877e-04
[mg]   it 1127  |r|inf=7.077353e-06  r/r0=5.6941e-04
[mg]   it 1128  |r|inf=7.085210e-06  r/r0=5.7004e-04
[mg]   it 1129  |r|inf=7.092889e-06  r/r0=5.7066e-04
[mg]   it 1130  |r|inf=7.100390e-06  r/r0=5.7127e-04
[mg]   it 1131  |r|inf=7.107714e-06  r/r0=5.7186e-04
[mg]   it 1132  |r|inf=7.114859e-06  r/r0=5.7243e-04
[mg]   it 1133  |r|inf=7.121828e-06  r/r0=5.7299e-04
[mg]   it 1134  |r|inf=7.128620e-06  r/r0=5.7354e-04
[mg]   it 1135  |r|inf=7.135236e-06  r/r0=5.7407e-04
[mg]   it 1136  |r|inf=7.141676e-06  r/r0=5.7459e-04
[mg]   it 1137  |r|inf=7.147940e-06  r/r0=5.7509e-04
[mg]   it 1138  |r|inf=7.154029e-06  r/r0=5.7558e-04
[mg]   it 1139  |r|inf=7.159942e-06  r/r0=5.7606e-04
[mg]   it 1140  |r|inf=7.165682e-06  r/r0=5.7652e-04
[mg]   it 1141  |r|inf=7.171247e-06  r/r0=5.7697e-04
[mg]   it 1142  |r|inf=7.176637e-06  r/r0=5.7740e-04
[mg]   it 1143  |r|inf=7.181855e-06  r/r0=5.7782e-04
[mg]   it 1144  |r|inf=7.186899e-06  r/r0=5.7823e-04
[mg]   it 1145  |r|inf=7.191770e-06  r/r0=5.7862e-04
[mg]   it 1146  |r|inf=7.196468e-06  r/r0=5.7900e-04
[mg]   it 1147  |r|inf=7.200994e-06  r/r0=5.7936e-04
[mg]   it 1148  |r|inf=7.205349e-06  r/r0=5.7971e-04
[mg]   it 1149  |r|inf=7.209531e-06  r/r0=5.8005e-04
[mg]   it 1150  |r|inf=7.213542e-06  r/r0=5.8037e-04
[mg]   it 1151  |r|inf=7.217382e-06  r/r0=5.8068e-04
[mg]   it 1152  |r|inf=7.221052e-06  r/r0=5.8097e-04
[mg]   it 1153  |r|inf=7.224551e-06  r/r0=5.8126e-04
[mg]   it 1154  |r|inf=7.227880e-06  r/r0=5.8152e-04
[mg]   it 1155  |r|inf=7.231039e-06  r/r0=5.8178e-04
[mg]   it 1156  |r|inf=7.234028e-06  r/r0=5.8202e-04
[mg]   it 1157  |r|inf=7.236849e-06  r/r0=5.8224e-04
[mg]   it 1158  |r|inf=7.239501e-06  r/r0=5.8246e-04
[mg]   it 1159  |r|inf=7.241984e-06  r/r0=5.8266e-04
[mg]   it 1160  |r|inf=7.244299e-06  r/r0=5.8284e-04
[mg]   it 1161  |r|inf=7.246446e-06  r/r0=5.8302e-04
[mg]   it 1162  |r|inf=7.248425e-06  r/r0=5.8318e-04
[mg]   it 1163  |r|inf=7.250237e-06  r/r0=5.8332e-04
[mg]   it 1164  |r|inf=7.251882e-06  r/r0=5.8345e-04
[mg]   it 1165  |r|inf=7.253361e-06  r/r0=5.8357e-04
[mg]   it 1166  |r|inf=7.254673e-06  r/r0=5.8368e-04
[mg]   it 1167  |r|inf=7.255818e-06  r/r0=5.8377e-04
[mg]   it 1168  |r|inf=7.256798e-06  r/r0=5.8385e-04
[mg]   it 1169  |r|inf=7.257613e-06  r/r0=5.8392e-04
[mg]   it 1170  |r|inf=7.258262e-06  r/r0=5.8397e-04
[mg]   it 1171  |r|inf=7.258746e-06  r/r0=5.8401e-04
[mg]   it 1172  |r|inf=7.259065e-06  r/r0=5.8403e-04
[mg]   it 1173  |r|inf=7.259220e-06  r/r0=5.8404e-04
[mg]   it 1174  |r|inf=7.259211e-06  r/r0=5.8404e-04
[mg]   it 1175  |r|inf=7.259039e-06  r/r0=5.8403e-04
[mg]   it 1176  |r|inf=7.258702e-06  r/r0=5.8400e-04
[mg]   it 1177  |r|inf=7.258203e-06  r/r0=5.8396e-04
[mg]   it 1178  |r|inf=7.257540e-06  r/r0=5.8391e-04
[mg]   it 1179  |r|inf=7.256715e-06  r/r0=5.8384e-04
[mg]   it 1180  |r|inf=7.255727e-06  r/r0=5.8376e-04
[mg]   it 1181  |r|inf=7.254577e-06  r/r0=5.8367e-04
[mg]   it 1182  |r|inf=7.253266e-06  r/r0=5.8357e-04
[mg]   it 1183  |r|inf=7.251793e-06  r/r0=5.8345e-04
[mg]   it 1184  |r|inf=7.250158e-06  r/r0=5.8332e-04
[mg]   it 1185  |r|inf=7.248363e-06  r/r0=5.8317e-04
[mg]   it 1186  |r|inf=7.246407e-06  r/r0=5.8301e-04
[mg]   it 1187  |r|inf=7.244290e-06  r/r0=5.8284e-04
[mg]   it 1188  |r|inf=7.242014e-06  r/r0=5.8266e-04
[mg]   it 1189  |r|inf=7.239577e-06  r/r0=5.8246e-04
[mg]   it 1190  |r|inf=7.236981e-06  r/r0=5.8226e-04
[mg]   it 1191  |r|inf=7.234225e-06  r/r0=5.8203e-04
[mg]   it 1192  |r|inf=7.231311e-06  r/r0=5.8180e-04
[mg]   it 1193  |r|inf=7.228238e-06  r/r0=5.8155e-04
[mg]   it 1194  |r|inf=7.225006e-06  r/r0=5.8129e-04
[mg]   it 1195  |r|inf=7.221616e-06  r/r0=5.8102e-04
[mg]   it 1196  |r|inf=7.218068e-06  r/r0=5.8073e-04
[mg]   it 1197  |r|inf=7.214362e-06  r/r0=5.8044e-04
[mg]   it 1198  |r|inf=7.210499e-06  r/r0=5.8012e-04
[mg]   it 1199  |r|inf=7.206479e-06  r/r0=5.7980e-04
[mg]   it 1200  |r|inf=7.202302e-06  r/r0=5.7947e-04
[mg]   it 1201  |r|inf=7.197968e-06  r/r0=5.7912e-04
[mg]   it 1202  |r|inf=7.193478e-06  r/r0=5.7876e-04
[mg]   it 1203  |r|inf=7.188832e-06  r/r0=5.7838e-04
[mg]   it 1204  |r|inf=7.184030e-06  r/r0=5.7800e-04
[mg]   it 1205  |r|inf=7.179073e-06  r/r0=5.7760e-04
[mg]   it 1206  |r|inf=7.173961e-06  r/r0=5.7719e-04
[mg]   it 1207  |r|inf=7.168693e-06  r/r0=5.7676e-04
[mg]   it 1208  |r|inf=7.163271e-06  r/r0=5.7633e-04
[mg]   it 1209  |r|inf=7.157695e-06  r/r0=5.7588e-04
[mg]   it 1210  |r|inf=7.151965e-06  r/r0=5.7542e-04
[mg]   it 1211  |r|inf=7.146080e-06  r/r0=5.7494e-04
[mg]   it 1212  |r|inf=7.140043e-06  r/r0=5.7446e-04
[mg]   it 1213  |r|inf=7.133852e-06  r/r0=5.7396e-04
[mg]   it 1214  |r|inf=7.127508e-06  r/r0=5.7345e-04
[mg]   it 1215  |r|inf=7.121011e-06  r/r0=5.7293e-04
[mg]   it 1216  |r|inf=7.114362e-06  r/r0=5.7239e-04
[mg]   it 1217  |r|inf=7.107561e-06  r/r0=5.7184e-04
[mg]   it 1218  |r|inf=7.100608e-06  r/r0=5.7128e-04
[mg]   it 1219  |r|inf=7.093503e-06  r/r0=5.7071e-04
[mg]   it 1220  |r|inf=7.086247e-06  r/r0=5.7013e-04
[mg]   it 1221  |r|inf=7.078840e-06  r/r0=5.6953e-04
[mg]   it 1222  |r|inf=7.071283e-06  r/r0=5.6892e-04
[mg]   it 1223  |r|inf=7.063575e-06  r/r0=5.6830e-04
[mg]   it 1224  |r|inf=7.055717e-06  r/r0=5.6767e-04
[mg]   it 1225  |r|inf=7.047709e-06  r/r0=5.6703e-04
[mg]   it 1226  |r|inf=7.039551e-06  r/r0=5.6637e-04
[mg]   it 1227  |r|inf=7.031244e-06  r/r0=5.6570e-04
[mg]   it 1228  |r|inf=7.022789e-06  r/r0=5.6502e-04
[mg]   it 1229  |r|inf=7.014184e-06  r/r0=5.6433e-04
[mg]   it 1230  |r|inf=7.005432e-06  r/r0=5.6363e-04
[mg]   it 1231  |r|inf=6.996531e-06  r/r0=5.6291e-04
[mg]   it 1232  |r|inf=6.987482e-06  r/r0=5.6218e-04
[mg]   it 1233  |r|inf=6.978286e-06  r/r0=5.6144e-04
[mg]   it 1234  |r|inf=6.968943e-06  r/r0=5.6069e-04
[mg]   it 1235  |r|inf=6.959453e-06  r/r0=5.5993e-04
[mg]   it 1236  |r|inf=6.949816e-06  r/r0=5.5915e-04
[mg]   it 1237  |r|inf=6.940033e-06  r/r0=5.5836e-04
[mg]   it 1238  |r|inf=6.930104e-06  r/r0=5.5757e-04
[mg]   it 1239  |r|inf=6.920030e-06  r/r0=5.5676e-04
[mg]   it 1240  |r|inf=6.909810e-06  r/r0=5.5593e-04
[mg]   it 1241  |r|inf=6.899445e-06  r/r0=5.5510e-04
[mg]   it 1242  |r|inf=6.888935e-06  r/r0=5.5425e-04
[mg]   it 1243  |r|inf=6.878281e-06  r/r0=5.5340e-04
[mg]   it 1244  |r|inf=6.867483e-06  r/r0=5.5253e-04
[mg]   it 1245  |r|inf=6.856542e-06  r/r0=5.5165e-04
[mg]   it 1246  |r|inf=6.845456e-06  r/r0=5.5076e-04
[mg]   it 1247  |r|inf=6.834228e-06  r/r0=5.4985e-04
[mg]   it 1248  |r|inf=6.822857e-06  r/r0=5.4894e-04
[mg]   it 1249  |r|inf=6.811344e-06  r/r0=5.4801e-04
[mg]   it 1250  |r|inf=6.799688e-06  r/r0=5.4707e-04
[mg]   it 1251  |r|inf=6.787891e-06  r/r0=5.4612e-04
[mg]   it 1252  |r|inf=6.775952e-06  r/r0=5.4516e-04
[mg]   it 1253  |r|inf=6.763872e-06  r/r0=5.4419e-04
[mg]   it 1254  |r|inf=6.751651e-06  r/r0=5.4321e-04
[mg]   it 1255  |r|inf=6.739290e-06  r/r0=5.4221e-04
[mg]   it 1256  |r|inf=6.726789e-06  r/r0=5.4121e-04
[mg]   it 1257  |r|inf=6.714148e-06  r/r0=5.4019e-04
[mg]   it 1258  |r|inf=6.701367e-06  r/r0=5.3916e-04
[mg]   it 1259  |r|inf=6.688448e-06  r/r0=5.3812e-04
[mg]   it 1260  |r|inf=6.675390e-06  r/r0=5.3707e-04
[mg]   it 1261  |r|inf=6.662193e-06  r/r0=5.3601e-04
[mg]   it 1262  |r|inf=6.648859e-06  r/r0=5.3494e-04
[mg]   it 1263  |r|inf=6.635387e-06  r/r0=5.3385e-04
[mg]   it 1264  |r|inf=6.621778e-06  r/r0=5.3276e-04
[mg]   it 1265  |r|inf=6.608031e-06  r/r0=5.3165e-04
[mg]   it 1266  |r|inf=6.594149e-06  r/r0=5.3054e-04
[mg]   it 1267  |r|inf=6.580130e-06  r/r0=5.2941e-04
[mg]   it 1268  |r|inf=6.565975e-06  r/r0=5.2827e-04
[mg]   it 1269  |r|inf=6.551685e-06  r/r0=5.2712e-04
[mg]   it 1270  |r|inf=6.537260e-06  r/r0=5.2596e-04
[mg]   it 1271  |r|inf=6.522700e-06  r/r0=5.2479e-04
[mg]   it 1272  |r|inf=6.508006e-06  r/r0=5.2361e-04
[mg]   it 1273  |r|inf=6.493179e-06  r/r0=5.2241e-04
[mg]   it 1274  |r|inf=6.478217e-06  r/r0=5.2121e-04
[mg]   it 1275  |r|inf=6.463123e-06  r/r0=5.1999e-04
[mg]   it 1276  |r|inf=6.447896e-06  r/r0=5.1877e-04
[mg]   it 1277  |r|inf=6.432536e-06  r/r0=5.1753e-04
[mg]   it 1278  |r|inf=6.417045e-06  r/r0=5.1629e-04
[mg]   it 1279  |r|inf=6.401422e-06  r/r0=5.1503e-04
[mg]   it 1280  |r|inf=6.385668e-06  r/r0=5.1376e-04
[mg]   it 1281  |r|inf=6.369784e-06  r/r0=5.1248e-04
[mg]   it 1282  |r|inf=6.353769e-06  r/r0=5.1120e-04
[mg]   it 1283  |r|inf=6.337624e-06  r/r0=5.0990e-04
[mg]   it 1284  |r|inf=6.321350e-06  r/r0=5.0859e-04
[mg]   it 1285  |r|inf=6.304947e-06  r/r0=5.0727e-04
[mg]   it 1286  |r|inf=6.288416e-06  r/r0=5.0594e-04
[mg]   it 1287  |r|inf=6.271756e-06  r/r0=5.0460e-04
[mg]   it 1288  |r|inf=6.254968e-06  r/r0=5.0325e-04
[mg]   it 1289  |r|inf=6.238053e-06  r/r0=5.0189e-04
[mg]   it 1290  |r|inf=6.221012e-06  r/r0=5.0052e-04
[mg]   it 1291  |r|inf=6.203844e-06  r/r0=4.9913e-04
[mg]   it 1292  |r|inf=6.186550e-06  r/r0=4.9774e-04
[mg]   it 1293  |r|inf=6.169130e-06  r/r0=4.9634e-04
[mg]   it 1294  |r|inf=6.151585e-06  r/r0=4.9493e-04
[mg]   it 1295  |r|inf=6.133916e-06  r/r0=4.9351e-04
[mg]   it 1296  |r|inf=6.116123e-06  r/r0=4.9208e-04
[mg]   it 1297  |r|inf=6.098205e-06  r/r0=4.9063e-04
[mg]   it 1298  |r|inf=6.080165e-06  r/r0=4.8918e-04
[mg]   it 1299  |r|inf=6.062002e-06  r/r0=4.8772e-04
[mg]   it 1300  |r|inf=6.043716e-06  r/r0=4.8625e-04
[mg]   it 1301  |r|inf=6.025309e-06  r/r0=4.8477e-04
[mg]   it 1302  |r|inf=6.006780e-06  r/r0=4.8328e-04
[mg]   it 1303  |r|inf=5.988131e-06  r/r0=4.8178e-04
[mg]   it 1304  |r|inf=5.969361e-06  r/r0=4.8027e-04
[mg]   it 1305  |r|inf=5.950471e-06  r/r0=4.7875e-04
[mg]   it 1306  |r|inf=5.931461e-06  r/r0=4.7722e-04
[mg]   it 1307  |r|inf=5.912333e-06  r/r0=4.7568e-04
[mg]   it 1308  |r|inf=5.893086e-06  r/r0=4.7413e-04
[mg]   it 1309  |r|inf=5.873722e-06  r/r0=4.7257e-04
[mg]   it 1310  |r|inf=5.854240e-06  r/r0=4.7101e-04
[mg]   it 1311  |r|inf=5.834641e-06  r/r0=4.6943e-04
[mg]   it 1312  |r|inf=5.814925e-06  r/r0=4.6784e-04
[mg]   it 1313  |r|inf=5.801370e-06  r/r0=4.6675e-04
[mg]   it 1314  |r|inf=5.817500e-06  r/r0=4.6805e-04
[mg]   it 1315  |r|inf=5.833507e-06  r/r0=4.6934e-04
[mg]   it 1316  |r|inf=5.849391e-06  r/r0=4.7062e-04
[mg]   it 1317  |r|inf=5.865150e-06  r/r0=4.7188e-04
[mg]   it 1318  |r|inf=5.880786e-06  r/r0=4.7314e-04
[mg]   it 1319  |r|inf=5.896297e-06  r/r0=4.7439e-04
[mg]   it 1320  |r|inf=5.911683e-06  r/r0=4.7563e-04
[mg]   it 1321  |r|inf=5.926945e-06  r/r0=4.7686e-04
[mg]   it 1322  |r|inf=5.942082e-06  r/r0=4.7807e-04
[mg]   it 1323  |r|inf=5.957093e-06  r/r0=4.7928e-04
[mg]   it 1324  |r|inf=5.971979e-06  r/r0=4.8048e-04
[mg]   it 1325  |r|inf=5.986739e-06  r/r0=4.8167e-04
[mg]   it 1326  |r|inf=6.001373e-06  r/r0=4.8284e-04
[mg]   it 1327  |r|inf=6.015881e-06  r/r0=4.8401e-04
[mg]   it 1328  |r|inf=6.030263e-06  r/r0=4.8517e-04
[mg]   it 1329  |r|inf=6.044517e-06  r/r0=4.8632e-04
[mg]   it 1330  |r|inf=6.058645e-06  r/r0=4.8745e-04
[mg]   it 1331  |r|inf=6.072646e-06  r/r0=4.8858e-04
[mg]   it 1332  |r|inf=6.086519e-06  r/r0=4.8969e-04
[mg]   it 1333  |r|inf=6.100265e-06  r/r0=4.9080e-04
[mg]   it 1334  |r|inf=6.113882e-06  r/r0=4.9190e-04
[mg]   it 1335  |r|inf=6.127372e-06  r/r0=4.9298e-04
[mg]   it 1336  |r|inf=6.140734e-06  r/r0=4.9406e-04
[mg]   it 1337  |r|inf=6.153967e-06  r/r0=4.9512e-04
[mg]   it 1338  |r|inf=6.167072e-06  r/r0=4.9618e-04
[mg]   it 1339  |r|inf=6.180048e-06  r/r0=4.9722e-04
[mg]   it 1340  |r|inf=6.192895e-06  r/r0=4.9825e-04
[mg]   it 1341  |r|inf=6.205612e-06  r/r0=4.9928e-04
[mg]   it 1342  |r|inf=6.218201e-06  r/r0=5.0029e-04
[mg]   it 1343  |r|inf=6.230659e-06  r/r0=5.0129e-04
[mg]   it 1344  |r|inf=6.242989e-06  r/r0=5.0228e-04
[mg]   it 1345  |r|inf=6.255188e-06  r/r0=5.0326e-04
[mg]   it 1346  |r|inf=6.267257e-06  r/r0=5.0424e-04
[mg]   it 1347  |r|inf=6.279196e-06  r/r0=5.0520e-04
[mg]   it 1348  |r|inf=6.291005e-06  r/r0=5.0615e-04
[mg]   it 1349  |r|inf=6.302683e-06  r/r0=5.0709e-04
[mg]   it 1350  |r|inf=6.314230e-06  r/r0=5.0802e-04
[mg]   it 1351  |r|inf=6.325647e-06  r/r0=5.0893e-04
[mg]   it 1352  |r|inf=6.336933e-06  r/r0=5.0984e-04
[mg]   it 1353  |r|inf=6.348087e-06  r/r0=5.1074e-04
[mg]   it 1354  |r|inf=6.359111e-06  r/r0=5.1163e-04
[mg]   it 1355  |r|inf=6.370003e-06  r/r0=5.1250e-04
[mg]   it 1356  |r|inf=6.380763e-06  r/r0=5.1337e-04
[mg]   it 1357  |r|inf=6.391392e-06  r/r0=5.1422e-04
[mg]   it 1358  |r|inf=6.401889e-06  r/r0=5.1507e-04
[mg]   it 1359  |r|inf=6.412254e-06  r/r0=5.1590e-04
[mg]   it 1360  |r|inf=6.422487e-06  r/r0=5.1673e-04
[mg]   it 1361  |r|inf=6.432588e-06  r/r0=5.1754e-04
[mg]   it 1362  |r|inf=6.442557e-06  r/r0=5.1834e-04
[mg]   it 1363  |r|inf=6.452394e-06  r/r0=5.1913e-04
[mg]   it 1364  |r|inf=6.462098e-06  r/r0=5.1991e-04
[mg]   it 1365  |r|inf=6.471670e-06  r/r0=5.2068e-04
[mg]   it 1366  |r|inf=6.481109e-06  r/r0=5.2144e-04
[mg]   it 1367  |r|inf=6.490416e-06  r/r0=5.2219e-04
[mg]   it 1368  |r|inf=6.499590e-06  r/r0=5.2293e-04
[mg]   it 1369  |r|inf=6.508631e-06  r/r0=5.2366e-04
[mg]   it 1370  |r|inf=6.517539e-06  r/r0=5.2437e-04
[mg]   it 1371  |r|inf=6.526314e-06  r/r0=5.2508e-04
[mg]   it 1372  |r|inf=6.534956e-06  r/r0=5.2577e-04
[mg]   it 1373  |r|inf=6.543465e-06  r/r0=5.2646e-04
[mg]   it 1374  |r|inf=6.551841e-06  r/r0=5.2713e-04
[mg]   it 1375  |r|inf=6.560084e-06  r/r0=5.2780e-04
[mg]   it 1376  |r|inf=6.568194e-06  r/r0=5.2845e-04
[mg]   it 1377  |r|inf=6.576170e-06  r/r0=5.2909e-04
[mg]   it 1378  |r|inf=6.584013e-06  r/r0=5.2972e-04
[mg]   it 1379  |r|inf=6.591723e-06  r/r0=5.3034e-04
[mg]   it 1380  |r|inf=6.599300e-06  r/r0=5.3095e-04
[mg]   it 1381  |r|inf=6.606743e-06  r/r0=5.3155e-04
[mg]   it 1382  |r|inf=6.614052e-06  r/r0=5.3214e-04
[mg]   it 1383  |r|inf=6.621229e-06  r/r0=5.3271e-04
[mg]   it 1384  |r|inf=6.628271e-06  r/r0=5.3328e-04
[mg]   it 1385  |r|inf=6.635181e-06  r/r0=5.3384e-04
[mg]   it 1386  |r|inf=6.641957e-06  r/r0=5.3438e-04
[mg]   it 1387  |r|inf=6.648599e-06  r/r0=5.3492e-04
[mg]   it 1388  |r|inf=6.655109e-06  r/r0=5.3544e-04
[mg]   it 1389  |r|inf=6.661484e-06  r/r0=5.3595e-04
[mg]   it 1390  |r|inf=6.667727e-06  r/r0=5.3646e-04
[mg]   it 1391  |r|inf=6.673836e-06  r/r0=5.3695e-04
[mg]   it 1392  |r|inf=6.679811e-06  r/r0=5.3743e-04
[mg]   it 1393  |r|inf=6.685654e-06  r/r0=5.3790e-04
[mg]   it 1394  |r|inf=6.691363e-06  r/r0=5.3836e-04
[mg]   it 1395  |r|inf=6.696939e-06  r/r0=5.3881e-04
[mg]   it 1396  |r|inf=6.702381e-06  r/r0=5.3924e-04
[mg]   it 1397  |r|inf=6.707691e-06  r/r0=5.3967e-04
[mg]   it 1398  |r|inf=6.712867e-06  r/r0=5.4009e-04
[mg]   it 1399  |r|inf=6.717910e-06  r/r0=5.4049e-04
[mg]   it 1400  |r|inf=6.722821e-06  r/r0=5.4089e-04
[mg]   it 1401  |r|inf=6.727598e-06  r/r0=5.4127e-04
[mg]   it 1402  |r|inf=6.732243e-06  r/r0=5.4165e-04
[mg]   it 1403  |r|inf=6.736755e-06  r/r0=5.4201e-04
[mg]   it 1404  |r|inf=6.741134e-06  r/r0=5.4236e-04
[mg]   it 1405  |r|inf=6.745381e-06  r/r0=5.4270e-04
[mg]   it 1406  |r|inf=6.749495e-06  r/r0=5.4303e-04
[mg]   it 1407  |r|inf=6.753476e-06  r/r0=5.4335e-04
[mg]   it 1408  |r|inf=6.757326e-06  r/r0=5.4366e-04
[mg]   it 1409  |r|inf=6.761043e-06  r/r0=5.4396e-04
[mg]   it 1410  |r|inf=6.764628e-06  r/r0=5.4425e-04
[mg]   it 1411  |r|inf=6.768081e-06  r/r0=5.4453e-04
[mg]   it 1412  |r|inf=6.771402e-06  r/r0=5.4480e-04
[mg]   it 1413  |r|inf=6.774591e-06  r/r0=5.4505e-04
[mg]   it 1414  |r|inf=6.777649e-06  r/r0=5.4530e-04
[mg]   it 1415  |r|inf=6.780575e-06  r/r0=5.4554e-04
[mg]   it 1416  |r|inf=6.783370e-06  r/r0=5.4576e-04
[mg]   it 1417  |r|inf=6.786034e-06  r/r0=5.4597e-04
[mg]   it 1418  |r|inf=6.788566e-06  r/r0=5.4618e-04
[mg]   it 1419  |r|inf=6.790968e-06  r/r0=5.4637e-04
[mg]   it 1420  |r|inf=6.793238e-06  r/r0=5.4655e-04
[mg]   it 1421  |r|inf=6.795378e-06  r/r0=5.4673e-04
[mg]   it 1422  |r|inf=6.797388e-06  r/r0=5.4689e-04
[mg]   it 1423  |r|inf=6.799267e-06  r/r0=5.4704e-04
[mg]   it 1424  |r|inf=6.801016e-06  r/r0=5.4718e-04
[mg]   it 1425  |r|inf=6.802635e-06  r/r0=5.4731e-04
[mg]   it 1426  |r|inf=6.804124e-06  r/r0=5.4743e-04
[mg]   it 1427  |r|inf=6.805484e-06  r/r0=5.4754e-04
[mg]   it 1428  |r|inf=6.806714e-06  r/r0=5.4764e-04
[mg]   it 1429  |r|inf=6.807815e-06  r/r0=5.4773e-04
[mg]   it 1430  |r|inf=6.808787e-06  r/r0=5.4780e-04
[mg]   it 1431  |r|inf=6.809629e-06  r/r0=5.4787e-04
[mg]   it 1432  |r|inf=6.810344e-06  r/r0=5.4793e-04
[mg]   it 1433  |r|inf=6.810929e-06  r/r0=5.4798e-04
[mg]   it 1434  |r|inf=6.811387e-06  r/r0=5.4801e-04
[mg]   it 1435  |r|inf=6.811716e-06  r/r0=5.4804e-04
[mg]   it 1436  |r|inf=6.811918e-06  r/r0=5.4806e-04
[mg]   it 1437  |r|inf=6.811992e-06  r/r0=5.4806e-04
[mg]   it 1438  |r|inf=6.811938e-06  r/r0=5.4806e-04
[mg]   it 1439  |r|inf=6.811758e-06  r/r0=5.4804e-04
[mg]   it 1440  |r|inf=6.811450e-06  r/r0=5.4802e-04
[mg]   it 1441  |r|inf=6.811016e-06  r/r0=5.4798e-04
[mg]   it 1442  |r|inf=6.811079e-06  r/r0=5.4799e-04
[mg]   it 1443  |r|inf=6.838263e-06  r/r0=5.5018e-04
[mg]   it 1444  |r|inf=6.865304e-06  r/r0=5.5235e-04
[mg]   it 1445  |r|inf=6.892202e-06  r/r0=5.5452e-04
[mg]   it 1446  |r|inf=6.918954e-06  r/r0=5.5667e-04
[mg]   it 1447  |r|inf=6.945563e-06  r/r0=5.5881e-04
[mg]   it 1448  |r|inf=6.972026e-06  r/r0=5.6094e-04
[mg]   it 1449  |r|inf=6.998344e-06  r/r0=5.6306e-04
[mg]   it 1450  |r|inf=7.024516e-06  r/r0=5.6516e-04
[mg]   it 1451  |r|inf=7.050542e-06  r/r0=5.6726e-04
[mg]   it 1452  |r|inf=7.076423e-06  r/r0=5.6934e-04
[mg]   it 1453  |r|inf=7.102156e-06  r/r0=5.7141e-04
[mg]   it 1454  |r|inf=7.127743e-06  r/r0=5.7347e-04
[mg]   it 1455  |r|inf=7.153182e-06  r/r0=5.7551e-04
[mg]   it 1456  |r|inf=7.178474e-06  r/r0=5.7755e-04
[mg]   it 1457  |r|inf=7.203618e-06  r/r0=5.7957e-04
[mg]   it 1458  |r|inf=7.228614e-06  r/r0=5.8158e-04
[mg]   it 1459  |r|inf=7.253462e-06  r/r0=5.8358e-04
[mg]   it 1460  |r|inf=7.278161e-06  r/r0=5.8557e-04
[mg]   it 1461  |r|inf=7.302711e-06  r/r0=5.8754e-04
[mg]   it 1462  |r|inf=7.327112e-06  r/r0=5.8951e-04
[mg]   it 1463  |r|inf=7.351363e-06  r/r0=5.9146e-04
[mg]   it 1464  |r|inf=7.375465e-06  r/r0=5.9340e-04
[mg]   it 1465  |r|inf=7.399417e-06  r/r0=5.9532e-04
[mg]   it 1466  |r|inf=7.423219e-06  r/r0=5.9724e-04
[mg]   it 1467  |r|inf=7.446871e-06  r/r0=5.9914e-04
[mg]   it 1468  |r|inf=7.470372e-06  r/r0=6.0103e-04
[mg]   it 1469  |r|inf=7.493722e-06  r/r0=6.0291e-04
[mg]   it 1470  |r|inf=7.516921e-06  r/r0=6.0478e-04
[mg]   it 1471  |r|inf=7.539969e-06  r/r0=6.0663e-04
[mg]   it 1472  |r|inf=7.562866e-06  r/r0=6.084[run] step 2/3
7e-04
[mg]   it 1473  |r|inf=7.585611e-06  r/r0=6.1030e-04
[mg]   it 1474  |r|inf=7.608204e-06  r/r0=6.1212e-04
[mg]   it 1475  |r|inf=7.630646e-06  r/r0=6.1393e-04
[mg]   it 1476  |r|inf=7.652935e-06  r/r0=6.1572e-04
[mg]   it 1477  |r|inf=7.675072e-06  r/r0=6.1750e-04
[mg]   it 1478  |r|inf=7.697056e-06  r/r0=6.1927e-04
[mg]   it 1479  |r|inf=7.718888e-06  r/r0=6.2103e-04
[mg]   it 1480  |r|inf=7.740567e-06  r/r0=6.2277e-04
[mg]   it 1481  |r|inf=7.762093e-06  r/r0=6.2450e-04
[mg]   it 1482  |r|inf=7.783467e-06  r/r0=6.2622e-04
[mg]   it 1483  |r|inf=7.804687e-06  r/r0=6.2793e-04
[mg]   it 1484  |r|inf=7.825754e-06  r/r0=6.2963e-04
[mg]   it 1485  |r|inf=7.846667e-06  r/r0=6.3131e-04
[mg]   it 1486  |r|inf=7.867427e-06  r/r0=6.3298e-04
[mg]   it 1487  |r|inf=7.888033e-06  r/r0=6.3464e-04
[mg]   it 1488  |r|inf=7.908486e-06  r/r0=6.3628e-04
[mg]   it 1489  |r|inf=7.928784e-06  r/r0=6.3792e-04
[mg]   it 1490  |r|inf=7.948929e-06  r/r0=6.3954e-04
[mg]   it 1491  |r|inf=7.968920e-06  r/r0=6.4114e-04
[mg]   it 1492  |r|inf=7.988757e-06  r/r0=6.4274e-04
[mg]   it 1493  |r|inf=8.008439e-06  r/r0=6.4432e-04
[mg]   it 1494  |r|inf=8.027968e-06  r/r0=6.4589e-04
[mg]   it 1495  |r|inf=8.047342e-06  r/r0=6.4745e-04
[mg]   it 1496  |r|inf=8.066562e-06  r/r0=6.4900e-04
[mg]   it 1497  |r|inf=8.085627e-06  r/r0=6.5053e-04
[mg]   it 1498  |r|inf=8.104539e-06  r/r0=6.5206e-04
[mg]   it 1499  |r|inf=8.123295e-06  r/r0=6.5356e-04
[mg]   it 1500  |r|inf=8.141897e-06  r/r0=6.5506e-04
[mg] solve 2: r0=1.187404e-02 rtol=1.0e-09 (pre=2 post=2 bottom=12)
[mg]   it   1  |r|inf=1.549750e-02  r/r0=1.3052e+00
[mg]   it   2  |r|inf=4.397309e-03  r/r0=3.7033e-01
[mg]   it   3  |r|inf=1.921709e-03  r/r0=1.6184e-01
[mg]   it   4  |r|inf=1.006158e-03  r/r0=8.4736e-02
[mg]   it   5  |r|inf=5.126793e-04  r/r0=4.3176e-02
[mg]   it   6  |r|inf=3.732182e-04  r/r0=3.1431e-02
[mg]   it   7  |r|inf=2.484054e-04  r/r0=2.0920e-02
[mg]   it   8  |r|inf=2.108952e-04  r/r0=1.7761e-02
[mg]   it   9  |r|inf=1.839804e-04  r/r0=1.5494e-02
[mg]   it  10  |r|inf=1.579338e-04  r/r0=1.3301e-02
[mg]   it  11  |r|inf=1.314666e-04  r/r0=1.1072e-02
[mg]   it  12  |r|inf=9.861444e-05  r/r0=8.3050e-03
[mg]   it  13  |r|inf=7.241670e-05  r/r0=6.0987e-03
[mg]   it  14  |r|inf=6.084781e-05  r/r0=5.1244e-03
[mg]   it  15  |r|inf=4.481685e-05  r/r0=3.7744e-03
[mg]   it  16  |r|inf=3.320684e-05  r/r0=2.7966e-03
[mg]   it  17  |r|inf=2.448815e-05  r/r0=2.0623e-03
[mg]   it  18  |r|inf=1.500284e-05  r/r0=1.2635e-03
[mg]   it  19  |r|inf=2.020149e-05  r/r0=1.7013e-03
[mg]   it  20  |r|inf=1.264099e-05  r/r0=1.0646e-03
[mg]   it  21  |r|inf=1.641841e-05  r/r0=1.3827e-03
[mg]   it  22  |r|inf=8.037241e-06  r/r0=6.7688e-04
[mg]   it  23  |r|inf=1.058124e-05  r/r0=8.9112e-04
[mg]   it  24  |r|inf=6.357789e-06  r/r0=5.3544e-04
[mg]   it  25  |r|inf=7.867178e-06  r/r0=6.6255e-04
[mg]   it  26  |r|inf=5.496181e-06  r/r0=4.6287e-04
[mg]   it  27  |r|inf=6.390028e-06  r/r0=5.3815e-04
[mg]   it  28  |r|inf=4.883680e-06  r/r0=4.1129e-04
[mg]   it  29  |r|inf=4.829627e-06  r/r0=4.0674e-04
[mg]   it  30  |r|inf=4.499633e-06  r/r0=3.7895e-04
[mg]   it  31  |r|inf=3.842405e-06  r/r0=3.2360e-04
[mg]   it  32  |r|inf=2.899934e-06  r/r0=2.4422e-04
[mg]   it  33  |r|inf=3.293375e-06  r/r0=2.7736e-04
[mg]   it  34  |r|inf=2.924609e-06  r/r0=2.4630e-04
[mg]   it  35  |r|inf=2.952564e-06  r/r0=2.4866e-04
[mg]   it  36  |r|inf=2.515347e-06  r/r0=2.1184e-04
[mg]   it  37  |r|inf=2.860423e-06  r/r0=2.4090e-04
[mg]   it  38  |r|inf=2.586925e-06  r/r0=2.1786e-04
[mg]   it  39  |r|inf=2.526259e-06  r/r0=2.1275e-04
[mg]   it  40  |r|inf=2.576678e-06  r/r0=2.1700e-04
[mg]   it  41  |r|inf=1.932301e-06  r/r0=1.6273e-04
[mg]   it  42  |r|inf=2.351371e-06  r/r0=1.9803e-04
[mg]   it  43  |r|inf=2.261556e-06  r/r0=1.9046e-04
[mg]   it  44  |r|inf=2.210517e-06  r/r0=1.8616e-04
[mg]   it  45  |r|inf=2.184034e-06  r/r0=1.8393e-04
[mg]   it  46  |r|inf=2.559324e-06  r/r0=2.1554e-04
[mg]   it  47  |r|inf=2.496366e-06  r/r0=2.1024e-04
[mg]   it  48  |r|inf=2.094374e-06  r/r0=1.7638e-04
[mg]   it  49  |r|inf=2.237165e-06  r/r0=1.8841e-04
[mg]   it  50  |r|inf=2.400340e-06  r/r0=2.0215e-04
[mg]   it  51  |r|inf=2.310203e-06  r/r0=1.9456e-04
[mg]   it  52  |r|inf=2.150065e-06  r/r0=1.8107e-04
[mg]   it  53  |r|inf=2.335540e-06  r/r0=1.9669e-04
[mg]   it  54  |r|inf=2.368225e-06  r/r0=1.9945e-04
[mg]   it  55  |r|inf=2.744724e-06  r/r0=2.3115e-04
[mg]   it  56  |r|inf=2.887869e-06  r/r0=2.4321e-04
[mg]   it  57  |r|inf=2.816302e-06  r/r0=2.3718e-04
[mg]   it  58  |r|inf=2.565562e-06  r/r0=2.1606e-04
[mg]   it  59  |r|inf=2.294503e-06  r/r0=1.9324e-04
[mg]   it  60  |r|inf=2.577095e-06  r/r0=2.1704e-04
[mg]   it  61  |r|inf=2.730507e-06  r/r0=2.2996e-04
[mg]   it  62  |r|inf=2.755338e-06  r/r0=2.3205e-04
[mg]   it  63  |r|inf=2.652926e-06  r/r0=2.2342e-04
[mg]   it  64  |r|inf=2.427275e-06  r/r0=2.0442e-04
[mg]   it  65  |r|inf=2.629162e-06  r/r0=2.2142e-04
[mg]   it  66  |r|inf=2.764052e-06  r/r0=2.3278e-04
[mg]   it  67  |r|inf=2.783495e-06  r/r0=2.3442e-04
[mg]   it  68  |r|inf=3.078436e-06  r/r0=2.5926e-04
[mg]   it  69  |r|inf=3.367447e-06  r/r0=2.8360e-04
[mg]   it  70  |r|inf=3.532655e-06  r/r0=2.9751e-04
[mg]   it  71  |r|inf=3.578591e-06  r/r0=3.0138e-04
[mg]   it  72  |r|inf=3.515538e-06  r/r0=2.9607e-04
[mg]   it  73  |r|inf=3.356721e-06  r/r0=2.8269e-04
[mg]   it  74  |r|inf=3.115998e-06  r/r0=2.6242e-04
[mg]   it  75  |r|inf=2.806395e-06  r/r0=2.3635e-04
[mg]   it  76  |r|inf=2.961778e-06  r/r0=2.4943e-04
[mg]   it  77  |r|inf=3.138462e-06  r/r0=2.6431e-04
[mg]   it  78  |r|inf=3.250814e-06  r/r0=2.7377e-04
[mg]   it  79  |r|inf=3.299676e-06  r/r0=2.7789e-04
[mg]   it  80  |r|inf=3.285927e-06  r/r0=2.7673e-04
[mg]   it  81  |r|inf=3.210660e-06  r/r0=2.7039e-04
[mg]   it  82  |r|inf=3.075487e-06  r/r0=2.5901e-04
[mg]   it  83  |r|inf=2.882865e-06  r/r0=2.4279e-04
[mg]   it  84  |r|inf=2.979024e-06  r/r0=2.5089e-04
[mg]   it  85  |r|inf=3.133235e-06  r/r0=2.6387e-04
[mg]   it  86  |r|inf=3.233692e-06  r/r0=2.7233e-04
[mg]   it  87  |r|inf=3.279190e-06  r/r0=2.7616e-04
[mg]   it  88  |r|inf=3.270107e-06  r/r0=2.7540e-04
[mg]   it  89  |r|inf=3.552696e-06  r/r0=2.9920e-04
[mg]   it  90  |r|inf=3.810579e-06  r/r0=3.2092e-04
[mg]   it  91  |r|inf=4.008824e-06  r/r0=3.3761e-04
[mg]   it  92  |r|inf=4.147369e-06  r/r0=3.4928e-04
[mg]   it  93  |r|inf=4.227758e-06  r/r0=3.5605e-04
[mg]   it  94  |r|inf=4.252797e-06  r/r0=3.5816e-04
[mg]   it  95  |r|inf=4.226175e-06  r/r0=3.5592e-04
[mg]   it  96  |r|inf=4.152109e-06  r/r0=3.4968e-04
[mg]   it  97  |r|inf=4.035033e-06  r/r0=3.3982e-04
[mg]   it  98  |r|inf=3.879353e-06  r/r0=3.2671e-04
[mg]   it  99  |r|inf=3.689280e-06  r/r0=3.1070e-04
[mg]   it 100  |r|inf=3.468727e-06  r/r0=2.9213e-04
[mg]   it 101  |r|inf=3.221259e-06  r/r0=2.7129e-04
[mg]   it 102  |r|inf=3.370152e-06  r/r0=2.8383e-04
[mg]   it 103  |r|inf=3.500252e-06  r/r0=2.9478e-04
[mg]   it 104  |r|inf=3.601456e-06  r/r0=3.0331e-04
[mg]   it 105  |r|inf=3.674249e-06  r/r0=3.0944e-04
[mg]   it 106  |r|inf=3.719090e-06  r/r0=3.1321e-04
[mg]   it 107  |r|inf=3.736422e-06  r/r0=3.1467e-04
[mg]   it 108  |r|inf=3.726679e-06  r/r0=3.1385e-04
[mg]   it 109  |r|inf=3.690319e-06  r/r0=3.1079e-04
[mg]   it 110  |r|inf=3.627848e-06  r/r0=3.0553e-04
[mg]   it 111  |r|inf=3.539863e-06  r/r0=2.9812e-04
[mg]   it 112  |r|inf=3.427080e-06  r/r0=2.8862e-04
[mg]   it 113  |r|inf=3.290368e-06  r/r0=2.7711e-04
[mg]   it 114  |r|inf=3.142689e-06  r/r0=2.6467e-04
[mg]   it 115  |r|inf=3.280679e-06  r/r0=2.7629e-04
[mg]   it 116  |r|inf=3.396868e-06  r/r0=2.8608e-04
[mg]   it 117  |r|inf=3.490566e-06  r/r0=2.9397e-04
[mg]   it 118  |r|inf=3.561293e-06  r/r0=2.9992e-04
[mg]   it 119  |r|inf=3.608810e-06  r/r0=3.0392e-04
[mg]   it 120  |r|inf=3.633128e-06  r/r0=3.0597e-04
[mg]   it 121  |r|inf=3.634519e-06  r/r0=3.0609e-04
[mg]   it 122  |r|inf=3.707198e-06  r/r0=3.1221e-04
[mg]   it 123  |r|inf=3.923390e-06  r/r0=3.3042e-04
[mg]   it 124  |r|inf=4.114738e-06  r/r0=3.4653e-04
[mg]   it 125  |r|inf=4.280686e-06  r/r0=3.6051e-04
[mg]   it 126  |r|inf=4.420994e-06  r/r0=3.7232e-04
[mg]   it 127  |r|inf=4.535723e-06  r/r0=3.8199e-04
[mg]   it 128  |r|inf=4.625202e-06  r/r0=3.8952e-04
[mg]   it 129  |r|inf=4.689996e-06  r/r0=3.9498e-04
[mg]   it 130  |r|inf=4.730873e-06  r/r0=3.9842e-04
[mg]   it 131  |r|inf=4.748756e-06  r/r0=3.9993e-04
[mg]   it 132  |r|inf=4.744695e-06  r/r0=3.9959e-04
[mg]   it 133  |r|inf=4.719822e-06  r/r0=3.9749e-04
[mg]   it 134  |r|inf=4.675323e-06  r/r0=3.9374e-04
[mg]   it 135  |r|inf=4.612407e-06  r/r0=3.8844e-04
[mg]   it 136  |r|inf=4.532282e-06  r/r0=3.8170e-04
[mg]   it 137  |r|inf=4.436135e-06  r/r0=3.7360e-04
[mg]   it 138  |r|inf=4.325115e-06  r/r0=3.6425e-04
[mg]   it 139  |r|inf=4.200323e-06  r/r0=3.5374e-04
[mg]   it 140  |r|inf=4.062803e-06  r/r0=3.4216e-04
[mg]   it 141  |r|inf=3.913541e-06  r/r0=3.2959e-04
[mg]   it 142  |r|inf=3.753459e-06  r/r0=3.1611e-04
[mg]   it 143  |r|inf=3.583419e-06  r/r0=3.0179e-04
[mg]   it 144  |r|inf=3.600076e-06  r/r0=3.0319e-04
[mg]   it 145  |r|inf=3.690461e-06  r/r0=3.1080e-04
[mg]   it 146  |r|inf=3.769097e-06  r/r0=3.1742e-04
[mg]   it 147  |r|inf=3.836161e-06  r/r0=3.2307e-04
[mg]   it 148  |r|inf=3.891825e-06  r/r0=3.2776e-04
[mg]   it 149  |r|inf=3.936255e-06  r/r0=3.3150e-04
[mg]   it 150  |r|inf=3.969612e-06  r/r0=3.3431e-04
[mg]   it 151  |r|inf=3.992050e-06  r/r0=3.3620e-04
[mg]   it 152  |r|inf=4.003720e-06  r/r0=3.3718e-04
[mg]   it 153  |r|inf=4.004767e-06  r/r0=3.3727e-04
[mg]   it 154  |r|inf=3.995338e-06  r/r0=3.3648e-04
[mg]   it 155  |r|inf=3.975578e-06  r/r0=3.3481e-04
[mg]   it 156  |r|inf=3.945640e-06  r/r0=3.3229e-04
[mg]   it 157  |r|inf=3.905682e-06  r/r0=3.2893e-04
[mg]   it 158  |r|inf=3.855873e-06  r/r0=3.2473e-04
[mg]   it 159  |r|inf=3.796395e-06  r/r0=3.1972e-04
[mg]   it 160  |r|inf=3.727446e-06  r/r0=3.1392e-04
[mg]   it 161  |r|inf=3.649246e-06  r/r0=3.0733e-04
[mg]   it 162  |r|inf=3.562032e-06  r/r0=2.9998e-04
[mg]   it 163  |r|inf=3.466068e-06  r/r0=2.9190e-04
[mg]   it 164  |r|inf=3.361642e-06  r/r0=2.8311e-04
[mg]   it 165  |r|inf=3.329364e-06  r/r0=2.8039e-04
[mg]   it 166  |r|inf=3.415215e-06  r/r0=2.8762e-04
[mg]   it 167  |r|inf=3.492694e-06  r/r0=2.9415e-04
[mg]   it 168  |r|inf=3.561652e-06  r/r0=2.9995e-04
[mg]   it 169  |r|inf=3.621968e-06  r/r0=3.0503e-04
[mg]   it 170  |r|inf=3.673549e-06  r/r0=3.0938e-04
[mg]   it 171  |r|inf=3.716339e-06  r/r0=3.1298e-04
[mg]   it 172  |r|inf=3.750310e-06  r/r0=3.1584e-04
[mg]   it 173  |r|inf=3.775474e-06  r/r0=3.1796e-04
[mg]   it 174  |r|inf=3.791873e-06  r/r0=3.1934e-04
[mg]   it 175  |r|inf=3.799586e-06  r/r0=3.1999e-04
[mg]   it 176  |r|inf=3.798728e-06  r/r0=3.1992e-04
[mg]   it 177  |r|inf=3.789444e-06  r/r0=3.1914e-04
[mg]   it 178  |r|inf=3.910577e-06  r/r0=3.2934e-04
[mg]   it 179  |r|inf=4.048266e-06  r/r0=3.4093e-04
[mg]   it 180  |r|inf=4.176406e-06  r/r0=3.5173e-04
[mg]   it 181  |r|inf=4.294864e-06  r/r0=3.6170e-04
[mg]   it 182  |r|inf=4.403552e-06  r/r0=3.7086e-04
[mg]   it 183  |r|inf=4.502426e-06  r/r0=3.7918e-04
[mg]   it 184  |r|inf=4.591483e-06  r/r0=3.8668e-04
[mg]   it 185  |r|inf=4.670761e-06  r/r0=3.9336e-04
[mg]   it 186  |r|inf=4.740334e-06  r/r0=3.9922e-04
[mg]   it 187  |r|inf=4.800313e-06  r/r0=4.0427e-04
[mg]   it 188  |r|inf=4.850837e-06  r/r0=4.0852e-04
[mg]   it 189  |r|inf=4.892076e-06  r/r0=4.1200e-04
[mg]   it 190  |r|inf=4.924224e-06  r/r0=4.1471e-04
[mg]   it 191  |r|inf=4.947497e-06  r/r0=4.1667e-04
[mg]   it 192  |r|inf=4.962128e-06  r/r0=4.1790e-04
[mg]   it 193  |r|inf=4.968369e-06  r/r0=4.1842e-04
[mg]   it 194  |r|inf=4.966481e-06  r/r0=4.1826e-04
[mg]   it 195  |r|inf=4.956735e-06  r/r0=4.1744e-04
[mg]   it 196  |r|inf=4.939408e-06  r/r0=4.1598e-04
[mg]   it 197  |r|inf=4.914785e-06  r/r0=4.1391e-04
[mg]   it 198  |r|inf=4.883147e-06  r/r0=4.1125e-04
[mg]   it 199  |r|inf=4.844779e-06  r/r0=4.0801e-04
[mg]   it 200  |r|inf=4.799963e-06  r/r0=4.0424e-04
[mg]   it 201  |r|inf=4.748977e-06  r/r0=3.9995e-04
[mg]   it 202  |r|inf=4.692093e-06  r/r0=3.9516e-04
[mg]   it 203  |r|inf=4.629580e-06  r/r0=3.8989e-04
[mg]   it 204  |r|inf=4.561697e-06  r/r0=3.8417e-04
[mg]   it 205  |r|inf=4.488697e-06  r/r0=3.7803e-04
[mg]   it 206  |r|inf=4.410823e-06  r/r0=3.7147e-04
[mg]   it 207  |r|inf=4.328311e-06  r/r0=3.6452e-04
[mg]   it 208  |r|inf=4.241387e-06  r/r0=3.5720e-04
[mg]   it 209  |r|inf=4.150269e-06  r/r0=3.4952e-04
[mg]   it 210  |r|inf=4.055165e-06  r/r0=3.4152e-04
[mg]   it 211  |r|inf=3.956274e-06  r/r0=3.3319e-04
[mg]   it 212  |r|inf=3.853788e-06  r/r0=3.2456e-04
[mg]   it 213  |r|inf=3.747887e-06  r/r0=3.1564e-04
[mg]   it 214  |r|inf=3.638747e-06  r/r0=3.0645e-04
[mg]   it 215  |r|inf=3.687015e-06  r/r0=3.1051e-04
[mg]   it 216  |r|inf=3.739809e-06  r/r0=3.1496e-04
[mg]   it 217  |r|inf=3.788357e-06  r/r0=3.1905e-04
[mg]   it 218  |r|inf=3.832704e-06  r/r0=3.2278e-04
[mg]   it 219  |r|inf=3.872898e-06  r/r0=3.2617e-04
[mg]   it 220  |r|inf=3.908984e-06  r/r0=3.2920e-04
[mg]   it 221  |r|inf=3.941004e-06  r/r0=3.3190e-04
[mg]   it 222  |r|inf=3.969003e-06  r/r0=3.3426e-04
[mg]   it 223  |r|inf=3.993022e-06  r/r0=3.3628e-04
[mg]   it 224  |r|inf=4.013101e-06  r/r0=3.3797e-04
[mg]   it 225  |r|inf=4.029279e-06  r/r0=3.3934e-04
[mg]   it 226  |r|inf=4.041595e-06  r/r0=3.4037e-04
[mg]   it 227  |r|inf=4.050086e-06  r/r0=3.4109e-04
[mg]   it 228  |r|inf=4.054788e-06  r/r0=3.4148e-04
[mg]   it 229  |r|inf=4.055737e-06  r/r0=3.4156e-04
[mg]   it 230  |r|inf=4.052968e-06  r/r0=3.4133e-04
[mg]   it 231  |r|inf=4.046516e-06  r/r0=3.4079e-04
[mg]   it 232  |r|inf=4.036416e-06  r/r0=3.3994e-04
[mg]   it 233  |r|inf=4.022703e-06  r/r0=3.3878e-04
[mg]   it 234  |r|inf=4.005412e-06  r/r0=3.3733e-04
[mg]   it 235  |r|inf=3.984580e-06  r/r0=3.3557e-04
[mg]   it 236  |r|inf=3.960242e-06  r/r0=3.3352e-04
[mg]   it 237  |r|inf=3.932438e-06  r/r0=3.3118e-04
[mg]   it 238  |r|inf=3.901206e-06  r/r0=3.2855e-04
[mg]   it 239  |r|inf=3.866587e-06  r/r0=3.2563e-04
[mg]   it 240  |r|inf=3.828623e-06  r/r0=3.2244e-04
[mg]   it 241  |r|inf=3.787359e-06  r/r0=3.1896e-04
[mg]   it 242  |r|inf=3.742841e-06  r/r0=3.1521e-04
[mg]   it 243  |r|inf=3.695118e-06  r/r0=3.1119e-04
[mg]   it 244  |r|inf=3.644243e-06  r/r0=3.0691e-04
[mg]   it 245  |r|inf=3.590268e-06  r/r0=3.0236e-04
[mg]   it 246  |r|inf=3.533251e-06  r/r0=2.9756e-04
[mg]   it 247  |r|inf=3.473252e-06  r/r0=2.9251e-04
[mg]   it 248  |r|inf=3.410334e-06  r/r0=2.8721e-04
[mg]   it 249  |r|inf=3.344562e-06  r/r0=2.8167e-04
[mg]   it 250  |r|inf=3.315120e-06  r/r0=2.7919e-04
[mg]   it 251  |r|inf=3.368924e-06  r/r0=2.8372e-04
[mg]   it 252  |r|inf=3.419831e-06  r/r0=2.8801e-04
[mg]   it 253  |r|inf=3.467804e-06  r/r0=2.9205e-04
[mg]   it 254  |r|inf=3.512814e-06  r/r0=2.9584e-04
[mg]   it 255  |r|inf=3.554831e-06  r/r0=2.9938e-04
[mg]   it 256  |r|inf=3.593832e-06  r/r0=3.0266e-04
[mg]   it 257  |r|inf=3.629796e-06  r/r0=3.0569e-04
[mg]   it 258  |r|inf=3.662704e-06  r/r0=3.0846e-04
[mg]   it 259  |r|inf=3.692545e-06  r/r0=3.1098e-04
[mg]   it 260  |r|inf=3.719307e-06  r/r0=3.1323e-04
[mg]   it 261  |r|inf=3.742987e-06  r/r0=3.1522e-04
[mg]   it 262  |r|inf=3.763582e-06  r/r0=3.1696e-04
[mg]   it 263  |r|inf=3.781096e-06  r/r0=3.1843e-04
[mg]   it 264  |r|inf=3.795536e-06  r/r0=3.1965e-04
[mg]   it 265  |r|inf=3.806914e-06  r/r0=3.2061e-04
[mg]   it 266  |r|inf=3.815245e-06  r/r0=3.2131e-04
[mg]   it 267  |r|inf=3.820548e-06  r/r0=3.2176e-04
[mg]   it 268  |r|inf=3.822848e-06  r/r0=3.2195e-04
[mg]   it 269  |r|inf=3.822173e-06  r/r0=3.2189e-04
[mg]   it 270  |r|inf=3.818554e-06  r/r0=3.2159e-04
[mg]   it 271  |r|inf=3.855477e-06  r/r0=3.2470e-04
[mg]   it 272  |r|inf=3.944511e-06  r/r0=3.3220e-04
[mg]   it 273  |r|inf=4.030232e-06  r/r0=3.3942e-04
[mg]   it 274  |r|inf=4.112599e-06  r/r0=3.4635e-04
[mg]   it 275  |r|inf=4.191578e-06  r/r0=3.5300e-04
[mg]   it 276  |r|inf=4.267140e-06  r/r0=3.5937e-04
[mg]   it 277  |r|inf=4.339263e-06  r/r0=3.6544e-04
[mg]   it 278  |r|inf=4.407927e-06  r/r0=3.7122e-04
[mg]   it 279  |r|inf=4.473121e-06  r/r0=3.7671e-04
[mg]   it 280  |r|inf=4.534839e-06  r/r0=3.8191e-04
[mg]   it 281  |r|inf=4.593077e-06  r/r0=3.8682e-04
[mg]   it 282  |r|inf=4.647840e-06  r/r0=3.9143e-04
[mg]   it 283  |r|inf=4.699135e-06  r/r0=3.9575e-04
[mg]   it 284  |r|inf=4.746975e-06  r/r0=3.9978e-04
[mg]   it 285  |r|inf=4.791377e-06  r/r0=4.0352e-04
[mg]   it 286  |r|inf=4.832363e-06  r/r0=4.0697e-04
[mg]   it 287  |r|inf=4.869958e-06  r/r0=4.1013e-04
[mg]   it 288  |r|inf=4.904191e-06  r/r0=4.1302e-04
[mg]   it 289  |r|inf=4.935096e-06  r/r0=4.1562e-04
[mg]   it 290  |r|inf=4.962708e-06  r/r0=4.1795e-04
[mg]   it 291  |r|inf=4.987068e-06  r/r0=4.2000e-04
[mg]   it 292  |r|inf=5.008217e-06  r/r0=4.2178e-04
[mg]   it 293  |r|inf=5.026200e-06  r/r0=4.2329e-04
[mg]   it 294  |r|inf=5.041064e-06  r/r0=4.2455e-04
[mg]   it 295  |r|inf=5.052860e-06  r/r0=4.2554e-04
[mg]   it 296  |r|inf=5.061638e-06  r/r0=4.2628e-04
[mg]   it 297  |r|inf=5.067452e-06  r/r0=4.2677e-04
[mg]   it 298  |r|inf=5.070355e-06  r/r0=4.2701e-04
[mg]   it 299  |r|inf=5.070405e-06  r/r0=4.2702e-04
[mg]   it 300  |r|inf=5.067658e-06  r/r0=4.2678e-04
[mg]   it 301  |r|inf=5.062172e-06  r/r0=4.2632e-04
[mg]   it 302  |r|inf=5.054006e-06  r/r0=4.2563e-04
[mg]   it 303  |r|inf=5.043218e-06  r/r0=4.2473e-04
[mg]   it 304  |r|inf=5.029867e-06  r/r0=4.2360e-04
[mg]   it 305  |r|inf=5.014014e-06  r/r0=4.2227e-04
[mg]   it 306  |r|inf=4.995718e-06  r/r0=4.2073e-04
[mg]   it 307  |r|inf=4.975038e-06  r/r0=4.1898e-04
[mg]   it 308  |r|inf=4.952033e-06  r/r0=4.1705e-04
[mg]   it 309  |r|inf=4.926763e-06  r/r0=4.1492e-04
[mg]   it 310  |r|inf=4.899285e-06  r/r0=4.1260e-04
[mg]   it 311  |r|inf=4.869658e-06  r/r0=4.1011e-04
[mg]   it 312  |r|inf=4.837938e-06  r/r0=4.0744e-04
[mg]   it 313  |r|inf=4.804183e-06  r/r0=4.0460e-04
[mg]   it 314  |r|inf=4.768446e-06  r/r0=4.0159e-04
[mg]   it 315  |r|inf=4.730784e-06  r/r0=3.9841e-04
[mg]   it 316  |r|inf=4.691249e-06  r/r0=3.9508e-04
[mg]   it 317  |r|inf=4.649895e-06  r/r0=3.9160e-04
[mg]   it 318  |r|inf=4.606773e-06  r/r0=3.8797e-04
[mg]   it 319  |r|inf=4.561933e-06  r/r0=3.8419e-04
[mg]   it 320  |r|inf=4.515426e-06  r/r0=3.8028e-04
[mg]   it 321  |r|inf=4.467300e-06  r/r0=3.7622e-04
[mg]   it 322  |r|inf=4.417601e-06  r/r0=3.7204e-04
[mg]   it 323  |r|inf=4.366377e-06  r/r0=3.6772e-04
[mg]   it 324  |r|inf=4.313672e-06  r/r0=3.6329e-04
[mg]   it 325  |r|inf=4.259530e-06  r/r0=3.5873e-04
[mg]   it 326  |r|inf=4.203994e-06  r/r0=3.5405e-04
[mg]   it 327  |r|inf=4.147106e-06  r/r0=3.4926e-04
[mg]   it 328  |r|inf=4.088906e-06  r/r0=3.4436e-04
[mg]   it 329  |r|inf=4.029433e-06  r/r0=3.3935e-04
[mg]   it 330  |r|inf=3.968726e-06  r/r0=3.3424e-04
[mg]   it 331  |r|inf=3.906823e-06  r/r0=3.2902e-04
[mg]   it 332  |r|inf=3.843760e-06  r/r0=3.2371e-04
[mg]   it 333  |r|inf=3.779572e-06  r/r0=3.1831e-04
[mg]   it 334  |r|inf=3.714293e-06  r/r0=3.1281e-04
[mg]   it 335  |r|inf=3.714017e-06  r/r0=3.1278e-04
[mg]   it 336  |r|inf=3.745574e-06  r/r0=3.1544e-04
[mg]   it 337  |r|inf=3.775660e-06  r/r0=3.1798e-04
[mg]   it 338  |r|inf=3.804286e-06  r/r0=3.2039e-04
[mg]   it 339  |r|inf=3.831462e-06  r/r0=3.2268e-04
[mg]   it 340  |r|inf=3.857197e-06  r/r0=3.2484e-04
[mg]   it 341  |r|inf=3.881503e-06  r/r0=3.2689e-04
[mg]   it 342  |r|inf=3.904389e-06  r/r0=3.2882e-04
[mg]   it 343  |r|inf=3.925864e-06  r/r0=3.3063e-04
[mg]   it 344  |r|inf=3.945938e-06  r/r0=3.3232e-04
[mg]   it 345  |r|inf=3.964621e-06  r/r0=3.3389e-04
[mg]   it 346  |r|inf=3.981922e-06  r/r0=3.3535e-04
[mg]   it 347  |r|inf=3.997850e-06  r/r0=3.3669e-04
[mg]   it 348  |r|inf=4.012413e-06  r/r0=3.3791e-04
[mg]   it 349  |r|inf=4.025621e-06  r/r0=3.3903e-04
[mg]   it 350  |r|inf=4.037483e-06  r/r0=3.4003e-04
[mg]   it 351  |r|inf=4.048006e-06  r/r0=3.4091e-04
[mg]   it 352  |r|inf=4.057199e-06  r/r0=3.4169e-04
[mg]   it 353  |r|inf=4.065070e-06  r/r0=3.4235e-04
[mg]   it 354  |r|inf=4.071628e-06  r/r0=3.4290e-04
[mg]   it 355  |r|inf=4.076879e-06  r/r0=3.4334e-04
[mg]   it 356  |r|inf=4.080832e-06  r/r0=3.4368e-04
[mg]   it 357  |r|inf=4.083495e-06  r/r0=3.4390e-04
[mg]   it 358  |r|inf=4.084874e-06  r/r0=3.4402e-04
[mg]   it 359  |r|inf=4.084978e-06  r/r0=3.4403e-04
[mg]   it 360  |r|inf=4.083813e-06  r/r0=3.4393e-04
[mg]   it 361  |r|inf=4.081388e-06  r/r0=3.4372e-04
[mg]   it 362  |r|inf=4.077710e-06  r/r0=3.4341e-04
[mg]   it 363  |r|inf=4.072785e-06  r/r0=3.4300e-04
[mg]   it 364  |r|inf=4.066621e-06  r/r0=3.4248e-04
[mg]   it 365  |r|inf=4.059225e-06  r/r0=3.4186e-04
[mg]   it 366  |r|inf=4.050605e-06  r/r0=3.4113e-04
[mg]   it 367  |r|inf=4.040768e-06  r/r0=3.4030e-04
[mg]   it 368  |r|inf=4.029721e-06  r/r0=3.3937e-04
[mg]   it 369  |r|inf=4.017472e-06  r/r0=3.3834e-04
[mg]   it 370  |r|inf=4.004028e-06  r/r0=3.3721e-04
[mg]   it 371  |r|inf=3.989397e-06  r/r0=3.3598e-04
[mg]   it 372  |r|inf=3.973587e-06  r/r0=3.3464e-04
[mg]   it 373  |r|inf=3.956605e-06  r/r0=3.3321e-04
[mg]   it 374  |r|inf=3.938460e-06  r/r0=3.3169e-04
[mg]   it 375  |r|inf=3.919159e-06  r/r0=3.3006e-04
[mg]   it 376  |r|inf=3.898712e-06  r/r0=3.2834e-04
[mg]   it 377  |r|inf=3.877126e-06  r/r0=3.2652e-04
[mg]   it 378  |r|inf=3.854411e-06  r/r0=3.2461e-04
[mg]   it 379  |r|inf=3.830575e-06  r/r0=3.2260e-04
[mg]   it 380  |r|inf=3.805628e-06  r/r0=3.2050e-04
[mg]   it 381  |r|inf=3.779578e-06  r/r0=3.1831e-04
[mg]   it 382  |r|inf=3.752437e-06  r/r0=3.1602e-04
[mg]   it 383  |r|inf=3.724214e-06  r/r0=3.1364e-04
[mg]   it 384  |r|inf=3.694919e-06  r/r0=3.1118e-04
[mg]   it 385  |r|inf=3.664563e-06  r/r0=3.0862e-04
[mg]   it 386  |r|inf=3.633156e-06  r/r0=3.0597e-04
[mg]   it 387  |r|inf=3.600711e-06  r/r0=3.0324e-04
[mg]   it 388  |r|inf=3.567238e-06  r/r0=3.0042e-04
[mg]   it 389  |r|inf=3.532750e-06  r/r0=2.9752e-04
[mg]   it 390  |r|inf=3.497258e-06  r/r0=2.9453e-04
[mg]   it 391  |r|inf=3.460776e-06  r/r0=2.9146e-04
[mg]   it 392  |r|inf=3.423316e-06  r/r0=2.8830e-04
[mg]   it 393  |r|inf=3.384891e-06  r/r0=2.8507e-04
[mg]   it 394  |r|inf=3.345516e-06  r/r0=2.8175e-04
[mg]   it 395  |r|inf=3.305204e-06  r/r0=2.7836e-04
[mg]   it 396  |r|inf=3.330042e-06  r/r0=2.8045e-04
[mg]   it 397  |r|inf=3.362049e-06  r/r0=2.8314e-04
[mg]   it 398  |r|inf=3.393078e-06  r/r0=2.8576e-04
[mg]   it 399  |r|inf=3.423122e-06  r/r0=2.8829e-04
[mg]   it 400  |r|inf=3.452173e-06  r/r0=2.9073e-04
[mg]   it 401  |r|inf=3.480226e-06  r/r0=2.9310e-04
[mg]   it 402  |r|inf=3.507275e-06  r/r0=2.9537e-04
[mg]   it 403  |r|inf=3.533313e-06  r/r0=2.9757e-04
[mg]   it 404  |r|inf=3.558336e-06  r/r0=2.9967e-04
[mg]   it 405  |r|inf=3.582338e-06  r/r0=3.0169e-04
[mg]   it 406  |r|inf=3.605315e-06  r/r0=3.0363e-04
[mg]   it 407  |r|inf=3.627263e-06  r/r0=3.0548e-04
[mg]   it 408  |r|inf=3.648178e-06  r/r0=3.0724e-04
[mg]   it 409  |r|inf=3.668057e-06  r/r0=3.0891e-04
[mg]   it 410  |r|inf=3.686897e-06  r/r0=3.1050e-04
[mg]   it 411  |r|inf=3.704696e-06  r/r0=3.1200e-04
[mg]   it 412  |r|inf=3.721452e-06  r/r0=3.1341e-04
[mg]   it 413  |r|inf=3.737164e-06  r/r0=3.1473e-04
[mg]   it 414  |r|inf=3.751830e-06  r/r0=3.1597e-04
[mg]   it 415  |r|inf=3.765451e-06  r/r0=3.1712e-04
[mg]   it 416  |r|inf=3.778025e-06  r/r0=3.1818e-04
[mg]   it 417  |r|inf=3.789555e-06  r/r0=3.1915e-04
[mg]   it 418  |r|inf=3.800040e-06  r/r0=3.2003e-04
[mg]   it 419  |r|inf=3.809482e-06  r/r0=3.2082e-04
[mg]   it 420  |r|inf=3.817884e-06  r/r0=3.2153e-04
[mg]   it 421  |r|inf=3.825247e-06  r/r0=3.2215e-04
[mg]   it 422  |r|inf=3.831574e-06  r/r0=3.2268e-04
[mg]   it 423  |r|inf=3.836869e-06  r/r0=3.2313e-04
[mg]   it 424  |r|inf=3.841137e-06  r/r0=3.2349e-04
[mg]   it 425  |r|inf=3.844380e-06  r/r0=3.2376e-04
[mg]   it 426  |r|inf=3.846604e-06  r/r0=3.2395e-04
[mg]   it 427  |r|inf=3.847815e-06  r/r0=3.2405e-04
[mg]   it 428  |r|inf=3.848018e-06  r/r0=3.2407e-04
[mg]   it 429  |r|inf=3.847219e-06  r/r0=3.2400e-04
[mg]   it 430  |r|inf=3.845424e-06  r/r0=3.2385e-04
[mg]   it 431  |r|inf=3.869786e-06  r/r0=3.2590e-04
[mg]   it 432  |r|inf=3.924053e-06  r/r0=3.3047e-04
[mg]   it 433  |r|inf=3.977197e-06  r/r0=3.3495e-04
[mg]   it 434  |r|inf=4.029209e-06  r/r0=3.3933e-04
[mg]   it 435  |r|inf=4.080081e-06  r/r0=3.4361e-04
[mg]   it 436  |r|inf=4.129804e-06  r/r0=3.4780e-04
[mg]   it 437  |r|inf=4.178371e-06  r/r0=3.5189e-04
[mg]   it 438  |r|inf=4.225775e-06  r/r0=3.5588e-04
[mg]   it 439  |r|inf=4.272012e-06  r/r0=3.5978e-04
[mg]   it 440  |r|inf=4.317075e-06  r/r0=3.6357e-04
[mg]   it 441  |r|inf=4.360960e-06  r/r0=3.6727e-04
[mg]   it 442  |r|inf=4.403662e-06  r/r0=3.7086e-04
[mg]   it 443  |r|inf=4.445179e-06  r/r0=3.7436e-04
[mg]   it 444  |r|inf=4.485508e-06  r/r0=3.7776e-04
[mg]   it 445  |r|inf=4.524647e-06  r/r0=3.8105e-04
[mg]   it 446  |r|inf=4.562593e-06  r/r0=3.8425e-04
[mg]   it 447  |r|inf=4.599347e-06  r/r0=3.8734e-04
[mg]   it 448  |r|inf=4.634909e-06  r/r0=3.9034e-04
[mg]   it 449  |r|inf=4.669277e-06  r/r0=3.9323e-04
[mg]   it 450  |r|inf=4.702454e-06  r/r0=3.9603e-04
[mg]   it 451  |r|inf=4.734440e-06  r/r0=3.9872e-04
[mg]   it 452  |r|inf=4.765239e-06  r/r0=4.0132e-04
[mg]   it 453  |r|inf=4.794851e-06  r/r0=4.0381e-04
[mg]   it 454  |r|inf=4.823281e-06  r/r0=4.0620e-04
[mg]   it 455  |r|inf=4.850532e-06  r/r0=4.0850e-04
[mg]   it 456  |r|inf=4.876608e-06  r/r0=4.1069e-04
[mg]   it 457  |r|inf=4.901513e-06  r/r0=4.1279e-04
[mg]   it 458  |r|inf=4.925253e-06  r/r0=4.1479e-04
[mg]   it 459  |r|inf=4.947833e-06  r/r0=4.1669e-04
[mg]   it 460  |r|inf=4.969259e-06  r/r0=4.1850e-04
[mg]   it 461  |r|inf=4.989537e-06  r/r0=4.2021e-04
[mg]   it 462  |r|inf=5.008675e-06  r/r0=4.2182e-04
[mg]   it 463  |r|inf=5.026678e-06  r/r0=4.2333e-04
[mg]   it 464  |r|inf=5.043556e-06  r/r0=4.2475e-04
[mg]   it 465  |r|inf=5.059315e-06  r/r0=4.2608e-04
[mg]   it 466  |r|inf=5.073964e-06  r/r0=4.2732e-04
[mg]   it 467  |r|inf=5.087511e-06  r/r0=4.2846e-04
[mg]   it 468  |r|inf=5.099966e-06  r/r0=4.2951e-04
[mg]   it 469  |r|inf=5.111336e-06  r/r0=4.3046e-04
[mg]   it 470  |r|inf=5.121633e-06  r/r0=4.3133e-04
[mg]   it 471  |r|inf=5.130865e-06  r/r0=4.3211e-04
[mg]   it 472  |r|inf=5.139043e-06  r/r0=4.3280e-04
[mg]   it 473  |r|inf=5.146176e-06  r/r0=4.3340e-04
[mg]   it 474  |r|inf=5.152275e-06  r/r0=4.3391e-04
[mg]   it 475  |r|inf=5.157350e-06  r/r0=4.3434e-04
[mg]   it 476  |r|inf=5.161413e-06  r/r0=4.3468e-04
[mg]   it 477  |r|inf=5.164474e-06  r/r0=4.3494e-04
[mg]   it 478  |r|inf=5.166544e-06  r/r0=4.3511e-04
[mg]   it 479  |r|inf=5.167635e-06  r/r0=4.3520e-04
[mg]   it 480  |r|inf=5.167757e-06  r/r0=4.3521e-04
[mg]   it 481  |r|inf=5.166922e-06  r/r0=4.3514e-04
[mg]   it 482  |r|inf=5.165143e-06  r/r0=4.3499e-04
[mg]   it 483  |r|inf=5.162429e-06  r/r0=4.3477e-04
[mg]   it 484  |r|inf=5.158794e-06  r/r0=4.3446e-04
[mg]   it 485  |r|inf=5.154249e-06  r/r0=4.3408e-04
[mg]   it 486  |r|inf=5.148805e-06  r/r0=4.3362e-04
[mg]   it 487  |r|inf=5.142476e-06  r/r0=4.3309e-04
[mg]   it 488  |r|inf=5.135271e-06  r/r0=4.3248e-04
[mg]   it 489  |r|inf=5.127204e-06  r/r0=4.3180e-04
[mg]   it 490  |r|inf=5.118286e-06  r/r0=4.3105e-04
[mg]   it 491  |r|inf=5.108530e-06  r/r0=4.3023e-04
[mg]   it 492  |r|inf=5.097947e-06  r/r0=4.2934e-04
[mg]   it 493  |r|inf=5.086548e-06  r/r0=4.2838e-04
[mg]   it 494  |r|inf=5.074347e-06  r/r0=4.2735e-04
[mg]   it 495  |r|inf=5.061354e-06  r/r0=4.2625e-04
[mg]   it 496  |r|inf=5.047582e-06  r/r0=4.2509e-04
[mg]   it 497  |r|inf=5.033041e-06  r/r0=4.2387e-04
[mg]   it 498  |r|inf=5.017745e-06  r/r0=4.2258e-04
[mg]   it 499  |r|inf=5.001704e-06  r/r0=4.2123e-04
[mg]   it 500  |r|inf=4.984930e-06  r/r0=4.1982e-04
[mg]   it 501  |r|inf=4.967434e-06  r/r0=4.1834e-04
[mg]   it 502  |r|inf=4.949228e-06  r/r0=4.1681e-04
[mg]   it 503  |r|inf=4.930323e-06  r/r0=4.1522e-04
[mg]   it 504  |r|inf=4.910730e-06  r/r0=4.1357e-04
[mg]   it 505  |r|inf=4.890460e-06  r/r0=4.1186e-04
[mg]   it 506  |r|inf=4.869524e-06  r/r0=4.1010e-04
[mg]   it 507  |r|inf=4.847933e-06  r/r0=4.0828e-04
[mg]   it 508  |r|inf=4.825698e-06  r/r0=4.0641e-04
[mg]   it 509  |r|inf=4.802829e-06  r/r0=4.0448e-04
[mg]   it 510  |r|inf=4.779338e-06  r/r0=4.0250e-04
[mg]   it 511  |r|inf=4.755233e-06  r/r0=4.0047e-04
[mg]   it 512  |r|inf=4.730526e-06  r/r0=3.9839e-04
[mg]   it 513  |r|inf=4.705226e-06  r/r0=3.9626e-04
[mg]   it 514  |r|inf=4.679345e-06  r/r0=3.9408e-04
[mg]   it 515  |r|inf=4.652891e-06  r/r0=3.9185e-04
[mg]   it 516  |r|inf=4.625874e-06  r/r0=3.8958e-04
[mg]   it 517  |r|inf=4.598304e-06  r/r0=3.8726e-04
[mg]   it 518  |r|inf=4.570190e-06  r/r0=3.8489e-04
[mg]   it 519  |r|inf=4.541542e-06  r/r0=3.8248e-04
[mg]   it 520  |r|inf=4.512370e-06  r/r0=3.8002e-04
[mg]   it 521  |r|inf=4.482681e-06  r/r0=3.7752e-04
[mg]   it 522  |r|inf=4.452486e-06  r/r0=3.7498e-04
[mg]   it 523  |r|inf=4.421792e-06  r/r0=3.7239e-04
[mg]   it 524  |r|inf=4.390609e-06  r/r0=3.6977e-04
[mg]   it 525  |r|inf=4.358945e-06  r/r0=3.6710e-04
[mg]   it 526  |r|inf=4.326809e-06  r/r0=3.6439e-04
[mg]   it 527  |r|inf=4.294209e-06  r/r0=3.6165e-04
[mg]   it 528  |r|inf=4.261153e-06  r/r0=3.5886e-04
[mg]   it 529  |r|inf=4.227649e-06  r/r0=3.5604e-04
[mg]   it 530  |r|inf=4.193705e-06  r/r0=3.5318e-04
[mg]   it 531  |r|inf=4.159330e-06  r/r0=3.5029e-04
[mg]   it 532  |r|inf=4.124529e-06  r/r0=3.4736e-04
[mg]   it 533  |r|inf=4.089312e-06  r/r0=3.4439e-04
[mg]   it 534  |r|inf=4.053685e-06  r/r0=3.4139e-04
[mg]   it 535  |r|inf=4.017656e-06  r/r0=3.3836e-04
[mg]   it 536  |r|inf=3.981232e-06  r/r0=3.3529e-04
[mg]   it 537  |r|inf=3.944420e-06  r/r0=3.3219e-04
[mg]   it 538  |r|inf=3.907228e-06  r/r0=3.2906e-04
[mg]   it 539  |r|inf=3.869661e-06  r/r0=3.2589e-04
[mg]   it 540  |r|inf=3.831726e-06  r/r0=3.2270e-04
[mg]   it 541  |r|inf=3.793431e-06  r/r0=3.1947e-04
[mg]   it 542  |r|inf=3.754782e-06  r/r0=3.1622e-04
[mg]   it 543  |r|inf=3.761805e-06  r/r0=3.1681e-04
[mg]   it 544  |r|inf=3.779721e-06  r/r0=3.1832e-04
[mg]   it 545  |r|inf=3.797145e-06  r/r0=3.1979e-04
[mg]   it 546  |r|inf=3.814077e-06  r/r0=3.2121e-04
[mg]   it 547  |r|inf=3.830521e-06  r/r0=3.2260e-04
[mg]   it 548  |r|inf=3.846479e-06  r/r0=3.2394e-04
[mg]   it 549  |r|inf=3.861953e-06  r/r0=3.2524e-04
[mg]   it 550  |r|inf=3.876944e-06  r/r0=3.2651e-04
[mg]   it 551  |r|inf=3.891455e-06  r/r0=3.2773e-04
[mg]   it 552  |r|inf=3.905488e-06  r/r0=3.2891e-04
[mg]   it 553  |r|inf=3.919045e-06  r/r0=3.3005e-04
[mg]   it 554  |r|inf=3.932128e-06  r/r0=3.3115e-04
[mg]   it 555  |r|inf=3.944739e-06  r/r0=3.3222e-04
[mg]   it 556  |r|inf=3.956880e-06  r/r0=3.3324e-04
[mg]   it 557  |r|inf=3.968553e-06  r/r0=3.3422e-04
[mg]   it 558  |r|inf=3.979760e-06  r/r0=3.3516e-04
[mg]   it 559  |r|inf=3.990502e-06  r/r0=3.3607e-04
[mg]   it 560  |r|inf=4.000783e-06  r/r0=3.3694e-04
[mg]   it 561  |r|inf=4.010602e-06  r/r0=3.3776e-04
[mg]   it 562  |r|inf=4.019964e-06  r/r0=3.3855e-04
[mg]   it 563  |r|inf=4.028868e-06  r/r0=3.3930e-04
[mg]   it 564  |r|inf=4.037318e-06  r/r0=3.4001e-04
[mg]   it 565  |r|inf=4.045315e-06  r/r0=3.4069e-04
[mg]   it 566  |r|inf=4.052860e-06  r/r0=3.4132e-04
[mg]   it 567  |r|inf=4.059956e-06  r/r0=3.4192e-04
[mg]   it 568  |r|inf=4.066604e-06  r/r0=3.4248e-04
[mg]   it 569  |r|inf=4.072806e-06  r/r0=3.4300e-04
[mg]   it 570  |r|inf=4.078564e-06  r/r0=3.4349e-04
[mg]   it 571  |r|inf=4.083879e-06  r/r0=3.4393e-04
[mg]   it 572  |r|inf=4.088752e-06  r/r0=3.4434e-04
[mg]   it 573  |r|inf=4.093187e-06  r/r0=3.4472e-04
[mg]   it 574  |r|inf=4.097184e-06  r/r0=3.4505e-04
[mg]   it 575  |r|inf=4.100745e-06  r/r0=3.4535e-04
[mg]   it 576  |r|inf=4.103871e-06  r/r0=3.4562e-04
[mg]   it 577  |r|inf=4.106564e-06  r/r0=3.4584e-04
[mg]   it 578  |r|inf=4.108826e-06  r/r0=3.4603e-04
[mg]   it 579  |r|inf=4.110658e-06  r/r0=3.4619e-04
[mg]   it 580  |r|inf=4.112062e-06  r/r0=3.4631e-04
[mg]   it 581  |r|inf=4.113039e-06  r/r0=3.4639e-04
[mg]   it 582  |r|inf=4.113591e-06  r/r0=3.4644e-04
[mg]   it 583  |r|inf=4.113720e-06  r/r0=3.4645e-04
[mg]   it 584  |r|inf=4.113426e-06  r/r0=3.4642e-04
[mg]   it 585  |r|inf=4.112711e-06  r/r0=3.4636e-04
[mg]   it 586  |r|inf=4.111577e-06  r/r0=3.4627e-04
[mg]   it 587  |r|inf=4.110026e-06  r/r0=3.4614e-04
[mg]   it 588  |r|inf=4.108058e-06  r/r0=3.4597e-04
[mg]   it 589  |r|inf=4.105675e-06  r/r0=3.4577e-04
[mg]   it 590  |r|inf=4.102879e-06  r/r0=3.4553e-04
[mg]   it 591  |r|inf=4.099671e-06  r/r0=3.4526e-04
[mg]   it 592  |r|inf=4.096053e-06  r/r0=3.4496e-04
[mg]   it 593  |r|inf=4.092026e-06  r/r0=3.4462e-04
[mg]   it 594  |r|inf=4.087591e-06  r/r0=3.4425e-04
[mg]   it 595  |r|inf=4.082750e-06  r/r0=3.4384e-04
[mg]   it 596  |r|inf=4.077505e-06  r/r0=3.4340e-04
[mg]   it 597  |r|inf=4.071856e-06  r/r0=3.4292e-04
[mg]   it 598  |r|inf=4.065806e-06  r/r0=3.4241e-04
[mg]   it 599  |r|inf=4.059355e-06  r/r0=3.4187e-04
[mg]   it 600  |r|inf=4.052506e-06  r/r0=3.4129e-04
[mg]   it 601  |r|inf=4.045260e-06  r/r0=3.4068e-04
[mg]   it 602  |r|inf=4.037617e-06  r/r0=3.4004e-04
[mg]   it 603  |r|inf=4.029581e-06  r/r0=3.3936e-04
[mg]   it 604  |r|inf=4.021152e-06  r/r0=3.3865e-04
[mg]   it 605  |r|inf=4.012331e-06  r/r0=3.3791e-04
[mg]   it 606  |r|inf=4.003121e-06  r/r0=3.3713e-04
[mg]   it 607  |r|inf=3.993523e-06  r/r0=3.3632e-04
[mg]   it 608  |r|inf=3.983538e-06  r/r0=3.3548e-04
[mg]   it 609  |r|inf=3.973168e-06  r/r0=3.3461e-04
[mg]   it 610  |r|inf=3.962414e-06  r/r0=3.3370e-04
[mg]   it 611  |r|inf=3.951279e-06  r/r0=3.3277e-04
[mg]   it 612  |r|inf=3.939764e-06  r/r0=3.3180e-04
[mg]   it 613  |r|inf=3.927870e-06  r/r0=3.3079e-04
[mg]   it 614  |r|inf=3.915599e-06  r/r0=3.2976e-04
[mg]   it 615  |r|inf=3.902954e-06  r/r0=3.2870e-04
[mg]   it 616  |r|inf=3.889934e-06  r/r0=3.2760e-04
[mg]   it 617  |r|inf=3.876543e-06  r/r0=3.2647e-04
[mg]   it 618  |r|inf=3.862782e-06  r/r0=3.2531e-04
[mg]   it 619  |r|inf=3.848653e-06  r/r0=3.2412e-04
[mg]   it 620  |r|inf=3.834158e-06  r/r0=3.2290e-04
[mg]   it 621  |r|inf=3.819298e-06  r/r0=3.2165e-04
[mg]   it 622  |r|inf=3.804075e-06  r/r0=3.2037e-04
[mg]   it 623  |r|inf=3.788492e-06  r/r0=3.1906e-04
[mg]   it 624  |r|inf=3.772550e-06  r/r0=3.1771e-04
[mg]   it 625  |r|inf=3.756251e-06  r/r0=3.1634e-04
[mg]   it 626  |r|inf=3.739597e-06  r/r0=3.1494e-04
[mg]   it 627  |r|inf=3.722590e-06  r/r0=3.1351e-04
[mg]   it 628  |r|inf=3.705232e-06  r/r0=3.1204e-04
[mg]   it 629  |r|inf=3.687526e-06  r/r0=3.1055e-04
[mg]   it 630  |r|inf=3.669473e-06  r/r0=3.0903e-04
[mg]   it 631  |r|inf=3.651075e-06  r/r0=3.0748e-04
[mg]   it 632  |r|inf=3.632335e-06  r/r0=3.0591e-04
[mg]   it 633  |r|inf=3.613255e-06  r/r0=3.0430e-04
[mg]   it 634  |r|inf=3.593837e-06  r/r0=3.0266e-04
[mg]   it 635  |r|inf=3.574084e-06  r/r0=3.0100e-04
[mg]   it 636  |r|inf=3.553997e-06  r/r0=2.9931e-04
[mg]   it 637  |r|inf=3.533579e-06  r/r0=2.9759e-04
[mg]   it 638  |r|inf=3.512833e-06  r/r0=2.9584e-04
[mg]   it 639  |r|inf=3.491761e-06  r/r0=2.9407e-04
[mg]   it 640  |r|inf=3.470365e-06  r/r0=2.9226e-04
[mg]   it 641  |r|inf=3.448648e-06  r/r0=2.9044e-04
[mg]   it 642  |r|inf=3.426613e-06  r/r0=2.8858e-04
[mg]   it 643  |r|inf=3.404261e-06  r/r0=2.8670e-04
[mg]   it 644  |r|inf=3.381596e-06  r/r0=2.8479e-04
[mg]   it 645  |r|inf=3.358621e-06  r/r0=2.8285e-04
[mg]   it 646  |r|inf=3.335338e-06  r/r0=2.8089e-04
[mg]   it 647  |r|inf=3.311749e-06  r/r0=2.7891e-04
[mg]   it 648  |r|inf=3.314355e-06  r/r0=2.7913e-04
[mg]   it 649  |r|inf=3.333418e-06  r/r0=2.8073e-04
[mg]   it 650  |r|inf=3.352160e-06  r/r0=2.8231e-04
[mg]   it 651  |r|inf=3.370581e-06  r/r0=2.8386e-04
[mg]   it 652  |r|inf=3.388677e-06  r/r0=2.8539e-04
[mg]   it 653  |r|inf=3.406450e-06  r/r0=2.8688e-04
[mg]   it 654  |r|inf=3.423896e-06  r/r0=2.8835e-04
[mg]   it 655  |r|inf=3.441015e-06  r/r0=2.8979e-04
[mg]   it 656  |r|inf=3.457805e-06  r/r0=2.9121e-04
[mg]   it 657  |r|inf=3.474265e-06  r/r0=2.9259e-04
[mg]   it 658  |r|inf=3.490395e-06  r/r0=2.9395e-04
[mg]   it 659  |r|inf=3.506192e-06  r/r0=2.9528e-04
[mg]   it 660  |r|inf=3.521657e-06  r/r0=2.9658e-04
[mg]   it 661  |r|inf=3.536787e-06  r/r0=2.9786e-04
[mg]   it 662  |r|inf=3.551582e-06  r/r0=2.9910e-04
[mg]   it 663  |r|inf=3.566041e-06  r/r0=3.0032e-04
[mg]   it 664  |r|inf=3.580162e-06  r/r0=3.0151e-04
[mg]   it 665  |r|inf=3.593946e-06  r/r0=3.0267e-04
[mg]   it 666  |r|inf=3.607391e-06  r/r0=3.0380e-04
[mg]   it 667  |r|inf=3.620497e-06  r/r0=3.0491e-04
[mg]   it 668  |r|inf=3.633263e-06  r/r0=3.0598e-04
[mg]   it 669  |r|inf=3.645687e-06  r/r0=3.0703e-04
[mg]   it 670  |r|inf=3.657770e-06  r/r0=3.0805e-04
[mg]   it 671  |r|inf=3.669511e-06  r/r0=3.0904e-04
[mg]   it 672  |r|inf=3.680909e-06  r/r0=3.1000e-04
[mg]   it 673  |r|inf=3.691964e-06  r/r0=3.1093e-04
[mg]   it 674  |r|inf=3.702676e-06  r/r0=3.1183e-04
[mg]   it 675  |r|inf=3.713043e-06  r/r0=3.1270e-04
[mg]   it 676  |r|inf=3.723066e-06  r/r0=3.1355e-04
[mg]   it 677  |r|inf=3.732745e-06  r/r0=3.1436e-04
[mg]   it 678  |r|inf=3.742078e-06  r/r0=3.1515e-04
[mg]   it 679  |r|inf=3.751067e-06  r/r0=3.1590e-04
[mg]   it 680  |r|inf=3.759711e-06  r/r0=3.1663e-04
[mg]   it 681  |r|inf=3.768009e-06  r/r0=3.1733e-04
[mg]   it 682  |r|inf=3.775962e-06  r/r0=3.1800e-04
[mg]   it 683  |r|inf=3.783570e-06  r/r0=3.1864e-04
[mg]   it 684  |r|inf=3.790833e-06  r/r0=3.1925e-04
[mg]   it 685  |r|inf=3.797750e-06  r/r0=3.1984e-04
[mg]   it 686  |r|inf=3.804323e-06  r/r0=3.2039e-04
[mg]   it 687  |r|inf=3.810551e-06  r/r0=3.2091e-04
[mg]   it 688  |r|inf=3.816435e-06  r/r0=3.2141e-04
[mg]   it 689  |r|inf=3.821975e-06  r/r0=3.2188e-04
[mg]   it 690  |r|inf=3.827171e-06  r/r0=3.2231e-04
[mg]   it 691  |r|inf=3.832024e-06  r/r0=3.2272e-04
[mg]   it 692  |r|inf=3.836534e-06  r/r0=3.2310e-04
[mg]   it 693  |r|inf=3.840702e-06  r/r0=3.2345e-04
[mg]   it 694  |r|inf=3.844529e-06  r/r0=3.2378e-04
[mg]   it 695  |r|inf=3.848015e-06  r/r0=3.2407e-04
[mg]   it 696  |r|inf=3.851161e-06  r/r0=3.2433e-04
[mg]   it 697  |r|inf=3.853967e-06  r/r0=3.2457e-04
[mg]   it 698  |r|inf=3.856435e-06  r/r0=3.2478e-04
[mg]   it 699  |r|inf=3.858565e-06  r/r0=3.2496e-04
[mg]   it 700  |r|inf=3.860358e-06  r/r0=3.2511e-04
[mg]   it 701  |r|inf=3.861816e-06  r/r0=3.2523e-04
[mg]   it 702  |r|inf=3.862939e-06  r/r0=3.2533e-04
[mg]   it 703  |r|inf=3.863728e-06  r/r0=3.2539e-04
[mg]   it 704  |r|inf=3.864184e-06  r/r0=3.2543e-04
[mg]   it 705  |r|inf=3.864309e-06  r/r0=3.2544e-04
[mg]   it 706  |r|inf=3.864103e-06  r/r0=3.2542e-04
[mg]   it 707  |r|inf=3.863569e-06  r/r0=3.2538e-04
[mg]   it 708  |r|inf=3.862706e-06  r/r0=3.2531e-04
[mg]   it 709  |r|inf=3.880500e-06  r/r0=3.2681e-04
[mg]   it 710  |r|inf=3.912612e-06  r/r0=3.2951e-04
[mg]   it 711  |r|inf=3.944353e-06  r/r0=3.3218e-04
[mg]   it 712  |r|inf=3.975720e-06  r/r0=3.3482e-04
[mg]   it 713  |r|inf=4.006712e-06  r/r0=3.3743e-04
[mg]   it 714  |r|inf=4.037327e-06  r/r0=3.4001e-04
[mg]   it 715  |r|inf=4.067564e-06  r/r0=3.4256e-04
[mg]   it 716  |r|inf=4.097421e-06  r/r0=3.4507e-04
[mg]   it 717  |r|inf=4.126895e-06  r/r0=3.4756e-04
[mg]   it 718  |r|inf=4.155987e-06  r/r0=3.5001e-04
[mg]   it 719  |r|inf=4.184694e-06  r/r0=3.5242e-04
[mg]   it 720  |r|inf=4.213015e-06  r/r0=3.5481e-04
[mg]   it 721  |r|inf=4.240949e-06  r/r0=3.5716e-04
[mg]   it 722  |r|inf=4.268495e-06  r/r0=3.5948e-04
[mg]   it 723  |r|inf=4.295652e-06  r/r0=3.6177e-04
[mg]   it 724  |r|inf=4.322418e-06  r/r0=3.6402e-04
[mg]   it 725  |r|inf=4.348793e-06  r/r0=3.6624e-04
[mg]   it 726  |r|inf=4.374776e-06  r/r0=3.6843e-04
[mg]   it 727  |r|inf=4.400366e-06  r/r0=3.7059e-04
[mg]   it 728  |r|inf=4.425562e-06  r/r0=3.7271e-04
[mg]   it 729  |r|inf=4.450364e-06  r/r0=3.7480e-04
[mg]   it 730  |r|inf=4.474771e-06  r/r0=3.7685e-04
[mg]   it 731  |r|inf=4.498782e-06  r/r0=3.7888e-04
[mg]   it 732  |r|inf=4.522398e-06  r/r0=3.8086e-04
[mg]   it 733  |r|inf=4.545617e-06  r/r0=3.8282e-04
[mg]   it 734  |r|inf=4.568440e-06  r/r0=3.8474e-04
[mg]   it 735  |r|inf=4.590866e-06  r/r0=3.8663e-04
[mg]   it 736  |r|inf=4.612895e-06  r/r0=3.8849e-04
[mg]   it 737  |r|inf=4.634526e-06  r/r0=3.9031e-04
[mg]   it 738  |r|inf=4.655761e-06  r/r0=3.9210e-04
[mg]   it 739  |r|inf=4.676598e-06  r/r0=3.9385e-04
[mg]   it 740  |r|inf=4.697038e-06  r/r0=3.9557e-04
[mg]   it 741  |r|inf=4.717081e-06  r/r0=3.9726e-04
[mg]   it 742  |r|inf=4.736728e-06  r/r0=3.9891e-04
[mg]   it 743  |r|inf=4.755978e-06  r/r0=4.0054e-04
[mg]   it 744  |r|inf=4.774831e-06  r/r0=4.0212e-04
[mg]   it 745  |r|inf=4.793289e-06  r/r0=4.0368e-04
[mg]   it 746  |r|inf=4.811352e-06  r/r0=4.0520e-04
[mg]   it 747  |r|inf=4.829019e-06  r/r0=4.0669e-04
[mg]   it 748  |r|inf=4.846293e-06  r/r0=4.0814e-04
[mg]   it 749  |r|inf=4.863173e-06  r/r0=4.0956e-04
[mg]   it 750  |r|inf=4.879659e-06  r/r0=4.1095e-04
[mg]   it 751  |r|inf=4.895754e-06  r/r0=4.1231e-04
[mg]   it 752  |r|inf=4.911457e-06  r/r0=4.1363e-04
[mg]   it 753  |r|inf=4.926769e-06  r/r0=4.1492e-04
[mg]   it 754  |r|inf=4.941692e-06  r/r0=4.1618e-04
[mg]   it 755  |r|inf=4.956226e-06  r/r0=4.1740e-04
[mg]   it 756  |r|inf=4.970372e-06  r/r0=4.1859e-04
[mg]   it 757  |r|inf=4.984131e-06  r/r0=4.1975e-04
[mg]   it 758  |r|inf=4.997505e-06  r/r0=4.2088e-04
[mg]   it 759  |r|inf=5.010494e-06  r/r0=4.2197e-04
[mg]   it 760  |r|inf=5.023099e-06  r/r0=4.2303e-04
[mg]   it 761  |r|inf=5.035323e-06  r/r0=4.2406e-04
[mg]   it 762  |r|inf=5.047166e-06  r/r0=4.2506e-04
[mg]   it 763  |r|inf=5.058629e-06  r/r0=4.2602e-04
[mg]   it 764  |r|inf=5.069714e-06  r/r0=4.2696e-04
[mg]   it 765  |r|inf=5.080423e-06  r/r0=4.2786e-04
[mg]   it 766  |r|inf=5.090756e-06  r/r0=4.2873e-04
[mg]   it 767  |r|inf=5.100715e-06  r/r0=4.2957e-04
[mg]   it 768  |r|inf=5.110302e-06  r/r0=4.3038e-04
[mg]   it 769  |r|inf=5.119519e-06  r/r0=4.3115e-04
[mg]   it 770  |r|inf=5.128366e-06  r/r0=4.3190e-04
[mg]   it 771  |r|inf=5.136846e-06  r/r0=4.3261e-04
[mg]   it 772  |r|inf=5.144960e-06  r/r0=4.3329e-04
[mg]   it 773  |r|inf=5.152710e-06  r/r0=4.3395e-04
[mg]   it 774  |r|inf=5.160097e-06  r/r0=4.3457e-04
[mg]   it 775  |r|inf=5.167124e-06  r/r0=4.3516e-04
[mg]   it 776  |r|inf=5.173792e-06  r/r0=4.3572e-04
[mg]   it 777  |r|inf=5.180103e-06  r/r0=4.3625e-04
[mg]   it 778  |r|inf=5.186059e-06  r/r0=4.3676e-04
[mg]   it 779  |r|inf=5.191662e-06  r/r0=4.3723e-04
[mg]   it 780  |r|inf=5.196913e-06  r/r0=4.3767e-04
[mg]   it 781  |r|inf=5.201815e-06  r/r0=4.3808e-04
[mg]   it 782  |r|inf=5.206369e-06  r/r0=4.3847e-04
[mg]   it 783  |r|inf=5.210578e-06  r/r0=4.3882e-04
[mg]   it 784  |r|inf=5.214444e-06  r/r0=4.3915e-04
[mg]   it 785  |r|inf=5.217968e-06  r/r0=4.3944e-04
[mg]   it 786  |r|inf=5.221153e-06  r/r0=4.3971e-04
[mg]   it 787  |r|inf=5.224000e-06  r/r0=4.3995e-04
[mg]   it 788  |r|inf=5.226512e-06  r/r0=4.4016e-04
[mg]   it 789  |r|inf=5.228691e-06  r/r0=4.4035e-04
[mg]   it 790  |r|inf=5.230539e-06  r/r0=4.4050e-04
[mg]   it 791  |r|inf=5.232058e-06  r/r0=4.4063e-04
[mg]   it 792  |r|inf=5.233251e-06  r/r0=4.4073e-04
[mg]   it 793  |r|inf=5.234119e-06  r/r0=4.4080e-04
[mg]   it 794  |r|inf=5.234664e-06  r/r0=4.4085e-04
[mg]   it 795  |r|inf=5.234889e-06  r/r0=4.4087e-04
[mg]   it 796  |r|inf=5.234796e-06  r/r0=4.4086e-04
[mg]   it 797  |r|inf=5.234388e-06  r/r0=4.4083e-04
[mg]   it 798  |r|inf=5.233666e-06  r/r0=4.4077e-04
[mg]   it 799  |r|inf=5.232632e-06  r/r0=4.4068e-04
[mg]   it 800  |r|inf=5.231290e-06  r/r0=4.4057e-04
[mg]   it 801  |r|inf=5.229640e-06  r/r0=4.4043e-04
[mg]   it 802  |r|inf=5.227686e-06  r/r0=4.4026e-04
[mg]   it 803  |r|inf=5.225430e-06  r/r0=4.4007e-04
[mg]   it 804  |r|inf=5.222874e-06  r/r0=4.3986e-04
[mg]   it 805  |r|inf=5.220020e-06  r/r0=4.3962e-04
[mg]   it 806  |r|inf=5.216870e-06  r/r0=4.3935e-04
[mg]   it 807  |r|inf=5.213427e-06  r/r0=4.3906e-04
[mg]   it 808  |r|inf=5.209694e-06  r/r0=4.3875e-04
[mg]   it 809  |r|inf=5.205671e-06  r/r0=4.3841e-04
[mg]   it 810  |r|inf=5.201362e-06  r/r0=4.3804e-04
[mg]   it 811  |r|inf=5.196769e-06  r/r0=4.3766e-04
[mg]   it 812  |r|inf=5.191895e-06  r/r0=4.3725e-04
[mg]   it 813  |r|inf=5.186740e-06  r/r0=4.3681e-04
[mg]   it 814  |r|inf=5.181309e-06  r/r0=4.3636e-04
[mg]   it 815  |r|inf=5.175602e-06  r/r0=4.3588e-04
[mg]   it 816  |r|inf=5.169623e-06  r/r0=4.3537e-04
[mg]   it 817  |r|inf=5.163374e-06  r/r0=4.3485e-04
[mg]   it 818  |r|inf=5.156856e-06  r/r0=4.3430e-04
[mg]   it 819  |r|inf=5.150072e-06  r/r0=4.3373e-04
[mg]   it 820  |r|inf=5.143025e-06  r/r0=4.3313e-04
[mg]   it 821  |r|inf=5.135717e-06  r/r0=4.3252e-04
[mg]   it 822  |r|inf=5.128149e-06  r/r0=4.3188e-04
[mg]   it 823  |r|inf=5.120325e-06  r/r0=4.3122e-04
[mg]   it 824  |r|inf=5.112246e-06  r/r0=4.3054e-04
[mg]   it 825  |r|inf=5.103914e-06  r/r0=4.2984e-04
[mg]   it 826  |r|inf=5.095333e-06  r/r0=4.2912e-04
[mg]   it 827  |r|inf=5.086503e-06  r/r0=4.2837e-04
[mg]   it 828  |r|inf=5.077428e-06  r/r0=4.2761e-04
[mg]   it 829  |r|inf=5.068110e-06  r/r0=4.2682e-04
[mg]   it 830  |r|inf=5.058550e-06  r/r0=4.2602e-04
[mg]   it 831  |r|inf=5.048751e-06  r/r0=4.2519e-04
[mg]   it 832  |r|inf=5.038715e-06  r/r0=4.2435e-04
[mg]   it 833  |r|inf=5.028444e-06  r/r0=4.2348e-04
[mg]   it 834  |r|inf=5.017941e-06  r/r0=4.2260e-04
[mg]   it 835  |r|inf=5.007207e-06  r/r0=4.2169e-04
[mg]   it 836  |r|inf=4.996245e-06  r/r0=4.2077e-04
[mg]   it 837  |r|inf=4.985056e-06  r/r0=4.1983e-04
[mg]   it 838  |r|inf=4.973644e-06  r/r0=4.1887e-04
[mg]   it 839  |r|inf=4.962009e-06  r/r0=4.1789e-04
[mg]   it 840  |r|inf=4.950155e-06  r/r0=4.1689e-04
[mg]   it 841  |r|inf=4.938082e-06  r/r0=4.1587e-04
[mg]   it 842  |r|inf=4.925794e-06  r/r0=4.1484e-04
[mg]   it 843  |r|inf=4.913293e-06  r/r0=4.1378e-04
[mg]   it 844  |r|inf=4.900579e-06  r/r0=4.1271e-04
[mg]   it 845  |r|inf=4.887656e-06  r/r0=4.1163e-04
[mg]   it 846  |r|inf=4.874525e-06  r/r0=4.1052e-04
[mg]   it 847  |r|inf=4.861189e-06  r/r0=4.0940e-04
[mg]   it 848  |r|inf=4.847649e-06  r/r0=4.0826e-04
[mg]   it 849  |r|inf=4.833907e-06  r/r0=4.0710e-04
[mg]   it 850  |r|inf=4.819966e-06  r/r0=4.0592e-04
[mg]   it 851  |r|inf=4.805827e-06  r/r0=4.0473e-04
[mg]   it 852  |r|inf=4.791492e-06  r/r0=4.0353e-04
[mg]   it 853  |r|inf=4.776963e-06  r/r0=4.0230e-04
[mg]   it 854  |r|inf=4.762242e-06  r/r0=4.0106e-04
[mg]   it 855  |r|inf=4.747331e-06  r/r0=3.9981e-04
[mg]   it 856  |r|inf=4.732232e-06  r/r0=3.9854e-04
[mg]   it 857  |r|inf=4.716946e-06  r/r0=3.9725e-04
[mg]   it 858  |r|inf=4.701476e-06  r/r0=3.9595e-04
[mg]   it 859  |r|inf=4.685823e-06  r/r0=3.9463e-04
[mg]   it 860  |r|inf=4.669989e-06  r/r0=3.9329e-04
[mg]   it 861  |r|inf=4.653976e-06  r/r0=3.9195e-04
[mg]   it 862  |r|inf=4.637785e-06  r/r0=3.9058e-04
[mg]   it 863  |r|inf=4.621420e-06  r/r0=3.8920e-04
[mg]   it 864  |r|inf=4.604880e-06  r/r0=3.8781e-04
[mg]   it 865  |r|inf=4.588168e-06  r/r0=3.8640e-04
[mg]   it 866  |r|inf=4.571287e-06  r/r0=3.8498e-04
[mg]   it 867  |r|inf=4.554236e-06  r/r0=3.8355e-04
[mg]   it 868  |r|inf=4.537019e-06  r/r0=3.8210e-04
[mg]   it 869  |r|inf=4.519636e-06  r/r0=3.8063e-04
[mg]   it 870  |r|inf=4.502090e-06  r/r0=3.7915e-04
[mg]   it 871  |r|inf=4.484382e-06  r/r0=3.7766e-04
[mg]   it 872  |r|inf=4.466514e-06  r/r0=3.7616e-04
[mg]   it 873  |r|inf=4.448487e-06  r/r0=3.7464e-04
[mg]   it 874  |r|inf=4.430303e-06  r/r0=3.7311e-04
[mg]   it 875  |r|inf=4.411964e-06  r/r0=3.7156e-04
[mg]   it 876  |r|inf=4.393471e-06  r/r0=3.7001e-04
[mg]   it 877  |r|inf=4.374825e-06  r/r0=3.6844e-04
[mg]   it 878  |r|inf=4.356029e-06  r/r0=3.6685e-04
[mg]   it 879  |r|inf=4.337084e-06  r/r0=3.6526e-04
[mg]   it 880  |r|inf=4.317992e-06  r/r0=3.6365e-04
[mg]   it 881  |r|inf=4.298753e-06  r/r0=3.6203e-04
[mg]   it 882  |r|inf=4.279369e-06  r/r0=3.6040e-04
[mg]   it 883  |r|inf=4.259842e-06  r/r0=3.5875e-04
[mg]   it 884  |r|inf=4.240174e-06  r/r0=3.5710e-04
[mg]   it 885  |r|inf=4.220366e-06  r/r0=3.5543e-04
[mg]   it 886  |r|inf=4.200418e-06  r/r0=3.5375e-04
[mg]   it 887  |r|inf=4.180334e-06  r/r0=3.5206e-04
[mg]   it 888  |r|inf=4.160113e-06  r/r0=3.5035e-04
[mg]   it 889  |r|inf=4.139758e-06  r/r0=3.4864e-04
[mg]   it 890  |r|inf=4.119270e-06  r/r0=3.4691e-04
[mg]   it 891  |r|inf=4.098650e-06  r/r0=3.4518e-04
[mg]   it 892  |r|inf=4.077900e-06  r/r0=3.4343e-04
[mg]   it 893  |r|inf=4.057020e-06  r/r0=3.4167e-04
[mg]   it 894  |r|inf=4.036013e-06  r/r0=3.3990e-04
[mg]   it 895  |r|inf=4.014879e-06  r/r0=3.3812e-04
[mg]   it 896  |r|inf=3.993621e-06  r/r0=3.3633e-04
[mg]   it 897  |r|inf=3.972238e-06  r/r0=3.3453e-04
[mg]   it 898  |r|inf=3.950734e-06  r/r0=3.3272e-04
[mg]   it 899  |r|inf=3.929108e-06  r/r0=3.3090e-04
[mg]   it 900  |r|inf=3.907362e-06  r/r0=3.2907e-04
[mg]   it 901  |r|inf=3.885497e-06  r/r0=3.2723e-04
[mg]   it 902  |r|inf=3.863515e-06  r/r0=3.2537e-04
[mg]   it 903  |r|inf=3.841416e-06  r/r0=3.2351e-04
[mg]   it 904  |r|inf=3.819203e-06  r/r0=3.2164e-04
[mg]   it 905  |r|inf=3.796876e-06  r/r0=3.1976e-04
[mg]   it 906  |r|inf=3.780520e-06  r/r0=3.1839e-04
[mg]   it 907  |r|inf=3.790642e-06  r/r0=3.1924e-04
[mg]   it 908  |r|inf=3.800604e-06  r/r0=3.2008e-04
[mg]   it 909  |r|inf=3.810405e-06  r/r0=3.2090e-04
[mg]   it 910  |r|inf=3.820047e-06  r/r0=3.2171e-04
[mg]   it 911  |r|inf=3.829529e-06  r/r0=3.2251e-04
[mg]   it 912  |r|inf=3.838852e-06  r/r0=3.2330e-04
[mg]   it 913  |r|inf=3.848016e-06  r/r0=3.2407e-04
[mg]   it 914  |r|inf=3.857022e-06  r/r0=3.2483e-04
[mg]   it 915  |r|inf=3.865870e-06  r/r0=3.2557e-04
[mg]   it 916  |r|inf=3.874561e-06  r/r0=3.2631e-04
[mg]   it 917  |r|inf=3.883094e-06  r/r0=3.2702e-04
[mg]   it 918  |r|inf=3.891471e-06  r/r0=3.2773e-04
[mg]   it 919  |r|inf=3.899692e-06  r/r0=3.2842e-04
[mg]   it 920  |r|inf=3.907757e-06  r/r0=3.2910e-04
[mg]   it 921  |r|inf=3.915667e-06  r/r0=3.2977e-04
[mg]   it 922  |r|inf=3.923421e-06  r/r0=3.3042e-04
[mg]   it 923  |r|inf=3.931021e-06  r/r0=3.3106e-04
[mg]   it 924  |r|inf=3.938467e-06  r/r0=3.3169e-04
[mg]   it 925  |r|inf=3.945759e-06  r/r0=3.3230e-04
[mg]   it 926  |r|inf=3.952897e-06  r/r0=3.3290e-04
[mg]   it 927  |r|inf=3.959883e-06  r/r0=3.3349e-04
[mg]   it 928  |r|inf=3.966716e-06  r/r0=3.3407e-04
[mg]   it 929  |r|inf=3.973396e-06  r/r0=3.3463e-04
[mg]   it 930  |r|inf=3.979925e-06  r/r0=3.3518e-04
[mg]   it 931  |r|inf=3.986302e-06  r/r0=3.3572e-04
[mg]   it 932  |r|inf=3.992528e-06  r/r0=3.3624e-04
[mg]   it 933  |r|inf=3.998603e-06  r/r0=3.3675e-04
[mg]   it 934  |r|inf=4.004527e-06  r/r0=3.3725e-04
[mg]   it 935  |r|inf=4.010302e-06  r/r0=3.3774e-04
[mg]   it 936  |r|inf=4.015927e-06  r/r0=3.3821e-04
[mg]   it 937  |r|inf=4.021403e-06  r/r0=3.3867e-04
[mg]   it 938  |r|inf=4.026730e-06  r/r0=3.3912e-04
[mg]   it 939  |r|inf=4.031908e-06  r/r0=3.3956e-04
[mg]   it 940  |r|inf=4.036938e-06  r/r0=3.3998e-04
[mg]   it 941  |r|inf=4.041820e-06  r/r0=3.4039e-04
[mg]   it 942  |r|inf=4.046555e-06  r/r0=3.4079e-04
[mg]   it 943  |r|inf=4.051142e-06  r/r0=3.4118e-04
[mg]   it 944  |r|inf=4.055583e-06  r/r0=3.4155e-04
[mg]   it 945  |r|inf=4.059877e-06  r/r0=3.4191e-04
[mg]   it 946  |r|inf=4.064026e-06  r/r0=3.4226e-04
[mg]   it 947  |r|inf=4.068028e-06  r/r0=3.4260e-04
[mg]   it 948  |r|inf=4.071885e-06  r/r0=3.4292e-04
[mg]   it 949  |r|inf=4.075597e-06  r/r0=3.4324e-04
[mg]   it 950  |r|inf=4.079164e-06  r/r0=3.4354e-04
[mg]   it 951  |r|inf=4.082587e-06  r/r0=3.4382e-04
[mg]   it 952  |r|inf=4.085865e-06  r/r0=3.4410e-04
[mg]   it 953  |r|inf=4.089000e-06  r/r0=3.4436e-04
[mg]   it 954  |r|inf=4.091991e-06  r/r0=3.4462e-04
[mg]   it 955  |r|inf=4.094839e-06  r/r0=3.4486e-04
[mg]   it 956  |r|inf=4.097545e-06  r/r0=3.4508e-04
[mg]   it 957  |r|inf=4.100108e-06  r/r0=3.4530e-04
[mg]   it 958  |r|inf=4.102528e-06  r/r0=3.4550e-04
[mg]   it 959  |r|inf=4.104807e-06  r/r0=3.4570e-04
[mg]   it 960  |r|inf=4.106945e-06  r/r0=3.4588e-04
[mg]   it 961  |r|inf=4.108941e-06  r/r0=3.4604e-04
[mg]   it 962  |r|inf=4.110796e-06  r/r0=3.4620e-04
[mg]   it 963  |r|inf=4.112511e-06  r/r0=3.4634e-04
[mg]   it 964  |r|inf=4.114085e-06  r/r0=3.4648e-04
[mg]   it 965  |r|inf=4.115520e-06  r/r0=3.4660e-04
[mg]   it 966  |r|inf=4.116814e-06  r/r0=3.4671e-04
[mg]   it 967  |r|inf=4.117969e-06  r/r0=3.4680e-04
[mg]   it 968  |r|inf=4.118986e-06  r/r0=3.4689e-04
[mg]   it 969  |r|inf=4.119863e-06  r/r0=3.4696e-04
[mg]   it 970  |r|inf=4.120602e-06  r/r0=3.4703e-04
[mg]   it 971  |r|inf=4.121203e-06  r/r0=3.4708e-04
[mg]   it 972  |r|inf=4.121665e-06  r/r0=3.4712e-04
[mg]   it 973  |r|inf=4.121991e-06  r/r0=3.4714e-04
[mg]   it 974  |r|inf=4.122178e-06  r/r0=3.4716e-04
[mg]   it 975  |r|inf=4.122229e-06  r/r0=3.4716e-04
[mg]   it 976  |r|inf=4.122143e-06  r/r0=3.4716e-04
[mg]   it 977  |r|inf=4.121921e-06  r/r0=3.4714e-04
[mg]   it 978  |r|inf=4.121562e-06  r/r0=3.4711e-04
[mg]   it 979  |r|inf=4.121068e-06  r/r0=3.4707e-04
[mg]   it 980  |r|inf=4.120438e-06  r/r0=3.4701e-04
[mg]   it 981  |r|inf=4.119673e-06  r/r0=3.4695e-04
[mg]   it 982  |r|inf=4.118772e-06  r/r0=3.4687e-04
[mg]   it 983  |r|inf=4.117737e-06  r/r0=3.4678e-04
[mg]   it 984  |r|inf=4.116568e-06  r/r0=3.4669e-04
[mg]   it 985  |r|inf=4.115264e-06  r/r0=3.4658e-04
[mg]   it 986  |r|inf=4.113826e-06  r/r0=3.4646e-04
[mg]   it 987  |r|inf=4.112255e-06  r/r0=3.4632e-04
[mg]   it 988  |r|inf=4.110550e-06  r/r0=3.4618e-04
[mg]   it 989  |r|inf=4.108712e-06  r/r0=3.4602e-04
[mg]   it 990  |r|inf=4.106742e-06  r/r0=3.4586e-04
[mg]   it 991  |r|inf=4.104639e-06  r/r0=3.4568e-04
[mg]   it 992  |r|inf=4.102404e-06  r/r0=3.4549e-04
[mg]   it 993  |r|inf=4.100036e-06  r/r0=3.4529e-04
[mg]   it 994  |r|inf=4.097537e-06  r/r0=3.4508e-04
[mg]   it 995  |r|inf=4.094907e-06  r/r0=3.4486e-04
[mg]   it 996  |r|inf=4.092146e-06  r/r0=3.4463e-04
[mg]   it 997  |r|inf=4.089253e-06  r/r0=3.4439e-04
[mg]   it 998  |r|inf=4.086230e-06  r/r0=3.4413e-04
[mg]   it 999  |r|inf=4.083077e-06  r/r0=3.4387e-04
[mg]   it 1000  |r|inf=4.079794e-06  r/r0=3.4359e-04
[mg]   it 1001  |r|inf=4.076381e-06  r/r0=3.4330e-04
[mg]   it 1002  |r|inf=4.072838e-06  r/r0=3.4300e-04
[mg]   it 1003  |r|inf=4.069167e-06  r/r0=3.4269e-04
[mg]   it 1004  |r|inf=4.065366e-06  r/r0=3.4237e-04
[mg]   it 1005  |r|inf=4.061437e-06  r/r0=3.4204e-04
[mg]   it 1006  |r|inf=4.057380e-06  r/r0=3.4170e-04
[mg]   it 1007  |r|inf=4.053194e-06  r/r0=3.4135e-04
[mg]   it 1008  |r|inf=4.048881e-06  r/r0=3.4099e-04
[mg]   it 1009  |r|inf=4.044440e-06  r/r0=3.4061e-04
[mg]   it 1010  |r|inf=4.039872e-06  r/r0=3.4023e-04
[mg]   it 1011  |r|inf=4.035176e-06  r/r0=3.3983e-04
[mg]   it 1012  |r|inf=4.030355e-06  r/r0=3.3943e-04
[mg]   it 1013  |r|inf=4.025407e-06  r/r0=3.3901e-04
[mg]   it 1014  |r|inf=4.020332e-06  r/r0=3.3858e-04
[mg]   it 1015  |r|inf=4.015133e-06  r/r0=3.3814e-04
[mg]   it 1016  |r|inf=4.009807e-06  r/r0=3.3770e-04
[mg]   it 1017  |r|inf=4.004356e-06  r/r0=3.3724e-04
[mg]   it 1018  |r|inf=3.998781e-06  r/r0=3.3677e-04
[mg]   it 1019  |r|inf=3.993081e-06  r/r0=3.3629e-04
[mg]   it 1020  |r|inf=3.987256e-06  r/r0=3.3580e-04
[mg]   it 1021  |r|inf=3.981307e-06  r/r0=3.3530e-04
[mg]   it 1022  |r|inf=3.975235e-06  r/r0=3.3478e-04
[mg]   it 1023  |r|inf=3.969039e-06  r/r0=3.3426e-04
[mg]   it 1024  |r|inf=3.962721e-06  r/r0=3.3373e-04
[mg]   it 1025  |r|inf=3.956279e-06  r/r0=3.3319e-04
[mg]   it 1026  |r|inf=3.949715e-06  r/r0=3.3263e-04
[mg]   it 1027  |r|inf=3.943028e-06  r/r0=3.3207e-04
[mg]   it 1028  |r|inf=3.936220e-06  r/r0=3.3150e-04
[mg]   it 1029  |r|inf=3.929290e-06  r/r0=3.3091e-04
[mg]   it 1030  |r|inf=3.922239e-06  r/r0=3.3032e-04
[mg]   it 1031  |r|inf=3.915067e-06  r/r0=3.2972e-04
[mg]   it 1032  |r|inf=3.907774e-06  r/r0=3.2910e-04
[mg]   it 1033  |r|inf=3.900361e-06  r/r0=3.2848e-04
[mg]   it 1034  |r|inf=3.892827e-06  r/r0=3.2784e-04
[mg]   it 1035  |r|inf=3.885175e-06  r/r0=3.2720e-04
[mg]   it 1036  |r|inf=3.877402e-06  r/r0=3.2654e-04
[mg]   it 1037  |r|inf=3.869511e-06  r/r0=3.2588e-04
[mg]   it 1038  |r|inf=3.861501e-06  r/r0=3.2521e-04
[mg]   it 1039  |r|inf=3.853373e-06  r/r0=3.2452e-04
[mg]   it 1040  |r|inf=3.845127e-06  r/r0=3.2383e-04
[mg]   it 1041  |r|inf=3.836763e-06  r/r0=3.2312e-04
[mg]   it 1042  |r|inf=3.828282e-06  r/r0=3.2241e-04
[mg]   it 1043  |r|inf=3.819683e-06  r/r0=3.2168e-04
[mg]   it 1044  |r|inf=3.810968e-06  r/r0=3.2095e-04
[mg]   it 1045  |r|inf=3.802137e-06  r/r0=3.2021e-04
[mg]   it 1046  |r|inf=3.793190e-06  r/r0=3.1945e-04
[mg]   it 1047  |r|inf=3.784127e-06  r/r0=3.1869e-04
[mg]   it 1048  |r|inf=3.774949e-06  r/r0=3.1792e-04
[mg]   it 1049  |r|inf=3.765657e-06  r/r0=3.1713e-04
[mg]   it 1050  |r|inf=3.756249e-06  r/r0=3.1634e-04
[mg]   it 1051  |r|inf=3.746728e-06  r/r0=3.1554e-04
[mg]   it 1052  |r|inf=3.737093e-06  r/r0=3.1473e-04
[mg]   it 1053  |r|inf=3.727344e-06  r/r0=3.1391e-04
[mg]   it 1054  |r|inf=3.717483e-06  r/r0=3.1308e-04
[mg]   it 1055  |r|inf=3.707509e-06  r/r0=3.1224e-04
[mg]   it 1056  |r|inf=3.697422e-06  r/r0=3.1139e-04
[mg]   it 1057  |r|inf=3.687224e-06  r/r0=3.1053e-04
[mg]   it 1058  |r|inf=3.676915e-06  r/r0=3.0966e-04
[mg]   it 1059  |r|inf=3.666494e-06  r/r0=3.0878e-04
[mg]   it 1060  |r|inf=3.655963e-06  r/r0=3.0790e-04
[mg]   it 1061  |r|inf=3.645321e-06  r/r0=3.0700e-04
[mg]   it 1062  |r|inf=3.634570e-06  r/r0=3.0609e-04
[mg]   it 1063  |r|inf=3.623709e-06  r/r0=3.0518e-04
[mg]   it 1064  |r|inf=3.612739e-06  r/r0=3.0426e-04
[mg]   it 1065  |r|inf=3.601661e-06  r/r0=3.0332e-04
[mg]   it 1066  |r|inf=3.590474e-06  r/r0=3.0238e-04
[mg]   it 1067  |r|inf=3.579180e-06  r/r0=3.0143e-04
[mg]   it 1068  |r|inf=3.567779e-06  r/r0=3.0047e-04
[mg]   it 1069  |r|inf=3.556270e-06  r/r0=2.9950e-04
[mg]   it 1070  |r|inf=3.544655e-06  r/r0=2.9852e-04
[mg]   it 1071  |r|inf=3.532934e-06  r/r0=2.9753e-04
[mg]   it 1072  |r|inf=3.521108e-06  r/r0=2.9654e-04
[mg]   it 1073  |r|inf=3.509176e-06  r/r0=2.9553e-04
[mg]   it 1074  |r|inf=3.497140e-06  r/r0=2.9452e-04
[mg]   it 1075  |r|inf=3.484999e-06  r/r0=2.9350e-04
[mg]   it 1076  |r|inf=3.472755e-06  r/r0=2.9247e-04
[mg]   it 1077  |r|inf=3.460407e-06  r/r0=2.9143e-04
[mg]   it 1078  |r|inf=3.447957e-06  r/r0=2.9038e-04
[mg]   it 1079  |r|inf=3.435404e-06  r/r0=2.8932e-04
[mg]   it 1080  |r|inf=3.422749e-06  r/r0=2.8825e-04
[mg]   it 1081  |r|inf=3.409993e-06  r/r0=2.8718e-04
[mg]   it 1082  |r|inf=3.397136e-06  r/r0=2.8610e-04
[mg]   it 1083  |r|inf=3.384179e-06  r/r0=2.8501e-04
[mg]   it 1084  |r|inf=3.371122e-06  r/r0=2.8391e-04
[mg]   it 1085  |r|inf=3.357965e-06  r/r0=2.8280e-04
[mg]   it 1086  |r|inf=3.344709e-06  r/r0=2.8168e-04
[mg]   it 1087  |r|inf=3.331355e-06  r/r0=2.8056e-04
[mg]   it 1088  |r|inf=3.317903e-06  r/r0=2.7942e-04
[mg]   it 1089  |r|inf=3.304354e-06  r/r0=2.7828e-04
[mg]   it 1090  |r|inf=3.293911e-06  r/r0=2.7740e-04
[mg]   it 1091  |r|inf=3.304989e-06  r/r0=2.7834e-04
[mg]   it 1092  |r|inf=3.315964e-06  r/r0=2.7926e-04
[mg]   it 1093  |r|inf=3.326836e-06  r/r0=2.8018e-04
[mg]   it 1094  |r|inf=3.337605e-06  r/r0=2.8108e-04
[mg]   it 1095  |r|inf=3.348270e-06  r/r0=2.8198e-04
[mg]   it 1096  |r|inf=3.358831e-06  r/r0=2.8287e-04
[mg]   it 1097  |r|inf=3.369289e-06  r/r0=2.8375e-04
[mg]   it 1098  |r|inf=3.379642e-06  r/r0=2.8462e-04
[mg]   it 1099  |r|inf=3.389890e-06  r/r0=2.8549e-04
[mg]   it 1100  |r|inf=3.400034e-06  r/r0=2.8634e-04
[mg]   it 1101  |r|inf=3.410072e-06  r/r0=2.8719e-04
[mg]   it 1102  |r|inf=3.420005e-06  r/r0=2.8802e-04
[mg]   it 1103  |r|inf=3.429833e-06  r/r0=2.8885e-04
[mg]   it 1104  |r|inf=3.439555e-06  r/r0=2.8967e-04
[mg]   it 1105  |r|inf=3.449171e-06  r/r0=2.9048e-04
[mg]   it 1106  |r|inf=3.458681e-06  r/r0=2.9128e-04
[mg]   it 1107  |r|inf=3.468085e-06  r/r0=2.9207e-04
[mg]   it 1108  |r|inf=3.477382e-06  r/r0=2.9286e-04
[mg]   it 1109  |r|inf=3.486572e-06  r/r0=2.9363e-04
[mg]   it 1110  |r|inf=3.495655e-06  r/r0=2.9439e-04
[mg]   it 1111  |r|inf=3.504631e-06  r/r0=2.9515e-04
[mg]   it 1112  |r|inf=3.513499e-06  r/r0=2.9590e-04
[mg]   it 1113  |r|inf=3.522260e-06  r/r0=2.9664e-04
[mg]   it 1114  |r|inf=3.530913e-06  r/r0=2.9736e-04
[mg]   it 1115  |r|inf=3.539458e-06  r/r0=2.9808e-04
[mg]   it 1116  |r|inf=3.547895e-06  r/r0=2.9879e-04
[mg]   it 1117  |r|inf=3.556224e-06  r/r0=2.9950e-04
[mg]   it 1118  |r|inf=3.564444e-06  r/r0=3.0019e-04
[mg]   it 1119  |r|inf=3.572556e-06  r/r0=3.0087e-04
[mg]   it 1120  |r|inf=3.580558e-06  r/r0=3.0155e-04
[mg]   it 1121  |r|inf=3.588452e-06  r/r0=3.0221e-04
[mg]   it 1122  |r|inf=3.596237e-06  r/r0=3.0287e-04
[mg]   it 1123  |r|inf=3.603912e-06  r/r0=3.0351e-04
[mg]   it 1124  |r|inf=3.611478e-06  r/r0=3.0415e-04
[mg]   it 1125  |r|inf=3.618935e-06  r/r0=3.0478e-04
[mg]   it 1126  |r|inf=3.626281e-06  r/r0=3.0540e-04
[mg]   it 1127  |r|inf=3.633518e-06  r/r0=3.0601e-04
[mg]   it 1128  |r|inf=3.640646e-06  r/r0=3.0661e-04
[mg]   it 1129  |r|inf=3.647663e-06  r/r0=3.0720e-04
[mg]   it 1130  |r|inf=3.654570e-06  r/r0=3.0778e-04
[mg]   it 1131  |r|inf=3.661366e-06  r/r0=3.0835e-04
[mg]   it 1132  |r|inf=3.668053e-06  r/r0=3.0891e-04
[mg]   it 1133  |r|inf=3.674629e-06  r/r0=3.0947e-04
[mg]   it 1134  |r|inf=3.681094e-06  r/r0=3.1001e-04
[mg]   it 1135  |r|inf=3.687449e-06  r/r0=3.1055e-04
[mg]   it 1136  |r|inf=3.693693e-06  r/r0=3.1107e-04
[mg]   it 1137  |r|inf=3.699826e-06  r/r0=3.1159e-04
[mg]   it 1138  |r|inf=3.705849e-06  r/r0=3.1210e-04
[mg]   it 1139  |r|inf=3.711761e-06  r/r0=3.1259e-04
[mg]   it 1140  |r|inf=3.717561e-06  r/r0=3.1308e-04
[mg]   it 1141  |r|inf=3.723251e-06  r/r0=3.1356e-04
[mg]   it 1142  |r|inf=3.728830e-06  r/r0=3.1403e-04
[mg]   it 1143  |r|inf=3.734297e-06  r/r0=3.1449e-04
[mg]   it 1144  |r|inf=3.739654e-06  r/r0=3.1494e-04
[mg]   it 1145  |r|inf=3.744899e-06  r/r0=3.1539e-04
[mg]   it 1146  |r|inf=3.750033e-06  r/r0=3.1582e-04
[mg]   it 1147  |r|inf=3.755056e-06  r/r0=3.1624e-04
[mg]   it 1148  |r|inf=3.759968e-06  r/r0=3.1665e-04
[mg]   it 1149  |r|inf=3.764768e-06  r/r0=3.1706e-04
[mg]   it 1150  |r|inf=3.769458e-06  r/r0=3.1745e-04
[mg]   it 1151  |r|inf=3.774035e-06  r/r0=3.1784e-04
[mg]   it 1152  |r|inf=3.778502e-06  r/r0=3.1822e-04
[mg]   it 1153  |r|inf=3.782858e-06  r/r0=3.1858e-04
[mg]   it 1154  |r|inf=3.787102e-06  r/r0=3.1894e-04
[mg]   it 1155  |r|inf=3.791235e-06  r/r0=3.1929e-04
[mg]   it 1156  |r|inf=3.795257e-06  r/r0=3.1963e-04
[mg]   it 1157  |r|inf=3.799168e-06  r/r0=3.1996e-04
[mg]   it 1158  |r|inf=3.802968e-06  r/r0=3.2028e-04
[mg]   it 1159  |r|inf=3.806656e-06  r/r0=3.2059e-04
[mg]   it 1160  |r|inf=3.810234e-06  r/r0=3.2089e-04
[mg]   it 1161  |r|inf=3.813701e-06  r/r0=3.2118e-04
[mg]   it 1162  |r|inf=3.817057e-06  r/r0=3.2146e-04
[mg]   it 1163  |r|inf=3.820302e-06  r/r0=3.2174e-04
[mg]   it 1164  |r|inf=3.823436e-06  r/r0=3.2200e-04
[mg]   it 1165  |r|inf=3.826460e-06  r/r0=3.2225e-04
[mg]   it 1166  |r|inf=3.829373e-06  r/r0=3.2250e-04
[mg]   it 1167  |r|inf=3.832176e-06  r/r0=3.2274e-04
[mg]   it 1168  |r|inf=3.834868e-06  r/r0=3.2296e-04
[mg]   it 1169  |r|inf=3.837450e-06  r/r0=3.2318e-04
[mg]   it 1170  |r|inf=3.839922e-06  r/r0=3.2339e-04
[mg]   it 1171  |r|inf=3.842284e-06  r/r0=3.2359e-04
[mg]   it 1172  |r|inf=3.844536e-06  r/r0=3.2378e-04
[mg]   it 1173  |r|inf=3.846677e-06  r/r0=3.2396e-04
[mg]   it 1174  |r|inf=3.848710e-06  r/r0=3.2413e-04
[mg]   it 1175  |r|inf=3.850632e-06  r/r0=3.2429e-04
[mg]   it 1176  |r|inf=3.852445e-06  r/r0=3.2444e-04
[mg]   it 1177  |r|inf=3.854149e-06  r/r0=3.2459e-04
[mg]   it 1178  |r|inf=3.855744e-06  r/r0=3.2472e-04
[mg]   it 1179  |r|inf=3.857230e-06  r/r0=3.2485e-04
[mg]   it 1180  |r|inf=3.858607e-06  r/r0=3.2496e-04
[mg]   it 1181  |r|inf=3.859875e-06  r/r0=3.2507e-04
[mg]   it 1182  |r|inf=3.861034e-06  r/r0=3.2517e-04
[mg]   it 1183  |r|inf=3.862086e-06  r/r0=3.2525e-04
[mg]   it 1184  |r|inf=3.863029e-06  r/r0=3.2533e-04
[mg]   it 1185  |r|inf=3.863864e-06  r/r0=3.2540e-04
[mg]   it 1186  |r|inf=3.864591e-06  r/r0=3.2547e-04
[mg]   it 1187  |r|inf=3.865211e-06  r/r0=3.2552e-04
[mg]   it 1188  |r|inf=3.865724e-06  r/r0=3.2556e-04
[mg]   it 1189  |r|inf=3.866129e-06  r/r0=3.2560e-04
[mg]   it 1190  |r|inf=3.866427e-06  r/r0=3.2562e-04
[mg]   it 1191  |r|inf=3.866619e-06  r/r0=3.2564e-04
[mg]   it 1192  |r|inf=3.866704e-06  r/r0=3.2564e-04
[mg]   it 1193  |r|inf=3.866682e-06  r/r0=3.2564e-04
[mg]   it 1194  |r|inf=3.866555e-06  r/r0=3.2563e-04
[mg]   it 1195  |r|inf=3.866322e-06  r/r0=3.2561e-04
[mg]   it 1196  |r|inf=3.865983e-06  r/r0=3.2558e-04
[mg]   it 1197  |r|inf=3.878255e-06  r/r0=3.2662e-04
[mg]   it 1198  |r|inf=3.896904e-06  r/r0=3.2819e-04
[mg]   it 1199  |r|inf=3.915434e-06  r/r0=3.2975e-04
[mg]   it 1200  |r|inf=3.933843e-06  r/r0=3.3130e-04
[mg]   it 1201  |r|inf=3.952132e-06  r/r0=3.3284e-04
[mg]   it 1202  |r|inf=3.970299e-06  r/r0=3.3437e-04
[mg]   it 1203  |r|inf=3.988346e-06  r/r0=3.3589e-04
[mg]   it 1204  |r|inf=4.006270e-06  r/r0=3.3740e-04
[mg]   it 1205  |r|inf=4.024073e-06  r/r0=3.3890e-04
[mg]   it 1206  |r|inf=4.041753e-06  r/r0=3.4039e-04
[mg]   it 1207  |r|inf=4.059311e-06  r/r0=3.4186e-04
[mg]   it 1208  |r|inf=4.076746e-06  r/r0=3.4333e-04
[mg]   it 1209  |r|inf=4.094057e-06  r/r0=3.4479e-04
[mg]   it 1210  |r|inf=4.111245e-06  r/r0=3.4624e-04
[mg]   it 1211  |r|inf=4.128310e-06  r/r0=3.4768e-04
[mg]   it 1212  |r|inf=4.145250e-06  r/r0=3.4910e-04
[mg]   it 1213  |r|inf=4.162066e-06  r/r0=3.5052e-04
[mg]   it 1214  |r|inf=4.178757e-06  r/r0=3.5192e-04
[mg]   it 1215  |r|inf=4.195323e-06  r/r0=3.5332e-04
[mg]   it 1216  |r|inf=4.211765e-06  r/r0=3.5470e-04
[mg]   it 1217  |r|inf=4.228081e-06  r/r0=3.5608e-04
[mg]   it 1218  |r|inf=4.244271e-06  r/r0=3.5744e-04
[mg]   it 1219  |r|inf=4.260336e-06  r/r0=3.5879e-04
[mg]   it 1220  |r|inf=4.276275e-06  r/r0=3.6014e-04
[mg]   it 1221  |r|inf=4.292087e-06  r/r0=3.6147e-04
[mg]   it 1222  |r|inf=4.307773e-06  r/r0=3.6279e-04
[mg]   it 1223  |r|inf=4.323333e-06  r/r0=3.6410e-04
[mg]   it 1224  |r|inf=4.338766e-06  r/r0=3.6540e-04
[mg]   it 1225  |r|inf=4.354072e-06  r/r0=3.6669e-04
[mg]   it 1226  |r|inf=4.369251e-06  r/r0=3.6797e-04
[mg]   it 1227  |r|inf=4.384302e-06  r/r0=3.6923e-04
[mg]   it 1228  |r|inf=4.399227e-06  r/r0=3.7049e-04
[mg]   it 1229  |r|inf=4.414023e-06  r/r0=3.7174e-04
[mg]   it 1230  |r|inf=4.428692e-06  r/r0=3.7297e-04
[mg]   it 1231  |r|inf=4.443234e-06  r/r0=3.7420e-04
[mg]   it 1232  |r|inf=4.457647e-06  r/r0=3.7541e-04
[mg]   it 1233  |r|inf=4.471932e-06  r/r0=3.7661e-04
[mg]   it 1234  |r|inf=4.486089e-06  r/r0=3.7781e-04
[mg]   it 1235  |r|inf=4.500118e-06  r/r0=3.7899e-04
[mg]   it 1236  |r|inf=4.514018e-06  r/r0=3.8016e-04
[mg]   it 1237  |r|inf=4.527790e-06  r/r0=3.8132e-04
[mg]   it 1238  |r|inf=4.541434e-06  r/r0=3.8247e-04
[mg]   it 1239  |r|inf=4.554949e-06  r/r0=3.8361e-04
[mg]   it 1240  |r|inf=4.568335e-06  r/r0=3.8473e-04
[mg]   it 1241  |r|inf=4.581592e-06  r/r0=3.8585e-04
[mg]   it 1242  |r|inf=4.594721e-06  r/r0=3.8696e-04
[mg]   it 1243  |r|inf=4.607721e-06  r/r0=3.8805e-04
[mg]   it 1244  |r|inf=4.620592e-06  r/r0=3.8913e-04
[mg]   it 1245  |r|inf=4.633334e-06  r/r0=3.9021e-04
[mg]   it 1246  |r|inf=4.645948e-06  r/r0=3.9127e-04
[mg]   it 1247  |r|inf=4.658432e-06  r/r0=3.9232e-04
[mg]   it 1248  |r|inf=4.670787e-06  r/r0=3.9336e-04
[mg]   it 1249  |r|inf=4.683014e-06  r/r0=3.9439e-04
[mg]   it 1250  |r|inf=4.695112e-06  r/r0=3.9541e-04
[mg]   it 1251  |r|inf=4.707080e-06  r/r0=3.9642e-04
[mg]   it 1252  |r|inf=4.718920e-06  r/r0=3.9741e-04
[mg]   it 1253  |r|inf=4.730631e-06  r/r0=3.9840e-04
[mg]   it 1254  |r|inf=4.742213e-06  r/r0=3.9938e-04
[mg]   it 1255  |r|inf=4.753666e-06  r/r0=4.0034e-04
[mg]   it 1256  |r|inf=4.764991e-06  r/r0=4.0129e-04
[mg]   it 1257  |r|inf=4.776187e-06  r/r0=4.0224e-04
[mg]   it 1258  |r|inf=4.787254e-06  r/r0=4.0317e-04
[mg]   it 1259  |r|inf=4.798193e-06  r/r0=4.0409e-04
[mg]   it 1260  |r|inf=4.809003e-06  r/r0=4.0500e-04
[mg]   it 1261  |r|inf=4.819684e-06  r/r0=4.0590e-04
[mg]   it 1262  |r|inf=4.830238e-06  r/r0=4.0679e-04
[mg]   it 1263  |r|inf=4.840663e-06  r/r0=4.0767e-04
[mg]   it 1264  |r|inf=4.850959e-06  r/r0=4.0853e-04
[mg]   it 1265  |r|inf=4.861128e-06  r/r0=4.0939e-04
[mg]   it 1266  |r|inf=4.871169e-06  r/r0=4.1024e-04
[mg]   it 1267  |r|inf=4.881082e-06  r/r0=4.1107e-04
[mg]   it 1268  |r|inf=4.890867e-06  r/r0=4.1190e-04
[mg]   it 1269  |r|inf=4.900525e-06  r/r0=4.1271e-04
[mg]   it 1270  |r|inf=4.910055e-06  r/r0=4.1351e-04
[mg]   it 1271  |r|inf=4.919458e-06  r/r0=4.1430e-04
[mg]   it 1272  |r|inf=4.928733e-06  r/r0=4.1508e-04
[mg]   it 1273  |r|inf=4.937882e-06  r/r0=4.1586e-04
[mg]   it 1274  |r|inf=4.946903e-06  r/r0=4.1662e-04
[mg]   it 1275  |r|inf=4.955798e-06  r/r0=4.1736e-04
[mg]   it 1276  |r|inf=4.964567e-06  r/r0=4.1810e-04
[mg]   it 1277  |r|inf=4.973208e-06  r/r0=4.1883e-04
[mg]   it 1278  |r|inf=4.981724e-06  r/r0=4.1955e-04
[mg]   it 1279  |r|inf=4.990114e-06  r/r0=4.2025e-04
[mg]   it 1280  |r|inf=4.998377e-06  r/r0=4.2095e-04
[mg]   it 1281  |r|inf=5.006515e-06  r/r0=4.2164e-04
[mg]   it 1282  |r|inf=5.014528e-06  r/r0=4.2231e-04
[mg]   it 1283  |r|inf=5.022415e-06  r/r0=4.2297e-04
[mg]   it 1284  |r|inf=5.030178e-06  r/r0=4.2363e-04
[mg]   it 1285  |r|inf=5.037815e-06  r/r0=4.2427e-04
[mg]   it 1286  |r|inf=5.045328e-06  r/r0=4.2490e-04
[mg]   it 1287  |r|inf=5.052716e-06  r/r0=4.2553e-04
[mg]   it 1288  |r|inf=5.059980e-06  r/r0=4.2614e-04
[mg]   it 1289  |r|inf=5.067120e-06  r/r0=4.2674e-04
[mg]   it 1290  |r|inf=5.074136e-06  r/r0=4.2733e-04
[mg]   it 1291  |r|inf=5.081029e-06  r/r0=4.2791e-04
[mg]   it 1292  |r|inf=5.087799e-06  r/r0=4.2848e-04
[mg]   it 1293  |r|inf=5.094446e-06  r/r0=4.2904e-04
[mg]   it 1294  |r|inf=5.100970e-06  r/r0=4.2959e-04
[mg]   it 1295  |r|inf=5.107371e-06  r/r0=4.3013e-04
[mg]   it 1296  |r|inf=5.113650e-06  r/r0=4.3066e-04
[mg]   it 1297  |r|inf=5.119807e-06  r/r0=4.3118e-04
[mg]   it 1298  |r|inf=5.125843e-06  r/r0=4.3168e-04
[mg]   it 1299  |r|inf=5.131757e-06  r/r0=4.3218e-04
[mg]   it 1300  |r|inf=5.137550e-06  r/r0=4.3267e-04
[mg]   it 1301  |r|inf=5.143222e-06  r/r0=4.3315e-04
[mg]   it 1302  |r|inf=5.148774e-06  r/r0=4.3362e-04
[mg]   it 1303  |r|inf=5.154205e-06  r/r0=4.3407e-04
[mg]   it 1304  |r|inf=5.159516e-06  r/r0=4.3452e-04
[mg]   it 1305  |r|inf=5.164708e-06  r/r0=4.3496e-04
[mg]   it 1306  |r|inf=5.169780e-06  r/r0=4.3539e-04
[mg]   it 1307  |r|inf=5.174733e-06  r/r0=4.3580e-04
[mg]   it 1308  |r|inf=5.179567e-06  r/r0=4.3621e-04
[mg]   it 1309  |r|inf=5.184283e-06  r/r0=4.3661e-04
[mg]   it 1310  |r|inf=5.188881e-06  r/r0=4.3699e-04
[mg]   it 1311  |r|inf=5.193361e-06  r/r0=4.3737e-04
[mg]   it 1312  |r|inf=5.197723e-06  r/r0=4.3774e-04
[mg]   it 1313  |r|inf=5.201969e-06  r/r0=4.3810e-04
[mg]   it 1314  |r|inf=5.206097e-06  r/r0=4.3844e-04
[mg]   it 1315  |r|inf=5.210109e-06  r/r0=4.3878e-04
[mg]   it 1316  |r|inf=5.214005e-06  r/r0=4.3911e-04
[mg]   it 1317  |r|inf=5.217785e-06  r/r0=4.3943e-04
[mg]   it 1318  |r|inf=5.221449e-06  r/r0=4.3974e-04
[mg]   it 1319  |r|inf=5.224998e-06  r/r0=4.4004e-04
[mg]   it 1320  |r|inf=5.228433e-06  r/r0=4.4032e-04
[mg]   it 1321  |r|inf=5.231753e-06  r/r0=4.4060e-04
[mg]   it 1322  |r|inf=5.234959e-06  r/r0=4.4087e-04
[mg]   it 1323  |r|inf=5.238051e-06  r/r0=4.4113e-04
[mg]   it 1324  |r|inf=5.241030e-06  r/r0=4.4139e-04
[mg]   it 1325  |r|inf=5.243895e-06  r/r0=4.4163e-04
[mg]   it 1326  |r|inf=5.246648e-06  r/r0=4.4186e-04
[mg]   it 1327  |r|inf=5.249289e-06  r/r0=4.4208e-04
[mg]   it 1328  |r|inf=5.251818e-06  r/r0=4.4229e-04
[mg]   it 1329  |r|inf=5.254235e-06  r/r0=4.4250e-04
[mg]   it 1330  |r|inf=5.256541e-06  r/r0=4.4269e-04
[mg]   it 1331  |r|inf=5.258737e-06  r/r0=4.4288e-04
[mg]   it 1332  |r|inf=5.260822e-06  r/r0=4.4305e-04
[mg]   it 1333  |r|inf=5.262796e-06  r/r0=4.4322e-04
[mg]   it 1334  |r|inf=5.264662e-06  r/r0=4.4338e-04
[mg]   it 1335  |r|inf=5.266417e-06  r/r0=4.4352e-04
[mg]   it 1336  |r|inf=5.268064e-06  r/r0=4.4366e-04
[mg]   it 1337  |r|inf=5.269603e-06  r/r0=4.4379e-04
[mg]   it 1338  |r|inf=5.271033e-06  r/r0=4.4391e-04
[mg]   it 1339  |r|inf=5.272356e-06  r/r0=4.4402e-04
[mg]   it 1340  |r|inf=5.273571e-06  r/r0=4.4413e-04
[mg]   it 1341  |r|inf=5.274679e-06  r/r0=4.4422e-04
[mg]   it 1342  |r|inf=5.275681e-06  r/r0=4.4430e-04
[mg]   it 1343  |r|inf=5.276576e-06  r/r0=4.4438e-04
[mg]   it 1344  |r|inf=5.277366e-06  r/r0=4.4445e-04
[mg]   it 1345  |r|inf=5.278051e-06  r/r0=4.4450e-04
[mg]   it 1346  |r|inf=5.278630e-06  r/r0=4.4455e-04
[mg]   it 1347  |r|inf=5.279105e-06  r/r0=4.4459e-04
[mg]   it 1348  |r|inf=5.279476e-06  r/r0=4.4462e-04
[mg]   it 1349  |r|inf=5.279743e-06  r/r0=4.4465e-04
[mg]   it 1350  |r|inf=5.279907e-06  r/r0=4.4466e-04
[mg]   it 1351  |r|inf=5.279967e-06  r/r0=4.4466e-04
[mg]   it 1352  |r|inf=5.279926e-06  r/r0=4.4466e-04
[mg]   it 1353  |r|inf=5.279782e-06  r/r0=4.4465e-04
[mg]   it 1354  |r|inf=5.279536e-06  r/r0=4.4463e-04
[mg]   it 1355  |r|inf=5.279189e-06  r/r0=4.4460e-04
[mg]   it 1356  |r|inf=5.278742e-06  r/r0=4.4456e-04
[mg]   it 1357  |r|inf=5.278193e-06  r/r0=4.4452e-04
[mg]   it 1358  |r|inf=5.277545e-06  r/r0=4.4446e-04
[mg]   it 1359  |r|inf=5.276797e-06  r/r0=4.4440e-04
[mg]   it 1360  |r|inf=5.275950e-06  r/r0=4.4433e-04
[mg]   it 1361  |r|inf=5.275004e-06  r/r0=4.4425e-04
[mg]   it 1362  |r|inf=5.273960e-06  r/r0=4.4416e-04
[mg]   it 1363  |r|inf=5.272818e-06  r/r0=4.4406e-04
[mg]   it 1364  |r|inf=5.271578e-06  r/r0=4.4396e-04
[mg]   it 1365  |r|inf=5.270241e-06  r/r0=4.4385e-04
[mg]   it 1366  |r|inf=5.268808e-06  r/r0=4.4372e-04
[mg]   it 1367  |r|inf=5.267278e-06  r/r0=4.4360e-04
[mg]   it 1368  |r|inf=5.265652e-06  r/r0=4.4346e-04
[mg]   it 1369  |r|inf=5.263931e-06  r/r0=4.4331e-04
[mg]   it 1370  |r|inf=5.262115e-06  r/r0=4.4316e-04
[mg]   it 1371  |r|inf=5.260204e-06  r/r0=4.4300e-04
[mg]   it 1372  |r|inf=5.258199e-06  r/r0=4.4283e-04
[mg]   it 1373  |r|inf=5.256100e-06  r/r0=4.4265e-04
[mg]   it 1374  |r|inf=5.253908e-06  r/r0=4.4247e-04
[mg]   it 1375  |r|inf=5.251623e-06  r/r0=4.4228e-04
[mg]   it 1376  |r|inf=5.249246e-06  r/r0=4.4208e-04
[mg]   it 1377  |r|inf=5.246776e-06  r/r0=4.4187e-04
[mg]   it 1378  |r|inf=5.244215e-06  r/r0=4.4165e-04
[mg]   it 1379  |r|inf=5.241563e-06  r/r0=4.4143e-04
[mg]   it 1380  |r|inf=5.238819e-06  r/r0=4.4120e-04
[mg]   it 1381  |r|inf=5.235986e-06  r/r0=4.4096e-04
[mg]   it 1382  |r|inf=5.233062e-06  r/r0=4.4071e-04
[mg]   it 1383  |r|inf=5.230049e-06  r/r0=4.4046e-04
[mg]   it 1384  |r|inf=5.226947e-06  r/r0=4.4020e-04
[mg]   it 1385  |r|inf=5.223756e-06  r/r0=4.3993e-04
[mg]   it 1386  |r|inf=5.220477e-06  r/r0=4.3965e-04
[mg]   it 1387  |r|inf=5.217110e-06  r/r0=4.3937e-04
[mg]   it 1388  |r|inf=5.213655e-06  r/r0=4.3908e-04
[mg]   it 1389  |r|inf=5.210114e-06  r/r0=4.3878e-04
[mg]   it 1390  |r|inf=5.206486e-06  r/r0=4.3848e-04
[mg]   it 1391  |r|inf=5.202771e-06  r/r0=4.3816e-04
[mg]   it 1392  |r|inf=5.198971e-06  r/r0=4.3784e-04
[mg]   it 1393  |r|inf=5.195086e-06  r/r0=4.3752e-04
[mg]   it 1394  |r|inf=5.191116e-06  r/r0=4.3718e-04
[mg]   it 1395  |r|inf=5.187061e-06  r/r0=4.3684e-04
[mg]   it 1396  |r|inf=5.182922e-06  r/r0=4.3649e-04
[mg]   it 1397  |r|inf=5.178699e-06  r/r0=4.3614e-04
[mg]   it 1398  |r|inf=5.174394e-06  r/r0=4.3577e-04
[mg]   it 1399  |r|inf=5.170005e-06  r/r0=4.3540e-04
[mg]   it 1400  |r|inf=5.165534e-06  r/r0=4.3503e-04
[mg]   it 1401  |r|inf=5.160981e-06  r/r0=4.3464e-04
[mg]   it 1402  |r|inf=5.156346e-06  r/r0=4.3425e-04
[mg]   it 1403  |r|inf=5.151630e-06  r/r0=4.3386e-04
[mg]   it 1404  |r|inf=5.146833e-06  r/r0=4.3345e-04
[mg]   it 1405  |r|inf=5.141956e-06  r/r0=4.3304e-04
[mg]   it 1406  |r|inf=5.136999e-06  r/r0=4.3262e-04
[mg]   it 1407  |r|inf=5.131963e-06  r/r0=4.3220e-04
[mg]   it 1408  |r|inf=5.126847e-06  r/r0=4.3177e-04
[mg]   it 1409  |r|inf=5.121652e-06  r/r0=4.3133e-04
[mg]   it 1410  |r|inf=5.116379e-06  r/r0=4.3089e-04
[mg]   it 1411  |r|inf=5.111029e-06  r/r0=4.3044e-04
[mg]   it 1412  |r|inf=5.105600e-06  r/r0=4.2998e-04
[mg]   it 1413  |r|inf=5.100095e-06  r/r0=4.2952e-04
[mg]   it 1414  |r|inf=5.094513e-06  r/r0=4.2905e-04
[mg]   it 1415  |r|inf=5.088854e-06  r/r0=4.2857e-04
[mg]   it 1416  |r|inf=5.083120e-06  r/r0=4.2809e-04
[mg]   it 1417  |r|inf=5.077310e-06  r/r0=4.2760e-04
[mg]   it 1418  |r|inf=5.071425e-06  r/r0=4.2710e-04
[mg]   it 1419  |r|inf=5.065465e-06  r/r0=4.2660e-04
[mg]   it 1420  |r|inf=5.059431e-06  r/r0=4.2609e-04
[mg]   it 1421  |r|inf=5.053322e-06  r/r0=4.2558e-04
[mg]   it 1422  |r|inf=5.047141e-06  r/r0=4.2506e-04
[mg]   it 1423  |r|inf=5.040886e-06  r/r0=4.2453e-04
[mg]   it 1424  |r|inf=5.034558e-06  r/r0=4.2400e-04
[mg]   it 1425  |r|inf=5.028158e-06  r/r0=4.2346e-04
[mg]   it 1426  |r|inf=5.021686e-06  r/r0=4.2291e-04
[mg]   it 1427  |r|inf=5.015142e-06  r/r0=4.2236e-04
[mg]   it 1428  |r|inf=5.008528e-06  r/r0=4.2180e-04
[mg]   it 1429  |r|inf=5.001842e-06  r/r0=4.2124e-04
[mg]   it 1430  |r|inf=4.995086e-06  r/r0=4.2067e-04
[mg]   it 1431  |r|inf=4.988259e-06  r/r0=4.2010e-04
[mg]   it 1432  |r|inf=4.981363e-06  r/r0=4.1952e-04
[mg]   it 1433  |r|inf=4.974398e-06  r/r0=4.1893e-04
[mg]   it 1434  |r|inf=4.967364e-06  r/r0=4.1834e-04
[mg]   it 1435  |r|inf=4.960261e-06  r/r0=4.1774e-04
[mg]   it 1436  |r|inf=4.953090e-06  r/r0=4.1714e-04
[mg]   it 1437  |r|inf=4.945851e-06  r/r0=4.1653e-04
[mg]   it 1438  |r|inf=4.938545e-06  r/r0=4.1591e-04
[mg]   it 1439  |r|inf=4.931171e-06  r/r0=4.1529e-04
[mg]   it 1440  |r|inf=4.923731e-06  r/r0=4.1466e-04
[mg]   it 1441  |r|inf=4.916225e-06  r/r0=4.1403e-04
[mg]   it 1442  |r|inf=4.908653e-06  r/r0=4.1339e-04
[mg]   it 1443  |r|inf=4.901015e-06  r/r0=4.1275e-04
[mg]   it 1444  |r|inf=4.893311e-06  r/r0=4.1210e-04
[mg]   it 1445  |r|inf=4.885543e-06  r/r0=4.1145e-04
[mg]   it 1446  |r|inf=4.877710e-06  r/r0=4.1079e-04
[mg]   it 1447  |r|inf=4.869814e-06  r/r0=4.1012e-04
[mg]   it 1448  |r|inf=4.861853e-06  r/r0=4.0945e-04
[mg]   it 1449  |r|inf=4.853829e-06  r/r0=4.0878e-04
[mg]   it 1450  |r|inf=4.845742e-06  r/r0=4.0810e-04
[mg]   it 1451  |r|inf=4.837592e-06  r/r0=4.0741e-04
[mg]   it 1452  |r|inf=4.829379e-06  r/r0=4.0672e-04
[mg]   it 1453  |r|inf=4.821105e-06  r/r0=4.0602e-04
[mg]   it 1454  |r|inf=4.812769e-06  r/r0=4.0532e-04
[mg]   it 1455  |r|inf=4.804371e-06  r/r0=4.0461e-04
[mg]   it 1456  |r|inf=4.795913e-06  r/r0=4.0390e-04
[mg]   it 1457  |r|inf=4.787394e-06  r/r0=4.0318e-04
[mg]   it 1458  |r|inf=4.778814e-06  r/r0=4.[run] step 3/3
[perf] 60832.1 ms/step  7.4 Mcell/s (0.9/rank)  pressure iters/step 1500.0
[phases, rank-max ms/step] step=60832.0  predictor=4.2  momentum=878.3  projection=59945.2  pressure_allreduce=589.3  allreduce_count=7505
[out] spheres_bench_np8.json
