[cfg] global 512x512x512 = 134.2M cells  ranks=8  backend=Cuda  grid=staggered  IBM=cutcell  face_interp=9  bottom=auto  spheres=587 R=32.0 cells  phi=0.6003  levels=7  pressure=pcg(maxit=1500,rtol=1e-09,warmstart=0)  steps=0+3 then march(tol=0,max=400)
  rank 0: block 256x256x256 at [0, 0, 0]  gcn153.local.snellius.surf.nl 0000:26:00.0
  rank 1: block 256x256x256 at [0, 0, 256]  gcn153.local.snellius.surf.nl 0000:06:00.0
  rank 2: block 256x256x256 at [0, 256, 0]  gcn153.local.snellius.surf.nl 0000:C6:00.0
  rank 3: block 256x256x256 at [0, 256, 256]  gcn153.local.snellius.surf.nl 0000:A6:00.0
  rank 4: block 256x256x256 at [256, 0, 0]  gcn154.local.snellius.surf.nl 0000:26:00.0
  rank 5: block 256x256x256 at [256, 0, 256]  gcn154.local.snellius.surf.nl 0000:06:00.0
  rank 6: block 256x256x256 at [256, 256, 0]  gcn154.local.snellius.surf.nl 0000:C6:00.0
  rank 7: block 256x256x256 at [256, 256, 256]  gcn154.local.snellius.surf.nl 0000:A6:00.0
[sdf] built in 0.5s  voxel solid fraction=0.6002 (packing 0.6003)
[mg] initMpi 512x512x512 np=8 -> 7 levels (requested 7)
[mg]  L0 global  512x 512x 512  rank0 block  256x 256x 256  ratio(2,2,2)
[mg]  L1 global  256x 256x 256  rank0 block  128x 128x 128  ratio(2,2,2)
[mg]  L2 global  128x 128x 128  rank0 block   64x  64x  64  ratio(2,2,2)
[mg]  L3 global   64x  64x  64  rank0 block   32x  32x  32  ratio(2,2,2)
[mg]  L4 global   32x  32x  32  rank0 block   16x  16x  16  ratio(2,2,2)
[mg]  L5 global   16x  16x  16  rank0 block    8x   8x   8  ratio(2,2,2)
[mg]  L6 global    8x   8x   8  rank0 block    4x   4x   4  ratio(1,1,1)
[run] warmup 0 steps...
[mg] solve 0: r0=2.109289e-02 rtol=1.0e-09 (pre=2 post=2 bottom=12)
[mg]   it   1  |r|inf=3.229228e-02  r/r0=1.5310e+00
[mg]   it   2  |r|inf=8.664568e-03  r/r0=4.1078e-01
[mg]   it   3  |r|inf=2.991839e-03  r/r0=1.4184e-01
[mg]   it   4  |r|inf=1.525864e-03  r/r0=7.2340e-02
[mg]   it   5  |r|inf=7.521541e-04  r/r0=3.5659e-02
[mg]   it   6  |r|inf=2.555382e-04  r/r0=1.2115e-02
[mg]   it   7  |r|inf=2.428968e-04  r/r0=1.1516e-02
[mg]   it   8  |r|inf=1.179988e-04  r/r0=5.5942e-03
[mg]   it   9  |r|inf=8.360538e-05  r/r0=3.9637e-03
[mg]   it  10  |r|inf=6.406650e-05  r/r0=3.0374e-03
[mg]   it  11  |r|inf=5.105554e-05  r/r0=2.4205e-03
[mg]   it  12  |r|inf=3.044767e-05  r/r0=1.4435e-03
[mg]   it  13  |r|inf=2.405205e-05  r/r0=1.1403e-03
[mg]   it  14  |r|inf=2.444661e-05  r/r0=1.1590e-03
[mg]   it  15  |r|inf=1.234404e-05  r/r0=5.8522e-04
[mg]   it  16  |r|inf=1.443655e-05  r/r0=6.8443e-04
[mg]   it  17  |r|inf=1.697445e-05  r/r0=8.0475e-04
[mg]   it  18  |r|inf=5.334434e-06  r/r0=2.5290e-04
[mg]   it  19  |r|inf=9.769779e-06  r/r0=4.6318e-04
[mg]   it  20  |r|inf=8.628811e-06  r/r0=4.0909e-04
[mg]   it  21  |r|inf=2.043941e-06  r/r0=9.6902e-05
[mg]   it  22  |r|inf=6.607435e-06  r/r0=3.1325e-04
[mg]   it  23  |r|inf=2.340659e-06  r/r0=1.1097e-04
[mg]   it  24  |r|inf=2.575880e-06  r/r0=1.2212e-04
[mg]   it  25  |r|inf=2.008655e-06  r/r0=9.5229e-05
[mg]   it  26  |r|inf=1.255347e-06  r/r0=5.9515e-05
[mg]   it  27  |r|inf=1.396451e-06  r/r0=6.6205e-05
[mg]   it  28  |r|inf=9.159007e-07  r/r0=4.3422e-05
[mg]   it  29  |r|inf=6.981530e-07  r/r0=3.3099e-05
[mg]   it  30  |r|inf=9.121388e-07  r/r0=4.3244e-05
[mg]   it  31  |r|inf=2.714877e-07  r/r0=1.2871e-05
[mg]   it  32  |r|inf=5.000608e-07  r/r0=2.3708e-05
[mg]   it  33  |r|inf=4.181132e-07  r/r0=1.9822e-05
[mg]   it  34  |r|inf=1.648381e-07  r/r0=7.8149e-06
[mg]   it  35  |r|inf=2.561617e-07  r/r0=1.2144e-05
[mg]   it  36  |r|inf=3.000983e-07  r/r0=1.4227e-05
[mg]   it  37  |r|inf=1.662256e-07  r/r0=7.8806e-06
[mg]   it  38  |r|inf=8.881782e-08  r/r0=4.2108e-06
[mg]   it  39  |r|inf=1.711027e-07  r/r0=8.1119e-06
[mg]   it  40  |r|inf=2.178104e-07  r/r0=1.0326e-05
[mg]   it  41  |r|inf=1.802934e-07  r/r0=8.5476e-06
[mg]   it  42  |r|inf=1.198858e-07  r/r0=5.6837e-06
[mg]   it  43  |r|inf=7.522232e-08  r/r0=3.5662e-06
[mg]   it  44  |r|inf=1.097117e-07  r/r0=5.2014e-06
[mg]   it  45  |r|inf=1.373223e-07  r/r0=6.5104e-06
[mg]   it  46  |r|inf=1.517445e-07  r/r0=7.1941e-06
[mg]   it  47  |r|inf=1.357916e-07  r/r0=6.4378e-06
[mg]   it  48  |r|inf=9.629725e-08  r/r0=4.5654e-06
[mg]   it  49  |r|inf=8.469792e-08  r/r0=4.0155e-06
[mg]   it  50  |r|inf=6.257938e-08  r/r0=2.9668e-06
[mg]   it  51  |r|inf=7.218774e-08  r/r0=3.4224e-06
[mg]   it  52  |r|inf=9.040559e-08  r/r0=4.2861e-06
[mg]   it  53  |r|inf=1.018142e-07  r/r0=4.8269e-06
[mg]   it  54  |r|inf=1.124570e-07  r/r0=5.3315e-06
[mg]   it  55  |r|inf=1.125263e-07  r/r0=5.3348e-06
[mg]   it  56  |r|inf=1.026239e-07  r/r0=4.8653e-06
[mg]   it  57  |r|inf=8.442423e-08  r/r0=4.0025e-06
[mg]   it  58  |r|inf=7.306980e-08  r/r0=3.4642e-06
[mg]   it  59  |r|inf=6.693393e-08  r/r0=3.1733e-06
[mg]   it  60  |r|inf=5.697642e-08  r/r0=2.7012e-06
[mg]   it  61  |r|inf=4.469188e-08  r/r0=2.1188e-06
[mg]   it  62  |r|inf=5.636106e-08  r/r0=2.6720e-06
[mg]   it  63  |r|inf=6.679918e-08  r/r0=3.1669e-06
[mg]   it  64  |r|inf=7.367973e-08  r/r0=3.4931e-06
[mg]   it  65  |r|inf=7.804043e-08  r/r0=3.6998e-06
[mg]   it  66  |r|inf=8.513002e-08  r/r0=4.0360e-06
[mg]   it  67  |r|inf=8.880668e-08  r/r0=4.2103e-06
[mg]   it  68  |r|inf=8.908274e-08  r/r0=4.2234e-06
[mg]   it  69  |r|inf=8.604804e-08  r/r0=4.0795e-06
[mg]   it  70  |r|inf=7.992929e-08  r/r0=3.7894e-06
[mg]   it  71  |r|inf=7.111931e-08  r/r0=3.3717e-06
[mg]   it  72  |r|inf=6.097140e-08  r/r0=2.8906e-06
[mg]   it  73  |r|inf=6.045890e-08  r/r0=2.8663e-06
[mg]   it  74  |r|inf=5.811140e-08  r/r0=2.7550e-06
[mg]   it  75  |r|inf=5.423256e-08  r/r0=2.5711e-06
[mg]   it  76  |r|inf=4.915180e-08  r/r0=2.3303e-06
[mg]   it  77  |r|inf=4.318410e-08  r/r0=2.0473e-06
[mg]   it  78  |r|inf=3.929122e-08  r/r0=1.8628e-06
[mg]   it  79  |r|inf=4.675686e-08  r/r0=2.2167e-06
[mg]   it  80  |r|inf=5.296630e-08  r/r0=2.5111e-06
[mg]   it  81  |r|inf=5.796642e-08  r/r0=2.7481e-06
[mg]   it  82  |r|inf=6.181126e-08  r/r0=2.9304e-06
[mg]   it  83  |r|inf=6.455200e-08  r/r0=3.0604e-06
[mg]   it  84  |r|inf=6.623232e-08  r/r0=3.1400e-06
[mg]   it  85  |r|inf=7.039559e-08  r/r0=3.3374e-06
[mg]   it  86  |r|inf=7.363591e-08  r/r0=3.4910e-06
[mg]   it  87  |r|inf=7.577469e-08  r/r0=3.5924e-06
[mg]   it  88  |r|inf=7.680549e-08  r/r0=3.6413e-06
[mg]   it  89  |r|inf=7.672891e-08  r/r0=3.6377e-06
[mg]   it  90  |r|inf=7.555850e-08  r/r0=3.5822e-06
[mg]   it  91  |r|inf=7.332580e-08  r/r0=3.4763e-06
[mg]   it  92  |r|inf=7.008396e-08  r/r0=3.3226e-06
[mg]   it  93  |r|inf=6.590917e-08  r/r0=3.1247e-06
[mg]   it  94  |r|inf=6.089956e-08  r/r0=2.8872e-06
[mg]   it  95  |r|inf=5.517187e-08  r/r0=2.6157e-06
[mg]   it  96  |r|inf=5.543839e-08  r/r0=2.6283e-06
[mg]   it  97  |r|inf=5.526121e-08  r/r0=2.6199e-06
[mg]   it  98  |r|inf=5.443557e-08  r/r0=2.5808e-06
[mg]   it  99  |r|inf=5.302034e-08  r/r0=2.5137e-06
[mg]   it 100  |r|inf=5.108181e-08  r/r0=2.4218e-06
[mg]   it 101  |r|inf=4.868962e-08  r/r0=2.3083e-06
[mg]   it 102  |r|inf=4.591318e-08  r/r0=2.1767e-06
[mg]   it 103  |r|inf=4.281881e-08  r/r0=2.0300e-06
[mg]   it 104  |r|inf=3.946774e-08  r/r0=1.8711e-06
[mg]   it 105  |r|inf=3.591487e-08  r/r0=1.7027e-06
[mg]   it 106  |r|inf=3.994808e-08  r/r0=1.8939e-06
[mg]   it 107  |r|inf=4.378964e-08  r/r0=2.0760e-06
[mg]   it 108  |r|inf=4.720765e-08  r/r0=2.2381e-06
[mg]   it 109  |r|inf=5.021343e-08  r/r0=2.3806e-06
[mg]   it 110  |r|inf=5.281971e-08  r/r0=2.5041e-06
[mg]   it 111  |r|inf=5.503960e-08  r/r0=2.6094e-06
[mg]   it 112  |r|inf=5.688581e-08  r/r0=2.6969e-06
[mg]   it 113  |r|inf=5.837019e-08  r/r0=2.7673e-06
[mg]   it 114  |r|inf=5.950347e-08  r/r0=2.8210e-06
[mg]   it 115  |r|inf=6.029516e-08  r/r0=2.8586e-06
[mg]   it 116  |r|inf=6.119742e-08  r/r0=2.9013e-06
[mg]   it 117  |r|inf=6.334854e-08  r/r0=3.0033e-06
[mg]   it 118  |r|inf=6.515030e-08  r/r0=3.0887e-06
[mg]   it 119  |r|inf=6.660235e-08  r/r0=3.1576e-06
[mg]   it 120  |r|inf=6.770413e-08  r/r0=3.2098e-06
[mg]   it 121  |r|inf=6.845520e-08  r/r0=3.2454e-06
[mg]   it 122  |r|inf=6.885568e-08  r/r0=3.2644e-06
[mg]   it 123  |r|inf=6.890659e-08  r/r0=3.2668e-06
[mg]   it 124  |r|inf=6.861031e-08  r/r0=3.2528e-06
[mg]   it 125  |r|inf=6.797090e-08  r/r0=3.2225e-06
[mg]   it 126  |r|inf=6.699443e-08  r/r0=3.1762e-06
[mg]   it 127  |r|inf=6.568925e-08  r/r0=3.1143e-06
[mg]   it 128  |r|inf=6.406616e-08  r/r0=3.0373e-06
[mg]   it 129  |r|inf=6.213845e-08  r/r0=2.9459e-06
[mg]   it 130  |r|inf=5.992191e-08  r/r0=2.8409e-06
[mg]   it 131  |r|inf=5.743471e-08  r/r0=2.7229e-06
[mg]   it 132  |r|inf=5.469717e-08  r/r0=2.5932e-06
[mg]   it 133  |r|inf=5.173150e-08  r/r0=2.4526e-06
[mg]   it 134  |r|inf=5.015392e-08  r/r0=2.3778e-06
[mg]   it 135  |r|inf=5.057543e-08  r/r0=2.3977e-06
[mg]   it 136  |r|inf=5.076888e-08  r/r0=2.4069e-06
[mg]   it 137  |r|inf=5.074141e-08  r/r0=2.4056e-06
[mg]   it 138  |r|inf=5.050186e-08  r/r0=2.3943e-06
[mg]   it 139  |r|inf=5.006043e-08  r/r0=2.3733e-06
[mg]   it 140  |r|inf=4.942846e-08  r/r0=2.3434e-06
[mg]   it 141  |r|inf=4.861811e-08  r/r0=2.3050e-06
[mg]   it 142  |r|inf=4.764215e-08  r/r0=2.2587e-06
[mg]   it 143  |r|inf=4.651361e-08  r/r0=2.2052e-06
[mg]   it 144  |r|inf=4.524561e-08  r/r0=2.1451e-06
[mg]   it 145  |r|inf=4.385111e-08  r/r0=2.0790e-06
[mg]   it 146  |r|inf=4.234276e-08  r/r0=2.0074e-06
[mg]   it 147  |r|inf=4.073270e-08  r/r0=1.9311e-06
[mg]   it 148  |r|inf=3.903252e-08  r/r0=1.8505e-06
[mg]   it 149  |r|inf=3.725310e-08  r/r0=1.7661e-06
[mg]   it 150  |r|inf=3.540460e-08  r/r0=1.6785e-06
[mg]   it 151  |r|inf=3.447047e-08  r/r0=1.6342e-06
[mg]   it 152  |r|inf=3.677868e-08  r/r0=1.7437e-06
[mg]   it 153  |r|inf=3.894920e-08  r/r0=1.8466e-06
[mg]   it 154  |r|inf=4.098350e-08  r/r0=1.9430e-06
[mg]   it 155  |r|inf=4.288348e-08  r/r0=2.0331e-06
[mg]   it 156  |r|inf=4.465133e-08  r/r0=2.1169e-06
[mg]   it 157  |r|inf=4.628947e-08  r/r0=2.1946e-06
[mg]   it 158  |r|inf=4.780044e-08  r/r0=2.2662e-06
[mg]   it 159  |r|inf=4.918682e-08  r/r0=2.3319e-06
[mg]   it 160  |r|inf=5.045121e-08  r/r0=2.3919e-06
[mg]   it 161  |r|inf=5.159612e-08  r/r0=2.4461e-06
[mg]   it 162  |r|inf=5.262401e-08  r/r0=2.4949e-06
[mg]   it 163  |r|inf=5.353721e-08  r/r0=2.5382e-06
[mg]   it 164  |r|inf=5.433791e-08  r/r0=2.5761e-06
[mg]   it 165  |r|inf=5.502817e-08  r/r0=2.6088e-06
[mg]   it 166  |r|inf=5.560989e-08  r/r0=2.6364e-06
[mg]   it 167  |r|inf=5.608484e-08  r/r0=2.6589e-06
[mg]   it 168  |r|inf=5.645464e-08  r/r0=2.6765e-06
[mg]   it 169  |r|inf=5.672079e-08  r/r0=2.6891e-06
[mg]   it 170  |r|inf=5.725644e-08  r/r0=2.7145e-06
[mg]   it 171  |r|inf=5.842740e-08  r/r0=2.7700e-06
[mg]   it 172  |r|inf=5.949134e-08  r/r0=2.8204e-06
[mg]   it 173  |r|inf=6.044819e-08  r/r0=2.8658e-06
[mg]   it 174  |r|inf=6.129781e-08  r/r0=2.9061e-06
[mg]   it 175  |r|inf=6.204002e-08  r/r0=2.9413e-06
[mg]   it 176  |r|inf=6.267463e-08  r/r0=2.9714e-06
[mg]   it 177  |r|inf=6.320146e-08  r/r0=2.9963e-06
[mg]   it 178  |r|inf=6.362033e-08  r/r0=3.0162e-06
[mg]   it 179  |r|inf=6.393116e-08  r/r0=3.0309e-06
[mg]   it 180  |r|inf=6.413391e-08  r/r0=3.0405e-06
[mg]   it 181  |r|inf=6.422865e-08  r/r0=3.0450e-06
[mg]   it 182  |r|inf=6.421561e-08  r/r0=3.0444e-06
[mg]   it 183  |r|inf=6.409512e-08  r/r0=3.0387e-06
[mg]   it 184  |r|inf=6.386774e-08  r/r0=3.0279e-06
[mg]   it 185  |r|inf=6.353420e-08  r/r0=3.0121e-06
[mg]   it 186  |r|inf=6.309544e-08  r/r0=2.9913e-06
[mg]   it 187  |r|inf=6.255264e-08  r/r0=2.9656e-06
[mg]   it 188  |r|inf=6.190724e-08  r/r0=2.9350e-06
[mg]   it 189  |r|inf=6.116091e-08  r/r0=2.8996e-06
[mg]   it 190  |r|inf=6.031560e-08  r/r0=2.8595e-06
[mg]   it 191  |r|inf=5.937353e-08  r/r0=2.8149e-06
[mg]   it 192  |r|inf=5.833718e-08  r/r0=2.7657e-06
[mg]   it 193  |r|inf=5.720929e-08  r/r0=2.7123e-06
[mg]   it 194  |r|inf=5.599288e-08  r/r0=2.6546e-06
[mg]   it 195  |r|inf=5.469118e-08  r/r0=2.5929e-06
[mg]   it 196  |r|inf=5.330769e-08  r/r0=2.5273e-06
[mg]   it 197  |r|inf=5.184612e-08  r/r0=2.4580e-06
[mg]   it 198  |r|inf=5.031036e-08  r/r0=2.3852e-06
[mg]   it 199  |r|inf=4.870450e-08  r/r0=2.3090e-06
[mg]   it 200  |r|inf=4.783207e-08  r/r0=2.2677e-06
[mg]   it 201  |r|inf=4.822121e-08  r/r0=2.2861e-06
[mg]   it 202  |r|inf=4.853606e-08  r/r0=2.3011e-06
[mg]   it 203  |r|inf=4.877736e-08  r/r0=2.3125e-06
[mg]   it 204  |r|inf=4.894609e-08  r/r0=2.3205e-06
[mg]   it 205  |r|inf=4.904339e-08  r/r0=2.3251e-06
[mg]   it 206  |r|inf=4.907063e-08  r/r0=2.3264e-06
[mg]   it 207  |r|inf=4.902932e-08  r/r0=2.3244e-06
[mg]   it 208  |r|inf=4.892115e-08  r/r0=2.3193e-06
[mg]   it 209  |r|inf=4.874797e-08  r/r0=2.3111e-06
[mg]   it 210  |r|inf=4.851172e-08  r/r0=2.2999e-06
[mg]   it 211  |r|inf=4.821448e-08  r/r0=2.2858e-06
[mg]   it 212  |r|inf=4.785841e-08  r/r0=2.2689e-06
[mg]   it 213  |r|inf=4.744575e-08  r/r0=2.2494e-06
[mg]   it 214  |r|inf=4.697880e-08  r/r0=2.2272e-06
[mg]   it 215  |r|inf=4.645989e-08  r/r0=2.2026e-06
[mg]   it 216  |r|inf=4.589140e-08  r/r0=2.1757e-06
[mg]   it 217  |r|inf=4.527571e-08  r/r0=2.1465e-06
[mg]   it 218  |r|inf=4.461519e-08  r/r0=2.1152e-06
[mg]   it 219  |r|inf=4.391220e-08  r/r0=2.0818e-06
[mg]   it 220  |r|inf=4.316909e-08  r/r0=2.0466e-06
[mg]   it 221  |r|inf=4.238816e-08  r/r0=2.0096e-06
[mg]   it 222  |r|inf=4.157167e-08  r/r0=1.9709e-06
[mg]   it 223  |r|inf=4.072181e-08  r/r0=1.9306e-06
[mg]   it 224  |r|inf=3.984074e-08  r/r0=1.8888e-06
[mg]   it 225  |r|inf=3.893052e-08  r/r0=1.8457e-06
[mg]   it 226  |r|inf=3.799318e-08  r/r0=1.8012e-06
[mg]   it 227  |r|inf=3.703064e-08  r/r0=1.7556e-06
[mg]   it 228  |r|inf=3.604475e-08  r/r0=1.7089e-06
[mg]   it 229  |r|inf=3.503729e-08  r/r0=1.6611e-06
[mg]   it 230  |r|inf=3.400996e-08  r/r0=1.6124e-06
[mg]   it 231  |r|inf=3.477188e-08  r/r0=1.6485e-06
[mg]   it 232  |r|inf=3.603289e-08  r/r0=1.7083e-06
[mg]   it 233  |r|inf=3.725035e-08  r/r0=1.7660e-06
[mg]   it 234  |r|inf=3.842452e-08  r/r0=1.8217e-06
[mg]   it 235  |r|inf=3.955571e-08  r/r0=1.8753e-06
[mg]   it 236  |r|inf=4.064427e-08  r/r0=1.9269e-06
[mg]   it 237  |r|inf=4.169060e-08  r/r0=1.9765e-06
[mg]   it 238  |r|inf=4.269511e-08  r/r0=2.0241e-06
[mg]   it 239  |r|inf=4.365825e-08  r/r0=2.0698e-06
[mg]   it 240  |r|inf=4.458049e-08  r/r0=2.1135e-06
[mg]   it 241  |r|inf=4.546231e-08  r/r0=2.1553e-06
[mg]   it 242  |r|inf=4.630420e-08  r/r0=2.1953e-06
[mg]   it 243  |r|inf=4.710664e-08  r/r0=2.2333e-06
[mg]   it 244  |r|inf=4.787014e-08  r/r0=2.2695e-06
[mg]   it 245  |r|inf=4.859519e-08  r/r0=2.3039e-06
[mg]   it 246  |r|inf=4.928227e-08  r/r0=2.3364e-06
[mg]   it 247  |r|inf=4.993186e-08  r/r0=2.3672e-06
[mg]   it 248  |r|inf=5.054445e-08  r/r0=2.3963e-06
[mg]   it 249  |r|inf=5.112048e-08  r/r0=2.4236e-06
[mg]   it 250  |r|inf=5.166041e-08  r/r0=2.4492e-06
[mg]   it 251  |r|inf=5.216467e-08  r/r0=2.4731e-06
[mg]   it 252  |r|inf=5.263368e-08  r/r0=2.4953e-06
[mg]   it 253  |r|inf=5.306785e-08  r/r0=2.5159e-06
[mg]   it 254  |r|inf=5.346756e-08  r/r0=2.5349e-06
[mg]   it 255  |r|inf=5.383318e-08  r/r0=2.5522e-06
[mg]   it 256  |r|inf=5.416507e-08  r/r0=2.5679e-06
[mg]   it 257  |r|inf=5.446357e-08  r/r0=2.5821e-06
[mg]   it 258  |r|inf=5.472901e-08  r/r0=2.5947e-06
[mg]   it 259  |r|inf=5.496168e-08  r/r0=2.6057e-06
[mg]   it 260  |r|inf=5.516190e-08  r/r0=2.6152e-06
[mg]   it 261  |r|inf=5.532993e-08  r/r0=2.6232e-06
[mg]   it 262  |r|inf=5.546604e-08  r/r0=2.6296e-06
[mg]   it 263  |r|inf=5.557049e-08  r/r0=2.6346e-06
[mg]   it 264  |r|inf=5.564353e-08  r/r0=2.6380e-06
[mg]   it 265  |r|inf=5.607387e-08  r/r0=2.6584e-06
[mg]   it 266  |r|inf=5.670089e-08  r/r0=2.6882e-06
[mg]   it 267  |r|inf=5.729527e-08  r/r0=2.7163e-06
[mg]   it 268  |r|inf=5.785701e-08  r/r0=2.7430e-06
[mg]   it 269  |r|inf=5.838610e-08  r/r0=2.7680e-06
[mg]   it 270  |r|inf=5.888251e-08  r/r0=2.7916e-06
[mg]   it 271  |r|inf=5.934624e-08  r/r0=2.8136e-06
[mg]   it 272  |r|inf=5.977724e-08  r/r0=2.8340e-06
[mg]   it 273  |r|inf=6.017548e-08  r/r0=2.8529e-06
[mg]   it 274  |r|inf=6.054094e-08  r/r0=2.8702e-06
[mg]   it 275  |r|inf=6.087357e-08  r/r0=2.8860e-06
[mg]   it 276  |r|inf=6.117335e-08  r/r0=2.9002e-06
[mg]   it 277  |r|inf=6.144025e-08  r/r0=2.9128e-06
[mg]   it 278  |r|inf=6.167423e-08  r/r0=2.9239e-06
[mg]   it 279  |r|inf=6.187527e-08  r/r0=2.9335e-06
[mg]   it 280  |r|inf=6.204335e-08  r/r0=2.9414e-06
[mg]   it 281  |r|inf=6.217848e-08  r/r0=2.9478e-06
[mg]   it 282  |r|inf=6.228063e-08  r/r0=2.9527e-06
[mg]   it 283  |r|inf=6.234984e-08  r/r0=2.9560e-06
[mg]   it 284  |r|inf=6.238611e-08  r/r0=2.9577e-06
[mg]   it 285  |r|inf=6.238949e-08  r/r0=2.9578e-06
[mg]   it 286  |r|inf=6.236002e-08  r/r0=2.9564e-06
[mg]   it 287  |r|inf=6.229777e-08  r/r0=2.9535e-06
[mg]   it 288  |r|inf=6.220283e-08  r/r0=2.9490e-06
[mg]   it 289  |r|inf=6.207529e-08  r/r0=2.9429e-06
[mg]   it 290  |r|inf=6.191527e-08  r/r0=2.9354e-06
[mg]   it 291  |r|inf=6.172293e-08  r/r0=2.9262e-06
[mg]   it 292  |r|inf=6.149841e-08  r/r0=2.9156e-06
[mg]   it 293  |r|inf=6.124191e-08  r/r0=2.9034e-06
[mg]   it 294  |r|inf=6.095363e-08  r/r0=2.8898e-06
[mg]   it 295  |r|inf=6.063382e-08  r/r0=2.8746e-06
[mg]   it 296  |r|inf=6.028271e-08  r/r0=2.8580e-06
[mg]   it 297  |r|inf=5.990060e-08  r/r0=2.8398e-06
[mg]   it 298  |r|inf=5.948779e-08  r/r0=2.8203e-06
[mg]   it 299  |r|inf=5.904462e-08  r/r0=2.7993e-06
[mg]   it 300  |r|inf=5.857145e-08  r/r0=2.7768e-06
[mg]   it 301  |r|inf=5.806866e-08  r/r0=2.7530e-06
[mg]   it 302  |r|inf=5.753666e-08  r/r0=2.7278e-06
[mg]   it 303  |r|inf=5.697590e-08  r/r0=2.7012e-06
[mg]   it 304  |r|inf=5.638682e-08  r/r0=2.6733e-06
[mg]   it 305  |r|inf=5.576994e-08  r/r0=2.6440e-06
[mg]   it 306  |r|inf=5.512575e-08  r/r0=2.6135e-06
[mg]   it 307  |r|inf=5.445480e-08  r/r0=2.5817e-06
[mg]   it 308  |r|inf=5.375764e-08  r/r0=2.5486e-06
[mg]   it 309  |r|inf=5.303487e-08  r/r0=2.5143e-06
[mg]   it 310  |r|inf=5.228710e-08  r/r0=2.4789e-06
[mg]   it 311  |r|inf=5.151494e-08  r/r0=2.4423e-06
[mg]   it 312  |r|inf=5.071906e-08  r/r0=2.4046e-06
[mg]   it 313  |r|inf=4.990012e-08  r/r0=2.3657e-06
[mg]   it 314  |r|inf=4.905880e-08  r/r0=2.3258e-06
[mg]   it 315  |r|inf=4.819581e-08  r/r0=2.2849e-06
[mg]   it 316  |r|inf=4.731187e-08  r/r0=2.2430e-06
[mg]   it 317  |r|inf=4.715261e-08  r/r0=2.2355e-06
[mg]   it 318  |r|inf=4.742060e-08  r/r0=2.2482e-06
[mg]   it 319  |r|inf=4.766532e-08  r/r0=2.2598e-06
[mg]   it 320  |r|inf=4.788684e-08  r/r0=2.2703e-06
[mg]   it 321  |r|inf=4.808525e-08  r/r0=2.2797e-06
[mg]   it 322  |r|inf=4.826067e-08  r/r0=2.2880e-06
[mg]   it 323  |r|inf=4.841325e-08  r/r0=2.2952e-06
[mg]   it 324  |r|inf=4.854312e-08  r/r0=2.3014e-06
[mg]   it 325  |r|inf=4.865049e-08  r/r0=2.3065e-06
[mg]   it 326  |r|inf=4.873553e-08  r/r0=2.3105e-06
[mg]   it 327  |r|inf=4.879848e-08  r/r0=2.3135e-06
[mg]   it 328  |r|inf=4.883956e-08  r/r0=2.3155e-06
[mg]   it 329  |r|inf=4.885903e-08  r/r0=2.3164e-06
[mg]   it 330  |r|inf=4.885717e-08  r/r0=2.3163e-06
[mg]   it 331  |r|inf=4.883426e-08  r/r0=2.3152e-06
[mg]   it 332  |r|inf=4.879059e-08  r/r0=2.3131e-06
[mg]   it 333  |r|inf=4.872649e-08  r/r0=2.3101e-06
[mg]   it 334  |r|inf=4.864229e-08  r/r0=2.3061e-06
[mg]   it 335  |r|inf=4.853833e-08  r/r0=2.3012e-06
[mg]   it 336  |r|inf=4.841495e-08  r/r0=2.2953e-06
[mg]   it 337  |r|inf=4.827253e-08  r/r0=2.2886e-06
[mg]   it 338  |r|inf=4.811142e-08  r/r0=2.2809e-06
[mg]   it 339  |r|inf=4.793203e-08  r/r0=2.2724e-06
[mg]   it 340  |r|inf=4.773472e-08  r/r0=2.2631e-06
[mg]   it 341  |r|inf=4.751990e-08  r/r0=2.2529e-06
[mg]   it 342  |r|inf=4.728797e-08  r/r0=2.2419e-06
[mg]   it 343  |r|inf=4.703932e-08  r/r0=2.2301e-06
[mg]   it 344  |r|inf=4.677437e-08  r/r0=2.2175e-06
[mg]   it 345  |r|inf=4.649353e-08  r/r0=2.2042e-06
[mg]   it 346  |r|inf=4.619721e-08  r/r0=2.1902e-06
[mg]   it 347  |r|inf=4.588583e-08  r/r0=2.1754e-06
[mg]   it 348  |r|inf=4.555980e-08  r/r0=2.1600e-06
[mg]   it 349  |r|inf=4.521953e-08  r/r0=2.1438e-06
[mg]   it 350  |r|inf=4.486544e-08  r/r0=2.1270e-06
[mg]   it 351  |r|inf=4.449794e-08  r/r0=2.1096e-06
[mg]   it 352  |r|inf=4.411743e-08  r/r0=2.0916e-06
[mg]   it 353  |r|inf=4.372434e-08  r/r0=2.0729e-06
[mg]   it 354  |r|inf=4.331905e-08  r/r0=2.0537e-06
[mg]   it 355  |r|inf=4.290197e-08  r/r0=2.0340e-06
[mg]   it 356  |r|inf=4.247349e-08  r/r0=2.0136e-06
[mg]   it 357  |r|inf=4.203400e-08  r/r0=1.9928e-06
[mg]   it 358  |r|inf=4.158389e-08  r/r0=1.9715e-06
[mg]   it 359  |r|inf=4.112354e-08  r/r0=1.9496e-06
[mg]   it 360  |r|inf=4.065331e-08  r/r0=1.9273e-06
[mg]   it 361  |r|inf=4.017358e-08  r/r0=1.9046e-06
[mg]   it 362  |r|inf=3.968470e-08  r/r0=1.8814e-06
[mg]   it 363  |r|inf=3.918703e-08  r/r0=1.8578e-06
[mg]   it 364  |r|inf=3.868091e-08  r/r0=1.8338e-06
[mg]   it 365  |r|inf=3.816667e-08  r/r0=1.8095e-06
[mg]   it 366  |r|inf=3.764466e-08  r/r0=1.7847e-06
[mg]   it 367  |r|inf=3.711519e-08  r/r0=1.7596e-06
[mg]   it 368  |r|inf=3.657858e-08  r/r0=1.7342e-06
[mg]   it 369  |r|inf=3.603514e-08  r/r0=1.7084e-06
[mg]   it 370  |r|inf=3.548516e-08  r/r0=1.6823e-06
[mg]   it 371  |r|inf=3.492894e-08  r/r0=1.6560e-06
[mg]   it 372  |r|inf=3.436675e-08  r/r0=1.6293e-06
[mg]   it 373  |r|inf=3.484402e-08  r/r0=1.6519e-06
[mg]   it 374  |r|inf=3.554003e-08  r/r0=1.6849e-06
[mg]   it 375  |r|inf=3.622253e-08  r/r0=1.7173e-06
[mg]   it 376  |r|inf=3.689156e-08  r/r0=1.7490e-06
[mg]   it 377  |r|inf=3.754716e-08  r/r0=1.7801e-06
[mg]   it 378  |r|inf=3.818941e-08  r/r0=1.8105e-06
[mg]   it 379  |r|inf=3.881835e-08  r/r0=1.8404e-06
[mg]   it 380  |r|inf=3.943406e-08  r/r0=1.8695e-06
[mg]   it 381  |r|inf=4.003659e-08  r/r0=1.8981e-06
[mg]   it 382  |r|inf=4.062604e-08  r/r0=1.9261e-06
[mg]   it 383  |r|inf=4.120246e-08  r/r0=1.9534e-06
[mg]   it 384  |r|inf=4.176594e-08  r/r0=1.9801e-06
[mg]   it 385  |r|inf=4.231656e-08  r/r0=2.0062e-06
[mg]   it 386  |r|inf=4.285441e-08  r/r0=2.0317e-06
[mg]   it 387  |r|inf=4.337957e-08  r/r0=2.0566e-06
[mg]   it 388  |r|inf=4.389212e-08  r/r0=2.0809e-06
[mg]   it 389  |r|inf=4.439216e-08  r/r0=2.1046e-06
[mg]   it 390  |r|inf=4.487978e-08  r/r0=2.1277e-06
[mg]   it 391  |r|inf=4.535506e-08  r/r0=2.1503e-06
[mg]   it 392  |r|inf=4.581810e-08  r/r0=2.1722e-06
[mg]   it 393  |r|inf=4.626899e-08  r/r0=2.1936e-06
[mg]   it 394  |r|inf=4.670782e-08  r/r0=2.2144e-06
[mg]   it 395  |r|inf=4.713469e-08  r/r0=2.2346e-06
[mg]   it 396  |r|inf=4.754967e-08  r/r0=2.2543e-06
[mg]   it 397  |r|inf=4.795288e-08  r/r0=2.2734e-06
[mg]   it 398  |r|inf=4.834439e-08  r/r0=2.2920e-06
[mg]   it 399  |r|inf=4.872430e-08  r/r0=2.3100e-06
[mg]   it 400  |r|inf=4.909269e-08  r/r0=2.3275e-06
[mg]   it 401  |r|inf=4.944966e-08  r/r0=2.3444e-06
[mg]   it 402  |r|inf=4.979529e-08  r/r0=2.3608e-06
[mg]   it 403  |r|inf=5.012967e-08  r/r0=2.3766e-06
[mg]   it 404  |r|inf=5.045288e-08  r/r0=2.3919e-06
[mg]   it 405  |r|inf=5.076501e-08  r/r0=2.4067e-06
[mg]   it 406  |r|inf=5.106614e-08  r/r0=2.4210e-06
[mg]   it 407  |r|inf=5.135636e-08  r/r0=2.4348e-06
[mg]   it 408  |r|inf=5.163573e-08  r/r0=2.4480e-06
[mg]   it 409  |r|inf=5.190434e-08  r/r0=2.4608e-06
[mg]   it 410  |r|inf=5.216227e-08  r/r0=2.4730e-06
[mg]   it 411  |r|inf=5.240959e-08  r/r0=2.4847e-06
[mg]   it 412  |r|inf=5.264638e-08  r/r0=2.4959e-06
[mg]   it 413  |r|inf=5.287270e-08  r/r0=2.5067e-06
[mg]   it 414  |r|inf=5.308863e-08  r/r0=2.5169e-06
[mg]   it 415  |r|inf=5.329423e-08  r/r0=2.5266e-06
[mg]   it 416  |r|inf=5.348958e-08  r/r0=2.5359e-06
[mg]   it 417  |r|inf=5.367473e-08  r/r0=2.5447e-06
[mg]   it 418  |r|inf=5.384975e-08  r/r0=2.5530e-06
[mg]   it 419  |r|inf=5.401471e-08  r/r0=2.5608e-06
[mg]   it 420  |r|inf=5.416966e-08  r/r0=2.5681e-06
[mg]   it 421  |r|inf=5.431466e-08  r/r0=2.5750e-06
[mg]   it 422  |r|inf=5.444977e-08  r/r0=2.5814e-06
[mg]   it 423  |r|inf=5.457504e-08  r/r0=2.5874e-06
[mg]   it 424  |r|inf=5.469053e-08  r/r0=2.5928e-06
[mg]   it 425  |r|inf=5.479630e-08  r/r0=2.5979e-06
[mg]   it 426  |r|inf=5.489238e-08  r/r0=2.6024e-06
[mg]   it 427  |r|inf=5.497884e-08  r/r0=2.6065e-06
[mg]   it 428  |r|inf=5.505572e-08  r/r0=2.6102e-06
[mg]   it 429  |r|inf=5.512307e-08  r/r0=2.6133e-06
[mg]   it 430  |r|inf=5.518093e-08  r/r0=2.6161e-06
[mg]   it 431  |r|inf=5.522935e-08  r/r0=2.6184e-06
[mg]   it 432  |r|inf=5.526838e-08  r/r0=2.6202e-06
[mg]   it 433  |r|inf=5.529804e-08  r/r0=2.6216e-06
[mg]   it 434  |r|inf=5.531840e-08  r/r0=2.6226e-06
[mg]   it 435  |r|inf=5.532949e-08  r/r0=2.6231e-06
[mg]   it 436  |r|inf=5.557324e-08  r/r0=2.6347e-06
[mg]   it 437  |r|inf=5.590508e-08  r/r0=2.6504e-06
[mg]   it 438  |r|inf=5.622725e-08  r/r0=2.6657e-06
[mg]   it 439  |r|inf=5.653974e-08  r/r0=2.6805e-06
[mg]   it 440  |r|inf=5.684256e-08  r/r0=2.6949e-06
[mg]   it 441  |r|inf=5.713571e-08  r/r0=2.7088e-06
[mg]   it 442  |r|inf=5.741918e-08  r/r0=2.7222e-06
[mg]   it 443  |r|inf=5.769299e-08  r/r0=2.7352e-06
[mg]   it 444  |r|inf=5.795712e-08  r/r0=2.7477e-06
[mg]   it 445  |r|inf=5.821158e-08  r/r0=2.7598e-06
[mg]   it 446  |r|inf=5.845636e-08  r/r0=2.7714e-06
[mg]   it 447  |r|inf=5.869147e-08  r/r0=2.7825e-06
[mg]   it 448  |r|inf=5.891689e-08  r/r0=2.7932e-06
[mg]   it 449  |r|inf=5.913263e-08  r/r0=2.8034e-06
[mg]   it 450  |r|inf=5.933869e-08  r/r0=2.8132e-06
[mg]   it 451  |r|inf=5.953505e-08  r/r0=2.8225e-06
[mg]   it 452  |r|inf=5.972171e-08  r/r0=2.8314e-06
[mg]   it 453  |r|inf=5.989868e-08  r/r0=2.8398e-06
[mg]   it 454  |r|inf=6.006595e-08  r/r0=2.8477e-06
[mg]   it 455  |r|inf=6.022351e-08  r/r0=2.8552e-06
[mg]   it 456  |r|inf=6.037136e-08  r/r0=2.8622e-06
[mg]   it 457  |r|inf=6.050949e-08  r/r0=2.8687e-06
[mg]   it 458  |r|inf=6.063792e-08  r/r0=2.8748e-06
[mg]   it 459  |r|inf=6.075662e-08  r/r0=2.8804e-06
[mg]   it 460  |r|inf=6.086560e-08  r/r0=2.8856e-06
[mg]   it 461  |r|inf=6.096486e-08  r/r0=2.8903e-06
[mg]   it 462  |r|inf=6.105440e-08  r/r0=2.8945e-06
[mg]   it 463  |r|inf=6.113421e-08  r/r0=2.8983e-06
[mg]   it 464  |r|inf=6.120430e-08  r/r0=2.9017e-06
[mg]   it 465  |r|inf=6.126467e-08  r/r0=2.9045e-06
[mg]   it 466  |r|inf=6.131532e-08  r/r0=2.9069e-06
[mg]   it 467  |r|inf=6.135625e-08  r/r0=2.9089e-06
[mg]   it 468  |r|inf=6.138746e-08  r/r0=2.9103e-06
[mg]   it 469  |r|inf=6.140897e-08  r/r0=2.9114e-06
[mg]   it 470  |r|inf=6.142078e-08  r/r0=2.9119e-06
[mg]   it 471  |r|inf=6.142288e-08  r/r0=2.9120e-06
[mg]   it 472  |r|inf=6.141531e-08  r/r0=2.9117e-06
[mg]   it 473  |r|inf=6.139805e-08  r/r0=2.9108e-06
[mg]   it 474  |r|inf=6.137113e-08  r/r0=2.9096e-06
[mg]   it 475  |r|inf=6.133455e-08  r/r0=2.9078e-06
[mg]   it 476  |r|inf=6.128834e-08  r/r0=2.9056e-06
[mg]   it 477  |r|inf=6.123250e-08  r/r0=2.9030e-06
[mg]   it 478  |r|inf=6.116706e-08  r/r0=2.8999e-06
[mg]   it 479  |r|inf=6.109203e-08  r/r0=2.8963e-06
[mg]   it 480  |r|inf=6.100744e-08  r/r0=2.8923e-06
[mg]   it 481  |r|inf=6.091330e-08  r/r0=2.8879e-06
[mg]   it 482  |r|inf=6.080965e-08  r/r0=2.8829e-06
[mg]   it 483  |r|inf=6.069650e-08  r/r0=2.8776e-06
[mg]   it 484  |r|inf=6.057389e-08  r/r0=2.8718e-06
[mg]   it 485  |r|inf=6.044185e-08  r/r0=2.8655e-06
[mg]   it 486  |r|inf=6.030041e-08  r/r0=2.8588e-06
[mg]   it 487  |r|inf=6.014960e-08  r/r0=2.8517e-06
[mg]   it 488  |r|inf=5.998946e-08  r/r0=2.8441e-06
[mg]   it 489  |r|inf=5.982003e-08  r/r0=2.8360e-06
[mg]   it 490  |r|inf=5.964135e-08  r/r0=2.8276e-06
[mg]   it 491  |r|inf=5.945347e-08  r/r0=2.8186e-06
[mg]   it 492  |r|inf=5.925642e-08  r/r0=2.8093e-06
[mg]   it 493  |r|inf=5.905026e-08  r/r0=2.7995e-06
[mg]   it 494  |r|inf=5.883504e-08  r/r0=2.7893e-06
[mg]   it 495  |r|inf=5.861080e-08  r/r0=2.7787e-06
[mg]   it 496  |r|inf=5.837760e-08  r/r0=2.7676e-06
[mg]   it 497  |r|inf=5.813551e-08  r/r0=2.7562e-06
[mg]   it 498  |r|inf=5.788457e-08  r/r0=2.7443e-06
[mg]   it 499  |r|inf=5.762485e-08  r/r0=2.7320e-06
[mg]   it 500  |r|inf=5.735642e-08  r/r0=2.7192e-06
[mg]   it 501  |r|inf=5.707933e-08  r/r0=2.7061e-06
[mg]   it 502  |r|inf=5.679366e-08  r/r0=2.6926e-06
[mg]   it 503  |r|inf=5.649948e-08  r/r0=2.6786e-06
[mg]   it 504  |r|inf=5.619686e-08  r/r0=2.6643e-06
[mg]   it 505  |r|inf=5.588588e-08  r/r0=2.6495e-06
[mg]   it 506  |r|inf=5.556660e-08  r/r0=2.6344e-06
[mg]   it 507  |r|inf=5.523912e-08  r/r0=2.6189e-06
[mg]   it 508  |r|inf=5.490351e-08  r/r0=2.6029e-06
[mg]   it 509  |r|inf=5.455987e-08  r/r0=2.5866e-06
[mg]   it 510  |r|inf=5.420826e-08  r/r0=2.5700e-06
[mg]   it 511  |r|inf=5.384879e-08  r/r0=2.5529e-06
[mg]   it 512  |r|inf=5.348154e-08  r/r0=2.5355e-06
[mg]   it 513  |r|inf=5.310661e-08  r/r0=2.5177e-06
[mg]   it 514  |r|inf=5.272409e-08  r/r0=2.4996e-06
[mg]   it 515  |r|inf=5.233408e-08  r/r0=2.4811e-06
[mg]   it 516  |r|inf=5.193667e-08  r/r0=2.4623e-06
[mg]   it 517  |r|inf=5.153196e-08  r/r0=2.4431e-06
[mg]   it 518  |r|inf=5.112007e-08  r/r0=2.4236e-06
[mg]   it 519  |r|inf=5.070109e-08  r/r0=2.4037e-06
[mg]   it 520  |r|inf=5.027512e-08  r/r0=2.3835e-06
[mg]   it 521  |r|inf=4.984228e-08  r/r0=2.3630e-06
[mg]   it 522  |r|inf=4.940268e-08  r/r0=2.3421e-06
[mg]   it 523  |r|inf=4.895642e-08  r/r0=2.3210e-06
[mg]   it 524  |r|inf=4.850362e-08  r/r0=2.2995e-06
[mg]   it 525  |r|inf=4.804439e-08  r/r0=2.2778e-06
[mg]   it 526  |r|inf=4.757885e-08  r/r0=2.2557e-06
[mg]   it 527  |r|inf=4.710711e-08  r/r0=2.2333e-06
[mg]   it 528  |r|inf=4.662929e-08  r/r0=2.2107e-06
[mg]   it 529  |r|inf=4.679989e-08  r/r0=2.2188e-06
[mg]   it 530  |r|inf=4.696742e-08  r/r0=2.2267e-06
[mg]   it 531  |r|inf=4.712798e-08  r/r0=2.2343e-06
[mg]   it 532  |r|inf=4.728157e-08  r/r0=2.2416e-06
[mg]   it 533  |r|inf=4.742821e-08  r/r0=2.2485e-06
[mg]   it 534  |r|inf=4.756789e-08  r/r0=2.2552e-06
[mg]   it 535  |r|inf=4.770064e-08  r/r0=2.2615e-06
[mg]   it 536  |r|inf=4.782647e-08  r/r0=2.2674e-06
[mg]   it 537  |r|inf=4.794538e-08  r/r0=2.2731e-06
[mg]   it 538  |r|inf=4.805741e-08  r/r0=2.2784e-06
[mg]   it 539  |r|inf=4.816256e-08  r/r0=2.2834e-06
[mg]   it 540  |r|inf=4.826087e-08  r/r0=2.2880e-06
[mg]   it 541  |r|inf=4.835235e-08  r/r0=2.2924e-06
[mg]   it 542  |r|inf=4.843702e-08  r/r0=2.2964e-06
[mg]   it 543  |r|inf=4.851493e-08  r/r0=2.3001e-06
[mg]   it 544  |r|inf=4.858609e-08  r/r0=2.3034e-06
[mg]   it 545  |r|inf=4.865053e-08  r/r0=2.3065e-06
[mg]   it 546  |r|inf=4.870829e-08  r/r0=2.3092e-06
[mg]   it 547  |r|inf=4.875941e-08  r/r0=2.3117e-06
[mg]   it 548  |r|inf=4.880392e-08  r/r0=2.3138e-06
[mg]   it 549  |r|inf=4.884185e-08  r/r0=2.3156e-06
[mg]   it 550  |r|inf=4.887325e-08  r/r0=2.3170e-06
[mg]   it 551  |r|inf=4.889816e-08  r/r0=2.3182e-06
[mg]   it 552  |r|inf=4.891662e-08  r/r0=2.3191e-06
[mg]   it 553  |r|inf=4.892867e-08  r/r0=2.3197e-06
[mg]   it 554  |r|inf=4.893436e-08  r/r0=2.3199e-06
[mg]   it 555  |r|inf=4.893374e-08  r/r0=2.3199e-06
[mg]   it 556  |r|inf=4.892686e-08  r/r0=2.3196e-06
[mg]   it 557  |r|inf=4.891375e-08  r/r0=2.3190e-06
[mg]   it 558  |r|inf=4.889449e-08  r/r0=2.3181e-06
[mg]   it 559  |r|inf=4.886911e-08  r/r0=2.3169e-06
[mg]   it 560  |r|inf=4.883767e-08  r/r0=2.3154e-06
[mg]   it 561  |r|inf=4.880022e-08  r/r0=2.3136e-06
[mg]   it 562  |r|inf=4.875683e-08  r/r0=2.3115e-06
[mg]   it 563  |r|inf=4.870755e-08  r/r0=2.3092e-06
[mg]   it 564  |r|inf=4.865242e-08  r/r0=2.3066e-06
[mg]   it 565  |r|inf=4.859153e-08  r/r0=2.3037e-06
[mg]   it 566  |r|inf=4.852491e-08  r/r0=2.3005e-06
[mg]   it 567  |r|inf=4.845264e-08  r/r0=2.2971e-06
[mg]   it 568  |r|inf=4.837477e-08  r/r0=2.2934e-06
[mg]   it 569  |r|inf=4.829136e-08  r/r0=2.2895e-06
[mg]   it 570  |r|inf=4.820249e-08  r/r0=2.2852e-06
[mg]   it 571  |r|inf=4.810820e-08  r/r0=2.2808e-06
[mg]   it 572  |r|inf=4.800857e-08  r/r0=2.2761e-06
[mg]   it 573  |r|inf=4.790366e-08  r/r0=2.2711e-06
[mg]   it 574  |r|inf=4.779354e-08  r/r0=2.2659e-06
[mg]   it 575  |r|inf=4.767826e-08  r/r0=2.2604e-06
[mg]   it 576  |r|inf=4.755790e-08  r/r0=2.2547e-06
[mg]   it 577  |r|inf=4.743252e-08  r/r0=2.2487e-06
[mg]   it 578  |r|inf=4.730219e-08  r/r0=2.2426e-06
[mg]   it 579  |r|inf=4.716697e-08  r/r0=2.2362e-06
[mg]   it 580  |r|inf=4.702694e-08  r/r0=2.2295e-06
[mg]   it 581  |r|inf=4.688215e-08  r/r0=2.2227e-06
[mg]   it 582  |r|inf=4.673268e-08  r/r0=2.2156e-06
[mg]   it 583  |r|inf=4.657860e-08  r/r0=2.2083e-06
[mg]   it 584  |r|inf=4.641996e-08  r/r0=2.2007e-06
[mg]   it 585  |r|inf=4.625685e-08  r/r0=2.1930e-06
[mg]   it 586  |r|inf=4.608933e-08  r/r0=2.1851e-06
[mg]   it 587  |r|inf=4.591746e-08  r/r0=2.1769e-06
[mg]   it 588  |r|inf=4.574131e-08  r/r0=2.1686e-06
[mg]   it 589  |r|inf=4.556095e-08  r/r0=2.1600e-06
[mg]   it 590  |r|inf=4.537645e-08  r/r0=2.1513e-06
[mg]   it 591  |r|inf=4.518788e-08  r/r0=2.1423e-06
[mg]   it 592  |r|inf=4.499530e-08  r/r0=2.1332e-06
[mg]   it 593  |r|inf=4.479878e-08  r/r0=2.1239e-06
[mg]   it 594  |r|inf=4.459839e-08  r/r0=2.1144e-06
[mg]   it 595  |r|inf=4.439419e-08  r/r0=2.1047e-06
[mg]   it 596  |r|inf=4.418625e-08  r/r0=2.0948e-06
[mg]   it 597  |r|inf=4.397463e-08  r/r0=2.0848e-06
[mg]   it 598  |r|inf=4.375940e-08  r/r0=2.0746e-06
[mg]   it 599  |r|inf=4.354063e-08  r/r0=2.0642e-06
[mg]   it 600  |r|inf=4.331838e-08  r/r0=2.0537e-06
[mg]   it 601  |r|inf=4.309272e-08  r/r0=2.0430e-06
[mg]   it 602  |r|inf=4.286370e-08  r/r0=2.0321e-06
[mg]   it 603  |r|inf=4.263140e-08  r/r0=2.0211e-06
[mg]   it 604  |r|inf=4.239587e-08  r/r0=2.0100e-06
[mg]   it 605  |r|inf=4.215718e-08  r/r0=1.9986e-06
[mg]   it 606  |r|inf=4.191538e-08  r/r0=1.9872e-06
[mg]   it 607  |r|inf=4.167055e-08  r/r0=1.9756e-06
[mg]   it 608  |r|inf=4.142274e-08  r/r0=1.9638e-06
[mg]   it 609  |r|inf=4.117201e-08  r/r0=1.9519e-06
[mg]   it 610  |r|inf=4.091842e-08  r/r0=1.9399e-06
[mg]   it 611  |r|inf=4.066203e-08  r/r0=1.9278e-06
[mg]   it 612  |r|inf=4.040290e-08  r/r0=1.9155e-06
[mg]   it 613  |r|inf=4.014109e-08  r/r0=1.9031e-06
[mg]   it 614  |r|inf=3.987665e-08  r/r0=1.8905e-06
[mg]   it 615  |r|inf=3.960964e-08  r/r0=1.8779e-06
[mg]   it 616  |r|inf=3.934012e-08  r/r0=1.8651e-06
[mg]   it 617  |r|inf=3.906813e-08  r/r0=1.8522e-06
[mg]   it 618  |r|inf=3.879375e-08  r/r0=1.8392e-06
[mg]   it 619  |r|inf=3.851701e-08  r/r0=1.8261e-06
[mg]   it 620  |r|inf=3.823797e-08  r/r0=1.8128e-06
[mg]   it 621  |r|inf=3.795670e-08  r/r0=1.7995e-06
[mg]   it 622  |r|inf=3.767322e-08  r/r0=1.7861e-06
[mg]   it 623  |r|inf=3.738761e-08  r/r0=1.7725e-06
[mg]   it 624  |r|inf=3.709990e-08  r/r0=1.7589e-06
[mg]   it 625  |r|inf=3.681015e-08  r/r0=1.7451e-06
[mg]   it 626  |r|inf=3.651841e-08  r/r0=1.7313e-06
[mg]   it 627  |r|inf=3.622473e-08  r/r0=1.7174e-06
[mg]   it 628  |r|inf=3.592915e-08  r/r0=1.7034e-06
[mg]   it 629  |r|inf=3.563171e-08  r/r0=1.6893e-06
[mg]   it 630  |r|inf=3.533248e-08  r/r0=1.6751e-06
[mg]   it 631  |r|inf=3.503148e-08  r/r0=1.6608e-06
[mg]   it 632  |r|inf=3.484186e-08  r/r0=1.6518e-06
[mg]   it 633  |r|inf=3.521912e-08  r/r0=1.6697e-06
[mg]   it 634  |r|inf=3.559237e-08  r/r0=1.6874e-06
[mg]   it 635  |r|inf=3.596159e-08  r/r0=1.7049e-06
[mg]   it 636  |r|inf=3.632680e-08  r/r0=1.7222e-06
[mg]   it 637  |r|inf=3.668802e-08  r/r0=1.7394e-06
[mg]   it 638  |r|inf=3.704524e-08  r/r0=1.7563e-06
[mg]   it 639  |r|inf=3.739848e-08  r/r0=1.7730e-06
[mg]   it 640  |r|inf=3.774774e-08  r/r0=1.7896e-06
[mg]   it 641  |r|inf=3.809305e-08  r/r0=1.8060e-06
[mg]   it 642  |r|inf=3.843441e-08  r/r0=1.8221e-06
[mg]   it 643  |r|inf=3.877182e-08  r/r0=1.8381e-06
[mg]   it 644  |r|inf=3.910531e-08  r/r0=1.8540e-06
[mg]   it 645  |r|inf=3.943489e-08  r/r0=1.8696e-06
[mg]   it 646  |r|inf=3.976057e-08  r/r0=1.8850e-06
[mg]   it 647  |r|inf=4.008235e-08  r/r0=1.9003e-06
[mg]   it 648  |r|inf=4.040026e-08  r/r0=1.9153e-06
[mg]   it 649  |r|inf=4.071431e-08  r/r0=1.9302e-06
[mg]   it 650  |r|inf=4.102450e-08  r/r0=1.9449e-06
[mg]   it 651  |r|inf=4.133087e-08  r/r0=1.9595e-06
[mg]   it 652  |r|inf=4.163341e-08  r/r0=1.9738e-06
[mg]   it 653  |r|inf=4.193214e-08  r/r0=1.9880e-06
[mg]   it 654  |r|inf=4.222708e-08  r/r0=2.0020e-06
[mg]   it 655  |r|inf=4.251825e-08  r/r0=2.0158e-06
[mg]   it 656  |r|inf=4.280565e-08  r/r0=2.0294e-06
[mg]   it 657  |r|inf=4.308930e-08  r/r0=2.0428e-06
[mg]   it 658  |r|inf=4.336923e-08  r/r0=2.0561e-06
[mg]   it 659  |r|inf=4.364543e-08  r/r0=2.0692e-06
[mg]   it 660  |r|inf=4.391793e-08  r/r0=2.0821e-06
[mg]   it 661  |r|inf=4.418675e-08  r/r0=2.0949e-06
[mg]   it 662  |r|inf=4.445190e-08  r/r0=2.1074e-06
[mg]   it 663  |r|inf=4.471339e-08  r/r0=2.1198e-06
[mg]   it 664  |r|inf=4.497124e-08  r/r0=2.1321e-06
[mg]   it 665  |r|inf=4.522547e-08  r/r0=2.1441e-06
[mg]   it 666  |r|inf=4.547609e-08  r/r0=2.1560e-06
[mg]   it 667  |r|inf=4.572312e-08  r/r0=2.1677e-06
[mg]   it 668  |r|inf=4.596657e-08  r/r0=2.1792e-06
[mg]   it 669  |r|inf=4.620646e-08  r/r0=2.1906e-06
[mg]   it 670  |r|inf=4.644281e-08  r/r0=2.2018e-06
[mg]   it 671  |r|inf=4.667563e-08  r/r0=2.2129e-06
[mg]   it 672  |r|inf=4.690494e-08  r/r0=2.2237e-06
[mg]   it 673  |r|inf=4.713075e-08  r/r0=2.2344e-06
[mg]   it 674  |r|inf=4.735308e-08  r/r0=2.2450e-06
[mg]   it 675  |r|inf=4.757194e-08  r/r0=2.2554e-06
[mg]   it 676  |r|inf=4.778736e-08  r/r0=2.2656e-06
[mg]   it 677  |r|inf=4.799934e-08  r/r0=2.2756e-06
[mg]   it 678  |r|inf=4.820790e-08  r/r0=2.2855e-06
[mg]   it 679  |r|inf=4.841306e-08  r/r0=2.2952e-06
[mg]   it 680  |r|inf=4.861483e-08  r/r0=2.3048e-06
[mg]   it 681  |r|inf=4.881323e-08  r/r0=2.3142e-06
[mg]   it 682  |r|inf=4.900827e-08  r/r0=2.3234e-06
[mg]   it 683  |r|inf=4.919997e-08  r/r0=2.3325e-06
[mg]   it 684  |r|inf=4.938834e-08  r/r0=2.3415e-06
[mg]   it 685  |r|inf=4.957340e-08  r/r0=2.3502e-06
[mg]   it 686  |r|inf=4.975516e-08  r/r0=2.3589e-06
[mg]   it 687  |r|inf=4.993365e-08  r/r0=2.3673e-06
[mg]   it 688  |r|inf=5.010886e-08  r/r0=2.3756e-06
[mg]   it 689  |r|inf=5.028082e-08  r/r0=2.3838e-06
[mg]   it 690  |r|inf=5.044954e-08  r/r0=2.3918e-06
[mg]   it 691  |r|inf=5.061504e-08  r/r0=2.3996e-06
[mg]   it 692  |r|inf=5.077732e-08  r/r0=2.4073e-06
[mg]   it 693  |r|inf=5.093641e-08  r/r0=2.4149e-06
[mg]   it 694  |r|inf=5.109232e-08  r/r0=2.4223e-06
[mg]   it 695  |r|inf=5.124506e-08  r/r0=2.4295e-06
[mg]   it 696  |r|inf=5.139464e-08  r/r0=2.4366e-06
[mg]   it 697  |r|inf=5.154108e-08  r/r0=2.4435e-06
[mg]   it 698  |r|inf=5.168439e-08  r/r0=2.4503e-06
[mg]   it 699  |r|inf=5.182459e-08  r/r0=2.4570e-06
[mg]   it 700  |r|inf=5.196168e-08  r/r0=2.4635e-06
[mg]   it 701  |r|inf=5.209568e-08  r/r0=2.4698e-06
[mg]   it 702  |r|inf=5.222661e-08  r/r0=2.4760e-06
[mg]   it 703  |r|inf=5.235447e-08  r/r0=2.4821e-06
[mg]   it 704  |r|inf=5.247928e-08  r/r0=2.4880e-06
[mg]   it 705  |r|inf=5.260104e-08  r/r0=2.4938e-06
[mg]   it 706  |r|inf=5.271978e-08  r/r0=2.4994e-06
[mg]   it 707  |r|inf=5.283551e-08  r/r0=2.5049e-06
[mg]   it 708  |r|inf=5.294823e-08  r/r0=2.5102e-06
[mg]   it 709  |r|inf=5.305795e-08  r/r0=2.5154e-06
[mg]   it 710  |r|inf=5.316470e-08  r/r0=2.5205e-06
[mg]   it 711  |r|inf=5.326847e-08  r/r0=2.5254e-06
[mg]   it 712  |r|inf=5.336928e-08  r/r0=2.5302e-06
[mg]   it 713  |r|inf=5.346715e-08  r/r0=2.5348e-06
[mg]   it 714  |r|inf=5.356208e-08  r/r0=2.5393e-06
[mg]   it 715  |r|inf=5.365408e-08  r/r0=2.5437e-06
[mg]   it 716  |r|inf=5.374317e-08  r/r0=2.5479e-06
[mg]   it 717  |r|inf=5.382935e-08  r/r0=2.5520e-06
[mg]   it 718  |r|inf=5.391263e-08  r/r0=2.5560e-06
[mg]   it 719  |r|inf=5.399303e-08  r/r0=2.5598e-06
[mg]   it 720  |r|inf=5.407056e-08  r/r0=2.5634e-06
[mg]   it 721  |r|inf=5.414522e-08  r/r0=2.5670e-06
[mg]   it 722  |r|inf=5.421702e-08  r/r0=2.5704e-06
[mg]   it 723  |r|inf=5.428597e-08  r/r0=2.5737e-06
[mg]   it 724  |r|inf=5.435209e-08  r/r0=2.5768e-06
[mg]   it 725  |r|inf=5.441538e-08  r/r0=2.5798e-06
[mg]   it 726  |r|inf=5.447585e-08  r/r0=2.5827e-06
[mg]   it 727  |r|inf=5.453351e-08  r/r0=2.5854e-06
[mg]   it 728  |r|inf=5.458837e-08  r/r0=2.5880e-06
[mg]   it 729  |r|inf=5.464043e-08  r/r0=2.5905e-06
[mg]   it 730  |r|inf=5.468971e-08  r/r0=2.5928e-06
[mg]   it 731  |r|inf=5.473622e-08  r/r0=2.5950e-06
[mg]   it 732  |r|inf=5.477996e-08  r/r0=2.5971e-06
[mg]   it 733  |r|inf=5.482094e-08  r/r0=2.5990e-06
[mg]   it 734  |r|inf=5.485916e-08  r/r0=2.6008e-06
[mg]   it 735  |r|inf=5.489465e-08  r/r0=2.6025e-06
[mg]   it 736  |r|inf=5.492739e-08  r/r0=2.6041e-06
[mg]   it 737  |r|inf=5.495741e-08  r/r0=2.6055e-06
[mg]   it 738  |r|inf=5.498471e-08  r/r0=2.6068e-06
[mg]   it 739  |r|inf=5.500930e-08  r/r0=2.6080e-06
[mg]   it 740  |r|inf=5.503118e-08  r/r0=2.6090e-06
[mg]   it 741  |r|inf=5.505036e-08  r/r0=2.6099e-06
[mg]   it 742  |r|inf=5.506685e-08  r/r0=2.6107e-06
[mg]   it 743  |r|inf=5.508066e-08  r/r0=2.6113e-06
[mg]   it 744  |r|inf=5.509179e-08  r/r0=2.6119e-06
[mg]   it 745  |r|inf=5.510025e-08  r/r0=2.6123e-06
[mg]   it 746  |r|inf=5.510604e-08  r/r0=2.6125e-06
[mg]   it 747  |r|inf=5.510918e-08  r/r0=2.6127e-06
[mg]   it 748  |r|inf=5.510967e-08  r/r0=2.6127e-06
[mg]   it 749  |r|inf=5.510751e-08  r/r0=2.6126e-06
[mg]   it 750  |r|inf=5.510272e-08  r/r0=2.6124e-06
[mg]   it 751  |r|inf=5.516167e-08  r/r0=2.6152e-06
[mg]   it 752  |r|inf=5.533482e-08  r/r0=2.6234e-06
[mg]   it 753  |r|inf=5.550522e-08  r/r0=2.6315e-06
[mg]   it 754  |r|inf=5.567286e-08  r/r0=2.6394e-06
[mg]   it 755  |r|inf=5.583775e-08  r/r0=2.6472e-06
[mg]   it 756  |r|inf=5.599988e-08  r/r0=2.6549e-06
[mg]   it 757  |r|inf=5.615925e-08  r/r0=2.6625e-06
[mg]   it 758  |r|inf=5.631587e-08  r/r0=2.6699e-06
[mg]   it 759  |r|inf=5.646974e-08  r/r0=2.6772e-06
[mg]   it 760  |r|inf=5.662085e-08  r/r0=2.6844e-06
[mg]   it 761  |r|inf=5.676921e-08  r/r0=2.6914e-06
[mg]   it 762  |r|inf=5.691481e-08  r/r0=2.6983e-06
[mg]   it 763  |r|inf=5.705766e-08  r/r0=2.7051e-06
[mg]   it 764  |r|inf=5.719776e-08  r/r0=2.7117e-06
[mg]   it 765  |r|inf=5.733511e-08  r/r0=2.7182e-06
[mg]   it 766  |r|inf=5.746970e-08  r/r0=2.7246e-06
[mg]   it 767  |r|inf=5.760154e-08  r/r0=2.7309e-06
[mg]   it 768  |r|inf=5.773063e-08  r/r0=2.7370e-06
[mg]   it 769  |r|inf=5.785696e-08  r/r0=2.7430e-06
[mg]   it 770  |r|inf=5.798055e-08  r/r0=2.7488e-06
[mg]   it 771  |r|inf=5.810138e-08  r/r0=2.7545e-06
[mg]   it 772  |r|inf=5.821945e-08  r/r0=2.7601e-06
[mg]   it 773  |r|inf=5.833478e-08  r/r0=2.7656e-06
[mg]   it 774  |r|inf=5.844734e-08  r/r0=2.7710e-06
[mg]   it 775  |r|inf=5.855716e-08  r/r0=2.7762e-06
[mg]   it 776  |r|inf=5.866422e-08  r/r0=2.7812e-06
[mg]   it 777  |r|inf=5.876853e-08  r/r0=2.7862e-06
[mg]   it 778  |r|inf=5.887008e-08  r/r0=2.7910e-06
[mg]   it 779  |r|inf=5.896888e-08  r/r0=2.7957e-06
[mg]   it 780  |r|inf=5.906492e-08  r/r0=2.8002e-06
[mg]   it 781  |r|inf=5.915820e-08  r/r0=2.8047e-06
[mg]   it 782  |r|inf=5.924873e-08  r/r0=2.8089e-06
[mg]   it 783  |r|inf=5.933650e-08  r/r0=2.8131e-06
[mg]   it 784  |r|inf=5.942152e-08  r/r0=2.8171e-06
[mg]   it 785  |r|inf=5.950378e-08  r/r0=2.8210e-06
[mg]   it 786  |r|inf=5.958328e-08  r/r0=2.8248e-06
[mg]   it 787  |r|inf=5.966002e-08  r/r0=2.8284e-06
[mg]   it 788  |r|inf=5.973400e-08  r/r0=2.8319e-06
[mg]   it 789  |r|inf=5.980523e-08  r/r0=2.8353e-06
[mg]   it 790  |r|inf=5.987369e-08  r/r0=2.8386e-06
[mg]   it 791  |r|inf=5.993940e-08  r/r0=2.8417e-06
[mg]   it 792  |r|inf=6.000235e-08  r/r0=2.8447e-06
[mg]   it 793  |r|inf=6.006253e-08  r/r0=2.8475e-06
[mg]   it 794  |r|inf=6.011996e-08  r/r0=2.8502e-06
[mg]   it 795  |r|inf=6.017463e-08  r/r0=2.8528e-06
[mg]   it 796  |r|inf=6.022654e-08  r/r0=2.8553e-06
[mg]   it 797  |r|inf=6.027568e-08  r/r0=2.8576e-06
[mg]   it 798  |r|inf=6.032207e-08  r/r0=2.8598e-06
[mg]   it 799  |r|inf=6.036570e-08  r/r0=2.8619e-06
[mg]   it 800  |r|inf=6.040656e-08  r/r0=2.8638e-06
[mg]   it 801  |r|inf=6.044467e-08  r/r0=2.8656e-06
[mg]   it 802  |r|inf=6.048002e-08  r/r0=2.8673e-06
[mg]   it 803  |r|inf=6.051261e-08  r/r0=2.8689e-06
[mg]   it 804  |r|inf=6.054244e-08  r/r0=2.8703e-06
[mg]   it 805  |r|inf=6.056951e-08  r/r0=2.8716e-06
[mg]   it 806  |r|inf=6.059382e-08  r/r0=2.8727e-06
[mg]   it 807  |r|inf=6.061537e-08  r/r0=2.8737e-06
[mg]   it 808  |r|inf=6.063417e-08  r/r0=2.8746e-06
[mg]   it 809  |r|inf=6.065021e-08  r/r0=2.8754e-06
[mg]   it 810  |r|inf=6.066350e-08  r/r0=2.8760e-06
[mg]   it 811  |r|inf=6.067403e-08  r/r0=2.8765e-06
[mg]   it 812  |r|inf=6.068181e-08  r/r0=2.8769e-06
[mg]   it 813  |r|inf=6.068684e-08  r/r0=2.8771e-06
[mg]   it 814  |r|inf=6.068911e-08  r/r0=2.8772e-06
[mg]   it 815  |r|inf=6.068864e-08  r/r0=2.8772e-06
[mg]   it 816  |r|inf=6.068541e-08  r/r0=2.8771e-06
[mg]   it 817  |r|inf=6.067944e-08  r/r0=2.8768e-06
[mg]   it 818  |r|inf=6.067072e-08  r/r0=2.8764e-06
[mg]   it 819  |r|inf=6.065926e-08  r/r0=2.8758e-06
[mg]   it 820  |r|inf=6.064506e-08  r/r0=2.8751e-06
[mg]   it 821  |r|inf=6.062812e-08  r/r0=2.8743e-06
[mg]   it 822  |r|inf=6.060844e-08  r/r0=2.8734e-06
[mg]   it 823  |r|inf=6.058602e-08  r/r0=2.8723e-06
[mg]   it 824  |r|inf=6.056088e-08  r/r0=2.8712e-06
[mg]   it 825  |r|inf=6.053299e-08  r/r0=2.8698e-06
[mg]   it 826  |r|inf=6.050239e-08  r/r0=2.8684e-06
[mg]   it 827  |r|inf=6.046905e-08  r/r0=2.8668e-06
[mg]   it 828  |r|inf=6.043300e-08  r/r0=2.8651e-06
[mg]   it 829  |r|inf=6.039422e-08  r/r0=2.8633e-06
[mg]   it 830  |r|inf=6.035272e-08  r/r0=2.8613e-06
[mg]   it 831  |r|inf=6.030852e-08  r/r0=2.8592e-06
[mg]   it 832  |r|inf=6.026160e-08  r/r0=2.8570e-06
[mg]   it 833  |r|inf=6.021198e-08  r/r0=2.8546e-06
[mg]   it 834  |r|inf=6.015965e-08  r/r0=2.8521e-06
[mg]   it 835  |r|inf=6.010462e-08  r/r0=2.8495e-06
[mg]   it 836  |r|inf=6.004690e-08  r/r0=2.8468e-06
[mg]   it 837  |r|inf=5.998649e-08  r/r0=2.8439e-06
[mg]   it 838  |r|inf=5.992339e-08  r/r0=2.8409e-06
[mg]   it 839  |r|inf=5.985761e-08  r/r0=2.8378e-06
[mg]   it 840  |r|inf=5.978916e-08  r/r0=2.8346e-06
[mg]   it 841  |r|inf=5.971803e-08  r/r0=2.8312e-06
[mg]   it 842  |r|inf=5.964423e-08  r/r0=2.8277e-06
[mg]   it 843  |r|inf=5.956777e-08  r/r0=2.8241e-06
[mg]   it 844  |r|inf=5.948865e-08  r/r0=2.8203e-06
[mg]   it 845  |r|inf=5.940688e-08  r/r0=2.8164e-06
[mg]   it 846  |r|inf=5.932247e-08  r/r0=2.8124e-06
[mg]   it 847  |r|inf=5.923541e-08  r/r0=2.8083e-06
[mg]   it 848  |r|inf=5.914572e-08  r/r0=2.8041e-06
[mg]   it 849  |r|inf=5.905341e-08  r/r0=2.7997e-06
[mg]   it 850  |r|inf=5.895847e-08  r/r0=2.7952e-06
[mg]   it 851  |r|inf=5.886092e-08  r/r0=2.7906e-06
[mg]   it 852  |r|inf=5.876075e-08  r/r0=2.7858e-06
[mg]   it 853  |r|inf=5.865799e-08  r/r0=2.7809e-06
[mg]   it 854  |r|inf=5.855263e-08  r/r0=2.7759e-06
[mg]   it 855  |r|inf=5.844469e-08  r/r0=2.7708e-06
[mg]   it 856  |r|inf=5.833416e-08  r/r0=2.7656e-06
[mg]   it 857  |r|inf=5.822107e-08  r/r0=2.7602e-06
[mg]   it 858  |r|inf=5.810541e-08  r/r0=2.7547e-06
[mg]   it 859  |r|inf=5.798719e-08  r/r0=2.7491e-06
[mg]   it 860  |r|inf=5.786643e-08  r/r0=2.7434e-06
[mg]   it 861  |r|inf=5.774312e-08  r/r0=2.7376e-06
[mg]   it 862  |r|inf=5.761729e-08  r/r0=2.7316e-06
[mg]   it 863  |r|inf=5.748893e-08  r/r0=2.7255e-06
[mg]   it 864  |r|inf=5.735806e-08  r/r0=2.7193e-06
[mg]   it 865  |r|inf=5.722469e-08  r/r0=2.7130e-06
[mg]   it 866  |r|inf=5.708882e-08  r/r0=2.7065e-06
[mg]   it 867  |r|inf=5.695046e-08  r/r0=2.7000e-06
[mg]   it 868  |r|inf=5.680963e-08  r/r0=2.6933e-06
[mg]   it 869  |r|inf=5.666633e-08  r/r0=2.6865e-06
[mg]   it 870  |r|inf=5.652058e-08  r/r0=2.6796e-06
[mg]   it 871  |r|inf=5.637238e-08  r/r0=2.6726e-06
[mg]   it 872  |r|inf=5.622175e-08  r/r0=2.6654e-06
[mg]   it 873  |r|inf=5.606869e-08  r/r0=2.6582e-06
[mg]   it 874  |r|inf=5.591322e-08  r/r0=2.6508e-06
[mg]   it 875  |r|inf=5.575535e-08  r/r0=2.6433e-06
[mg]   it 876  |r|inf=5.559509e-08  r/r0=2.6357e-06
[mg]   it 877  |r|inf=5.543245e-08  r/r0=2.6280e-06
[mg]   it 878  |r|inf=5.526743e-08  r/r0=2.6202e-06
[mg]   it 879  |r|inf=5.510007e-08  r/r0=2.6123e-06
[mg]   it 880  |r|inf=5.493035e-08  r/r0=2.6042e-06
[mg]   it 881  |r|inf=5.475831e-08  r/r0=2.5961e-06
[mg]   it 882  |r|inf=5.458394e-08  r/r0=2.5878e-06
[mg]   it 883  |r|inf=5.440727e-08  r/r0=2.5794e-06
[mg]   it 884  |r|inf=5.422830e-08  r/r0=2.5709e-06
[mg]   it 885  |r|inf=5.404705e-08  r/r0=2.5623e-06
[mg]   it 886  |r|inf=5.386354e-08  r/r0=2.5536e-06
[mg]   it 887  |r|inf=5.367776e-08  r/r0=2.5448e-06
[mg]   it 888  |r|inf=5.348974e-08  r/r0=2.5359e-06
[mg]   it 889  |r|inf=5.329950e-08  r/r0=2.5269e-06
[mg]   it 890  |r|inf=5.310704e-08  r/r0=2.5178e-06
[mg]   it 891  |r|inf=5.291238e-08  r/r0=2.5085e-06
[mg]   it 892  |r|inf=5.271553e-08  r/r0=2.4992e-06
[mg]   it 893  |r|inf=5.251651e-08  r/r0=2.4898e-06
[mg]   it 894  |r|inf=5.231533e-08  r/r0=2.4802e-06
[mg]   it 895  |r|inf=5.211201e-08  r/r0=2.4706e-06
[mg]   it 896  |r|inf=5.190655e-08  r/r0=2.4609e-06
[mg]   it 897  |r|inf=5.169899e-08  r/r0=2.4510e-06
[mg]   it 898  |r|inf=5.148932e-08  r/r0=2.4411e-06
[mg]   it 899  |r|inf=5.127757e-08  r/r0=2.4310e-06
[mg]   it 900  |r|inf=5.106376e-08  r/r0=2.4209e-06
[mg]   it 901  |r|inf=5.084788e-08  r/r0=2.4107e-06
[mg]   it 902  |r|inf=5.062998e-08  r/r0=2.4003e-06
[mg]   it 903  |r|inf=5.041005e-08  r/r0=2.3899e-06
[mg]   it 904  |r|inf=5.018811e-08  r/r0=2.3794e-06
[mg]   it 905  |r|inf=4.996419e-08  r/r0=2.3688e-06
[mg]   it 906  |r|inf=4.973829e-08  r/r0=2.3581e-06
[mg]   it 907  |r|inf=4.951044e-08  r/r0=2.3473e-06
[mg]   it 908  |r|inf=4.928064e-08  r/r0=2.3364e-06
[mg]   it 909  |r|inf=4.904892e-08  r/r0=2.3254e-06
[mg]   it 910  |r|inf=4.881530e-08  r/r0=2.3143e-06
[mg]   it 911  |r|inf=4.857979e-08  r/r0=2.3031e-06
[mg]   it 912  |r|inf=4.834240e-08  r/r0=2.2919e-06
[mg]   it 913  |r|inf=4.810316e-08  r/r0=2.2805e-06
[mg]   it 914  |r|inf=4.786208e-08  r/r0=2.2691e-06
[mg]   it 915  |r|inf=4.761917e-08  r/r0=2.2576e-06
[mg]   it 916  |r|inf=4.737447e-08  r/r0=2.2460e-06
[mg]   it 917  |r|inf=4.712798e-08  r/r0=2.2343e-06
[mg]   it 918  |r|inf=4.687972e-08  r/r0=2.2225e-06
[mg]   it 919  |r|inf=4.662971e-08  r/r0=2.2107e-06
[mg]   it 920  |r|inf=4.645783e-08  r/r0=2.2025e-06
[mg]   it 921  |r|inf=4.656050e-08  r/r0=2.2074e-06
[mg]   it 922  |r|inf=4.666117e-08  r/r0=2.2122e-06
[mg]   it 923  |r|inf=4.675983e-08  r/r0=2.2169e-06
[mg]   it 924  |r|inf=4.685649e-08  r/r0=2.2214e-06
[mg]   it 925  |r|inf=4.695114e-08  r/r0=2.2259e-06
[mg]   it 926  |r|inf=4.704378e-08  r/r0=2.2303e-06
[mg]   it 927  |r|inf=4.713443e-08  r/r0=2.2346e-06
[mg]   it 928  |r|inf=4.722306e-08  r/r0=2.2388e-06
[mg]   it 929  |r|inf=4.730970e-08  r/r0=2.2429e-06
[mg]   it 930  |r|inf=4.739433e-08  r/r0=2.2469e-06
[mg]   it 931  |r|inf=4.747696e-08  r/r0=2.2509e-06
[mg]   it 932  |r|inf=4.755759e-08  r/r0=2.2547e-06
[mg]   it 933  |r|inf=4.763622e-08  r/r0=2.2584e-06
[mg]   it 934  |r|inf=4.771286e-08  r/r0=2.2620e-06
[mg]   it 935  |r|inf=4.778750e-08  r/r0=2.2656e-06
[mg]   it 936  |r|inf=4.786015e-08  r/r0=2.2690e-06
[mg]   it 937  |r|inf=4.793081e-08  r/r0=2.2724e-06
[mg]   it 938  |r|inf=4.799948e-08  r/r0=2.2756e-06
[mg]   it 939  |r|inf=4.806617e-08  r/r0=2.2788e-06
[mg]   it 940  |r|inf=4.813087e-08  r/r0=2.2819e-06
[mg]   it 941  |r|inf=4.819359e-08  r/r0=2.2848e-06
[mg]   it 942  |r|inf=4.825434e-08  r/r0=2.2877e-06
[mg]   it 943  |r|inf=4.831311e-08  r/r0=2.2905e-06
[mg]   it 944  |r|inf=4.836991e-08  r/r0=2.2932e-06
[mg]   it 945  |r|inf=4.842474e-08  r/r0=2.2958e-06
[mg]   it 946  |r|inf=4.847761e-08  r/r0=2.2983e-06
[mg]   it 947  |r|inf=4.852853e-08  r/r0=2.3007e-06
[mg]   it 948  |r|inf=4.857748e-08  r/r0=2.3030e-06
[mg]   it 949  |r|inf=4.862448e-08  r/r0=2.3053e-06
[mg]   it 950  |r|inf=4.866954e-08  r/r0=2.3074e-06
[mg]   it 951  |r|inf=4.871266e-08  r/r0=2.3094e-06
[mg]   it 952  |r|inf=4.875383e-08  r/r0=2.3114e-06
[mg]   it 953  |r|inf=4.879307e-08  r/r0=2.3132e-06
[mg]   it 954  |r|inf=4.883039e-08  r/r0=2.3150e-06
[mg]   it 955  |r|inf=4.886578e-08  r/r0=2.3167e-06
[mg]   it 956  |r|inf=4.889925e-08  r/r0=2.3183e-06
[mg]   it 957  |r|inf=4.893081e-08  r/r0=2.3198e-06
[mg]   it 958  |r|inf=4.896046e-08  r/r0=2.3212e-06
[mg]   it 959  |r|inf=4.898821e-08  r/r0=2.3225e-06
[mg]   it 960  |r|inf=4.901406e-08  r/r0=2.3237e-06
[mg]   it 961  |r|inf=4.903803e-08  r/r0=2.3249e-06
[mg]   it 962  |r|inf=4.906011e-08  r/r0=2.3259e-06
[mg]   it 963  |r|inf=4.908031e-08  r/r0=2.3269e-06
[mg]   it 964  |r|inf=4.909864e-08  r/r0=2.3277e-06
[mg]   it 965  |r|inf=4.911510e-08  r/r0=2.3285e-06
[mg]   it 966  |r|inf=4.912971e-08  r/r0=2.3292e-06
[mg]   it 967  |r|inf=4.914246e-08  r/r0=2.3298e-06
[mg]   it 968  |r|inf=4.915337e-08  r/r0=2.3303e-06
[mg]   it 969  |r|inf=4.916244e-08  r/r0=2.3308e-06
[mg]   it 970  |r|inf=4.916967e-08  r/r0=2.3311e-06
[mg]   it 971  |r|inf=4.917509e-08  r/r0=2.3314e-06
[mg]   it 972  |r|inf=4.917868e-08  r/r0=2.3315e-06
[mg]   it 973  |r|inf=4.918047e-08  r/r0=2.3316e-06
[mg]   it 974  |r|inf=4.918045e-08  r/r0=2.3316e-06
[mg]   it 975  |r|inf=4.917864e-08  r/r0=2.3315e-06
[mg]   it 976  |r|inf=4.917505e-08  r/r0=2.3314e-06
[mg]   it 977  |r|inf=4.916967e-08  r/r0=2.3311e-06
[mg]   it 978  |r|inf=4.916252e-08  r/r0=2.3308e-06
[mg]   it 979  |r|inf=4.915361e-08  r/r0=2.3303e-06
[mg]   it 980  |r|inf=4.914295e-08  r/r0=2.3298e-06
[mg]   it 981  |r|inf=4.913053e-08  r/r0=2.3292e-06
[mg]   it 982  |r|inf=4.911638e-08  r/r0=2.3286e-06
[mg]   it 983  |r|inf=4.910050e-08  r/r0=2.3278e-06
[mg]   it 984  |r|inf=4.908290e-08  r/r0=2.3270e-06
[mg]   it 985  |r|inf=4.906358e-08  r/r0=2.3261e-06
[mg]   it 986  |r|inf=4.904256e-08  r/r0=2.3251e-06
[mg]   it 987  |r|inf=4.901984e-08  r/r0=2.3240e-06
[mg]   it 988  |r|inf=4.899544e-08  r/r0=2.3228e-06
[mg]   it 989  |r|inf=4.896936e-08  r/r0=2.3216e-06
[mg]   it 990  |r|inf=4.894161e-08  r/r0=2.3203e-06
[mg]   it 991  |r|inf=4.891220e-08  r/r0=2.3189e-06
[mg]   it 992  |r|inf=4.888114e-08  r/r0=2.3174e-06
[mg]   it 993  |r|inf=4.884844e-08  r/r0=2.3159e-06
[mg]   it 994  |r|inf=4.881410e-08  r/r0=2.3142e-06
[mg]   it 995  |r|inf=4.877815e-08  r/r0=2.3125e-06
[mg]   it 996  |r|inf=4.874058e-08  r/r0=2.3108e-06
[mg]   it 997  |r|inf=4.870140e-08  r/r0=2.3089e-06
[mg]   it 998  |r|inf=4.866063e-08  r/r0=2.3070e-06
[mg]   it 999  |r|inf=4.861828e-08  r/r0=2.3050e-06
[mg]   it 1000  |r|inf=4.857435e-08  r/r0=2.3029e-06
[mg]   it 1001  |r|inf=4.852885e-08  r/r0=2.3007e-06
[mg]   it 1002  |r|inf=4.848180e-08  r/r0=2.2985e-06
[mg]   it 1003  |r|inf=4.843321e-08  r/r0=2.2962e-06
[mg]   it 1004  |r|inf=4.838307e-08  r/r0=2.2938e-06
[mg]   it 1005  |r|inf=4.833142e-08  r/r0=2.2914e-06
[mg]   it 1006  |r|inf=4.827824e-08  r/r0=2.2888e-06
[mg]   it 1007  |r|inf=4.822356e-08  r/r0=2.2862e-06
[mg]   it 1008  |r|inf=4.816738e-08  r/r0=2.2836e-06
[mg]   it 1009  |r|inf=4.810972e-08  r/r0=2.2809e-06
[mg]   it 1010  |r|inf=4.805058e-08  r/r0=2.2780e-06
[mg]   it 1011  |r|inf=4.798997e-08  r/r0=2.2752e-06
[mg]   it 1012  |r|inf=4.792791e-08  r/r0=2.2722e-06
[mg]   it 1013  |r|inf=4.786440e-08  r/r0=2.2692e-06
[mg]   it 1014  |r|inf=4.779946e-08  r/r0=2.2661e-06
[mg]   it 1015  |r|inf=4.773309e-08  r/r0=2.2630e-06
[mg]   it 1016  |r|inf=4.766531e-08  r/r0=2.2598e-06
[mg]   it 1017  |r|inf=4.759613e-08  r/r0=2.2565e-06
[mg]   it 1018  |r|inf=4.752554e-08  r/r0=2.2532e-06
[mg]   it 1019  |r|inf=4.745358e-08  r/r0=2.2497e-06
[mg]   it 1020  |r|inf=4.738024e-08  r/r0=2.2463e-06
[mg]   it 1021  |r|inf=4.730554e-08  r/r0=2.2427e-06
[mg]   it 1022  |r|inf=4.722949e-08  r/r0=2.2391e-06
[mg]   it 1023  |r|inf=4.715209e-08  r/r0=2.2354e-06
[mg]   it 1024  |r|inf=4.707336e-08  r/r0=2.2317e-06
[mg]   it 1025  |r|inf=4.699332e-08  r/r0=2.2279e-06
[mg]   it 1026  |r|inf=4.691196e-08  r/r0=2.2241e-06
[mg]   it 1027  |r|inf=4.682930e-08  r/r0=2.2201e-06
[mg]   it 1028  |r|inf=4.674534e-08  r/r0=2.2162e-06
[mg]   it 1029  |r|inf=4.666011e-08  r/r0=2.2121e-06
[mg]   it 1030  |r|inf=4.657361e-08  r/r0=2.2080e-06
[mg]   it 1031  |r|inf=4.648586e-08  r/r0=2.2039e-06
[mg]   it 1032  |r|inf=4.639685e-08  r/r0=2.1996e-06
[mg]   it 1033  |r|inf=4.630661e-08  r/r0=2.1954e-06
[mg]   it 1034  |r|inf=4.621513e-08  r/r0=2.1910e-06
[mg]   it 1035  |r|inf=4.612244e-08  r/r0=2.1866e-06
[mg]   it 1036  |r|inf=4.602855e-08  r/r0=2.1822e-06
[mg]   it 1037  |r|inf=4.593346e-08  r/r0=2.1777e-06
[mg]   it 1038  |r|inf=4.583718e-08  r/r0=2.1731e-06
[mg]   it 1039  |r|inf=4.573973e-08  r/r0=2.1685e-06
[mg]   it 1040  |r|inf=4.564111e-08  r/r0=2.1638e-06
[mg]   it 1041  |r|inf=4.554133e-08  r/r0=2.1591e-06
[mg]   it 1042  |r|inf=4.544042e-08  r/r0=2.1543e-06
[mg]   it 1043  |r|inf=4.533836e-08  r/r0=2.1495e-06
[mg]   it 1044  |r|inf=4.523519e-08  r/r0=2.1446e-06
[mg]   it 1045  |r|inf=4.513090e-08  r/r0=2.1396e-06
[mg]   it 1046  |r|inf=4.502550e-08  r/r0=2.1346e-06
[mg]   it 1047  |r|inf=4.491902e-08  r/r0=2.1296e-06
[mg]   it 1048  |r|inf=4.481145e-08  r/r0=2.1245e-06
[mg]   it 1049  |r|inf=4.470281e-08  r/r0=2.1193e-06
[mg]   it 1050  |r|inf=4.459310e-08  r/r0=2.1141e-06
[mg]   it 1051  |r|inf=4.448235e-08  r/r0=2.1089e-06
[mg]   it 1052  |r|inf=4.437055e-08  r/r0=2.1036e-06
[mg]   it 1053  |r|inf=4.425771e-08  r/r0=2.0982e-06
[mg]   it 1054  |r|inf=4.414386e-08  r/r0=2.0928e-06
[mg]   it 1055  |r|inf=4.402899e-08  r/r0=2.0874e-06
[mg]   it 1056  |r|inf=4.391312e-08  r/r0=2.0819e-06
[mg]   it 1057  |r|inf=4.379626e-08  r/r0=2.0764e-06
[mg]   it 1058  |r|inf=4.367841e-08  r/r0=2.0708e-06
[mg]   it 1059  |r|inf=4.355960e-08  r/r0=2.0651e-06
[mg]   it 1060  |r|inf=4.343981e-08  r/r0=2.0595e-06
[mg]   it 1061  |r|inf=4.331908e-08  r/r0=2.0537e-06
[mg]   it 1062  |r|inf=4.319740e-08  r/r0=2.0480e-06
[mg]   it 1063  |r|inf=4.307479e-08  r/r0=2.0421e-06
[mg]   it 1064  |r|inf=4.295125e-08  r/r0=2.0363e-06
[mg]   it 1065  |r|inf=4.282680e-08  r/r0=2.0304e-06
[mg]   it 1066  |r|inf=4.270145e-08  r/r0=2.0244e-06
[mg]   it 1067  |r|inf=4.257519e-08  r/r0=2.0185e-06
[mg]   it 1068  |r|inf=4.244806e-08  r/r0=2.0124e-06
[mg]   it 1069  |r|inf=4.232004e-08  r/r0=2.0064e-06
[mg]   it 1070  |r|inf=4.219116e-08  r/r0=2.0003e-06
[mg]   it 1071  |r|inf=4.206142e-08  r/r0=1.9941e-06
[mg]   it 1072  |r|inf=4.193083e-08  r/r0=1.9879e-06
[mg]   it 1073  |r|inf=4.179940e-08  r/r0=1.9817e-06
[mg]   it 1074  |r|inf=4.166714e-08  r/r0=1.9754e-06
[mg]   it 1075  |r|inf=4.153406e-08  r/r0=1.9691e-06
[mg]   it 1076  |r|inf=4.140017e-08  r/r0=1.9628e-06
[mg]   it 1077  |r|inf=4.126547e-08  r/r0=1.9564e-06
[mg]   it 1078  |r|inf=4.112998e-08  r/r0=1.9499e-06
[mg]   it 1079  |r|inf=4.099371e-08  r/r0=1.9435e-06
[mg]   it 1080  |r|inf=4.085666e-08  r/r0=1.9370e-06
[mg]   it 1081  |r|inf=4.071884e-08  r/r0=1.9305e-06
[mg]   it 1082  |r|inf=4.058026e-08  r/r0=1.9239e-06
[mg]   it 1083  |r|inf=4.044093e-08  r/r0=1.9173e-06
[mg]   it 1084  |r|inf=4.030086e-08  r/r0=1.9106e-06
[mg]   it 1085  |r|inf=4.016006e-08  r/r0=1.9040e-06
[mg]   it 1086  |r|inf=4.001854e-08  r/r0=1.8973e-06
[mg]   it 1087  |r|inf=3.987629e-08  r/r0=1.8905e-06
[mg]   it 1088  |r|inf=3.973335e-08  r/r0=1.8837e-06
[mg]   it 1089  |r|inf=3.958970e-08  r/r0=1.8769e-06
[mg]   it 1090  |r|inf=3.944536e-08  r/r0=1.8701e-06
[mg]   it 1091  |r|inf=3.930034e-08  r/r0=1.8632e-06
[mg]   it 1092  |r|inf=3.915464e-08  r/r0=1.8563e-06
[mg]   it 1093  |r|inf=3.900828e-08  r/r0=1.8494e-06
[mg]   it 1094  |r|inf=3.886127e-08  r/r0=1.8424e-06
[mg]   it 1095  |r|inf=3.871360e-08  r/r0=1.8354e-06
[mg]   it 1096  |r|inf=3.856529e-08  r/r0=1.8284e-06
[mg]   it 1097  |r|inf=3.841634e-08  r/r0=1.8213e-06
[mg]   it 1098  |r|inf=3.826678e-08  r/r0=1.8142e-06
[mg]   it 1099  |r|inf=3.811659e-08  r/r0=1.8071e-06
[mg]   it 1100  |r|inf=3.796579e-08  r/r0=1.7999e-06
[mg]   it 1101  |r|inf=3.781439e-08  r/r0=1.7928e-06
[mg]   it 1102  |r|inf=3.766239e-08  r/r0=1.7855e-06
[mg]   it 1103  |r|inf=3.750981e-08  r/r0=1.7783e-06
[mg]   it 1104  |r|inf=3.735665e-08  r/r0=1.7711e-06
[mg]   it 1105  |r|inf=3.720291e-08  r/r0=1.7638e-06
[mg]   it 1106  |r|inf=3.704861e-08  r/r0=1.7565e-06
[mg]   it 1107  |r|inf=3.689376e-08  r/r0=1.7491e-06
[mg]   it 1108  |r|inf=3.673835e-08  r/r0=1.7417e-06
[mg]   it 1109  |r|inf=3.658240e-08  r/r0=1.7343e-06
[mg]   it 1110  |r|inf=3.642591e-08  r/r0=1.7269e-06
[mg]   it 1111  |r|inf=3.626890e-08  r/r0=1.7195e-06
[mg]   it 1112  |r|inf=3.611136e-08  r/r0=1.7120e-06
[mg]   it 1113  |r|inf=3.595331e-08  r/r0=1.7045e-06
[mg]   it 1114  |r|inf=3.579475e-08  r/r0=1.6970e-06
[mg]   it 1115  |r|inf=3.563569e-08  r/r0=1.6895e-06
[mg]   it 1116  |r|inf=3.547613e-08  r/r0=1.6819e-06
[mg]   it 1117  |r|inf=3.548422e-08  r/r0=1.6823e-06
[mg]   it 1118  |r|inf=3.568280e-08  r/r0=1.6917e-06
[mg]   it 1119  |r|inf=3.588024e-08  r/r0=1.7011e-06
[mg]   it 1120  |r|inf=3.607652e-08  r/r0=1.7104e-06
[mg]   it 1121  |r|inf=3.627165e-08  r/r0=1.7196e-06
[mg]   it 1122  |r|inf=3.646564e-08  r/r0=1.7288e-06
[mg]   it 1123  |r|inf=3.665848e-08  r/r0=1.7380e-06
[mg]   it 1124  |r|inf=3.685017e-08  r/r0=1.7470e-06
[mg]   it 1125  |r|inf=3.704072e-08  r/r0=1.7561e-06
[mg]   it 1126  |r|inf=3.723013e-08  r/r0=1.7651e-06
[mg]   it 1127  |r|inf=3.741840e-08  r/r0=1.7740e-06
[mg]   it 1128  |r|inf=3.760553e-08  r/r0=1.7829e-06
[mg]   it 1129  |r|inf=3.779153e-08  r/r0=1.7917e-06
[mg]   it 1130  |r|inf=3.797638e-08  r/r0=1.8004e-06
[mg]   it 1131  |r|inf=3.816011e-08  r/r0=1.8091e-06
[mg]   it 1132  |r|inf=3.834271e-08  r/r0=1.8178e-06
[mg]   it 1133  |r|inf=3.852417e-08  r/r0=1.8264e-06
[mg]   it 1134  |r|inf=3.870451e-08  r/r0=1.8350e-06
[mg]   it 1135  |r|inf=3.888372e-08  r/r0=1.8435e-06
[mg]   it 1136  |r|inf=3.906181e-08  r/r0=1.8519e-06
[mg]   it 1137  |r|inf=3.923878e-08  r/r0=1.8603e-06
[mg]   it 1138  |r|inf=3.941462e-08  r/r0=1.8686e-06
[mg]   it 1139  |r|inf=3.958935e-08  r/r0=1.8769e-06
[mg]   it 1140  |r|inf=3.976297e-08  r/r0=1.8851e-06
[mg]   it 1141  |r|inf=3.993547e-08  r/r0=1.8933e-06
[mg]   it 1142  |r|inf=4.010685e-08  r/r0=1.9014e-06
[mg]   it 1143  |r|inf=4.027713e-08  r/r0=1.9095e-06
[mg]   it 1144  |r|inf=4.044630e-08  r/r0=1.9175e-06
[mg]   it 1145  |r|inf=4.061437e-08  r/r0=1.9255e-06
[mg]   it 1146  |r|inf=4.078134e-08  r/r0=1.9334e-06
[mg]   it 1147  |r|inf=4.094720e-08  r/r0=1.9413e-06
[mg]   it 1148  |r|inf=4.111196e-08  r/r0=1.9491e-06
[mg]   it 1149  |r|inf=4.127563e-08  r/r0=1.9569e-06
[mg]   it 1150  |r|inf=4.143821e-08  r/r0=1.9646e-06
[mg]   it 1151  |r|inf=4.159969e-08  r/r0=1.9722e-06
[mg]   it 1152  |r|inf=4.176009e-08  r/r0=1.9798e-06
[mg]   it 1153  |r|inf=4.191939e-08  r/r0=1.9874e-06
[mg]   it 1154  |r|inf=4.207762e-08  r/r0=1.9949e-06
[mg]   it 1155  |r|inf=4.223476e-08  r/r0=2.0023e-06
[mg]   it 1156  |r|inf=4.239082e-08  r/r0=2.0097e-06
[mg]   it 1157  |r|inf=4.254580e-08  r/r0=2.0171e-06
[mg]   it 1158  |r|inf=4.269971e-08  r/r0=2.0244e-06
[mg]   it 1159  |r|inf=4.285255e-08  r/r0=2.0316e-06
[mg]   it 1160  |r|inf=4.300431e-08  r/r0=2.0388e-06
[mg]   it 1161  |r|inf=4.315501e-08  r/r0=2.0460e-06
[mg]   it 1162  |r|inf=4.330464e-08  r/r0=2.0530e-06
[mg]   it 1163  |r|inf=4.345321e-08  r/r0=2.0601e-06
[mg]   it 1164  |r|inf=4.360072e-08  r/r0=2.0671e-06
[mg]   it 1165  |r|inf=4.374717e-08  r/r0=2.0740e-06
[mg]   it 1166  |r|inf=4.389257e-08  r/r0=2.0809e-06
[mg]   it 1167  |r|inf=4.403691e-08  r/r0=2.0878e-06
[mg]   it 1168  |r|inf=4.418021e-08  r/r0=2.0946e-06
[mg]   it 1169  |r|inf=4.432245e-08  r/r0=2.1013e-06
[mg]   it 1170  |r|inf=4.446365e-08  r/r0=2.1080e-06
[mg]   it 1171  |r|inf=4.460381e-08  r/r0=2.1146e-06
[mg]   it 1172  |r|inf=4.474292e-08  r/r0=2.1212e-06
[mg]   it 1173  |r|inf=4.488100e-08  r/r0=2.1278e-06
[mg]   it 1174  |r|inf=4.501804e-08  r/r0=2.1343e-06
[mg]   it 1175  |r|inf=4.515405e-08  r/r0=2.1407e-06
[mg]   it 1176  |r|inf=4.528903e-08  r/r0=2.1471e-06
[mg]   it 1177  |r|inf=4.542298e-08  r/r0=2.1535e-06
[mg]   it 1178  |r|inf=4.555591e-08  r/r0=2.1598e-06
[mg]   it 1179  |r|inf=4.568782e-08  r/r0=2.1660e-06
[mg]   it 1180  |r|inf=4.581870e-08  r/r0=2.1722e-06
[mg]   it 1181  |r|inf=4.594857e-08  r/r0=2.1784e-06
[mg]   it 1182  |r|inf=4.607742e-08  r/r0=2.1845e-06
[mg]   it 1183  |r|inf=4.620526e-08  r/r0=2.1906e-06
[mg]   it 1184  |r|inf=4.633209e-08  r/r0=2.1966e-06
[mg]   it 1185  |r|inf=4.645791e-08  r/r0=2.2025e-06
[mg]   it 1186  |r|inf=4.658273e-08  r/r0=2.2085e-06
[mg]   it 1187  |r|inf=4.670654e-08  r/r0=2.2143e-06
[mg]   it 1188  |r|inf=4.682936e-08  r/r0=2.2201e-06
[mg]   it 1189  |r|inf=4.695117e-08  r/r0=2.2259e-06
[mg]   it 1190  |r|inf=4.707200e-08  r/r0=2.2317e-06
[mg]   it 1191  |r|inf=4.719183e-08  r/r0=2.2373e-06
[mg]   it 1192  |r|inf=4.731067e-08  r/r0=2.2430e-06
[mg]   it 1193  |r|inf=4.742852e-08  r/r0=2.2486e-06
[mg]   it 1194  |r|inf=4.754539e-08  r/r0=2.2541e-06
[mg]   it 1195  |r|inf=4.766128e-08  r/r0=2.2596e-06
[mg]   it 1196  |r|inf=4.777619e-08  r/r0=2.2650e-06
[mg]   it 1197  |r|inf=4.789012e-08  r/r0=2.2704e-06
[mg]   it 1198  |r|inf=4.800308e-08  r/r0=2.2758e-06
[mg]   it 1199  |r|inf=4.811506e-08  r/r0=2.2811e-06
[mg]   it 1200  |r|inf=4.822608e-08  r/r0=2.2864e-06
[mg]   it 1201  |r|inf=4.833613e-08  r/r0=2.2916e-06
[mg]   it 1202  |r|inf=4.844521e-08  r/r0=2.2968e-06
[mg]   it 1203  |r|inf=4.855333e-08  r/r0=2.3019e-06
[mg]   it 1204  |r|inf=4.866050e-08  r/r0=2.3070e-06
[mg]   it 1205  |r|inf=4.876670e-08  r/r0=2.3120e-06
[mg]   it 1206  |r|inf=4.887195e-08  r/r0=2.3170e-06
[mg]   it 1207  |r|inf=4.897625e-08  r/r0=2.3219e-06
[mg]   it 1208  |r|inf=4.907960e-08  r/r0=2.3268e-06
[mg]   it 1209  |r|inf=4.918200e-08  r/r0=2.3317e-06
[mg]   it 1210  |r|inf=4.928345e-08  r/r0=2.3365e-06
[mg]   it 1211  |r|inf=4.938397e-08  r/r0=2.3413e-06
[mg]   it 1212  |r|inf=4.948354e-08  r/r0=2.3460e-06
[mg]   it 1213  |r|inf=4.958218e-08  r/r0=2.3507e-06
[mg]   it 1214  |r|inf=4.967988e-08  r/r0=2.3553e-06
[mg]   it 1215  |r|inf=4.977664e-08  r/r0=2.3599e-06
[mg]   it 1216  |r|inf=4.987248e-08  r/r0=2.3644e-06
[mg]   it 1217  |r|inf=4.996739e-08  r/r0=2.3689e-06
[mg]   it 1218  |r|inf=5.006137e-08  r/r0=2.3734e-06
[mg]   it 1219  |r|inf=5.015443e-08  r/r0=2.3778e-06
[mg]   it 1220  |r|inf=5.024656e-08  r/r0=2.3822e-06
[mg]   it 1221  |r|inf=5.033778e-08  r/r0=2.3865e-06
[mg]   it 1222  |r|inf=5.042808e-08  r/r0=2.3908e-06
[mg]   it 1223  |r|inf=5.051747e-08  r/r0=2.3950e-06
[mg]   it 1224  |r|inf=5.060594e-08  r/r0=2.3992e-06
[mg]   it 1225  |r|inf=5.069351e-08  r/r0=2.4033e-06
[mg]   it 1226  |r|inf=5.078016e-08  r/r0=2.4075e-06
[mg]   it 1227  |r|inf=5.086591e-08  r/r0=2.4115e-06
[mg]   it 1228  |r|inf=5.095076e-08  r/r0=2.4155e-06
[mg]   it 1229  |r|inf=5.103471e-08  r/r0=2.4195e-06
[mg]   it 1230  |r|inf=5.111776e-08  r/r0=2.4235e-06
[mg]   it 1231  |r|inf=5.119991e-08  r/r0=2.4274e-06
[mg]   it 1232  |r|inf=5.128117e-08  r/r0=2.4312e-06
[mg]   it 1233  |r|inf=5.136153e-08  r/r0=2.4350e-06
[mg]   it 1234  |r|inf=5.144100e-08  r/r0=2.4388e-06
[mg]   it 1235  |r|inf=5.151959e-08  r/r0=2.4425e-06
[mg]   it 1236  |r|inf=5.159729e-08  r/r0=2.4462e-06
[mg]   it 1237  |r|inf=5.167411e-08  r/r0=2.4498e-06
[mg]   it 1238  |r|inf=5.175005e-08  r/r0=2.4534e-06
[mg]   it 1239  |r|inf=5.182510e-08  r/r0=2.4570e-06
[mg]   it 1240  |r|inf=5.189928e-08  r/r0=2.4605e-06
[mg]   it 1241  |r|inf=5.197259e-08  r/r0=2.4640e-06
[mg]   it 1242  |r|inf=5.204502e-08  r/r0=2.4674e-06
[mg]   it 1243  |r|inf=5.211658e-08  r/r0=2.4708e-06
[mg]   it 1244  |r|inf=5.218727e-08  r/r0=2.4742e-06
[mg]   it 1245  |r|inf=5.225709e-08  r/r0=2.4775e-06
[mg]   it 1246  |r|inf=5.232605e-08  r/r0=2.4807e-06
[mg]   it 1247  |r|inf=5.239414e-08  r/r0=2.4840e-06
[mg]   it 1248  |r|inf=5.246138e-08  r/r0=2.4872e-06
[mg]   it 1249  |r|inf=5.252775e-08  r/r0=2.4903e-06
[mg]   it 1250  |r|inf=5.259327e-08  r/r0=2.4934e-06
[mg]   it 1251  |r|inf=5.265793e-08  r/r0=2.4965e-06
[mg]   it 1252  |r|inf=5.272174e-08  r/r0=2.4995e-06
[mg]   it 1253  |r|inf=5.278470e-08  r/r0=2.5025e-06
[mg]   it 1254  |r|inf=5.284681e-08  r/r0=2.5054e-06
[mg]   it 1255  |r|inf=5.290807e-08  r/r0=2.5083e-06
[mg]   it 1256  |r|inf=5.296848e-08  r/r0=2.5112e-06
[mg]   it 1257  |r|inf=5.302805e-08  r/r0=2.5140e-06
[mg]   it 1258  |r|inf=5.308678e-08  r/r0=2.5168e-06
[mg]   it 1259  |r|inf=5.314467e-08  r/r0=2.5196e-06
[mg]   it 1260  |r|inf=5.320172e-08  r/r0=2.5223e-06
[mg]   it 1261  |r|inf=5.325793e-08  r/r0=2.5249e-06
[mg]   it 1262  |r|inf=5.331331e-08  r/r0=2.5275e-06
[mg]   it 1263  |r|inf=5.336785e-08  r/r0=2.5301e-06
[mg]   it 1264  |r|inf=5.342157e-08  r/r0=2.5327e-06
[mg]   it 1265  |r|inf=5.347445e-08  r/r0=2.5352e-06
[mg]   it 1266  |r|inf=5.352651e-08  r/r0=2.5377e-06
[mg]   it 1267  |r|inf=5.357774e-08  r/r0=2.5401e-06
[mg]   it 1268  |r|inf=5.362815e-08  r/r0=2.5425e-06
[mg]   it 1269  |r|inf=5.367773e-08  r/r0=2.5448e-06
[mg]   it 1270  |r|inf=5.372649e-08  r/r0=2.5471e-06
[mg]   it 1271  |r|inf=5.377444e-08  r/r0=2.5494e-06
[mg]   it 1272  |r|inf=5.382156e-08  r/r0=2.5516e-06
[mg]   it 1273  |r|inf=5.386787e-08  r/r0=2.5538e-06
[mg]   it 1274  |r|inf=5.391337e-08  r/r0=2.5560e-06
[mg]   it 1275  |r|inf=5.395805e-08  r/r0=2.5581e-06
[mg]   it 1276  |r|inf=5.400192e-08  r/r0=2.5602e-06
[mg]   it 1277  |r|inf=5.404499e-08  r/r0=2.5622e-06
[mg]   it 1278  |r|inf=5.408724e-08  r/r0=2.5642e-06
[mg]   it 1279  |r|inf=5.412869e-08  r/r0=2.5662e-06
[mg]   it 1280  |r|inf=5.416934e-08  r/r0=2.5681e-06
[mg]   it 1281  |r|inf=5.420918e-08  r/r0=2.5700e-06
[mg]   it 1282  |r|inf=5.424822e-08  r/r0=2.5719e-06
[mg]   it 1283  |r|inf=5.428646e-08  r/r0=2.5737e-06
[mg]   it 1284  |r|inf=5.432390e-08  r/r0=2.5755e-06
[mg]   it 1285  |r|inf=5.436054e-08  r/r0=2.5772e-06
[mg]   it 1286  |r|inf=5.439639e-08  r/r0=2.5789e-06
[mg]   it 1287  |r|inf=5.443144e-08  r/r0=2.5806e-06
[mg]   it 1288  |r|inf=5.446570e-08  r/r0=2.5822e-06
[mg]   it 1289  |r|inf=5.449917e-08  r/r0=2.5838e-06
[mg]   it 1290  |r|inf=5.453185e-08  r/r0=2.5853e-06
[mg]   it 1291  |r|inf=5.456375e-08  r/r0=2.5868e-06
[mg]   it 1292  |r|inf=5.459485e-08  r/r0=2.5883e-06
[mg]   it 1293  |r|inf=5.462517e-08  r/r0=2.5897e-06
[mg]   it 1294  |r|inf=5.465471e-08  r/r0=2.5911e-06
[mg]   it 1295  |r|inf=5.468346e-08  r/r0=2.5925e-06
[mg]   it 1296  |r|inf=5.471143e-08  r/r0=2.5938e-06
[mg]   it 1297  |r|inf=5.473862e-08  r/r0=2.5951e-06
[mg]   it 1298  |r|inf=5.476504e-08  r/r0=2.5964e-06
[mg]   it 1299  |r|inf=5.479067e-08  r/r0=2.5976e-06
[mg]   it 1300  |r|inf=5.481553e-08  r/r0=2.5988e-06
[mg]   it 1301  |r|inf=5.483962e-08  r/r0=2.5999e-06
[mg]   it 1302  |r|inf=5.486293e-08  r/r0=2.6010e-06
[mg]   it 1303  |r|inf=5.488547e-08  r/r0=2.6021e-06
[mg]   it 1304  |r|inf=5.490724e-08  r/r0=2.6031e-06
[mg]   it 1305  |r|inf=5.492824e-08  r/r0=2.6041e-06
[mg]   it 1306  |r|inf=5.494847e-08  r/r0=2.6051e-06
[mg]   it 1307  |r|inf=5.496794e-08  r/r0=2.6060e-06
[mg]   it 1308  |r|inf=5.498664e-08  r/r0=2.6069e-06
[mg]   it 1309  |r|inf=5.500457e-08  r/r0=2.6077e-06
[mg]   it 1310  |r|inf=5.502174e-08  r/r0=2.6085e-06
[mg]   it 1311  |r|inf=5.503815e-08  r/r0=2.6093e-06
[mg]   it 1312  |r|inf=5.505380e-08  r/r0=2.6101e-06
[mg]   it 1313  |r|inf=5.506869e-08  r/r0=2.6108e-06
[mg]   it 1314  |r|inf=5.508282e-08  r/r0=2.6114e-06
[mg]   it 1315  |r|inf=5.509619e-08  r/r0=2.6121e-06
[mg]   it 1316  |r|inf=5.510881e-08  r/r0=2.6127e-06
[mg]   it 1317  |r|inf=5.512067e-08  r/r0=2.6132e-06
[mg]   it 1318  |r|inf=5.513178e-08  r/r0=2.6138e-06
[mg]   it 1319  |r|inf=5.514214e-08  r/r0=2.6143e-06
[mg]   it 1320  |r|inf=5.515174e-08  r/r0=2.6147e-06
[mg]   it 1321  |r|inf=5.516059e-08  r/r0=2.6151e-06
[mg]   it 1322  |r|inf=5.516870e-08  r/r0=2.6155e-06
[mg]   it 1323  |r|inf=5.517605e-08  r/r0=2.6159e-06
[mg]   it 1324  |r|inf=5.518266e-08  r/r0=2.6162e-06
[mg]   it 1325  |r|inf=5.518853e-08  r/r0=2.6165e-06
[mg]   it 1326  |r|inf=5.519364e-08  r/r0=2.6167e-06
[mg]   it 1327  |r|inf=5.519802e-08  r/r0=2.6169e-06
[mg]   it 1328  |r|inf=5.520165e-08  r/r0=2.6171e-06
[mg]   it 1329  |r|inf=5.520454e-08  r/r0=2.6172e-06
[mg]   it 1330  |r|inf=5.520669e-08  r/r0=2.6173e-06
[mg]   it 1331  |r|inf=5.520810e-08  r/r0=2.6174e-06
[mg]   it 1332  |r|inf=5.520877e-08  r/r0=2.6174e-06
[mg]   it 1333  |r|inf=5.520870e-08  r/r0=2.6174e-06
[mg]   it 1334  |r|inf=5.520790e-08  r/r0=2.6174e-06
[mg]   it 1335  |r|inf=5.520636e-08  r/r0=2.6173e-06
[mg]   it 1336  |r|inf=5.520409e-08  r/r0=2.6172e-06
[mg]   it 1337  |r|inf=5.520108e-08  r/r0=2.6170e-06
[mg]   it 1338  |r|inf=5.519734e-08  r/r0=2.6169e-06
[mg]   it 1339  |r|inf=5.519287e-08  r/r0=2.6167e-06
[mg]   it 1340  |r|inf=5.518767e-08  r/r0=2.6164e-06
[mg]   it 1341  |r|inf=5.518174e-08  r/r0=2.6161e-06
[mg]   it 1342  |r|inf=5.517508e-08  r/r0=2.6158e-06
[mg]   it 1343  |r|inf=5.516769e-08  r/r0=2.6155e-06
[mg]   it 1344  |r|inf=5.515958e-08  r/r0=2.6151e-06
[mg]   it 1345  |r|inf=5.524347e-08  r/r0=2.6191e-06
[mg]   it 1346  |r|inf=5.533140e-08  r/r0=2.6232e-06
[mg]   it 1347  |r|inf=5.541857e-08  r/r0=2.6274e-06
[mg]   it 1348  |r|inf=5.550498e-08  r/r0=2.6315e-06
[mg]   it 1349  |r|inf=5.559062e-08  r/r0=2.6355e-06
[mg]   it 1350  |r|inf=5.567551e-08  r/r0=2.6395e-06
[mg]   it 1351  |r|inf=5.575963e-08  r/r0=2.6435e-06
[mg]   it 1352  |r|inf=5.584299e-08  r/r0=2.6475e-06
[mg]   it 1353  |r|inf=5.592559e-08  r/r0=2.6514e-06
[mg]   it 1354  |r|inf=5.600743e-08  r/r0=2.6553e-06
[mg]   it 1355  |r|inf=5.608851e-08  r/r0=2.6591e-06
[mg]   it 1356  |r|inf=5.616883e-08  r/r0=2.6629e-06
[mg]   it 1357  |r|inf=5.624839e-08  r/r0=2.6667e-06
[mg]   it 1358  |r|inf=5.632718e-08  r/r0=2.6704e-06
[mg]   it 1359  |r|inf=5.640522e-08  r/r0=2.6741e-06
[mg]   it 1360  |r|inf=5.648250e-08  r/r0=2.6778e-06
[mg]   it 1361  |r|inf=5.655902e-08  r/r0=2.6814e-06
[mg]   it 1362  |r|inf=5.663478e-08  r/r0=2.6850e-06
[mg]   it 1363  |r|inf=5.670978e-08  r/r0=2.6886e-06
[mg]   it 1364  |r|inf=5.678401e-08  r/r0=2.6921e-06
[mg]   it 1365  |r|inf=5.685749e-08  r/r0=2.6956e-06
[mg]   it 1366  |r|inf=5.693021e-08  r/r0=2.6990e-06
[mg]   it 1367  |r|inf=5.700217e-08  r/r0=2.7024e-06
[mg]   it 1368  |r|inf=5.707337e-08  r/r0=2.7058e-06
[mg]   it 1369  |r|inf=5.714381e-08  r/r0=2.7092e-06
[mg]   it 1370  |r|inf=5.721349e-08  r/r0=2.7125e-06
[mg]   it 1371  |r|inf=5.728241e-08  r/r0=2.7157e-06
[mg]   it 1372  |r|inf=5.735058e-08  r/r0=2.7190e-06
[mg]   it 1373  |r|inf=5.741798e-08  r/r0=2.7221e-06
[mg]   it 1374  |r|inf=5.748462e-08  r/r0=2.7253e-06
[mg]   it 1375  |r|inf=5.755051e-08  r/r0=2.7284e-06
[mg]   it 1376  |r|inf=5.761563e-08  r/r0=2.7315e-06
[mg]   it 1377  |r|inf=5.768000e-08  r/r0=2.7346e-06
[mg]   it 1378  |r|inf=5.774360e-08  r/r0=2.7376e-06
[mg]   it 1379  |r|inf=5.780645e-08  r/r0=2.7406e-06
[mg]   it 1380  |r|inf=5.786854e-08  r/r0=2.7435e-06
[mg]   it 1381  |r|inf=5.792986e-08  r/r0=2.7464e-06
[mg]   it 1382  |r|inf=5.799043e-08  r/r0=2.7493e-06
[mg]   it 1383  |r|inf=5.805024e-08  r/r0=2.7521e-06
[mg]   it 1384  |r|inf=5.810929e-08  r/r0=2.7549e-06
[mg]   it 1385  |r|inf=5.816758e-08  r/r0=2.7577e-06
[mg]   it 1386  |r|inf=5.822511e-08  r/r0=2.7604e-06
[mg]   it 1387  |r|inf=5.828189e-08  r/r0=2.7631e-06
[mg]   it 1388  |r|inf=5.833790e-08  r/r0=2.7658e-06
[mg]   it 1389  |r|inf=5.839315e-08  r/r0=2.7684e-06
[mg]   it 1390  |r|inf=5.844764e-08  r/r0=2.7710e-06
[mg]   it 1391  |r|inf=5.850138e-08  r/r0=2.7735e-06
[mg]   it 1392  |r|inf=5.855435e-08  r/r0=2.7760e-06
[mg]   it 1393  |r|inf=5.860657e-08  r/r0=2.7785e-06
[mg]   it 1394  |r|inf=5.865802e-08  r/r0=2.7809e-06
[mg]   it 1395  |r|inf=5.870872e-08  r/r0=2.7833e-06
[mg]   it 1396  |r|inf=5.875866e-08  r/r0=2.7857e-06
[mg]   it 1397  |r|inf=5.880783e-08  r/r0=2.7880e-06
[mg]   it 1398  |r|inf=5.885625e-08  r/r0=2.7903e-06
[mg]   it 1399  |r|inf=5.890391e-08  r/r0=2.7926e-06
[mg]   it 1400  |r|inf=5.895081e-08  r/r0=2.7948e-06
[mg]   it 1401  |r|inf=5.899694e-08  r/r0=2.7970e-06
[mg]   it 1402  |r|inf=5.904232e-08  r/r0=2.7992e-06
[mg]   it 1403  |r|inf=5.908694e-08  r/r0=2.8013e-06
[mg]   it 1404  |r|inf=5.913080e-08  r/r0=2.8034e-06
[mg]   it 1405  |r|inf=5.917390e-08  r/r0=2.8054e-06
[mg]   it 1406  |r|inf=5.921624e-08  r/r0=2.8074e-06
[mg]   it 1407  |r|inf=5.925782e-08  r/r0=2.8094e-06
[mg]   it 1408  |r|inf=5.929864e-08  r/r0=2.8113e-06
[mg]   it 1409  |r|inf=5.933869e-08  r/r0=2.8132e-06
[mg]   it 1410  |r|inf=5.937799e-08  r/r0=2.8151e-06
[mg]   it 1411  |r|inf=5.941653e-08  r/r0=2.8169e-06
[mg]   it 1412  |r|inf=5.945431e-08  r/r0=2.8187e-06
[mg]   it 1413  |r|inf=5.949133e-08  r/r0=2.8204e-06
[mg]   it 1414  |r|inf=5.952759e-08  r/r0=2.8222e-06
[mg]   it 1415  |r|inf=5.956308e-08  r/r0=2.8238e-06
[mg]   it 1416  |r|inf=5.959782e-08  r/r0=2.8255e-06
[mg]   it 1417  |r|inf=5.963180e-08  r/r0=2.8271e-06
[mg]   it 1418  |r|inf=5.966502e-08  r/r0=2.8287e-06
[mg]   it 1419  |r|inf=5.969748e-08  r/r0=2.8302e-06
[mg]   it 1420  |r|inf=5.972917e-08  r/r0=2.8317e-06
[mg]   it 1421  |r|inf=5.976011e-08  r/r0=2.8332e-06
[mg]   it 1422  |r|inf=5.979028e-08  r/r0=2.8346e-06
[mg]   it 1423  |r|inf=5.981970e-08  r/r0=2.8360e-06
[mg]   it 1424  |r|inf=5.984836e-08  r/r0=2.8374e-06
[mg]   it 1425  |r|inf=5.987625e-08  r/r0=2.8387e-06
[mg]   it 1426  |r|inf=5.990339e-08  r/r0=2.8400e-06
[mg]   it 1427  |r|inf=5.992976e-08  r/r0=2.8412e-06
[mg]   it 1428  |r|inf=5.995538e-08  r/r0=2.8424e-06
[mg]   it 1429  |r|inf=5.998023e-08  r/r0=2.8436e-06
[mg]   it 1430  |r|inf=6.000432e-08  r/r0=2.8448e-06
[mg]   it 1431  |r|inf=6.002766e-08  r/r0=2.8459e-06
[mg]   it 1432  |r|inf=6.005023e-08  r/r0=2.8469e-06
[mg]   it 1433  |r|inf=6.007204e-08  r/r0=2.8480e-06
[mg]   it 1434  |r|inf=6.009310e-08  r/r0=2.8490e-06
[mg]   it 1435  |r|inf=6.011339e-08  r/r0=2.8499e-06
[mg]   it 1436  |r|inf=6.013292e-08  r/r0=2.8509e-06
[mg]   it 1437  |r|inf=6.015169e-08  r/r0=2.8518e-06
[mg]   it 1438  |r|inf=6.016970e-08  r/r0=2.8526e-06
[mg]   it 1439  |r|inf=6.018696e-08  r/r0=2.8534e-06
[mg]   it 1440  |r|inf=6.020345e-08  r/r0=2.8542e-06
[mg]   it 1441  |r|inf=6.021918e-08  r/r0=2.8550e-06
[mg]   it 1442  |r|inf=6.023415e-08  r/r0=2.8557e-06
[mg]   it 1443  |r|inf=6.024837e-08  r/r0=2.8563e-06
[mg]   it 1444  |r|inf=6.026182e-08  r/r0=2.8570e-06
[mg]   it 1445  |r|inf=6.027451e-08  r/r0=2.8576e-06
[mg]   it 1446  |r|inf=6.028645e-08  r/r0=2.8581e-06
[mg]   it 1447  |r|inf=6.029762e-08  r/r0=2.8587e-06
[mg]   it 1448  |r|inf=6.030804e-08  r/r0=2.8592e-06
[mg]   it 1449  |r|inf=6.031769e-08  r/r0=2.8596e-06
[mg]   it 1450  |r|inf=6.032659e-08  r/r0=2.8600e-06
[mg]   it 1451  |r|inf=6.033473e-08  r/r0=2.8604e-06
[mg]   it 1452  |r|inf=6.034211e-08  r/r0=2.8608e-06
[mg]   it 1453  |r|inf=6.034873e-08  r/r0=2.8611e-06
[mg]   it 1454  |r|inf=6.035459e-08  r/r0=2.8614e-06
[mg]   it 1455  |r|inf=6.035969e-08  r/r0=2.8616e-06
[mg]   it 1456  |r|inf=6.036404e-08  r/r0=2.8618e-06
[mg]   it 1457  |r|inf=6.036762e-08  r/r0=2.8620e-06
[mg]   it 1458  |r|inf=6.037045e-08  r/r0=2.8621e-06
[mg]   it 1459  |r|inf=6.037252e-08  r/r0=2.8622e-06
[mg]   it 1460  |r|inf=6.037384e-08  r/r0=2.8623e-06
[mg]   it 1461  |r|inf=6.037439e-08  r/r0=2.8623e-06
[mg]   it 1462  |r|inf=6.037419e-08  r/r0=2.8623e-06
[mg]   it 1463  |r|inf=6.037323e-08  r/r0=2.8623e-06
[mg]   it 1464  |r|inf=6.037152e-08  r/r0=2.8622e-06
[mg]   it 1465  |r|inf=6.036905e-08  r/r0=2.8621e-06
[mg]   it 1466  |r|inf=6.036582e-08  r/r0=2.8619e-06
[mg]   it 1467  |r|inf=6.036183e-08  r/r0=2.8617e-06
[mg]   it 1468  |r|inf=6.035709e-08  r/r0=2.8615e-06
[mg]   it 1469  |r|inf=6.035160e-08  r/r0=2.8612e-06
[mg]   it 1470  |r|inf=6.034535e-08  r/r0=2.8609e-06
[mg]   it 1471  |r|inf=6.033834e-08  r/r0=2.8606e-06
[mg]   it 1472  |r|inf=6.033058e-08  r/r0=2.8602e-06
[mg]   it 1473  |r|inf=6.032206e-08  r/r0=2.8598e-06
[mg]   it 1474  |r|inf=6.031279e-08  r/r0=2.8594e-06
[mg]   it 1475  |r|inf=6.030277e-08  r/r0=2.8589e-06
[mg]   it 1476  |r|inf=6.029199e-08  r/r0=2.8584e-06
[mg]   it 1477  |r|inf=6.028045e-08  r/r0=2.8579e-06
[mg]   it 1478  |r|inf=6.026817e-08  r/r0=2.8573e-06
[mg]   it 1479  |r|inf=6.025513e-08  r/r0=2.8567e-06
[mg]   it 1480  |r|inf=6.024134e-08  r/r0=2.8560e-06
[mg]   it 1481  |r|inf=6.022680e-08  r/r0=2.8553e-06
[mg]   it 1482  |r|inf=6.021151e-08  r/r0=2.8546e-06
[mg]   it 1483  |r|inf=6.019546e-08  r/r0=2.8538e-06
[mg]   it 1484  |r|inf=6.017867e-08  r/r0=2.8530e-06
[mg]   it 1485  |r|inf=6.016112e-08  r/r0=2.8522e-06
[mg]   it 1486  |r|inf=6.014282e-08  r/r0=2.8513e-[run] step 1/3
06
[mg]   it 1487  |r|inf=6.012378e-08  r/r0=2.8504e-06
[mg]   it 1488  |r|inf=6.010398e-08  r/r0=2.8495e-06
[mg]   it 1489  |r|inf=6.008344e-08  r/r0=2.8485e-06
[mg]   it 1490  |r|inf=6.006215e-08  r/r0=2.8475e-06
[mg]   it 1491  |r|inf=6.004011e-08  r/r0=2.8465e-06
[mg]   it 1492  |r|inf=6.001732e-08  r/r0=2.8454e-06
[mg]   it 1493  |r|inf=5.999379e-08  r/r0=2.8443e-06
[mg]   it 1494  |r|inf=5.996951e-08  r/r0=2.8431e-06
[mg]   it 1495  |r|inf=5.994448e-08  r/r0=2.8419e-06
[mg]   it 1496  |r|inf=5.991871e-08  r/r0=2.8407e-06
[mg]   it 1497  |r|inf=5.989219e-08  r/r0=2.8394e-06
[mg]   it 1498  |r|inf=5.986493e-08  r/r0=2.8382e-06
[mg]   it 1499  |r|inf=5.983693e-08  r/r0=2.8368e-06
[mg]   it 1500  |r|inf=5.980818e-08  r/r0=2.8355e-06
[mg] solve 1: r0=1.289153e-02 rtol=1.0e-09 (pre=2 post=2 bottom=12)
[mg]   it   1  |r|inf=2.522550e-02  r/r0=1.9567e+00
[mg]   it   2  |r|inf=5.798095e-03  r/r0=4.4976e-01
[mg]   it   3  |r|inf=1.688360e-03  r/r0=1.3097e-01
[mg]   it   4  |r|inf=9.839765e-04  r/r0=7.6327e-02
[mg]   it   5  |r|inf=4.681797e-04  r/r0=3.6317e-02
[mg]   it   6  |r|inf=1.857923e-04  r/r0=1.4412e-02
[mg]   it   7  |r|inf=1.624568e-04  r/r0=1.2602e-02
[mg]   it   8  |r|inf=7.524391e-05  r/r0=5.8367e-03
[mg]   it   9  |r|inf=5.767759e-05  r/r0=4.4741e-03
[mg]   it  10  |r|inf=4.310914e-05  r/r0=3.3440e-03
[mg]   it  11  |r|inf=3.699386e-05  r/r0=2.8696e-03
[mg]   it  12  |r|inf=2.228565e-05  r/r0=1.7287e-03
[mg]   it  13  |r|inf=1.713153e-05  r/r0=1.3289e-03
[mg]   it  14  |r|inf=2.071709e-05  r/r0=1.6070e-03
[mg]   it  15  |r|inf=9.067493e-06  r/r0=7.0337e-04
[mg]   it  16  |r|inf=1.076349e-05  r/r0=8.3493e-04
[mg]   it  17  |r|inf=1.264279e-05  r/r0=9.8070e-04
[mg]   it  18  |r|inf=4.381367e-06  r/r0=3.3986e-04
[mg]   it  19  |r|inf=7.179090e-06  r/r0=5.5688e-04
[mg]   it  20  |r|inf=5.583114e-06  r/r0=4.3308e-04
[mg]   it  21  |r|inf=1.678846e-06  r/r0=1.3023e-04
[mg]   it  22  |r|inf=4.352077e-06  r/r0=3.3759e-04
[mg]   it  23  |r|inf=9.947738e-07  r/r0=7.7165e-05
[mg]   it  24  |r|inf=1.983696e-06  r/r0=1.5388e-04
[mg]   it  25  |r|inf=9.018645e-07  r/r0=6.9958e-05
[mg]   it  26  |r|inf=1.175236e-06  r/r0=9.1163e-05
[mg]   it  27  |r|inf=6.101777e-07  r/r0=4.7332e-05
[mg]   it  28  |r|inf=8.453000e-07  r/r0=6.5570e-05
[mg]   it  29  |r|inf=2.013187e-07  r/r0=1.5616e-05
[mg]   it  30  |r|inf=5.939643e-07  r/r0=4.6074e-05
[mg]   it  31  |r|inf=2.977130e-07  r/r0=2.3094e-05
[mg]   it  32  |r|inf=2.097380e-07  r/r0=1.6269e-05
[mg]   it  33  |r|inf=3.385364e-07  r/r0=2.6260e-05
[mg]   it  34  |r|inf=1.935100e-07  r/r0=1.5011e-05
[mg]   it  35  |r|inf=9.304206e-08  r/r0=7.2173e-06
[mg]   it  36  |r|inf=1.832611e-07  r/r0=1.4216e-05
[mg]   it  37  |r|inf=1.957856e-07  r/r0=1.5187e-05
[mg]   it  38  |r|inf=1.125282e-07  r/r0=8.7288e-06
[mg]   it  39  |r|inf=6.490730e-08  r/r0=5.0349e-06
[mg]   it  40  |r|inf=1.108099e-07  r/r0=8.5956e-06
[mg]   it  41  |r|inf=1.454172e-07  r/r0=1.1280e-05
[mg]   it  42  |r|inf=1.387752e-07  r/r0=1.0765e-05
[mg]   it  43  |r|inf=9.079798e-08  r/r0=7.0432e-06
[mg]   it  44  |r|inf=7.114090e-08  r/r0=5.5184e-06
[mg]   it  45  |r|inf=5.690947e-08  r/r0=4.4145e-06
[mg]   it  46  |r|inf=8.220294e-08  r/r0=6.3765e-06
[mg]   it  47  |r|inf=9.869104e-08  r/r0=7.6555e-06
[mg]   it  48  |r|inf=1.057439e-07  r/r0=8.2026e-06
[mg]   it  49  |r|inf=9.581976e-08  r/r0=7.4328e-06
[mg]   it  50  |r|inf=7.217965e-08  r/r0=5.5990e-06
[mg]   it  51  |r|inf=6.211485e-08  r/r0=4.8183e-06
[mg]   it  52  |r|inf=5.006175e-08  r/r0=3.8833e-06
[mg]   it  53  |r|inf=4.107394e-08  r/r0=3.1861e-06
[mg]   it  54  |r|inf=5.606298e-08  r/r0=4.3488e-06
[mg]   it  55  |r|inf=6.502650e-08  r/r0=5.0441e-06
[mg]   it  56  |r|inf=7.249040e-08  r/r0=5.6231e-06
[mg]   it  57  |r|inf=7.834253e-08  r/r0=6.0771e-06
[mg]   it  58  |r|inf=7.840948e-08  r/r0=6.0822e-06
[mg]   it  59  |r|inf=7.296218e-08  r/r0=5.6597e-06
[mg]   it  60  |r|inf=6.273386e-08  r/r0=4.8663e-06
[mg]   it  61  |r|inf=5.211290e-08  r/r0=4.0424e-06
[mg]   it  62  |r|inf=4.974249e-08  r/r0=3.8585e-06
[mg]   it  63  |r|inf=4.480276e-08  r/r0=3.4754e-06
[mg]   it  64  |r|inf=3.805437e-08  r/r0=2.9519e-06
[mg]   it  65  |r|inf=3.201557e-08  r/r0=2.4835e-06
[mg]   it  66  |r|inf=4.069612e-08  r/r0=3.1568e-06
[mg]   it  67  |r|inf=4.728541e-08  r/r0=3.6679e-06
[mg]   it  68  |r|inf=5.189769e-08  r/r0=4.0257e-06
[mg]   it  69  |r|inf=5.465065e-08  r/r0=4.2393e-06
[mg]   it  70  |r|inf=5.899377e-08  r/r0=4.5762e-06
[mg]   it  71  |r|inf=6.237824e-08  r/r0=4.8387e-06
[mg]   it  72  |r|inf=6.387015e-08  r/r0=4.9544e-06
[mg]   it  73  |r|inf=6.348244e-08  r/r0=4.9244e-06
[mg]   it  74  |r|inf=6.127139e-08  r/r0=4.7528e-06
[mg]   it  75  |r|inf=5.735737e-08  r/r0=4.4492e-06
[mg]   it  76  |r|inf=5.193382e-08  r/r0=4.0285e-06
[mg]   it  77  |r|inf=4.526089e-08  r/r0=3.5109e-06
[mg]   it  78  |r|inf=4.389902e-08  r/r0=3.4053e-06
[mg]   it  79  |r|inf=4.292697e-08  r/r0=3.3299e-06
[mg]   it  80  |r|inf=4.100815e-08  r/r0=3.1810e-06
[mg]   it  81  |r|inf=3.829971e-08  r/r0=2.9709e-06
[mg]   it  82  |r|inf=3.496295e-08  r/r0=2.7121e-06
[mg]   it  83  |r|inf=3.114947e-08  r/r0=2.4163e-06
[mg]   it  84  |r|inf=2.802943e-08  r/r0=2.1743e-06
[mg]   it  85  |r|inf=3.290369e-08  r/r0=2.5523e-06
[mg]   it  86  |r|inf=3.707359e-08  r/r0=2.8758e-06
[mg]   it  87  |r|inf=4.055966e-08  r/r0=3.1462e-06
[mg]   it  88  |r|inf=4.338760e-08  r/r0=3.3656e-06
[mg]   it  89  |r|inf=4.558356e-08  r/r0=3.5359e-06
[mg]   it  90  |r|inf=4.717131e-08  r/r0=3.6591e-06
[mg]   it  91  |r|inf=4.817115e-08  r/r0=3.7367e-06
[mg]   it  92  |r|inf=5.093018e-08  r/r0=3.9507e-06
[mg]   it  93  |r|inf=5.310049e-08  r/r0=4.1190e-06
[mg]   it  94  |r|inf=5.465804e-08  r/r0=4.2398e-06
[mg]   it  95  |r|inf=5.559889e-08  r/r0=4.3128e-06
[mg]   it  96  |r|inf=5.592124e-08  r/r0=4.3378e-06
[mg]   it  97  |r|inf=5.562771e-08  r/r0=4.3151e-06
[mg]   it  98  |r|inf=5.472741e-08  r/r0=4.2452e-06
[mg]   it  99  |r|inf=5.323770e-08  r/r0=4.1297e-06
[mg]   it 100  |r|inf=5.118539e-08  r/r0=3.9705e-06
[mg]   it 101  |r|inf=4.860717e-08  r/r0=3.7705e-06
[mg]   it 102  |r|inf=4.554927e-08  r/r0=3.5333e-06
[mg]   it 103  |r|inf=4.206629e-08  r/r0=3.2631e-06
[mg]   it 104  |r|inf=4.034502e-08  r/r0=3.1296e-06
[mg]   it 105  |r|inf=4.052457e-08  r/r0=3.1435e-06
[mg]   it 106  |r|inf=4.032149e-08  r/r0=3.1278e-06
[mg]   it 107  |r|inf=3.976016e-08  r/r0=3.0842e-06
[mg]   it 108  |r|inf=3.886967e-08  r/r0=3.0151e-06
[mg]   it 109  |r|inf=3.768224e-08  r/r0=2.9230e-06
[mg]   it 110  |r|inf=3.623165e-08  r/r0=2.8105e-06
[mg]   it 111  |r|inf=3.455195e-08  r/r0=2.6802e-06
[mg]   it 112  |r|inf=3.267621e-08  r/r0=2.5347e-06
[mg]   it 113  |r|inf=3.063574e-08  r/r0=2.3764e-06
[mg]   it 114  |r|inf=2.845938e-08  r/r0=2.2076e-06
[mg]   it 115  |r|inf=2.653203e-08  r/r0=2.0581e-06
[mg]   it 116  |r|inf=2.928261e-08  r/r0=2.2715e-06
[mg]   it 117  |r|inf=3.179157e-08  r/r0=2.4661e-06
[mg]   it 118  |r|inf=3.406263e-08  r/r0=2.6422e-06
[mg]   it 119  |r|inf=3.610090e-08  r/r0=2.8004e-06
[mg]   it 120  |r|inf=3.791226e-08  r/r0=2.9409e-06
[mg]   it 121  |r|inf=3.950297e-08  r/r0=3.0643e-06
[mg]   it 122  |r|inf=4.087926e-08  r/r0=3.1710e-06
[mg]   it 123  |r|inf=4.204717e-08  r/r0=3.2616e-06
[mg]   it 124  |r|inf=4.301232e-08  r/r0=3.3365e-06
[mg]   it 125  |r|inf=4.377984e-08  r/r0=3.3960e-06
[mg]   it 126  |r|inf=4.435438e-08  r/r0=3.4406e-06
[mg]   it 127  |r|inf=4.474008e-08  r/r0=3.4705e-06
[mg]   it 128  |r|inf=4.591784e-08  r/r0=3.5619e-06
[mg]   it 129  |r|inf=4.723448e-08  r/r0=3.6640e-06
[mg]   it 130  |r|inf=4.835495e-08  r/r0=3.7509e-06
[mg]   it 131  |r|inf=4.927890e-08  r/r0=3.8226e-06
[mg]   it 132  |r|inf=5.000592e-08  r/r0=3.8790e-06
[mg]   it 133  |r|inf=5.053564e-08  r/r0=3.9201e-06
[mg]   it 134  |r|inf=5.086793e-08  r/r0=3.9458e-06
[mg]   it 135  |r|inf=5.100301e-08  r/r0=3.9563e-06
[mg]   it 136  |r|inf=5.094162e-08  r/r0=3.9516e-06
[mg]   it 137  |r|inf=5.068517e-08  r/r0=3.9317e-06
[mg]   it 138  |r|inf=5.023583e-08  r/r0=3.8968e-06
[mg]   it 139  |r|inf=4.959671e-08  r/r0=3.8472e-06
[mg]   it 140  |r|inf=4.877189e-08  r/r0=3.7833e-06
[mg]   it 141  |r|inf=4.776652e-08  r/r0=3.7053e-06
[mg]   it 142  |r|inf=4.658683e-08  r/r0=3.6138e-06
[mg]   it 143  |r|inf=4.524014e-08  r/r0=3.5093e-06
[mg]   it 144  |r|inf=4.373483e-08  r/r0=3.3925e-06
[mg]   it 145  |r|inf=4.208026e-08  r/r0=3.2642e-06
[mg]   it 146  |r|inf=4.028668e-08  r/r0=3.1250e-06
[mg]   it 147  |r|inf=3.836513e-08  r/r0=2.9760e-06
[mg]   it 148  |r|inf=3.723657e-08  r/r0=2.8885e-06
[mg]   it 149  |r|inf=3.754496e-08  r/r0=2.9124e-06
[mg]   it 150  |r|inf=3.772346e-08  r/r0=2.9262e-06
[mg]   it 151  |r|inf=3.777525e-08  r/r0=2.9302e-06
[mg]   it 152  |r|inf=3.770429e-08  r/r0=2.9247e-06
[mg]   it 153  |r|inf=3.751518e-08  r/r0=2.9101e-06
[mg]   it 154  |r|inf=3.721309e-08  r/r0=2.8866e-06
[mg]   it 155  |r|inf=3.680366e-08  r/r0=2.8549e-06
[mg]   it 156  |r|inf=3.629287e-08  r/r0=2.8152e-06
[mg]   it 157  |r|inf=3.568697e-08  r/r0=2.7682e-06
[mg]   it 158  |r|inf=3.499237e-08  r/r0=2.7144e-06
[mg]   it 159  |r|inf=3.421550e-08  r/r0=2.6541e-06
[mg]   it 160  |r|inf=3.336282e-08  r/r0=2.5880e-06
[mg]   it 161  |r|inf=3.244065e-08  r/r0=2.5164e-06
[mg]   it 162  |r|inf=3.145516e-08  r/r0=2.4400e-06
[mg]   it 163  |r|inf=3.041234e-08  r/r0=2.3591e-06
[mg]   it 164  |r|inf=2.931786e-08  r/r0=2.2742e-06
[mg]   it 165  |r|inf=2.817716e-08  r/r0=2.1857e-06
[mg]   it 166  |r|inf=2.699535e-08  r/r0=2.0940e-06
[mg]   it 167  |r|inf=2.577721e-08  r/r0=1.9995e-06
[mg]   it 168  |r|inf=2.629658e-08  r/r0=2.0398e-06
[mg]   it 169  |r|inf=2.777424e-08  r/r0=2.1545e-06
[mg]   it 170  |r|inf=2.917426e-08  r/r0=2.2631e-06
[mg]   it 171  |r|inf=3.049736e-08  r/r0=2.3657e-06
[mg]   it 172  |r|inf=3.174447e-08  r/r0=2.4624e-06
[mg]   it 173  |r|inf=3.291665e-08  r/r0=2.5534e-06
[mg]   it 174  |r|inf=3.401504e-08  r/r0=2.6386e-06
[mg]   it 175  |r|inf=3.504086e-08  r/r0=2.7181e-06
[mg]   it 176  |r|inf=3.599538e-08  r/r0=2.7922e-06
[mg]   it 177  |r|inf=3.687987e-08  r/r0=2.8608e-06
[mg]   it 178  |r|inf=3.769558e-08  r/r0=2.9241e-06
[mg]   it 179  |r|inf=3.844376e-08  r/r0=2.9821e-06
[mg]   it 180  |r|inf=3.912561e-08  r/r0=3.0350e-06
[mg]   it 181  |r|inf=3.974228e-08  r/r0=3.0828e-06
[mg]   it 182  |r|inf=4.029487e-08  r/r0=3.1257e-06
[mg]   it 183  |r|inf=4.078442e-08  r/r0=3.1637e-06
[mg]   it 184  |r|inf=4.121190e-08  r/r0=3.1968e-06
[mg]   it 185  |r|inf=4.157824e-08  r/r0=3.2252e-06
[mg]   it 186  |r|inf=4.188427e-08  r/r0=3.2490e-06
[mg]   it 187  |r|inf=4.213080e-08  r/r0=3.2681e-06
[mg]   it 188  |r|inf=4.231857e-08  r/r0=3.2827e-06
[mg]   it 189  |r|inf=4.244826e-08  r/r0=3.2927e-06
[mg]   it 190  |r|inf=4.317379e-08  r/r0=3.3490e-06
[mg]   it 191  |r|inf=4.390891e-08  r/r0=3.4060e-06
[mg]   it 192  |r|inf=4.458353e-08  r/r0=3.4584e-06
[mg]   it 193  |r|inf=4.519759e-08  r/r0=3.5060e-06
[mg]   it 194  |r|inf=4.575102e-08  r/r0=3.5489e-06
[mg]   it 195  |r|inf=4.624373e-08  r/r0=3.5871e-06
[mg]   it 196  |r|inf=4.667562e-08  r/r0=3.6206e-06
[mg]   it 197  |r|inf=4.704658e-08  r/r0=3.6494e-06
[mg]   it 198  |r|inf=4.735654e-08  r/r0=3.6735e-06
[mg]   it 199  |r|inf=4.760541e-08  r/r0=3.6928e-06
[mg]   it 200  |r|inf=4.779316e-08  r/r0=3.7073e-06
[mg]   it 201  |r|inf=4.791977e-08  r/r0=3.7172e-06
[mg]   it 202  |r|inf=4.798529e-08  r/r0=3.7222e-06
[mg]   it 203  |r|inf=4.798981e-08  r/r0=3.7226e-06
[mg]   it 204  |r|inf=4.793349e-08  r/r0=3.7182e-06
[mg]   it 205  |r|inf=4.781656e-08  r/r0=3.7091e-06
[mg]   it 206  |r|inf=4.763934e-08  r/r0=3.6954e-06
[mg]   it 207  |r|inf=4.740224e-08  r/r0=3.6770e-06
[mg]   it 208  |r|inf=4.710575e-08  r/r0=3.6540e-06
[mg]   it 209  |r|inf=4.675047e-08  r/r0=3.6264e-06
[mg]   it 210  |r|inf=4.633711e-08  r/r0=3.5944e-06
[mg]   it 211  |r|inf=4.586648e-08  r/r0=3.5579e-06
[mg]   it 212  |r|inf=4.533952e-08  r/r0=3.5170e-06
[mg]   it 213  |r|inf=4.475727e-08  r/r0=3.4718e-06
[mg]   it 214  |r|inf=4.412088e-08  r/r0=3.4225e-06
[mg]   it 215  |r|inf=4.343163e-08  r/r0=3.3690e-06
[mg]   it 216  |r|inf=4.269090e-08  r/r0=3.3115e-06
[mg]   it 217  |r|inf=4.190019e-08  r/r0=3.2502e-06
[mg]   it 218  |r|inf=4.106109e-08  r/r0=3.1851e-06
[mg]   it 219  |r|inf=4.017532e-08  r/r0=3.1164e-06
[mg]   it 220  |r|inf=3.924467e-08  r/r0=3.0442e-06
[mg]   it 221  |r|inf=3.827102e-08  r/r0=2.9687e-06
[mg]   it 222  |r|inf=3.725633e-08  r/r0=2.8900e-06
[mg]   it 223  |r|inf=3.620265e-08  r/r0=2.8083e-06
[mg]   it 224  |r|inf=3.580293e-08  r/r0=2.7772e-06
[mg]   it 225  |r|inf=3.605821e-08  r/r0=2.7970e-06
[mg]   it 226  |r|inf=3.627142e-08  r/r0=2.8136e-06
[mg]   it 227  |r|inf=3.644289e-08  r/r0=2.8269e-06
[mg]   it 228  |r|inf=3.657307e-08  r/r0=2.8370e-06
[mg]   it 229  |r|inf=3.666249e-08  r/r0=2.8439e-06
[mg]   it 230  |r|inf=3.671177e-08  r/r0=2.8477e-06
[mg]   it 231  |r|inf=3.672159e-08  r/r0=2.8485e-06
[mg]   it 232  |r|inf=3.669273e-08  r/r0=2.8463e-06
[mg]   it 233  |r|inf=3.662601e-08  r/r0=2.8411e-06
[mg]   it 234  |r|inf=3.652235e-08  r/r0=2.8330e-06
[mg]   it 235  |r|inf=3.638268e-08  r/r0=2.8222e-06
[mg]   it 236  |r|inf=3.620801e-08  r/r0=2.8087e-06
[mg]   it 237  |r|inf=3.599939e-08  r/r0=2.7925e-06
[mg]   it 238  |r|inf=3.575789e-08  r/r0=2.7738e-06
[mg]   it 239  |r|inf=3.548463e-08  r/r0=2.7526e-06
[mg]   it 240  |r|inf=3.518075e-08  r/r0=2.7290e-06
[mg]   it 241  |r|inf=3.484738e-08  r/r0=2.7031e-06
[mg]   it 242  |r|inf=3.448571e-08  r/r0=2.6751e-06
[mg]   it 243  |r|inf=3.409690e-08  r/r0=2.6449e-06
[mg]   it 244  |r|inf=3.368211e-08  r/r0=2.6127e-06
[mg]   it 245  |r|inf=3.324253e-08  r/r0=2.5786e-06
[mg]   it 246  |r|inf=3.277931e-08  r/r0=2.5427e-06
[mg]   it 247  |r|inf=3.229359e-08  r/r0=2.5050e-06
[mg]   it 248  |r|inf=3.178651e-08  r/r0=2.4657e-06
[mg]   it 249  |r|inf=3.125918e-08  r/r0=2.4248e-06
[mg]   it 250  |r|inf=3.071269e-08  r/r0=2.3824e-06
[mg]   it 251  |r|inf=3.014810e-08  r/r0=2.3386e-06
[mg]   it 252  |r|inf=2.956645e-08  r/r0=2.2935e-06
[mg]   it 253  |r|inf=2.896875e-08  r/r0=2.2471e-06
[mg]   it 254  |r|inf=2.835598e-08  r/r0=2.1996e-06
[mg]   it 255  |r|inf=2.772907e-08  r/r0=2.1510e-06
[mg]   it 256  |r|inf=2.708894e-08  r/r0=2.1013e-06
[mg]   it 257  |r|inf=2.643647e-08  r/r0=2.0507e-06
[mg]   it 258  |r|inf=2.577249e-08  r/r0=1.9992e-06
[mg]   it 259  |r|inf=2.554782e-08  r/r0=1.9818e-06
[mg]   it 260  |r|inf=2.638488e-08  r/r0=2.0467e-06
[mg]   it 261  |r|inf=2.719722e-08  r/r0=2.1097e-06
[mg]   it 262  |r|inf=2.798496e-08  r/r0=2.1708e-06
[mg]   it 263  |r|inf=2.874823e-08  r/r0=2.2300e-06
[mg]   it 264  |r|inf=2.948718e-08  r/r0=2.2873e-06
[mg]   it 265  |r|inf=3.020198e-08  r/r0=2.3428e-06
[mg]   it 266  |r|inf=3.089282e-08  r/r0=2.3964e-06
[mg]   it 267  |r|inf=3.155990e-08  r/r0=2.4481e-06
[mg]   it 268  |r|inf=3.220344e-08  r/r0=2.4980e-06
[mg]   it 269  |r|inf=3.282367e-08  r/r0=2.5461e-06
[mg]   it 270  |r|inf=3.342080e-08  r/r0=2.5925e-06
[mg]   it 271  |r|inf=3.399509e-08  r/r0=2.6370e-06
[mg]   it 272  |r|inf=3.454676e-08  r/r0=2.6798e-06
[mg]   it 273  |r|inf=3.507607e-08  r/r0=2.7209e-06
[mg]   it 274  |r|inf=3.558325e-08  r/r0=2.7602e-06
[mg]   it 275  |r|inf=3.606856e-08  r/r0=2.7978e-06
[mg]   it 276  |r|inf=3.653222e-08  r/r0=2.8338e-06
[mg]   it 277  |r|inf=3.697449e-08  r/r0=2.8681e-06
[mg]   it 278  |r|inf=3.739560e-08  r/r0=2.9008e-06
[mg]   it 279  |r|inf=3.779578e-08  r/r0=2.9318e-06
[mg]   it 280  |r|inf=3.817526e-08  r/r0=2.9613e-06
[mg]   it 281  |r|inf=3.853425e-08  r/r0=2.9891e-06
[mg]   it 282  |r|inf=3.887299e-08  r/r0=3.0154e-06
[mg]   it 283  |r|inf=3.919167e-08  r/r0=3.0401e-06
[mg]   it 284  |r|inf=3.949050e-08  r/r0=3.0633e-06
[mg]   it 285  |r|inf=3.976968e-08  r/r0=3.0849e-06
[mg]   it 286  |r|inf=4.002939e-08  r/r0=3.1051e-06
[mg]   it 287  |r|inf=4.026983e-08  r/r0=3.1237e-06
[mg]   it 288  |r|inf=4.049117e-08  r/r0=3.1409e-06
[mg]   it 289  |r|inf=4.069357e-08  r/r0=3.1566e-06
[mg]   it 290  |r|inf=4.087720e-08  r/r0=3.1709e-06
[mg]   it 291  |r|inf=4.104222e-08  r/r0=3.1837e-06
[mg]   it 292  |r|inf=4.118878e-08  r/r0=3.1950e-06
[mg]   it 293  |r|inf=4.131701e-08  r/r0=3.2050e-06
[mg]   it 294  |r|inf=4.142707e-08  r/r0=3.2135e-06
[mg]   it 295  |r|inf=4.151907e-08  r/r0=3.2206e-06
[mg]   it 296  |r|inf=4.159315e-08  r/r0=3.2264e-06
[mg]   it 297  |r|inf=4.164943e-08  r/r0=3.2308e-06
[mg]   it 298  |r|inf=4.168802e-08  r/r0=3.2338e-06
[mg]   it 299  |r|inf=4.208820e-08  r/r0=3.2648e-06
[mg]   it 300  |r|inf=4.249273e-08  r/r0=3.2962e-06
[mg]   it 301  |r|inf=4.287883e-08  r/r0=3.3261e-06
[mg]   it 302  |r|inf=4.324649e-08  r/r0=3.3546e-06
[mg]   it 303  |r|inf=4.359571e-08  r/r0=3.3817e-06
[mg]   it 304  |r|inf=4.392648e-08  r/r0=3.4074e-06
[mg]   it 305  |r|inf=4.423879e-08  r/r0=3.4316e-06
[mg]   it 306  |r|inf=4.453263e-08  r/r0=3.4544e-06
[mg]   it 307  |r|inf=4.480798e-08  r/r0=3.4758e-06
[mg]   it 308  |r|inf=4.506482e-08  r/r0=3.4957e-06
[mg]   it 309  |r|inf=4.530315e-08  r/r0=3.5142e-06
[mg]   it 310  |r|inf=4.552295e-08  r/r0=3.5312e-06
[mg]   it 311  |r|inf=4.572419e-08  r/r0=3.5468e-06
[mg]   it 312  |r|inf=4.590687e-08  r/r0=3.5610e-06
[mg]   it 313  |r|inf=4.607098e-08  r/r0=3.5737e-06
[mg]   it 314  |r|inf=4.621649e-08  r/r0=3.5850e-06
[mg]   it 315  |r|inf=4.634340e-08  r/r0=3.5949e-06
[mg]   it 316  |r|inf=4.645170e-08  r/r0=3.6033e-06
[mg]   it 317  |r|inf=4.654139e-08  r/r0=3.6102e-06
[mg]   it 318  |r|inf=4.661247e-08  r/r0=3.6157e-06
[mg]   it 319  |r|inf=4.666494e-08  r/r0=3.6198e-06
[mg]   it 320  |r|inf=4.669881e-08  r/r0=3.6224e-06
[mg]   it 321  |r|inf=4.671411e-08  r/r0=3.6236e-06
[mg]   it 322  |r|inf=4.671084e-08  r/r0=3.6234e-06
[mg]   it 323  |r|inf=4.668903e-08  r/r0=3.6217e-06
[mg]   it 324  |r|inf=4.664872e-08  r/r0=3.6186e-06
[mg]   it 325  |r|inf=4.658996e-08  r/r0=3.6140e-06
[mg]   it 326  |r|inf=4.651278e-08  r/r0=3.6080e-06
[mg]   it 327  |r|inf=4.641725e-08  r/r0=3.6006e-06
[mg]   it 328  |r|inf=4.630344e-08  r/r0=3.5918e-06
[mg]   it 329  |r|inf=4.617141e-08  r/r0=3.5815e-06
[mg]   it 330  |r|inf=4.602125e-08  r/r0=3.5699e-06
[mg]   it 331  |r|inf=4.585306e-08  r/r0=3.5568e-06
[mg]   it 332  |r|inf=4.566694e-08  r/r0=3.5424e-06
[mg]   it 333  |r|inf=4.546300e-08  r/r0=3.5266e-06
[mg]   it 334  |r|inf=4.524136e-08  r/r0=3.5094e-06
[mg]   it 335  |r|inf=4.500217e-08  r/r0=3.4908e-06
[mg]   it 336  |r|inf=4.474557e-08  r/r0=3.4709e-06
[mg]   it 337  |r|inf=4.447171e-08  r/r0=3.4497e-06
[mg]   it 338  |r|inf=4.418076e-08  r/r0=3.4271e-06
[mg]   it 339  |r|inf=4.387289e-08  r/r0=3.4032e-06
[mg]   it 340  |r|inf=4.354831e-08  r/r0=3.3781e-06
[mg]   it 341  |r|inf=4.320721e-08  r/r0=3.3516e-06
[mg]   it 342  |r|inf=4.284980e-08  r/r0=3.3239e-06
[mg]   it 343  |r|inf=4.247630e-08  r/r0=3.2949e-06
[mg]   it 344  |r|inf=4.208695e-08  r/r0=3.2647e-06
[mg]   it 345  |r|inf=4.168200e-08  r/r0=3.2333e-06
[mg]   it 346  |r|inf=4.126169e-08  r/r0=3.2007e-06
[mg]   it 347  |r|inf=4.082629e-08  r/r0=3.1669e-06
[mg]   it 348  |r|inf=4.037609e-08  r/r0=3.1320e-06
[mg]   it 349  |r|inf=3.991135e-08  r/r0=3.0959e-06
[mg]   it 350  |r|inf=3.943238e-08  r/r0=3.0588e-06
[mg]   it 351  |r|inf=3.893949e-08  r/r0=3.0205e-06
[mg]   it 352  |r|inf=3.843298e-08  r/r0=2.9813e-06
[mg]   it 353  |r|inf=3.791317e-08  r/r0=2.9409e-06
[mg]   it 354  |r|inf=3.738040e-08  r/r0=2.8996e-06
[mg]   it 355  |r|inf=3.683500e-08  r/r0=2.8573e-06
[mg]   it 356  |r|inf=3.627732e-08  r/r0=2.8140e-06
[mg]   it 357  |r|inf=3.570770e-08  r/r0=2.7699e-06
[mg]   it 358  |r|inf=3.518409e-08  r/r0=2.7292e-06
[mg]   it 359  |r|inf=3.536754e-08  r/r0=2.7435e-06
[mg]   it 360  |r|inf=3.553784e-08  r/r0=2.7567e-06
[mg]   it 361  |r|inf=3.569502e-08  r/r0=2.7689e-06
[mg]   it 362  |r|inf=3.583911e-08  r/r0=2.7801e-06
[mg]   it 363  |r|inf=3.597016e-08  r/r0=2.7902e-06
[mg]   it 364  |r|inf=3.608824e-08  r/r0=2.7994e-06
[mg]   it 365  |r|inf=3.619339e-08  r/r0=2.8075e-06
[mg]   it 366  |r|inf=3.628569e-08  r/r0=2.8147e-06
[mg]   it 367  |r|inf=3.636524e-08  r/r0=2.8209e-06
[mg]   it 368  |r|inf=3.643211e-08  r/r0=2.8260e-06
[mg]   it 369  |r|inf=3.648641e-08  r/r0=2.8303e-06
[mg]   it 370  |r|inf=3.652824e-08  r/r0=2.8335e-06
[mg]   it 371  |r|inf=3.655773e-08  r/r0=2.8358e-06
[mg]   it 372  |r|inf=3.657499e-08  r/r0=2.8371e-06
[mg]   it 373  |r|inf=3.658015e-08  r/r0=2.8375e-06
[mg]   it 374  |r|inf=3.657336e-08  r/r0=2.8370e-06
[mg]   it 375  |r|inf=3.655474e-08  r/r0=2.8356e-06
[mg]   it 376  |r|inf=3.652447e-08  r/r0=2.8332e-06
[mg]   it 377  |r|inf=3.648268e-08  r/r0=2.8300e-06
[mg]   it 378  |r|inf=3.642954e-08  r/r0=2.8259e-06
[mg]   it 379  |r|inf=3.636523e-08  r/r0=2.8209e-06
[mg]   it 380  |r|inf=3.628990e-08  r/r0=2.8150e-06
[mg]   it 381  |r|inf=3.620373e-08  r/r0=2.8083e-06
[mg]   it 382  |r|inf=3.610691e-08  r/r0=2.8008e-06
[mg]   it 383  |r|inf=3.599962e-08  r/r0=2.7925e-06
[mg]   it 384  |r|inf=3.588205e-08  r/r0=2.7834e-06
[mg]   it 385  |r|inf=3.575438e-08  r/r0=2.7735e-06
[mg]   it 386  |r|inf=3.561681e-08  r/r0=2.7628e-06
[mg]   it 387  |r|inf=3.546953e-08  r/r0=2.7514e-06
[mg]   it 388  |r|inf=3.531275e-08  r/r0=2.7392e-06
[mg]   it 389  |r|inf=3.514665e-08  r/r0=2.7263e-06
[mg]   it 390  |r|inf=3.497144e-08  r/r0=2.7127e-06
[mg]   it 391  |r|inf=3.478733e-08  r/r0=2.6985e-06
[mg]   it 392  |r|inf=3.459451e-08  r/r0=2.6835e-06
[mg]   it 393  |r|inf=3.439319e-08  r/r0=2.6679e-06
[mg]   it 394  |r|inf=3.418357e-08  r/r0=2.6516e-06
[mg]   it 395  |r|inf=3.396584e-08  r/r0=2.6347e-06
[mg]   it 396  |r|inf=3.374023e-08  r/r0=2.6172e-06
[mg]   it 397  |r|inf=3.350692e-08  r/r0=2.5991e-06
[mg]   it 398  |r|inf=3.326612e-08  r/r0=2.5805e-06
[mg]   it 399  |r|inf=3.301803e-08  r/r0=2.5612e-06
[mg]   it 400  |r|inf=3.276285e-08  r/r0=2.5414e-06
[mg]   it 401  |r|inf=3.250077e-08  r/r0=2.5211e-06
[mg]   it 402  |r|inf=3.223199e-08  r/r0=2.5002e-06
[mg]   it 403  |r|inf=3.195670e-08  r/r0=2.4789e-06
[mg]   it 404  |r|inf=3.167510e-08  r/r0=2.4570e-06
[mg]   it 405  |r|inf=3.138737e-08  r/r0=2.4347e-06
[mg]   it 406  |r|inf=3.109371e-08  r/r0=2.4119e-06
[mg]   it 407  |r|inf=3.079429e-08  r/r0=2.3887e-06
[mg]   it 408  |r|inf=3.048931e-08  r/r0=2.3651e-06
[mg]   it 409  |r|inf=3.017893e-08  r/r0=2.3410e-06
[mg]   it 410  |r|inf=2.986333e-08  r/r0=2.3165e-06
[mg]   it 411  |r|inf=2.954270e-08  r/r0=2.2916e-06
[mg]   it 412  |r|inf=2.921719e-08  r/r0=2.2664e-06
[mg]   it 413  |r|inf=2.888698e-08  r/r0=2.2408e-06
[mg]   it 414  |r|inf=2.855223e-08  r/r0=2.2148e-06
[mg]   it 415  |r|inf=2.821311e-08  r/r0=2.1885e-06
[mg]   it 416  |r|inf=2.786976e-08  r/r0=2.1619e-06
[mg]   it 417  |r|inf=2.752235e-08  r/r0=2.1349e-06
[mg]   it 418  |r|inf=2.717103e-08  r/r0=2.1077e-06
[mg]   it 419  |r|inf=2.681594e-08  r/r0=2.0801e-06
[mg]   it 420  |r|inf=2.645723e-08  r/r0=2.0523e-06
[mg]   it 421  |r|inf=2.609505e-08  r/r0=2.0242e-06
[mg]   it 422  |r|inf=2.572952e-08  r/r0=1.9958e-06
[mg]   it 423  |r|inf=2.603300e-08  r/r0=2.0194e-06
[mg]   it 424  |r|inf=2.648721e-08  r/r0=2.0546e-06
[mg]   it 425  |r|inf=2.693380e-08  r/r0=2.0893e-06
[mg]   it 426  |r|inf=2.737278e-08  r/r0=2.1233e-06
[mg]   it 427  |r|inf=2.780419e-08  r/r0=2.1568e-06
[mg]   it 428  |r|inf=2.822803e-08  r/r0=2.1897e-06
[mg]   it 429  |r|inf=2.864436e-08  r/r0=2.2220e-06
[mg]   it 430  |r|inf=2.905319e-08  r/r0=2.2537e-06
[mg]   it 431  |r|inf=2.945455e-08  r/r0=2.2848e-06
[mg]   it 432  |r|inf=2.984848e-08  r/r0=2.3154e-06
[mg]   it 433  |r|inf=3.023502e-08  r/r0=2.3453e-06
[mg]   it 434  |r|inf=3.061420e-08  r/r0=2.3748e-06
[mg]   it 435  |r|inf=3.098606e-08  r/r0=2.4036e-06
[mg]   it 436  |r|inf=3.135064e-08  r/r0=2.4319e-06
[mg]   it 437  |r|inf=3.170797e-08  r/r0=2.4596e-06
[mg]   it 438  |r|inf=3.205811e-08  r/r0=2.4868e-06
[mg]   it 439  |r|inf=3.240109e-08  r/r0=2.5134e-06
[mg]   it 440  |r|inf=3.273695e-08  r/r0=2.5394e-06
[mg]   it 441  |r|inf=3.306574e-08  r/r0=2.5649e-06
[mg]   it 442  |r|inf=3.338750e-08  r/r0=2.5899e-06
[mg]   it 443  |r|inf=3.370227e-08  r/r0=2.6143e-06
[mg]   it 444  |r|inf=3.401010e-08  r/r0=2.6382e-06
[mg]   it 445  |r|inf=3.431104e-08  r/r0=2.6615e-06
[mg]   it 446  |r|inf=3.460513e-08  r/r0=2.6843e-06
[mg]   it 447  |r|inf=3.489241e-08  r/r0=2.7066e-06
[mg]   it 448  |r|inf=3.517293e-08  r/r0=2.7284e-06
[mg]   it 449  |r|inf=3.544673e-08  r/r0=2.7496e-06
[mg]   it 450  |r|inf=3.571386e-08  r/r0=2.7703e-06
[mg]   it 451  |r|inf=3.597436e-08  r/r0=2.7905e-06
[mg]   it 452  |r|inf=3.622828e-08  r/r0=2.8102e-06
[mg]   it 453  |r|inf=3.647566e-08  r/r0=2.8294e-06
[mg]   it 454  |r|inf=3.671654e-08  r/r0=2.8481e-06
[mg]   it 455  |r|inf=3.695097e-08  r/r0=2.8663e-06
[mg]   it 456  |r|inf=3.717900e-08  r/r0=2.8840e-06
[mg]   it 457  |r|inf=3.740065e-08  r/r0=2.9012e-06
[mg]   it 458  |r|inf=3.761598e-08  r/r0=2.9179e-06
[mg]   it 459  |r|inf=3.782503e-08  r/r0=2.9341e-06
[mg]   it 460  |r|inf=3.802784e-08  r/r0=2.9498e-06
[mg]   it 461  |r|inf=3.822444e-08  r/r0=2.9651e-06
[mg]   it 462  |r|inf=3.841489e-08  r/r0=2.9799e-06
[mg]   it 463  |r|inf=3.859920e-08  r/r0=2.9942e-06
[mg]   it 464  |r|inf=3.877744e-08  r/r0=3.0080e-06
[mg]   it 465  |r|inf=3.894963e-08  r/r0=3.0213e-06
[mg]   it 466  |r|inf=3.911580e-08  r/r0=3.0342e-06
[mg]   it 467  |r|inf=3.927601e-08  r/r0=3.0467e-06
[mg]   it 468  |r|inf=3.943028e-08  r/r0=3.0586e-06
[mg]   it 469  |r|inf=3.957864e-08  r/r0=3.0701e-06
[mg]   it 470  |r|inf=3.972114e-08  r/r0=3.0812e-06
[mg]   it 471  |r|inf=3.985780e-08  r/r0=3.0918e-06
[mg]   it 472  |r|inf=3.998866e-08  r/r0=3.1019e-06
[mg]   it 473  |r|inf=4.011376e-08  r/r0=3.1116e-06
[mg]   it 474  |r|inf=4.023311e-08  r/r0=3.1209e-06
[mg]   it 475  |r|inf=4.034676e-08  r/r0=3.1297e-06
[mg]   it 476  |r|inf=4.045474e-08  r/r0=3.1381e-06
[mg]   it 477  |r|inf=4.055706e-08  r/r0=3.1460e-06
[mg]   it 478  |r|inf=4.065377e-08  r/r0=3.1535e-06
[mg]   it 479  |r|inf=4.074489e-08  r/r0=3.1606e-06
[mg]   it 480  |r|inf=4.083045e-08  r/r0=3.1672e-06
[mg]   it 481  |r|inf=4.091047e-08  r/r0=3.1734e-06
[mg]   it 482  |r|inf=4.098498e-08  r/r0=3.1792e-06
[mg]   it 483  |r|inf=4.105401e-08  r/r0=3.1846e-06
[mg]   it 484  |r|inf=4.111758e-08  r/r0=3.1895e-06
[mg]   it 485  |r|inf=4.117572e-08  r/r0=3.1940e-06
[mg]   it 486  |r|inf=4.122845e-08  r/r0=3.1981e-06
[mg]   it 487  |r|inf=4.127579e-08  r/r0=3.2018e-06
[mg]   it 488  |r|inf=4.131776e-08  r/r0=3.2050e-06
[mg]   it 489  |r|inf=4.135440e-08  r/r0=3.2079e-06
[mg]   it 490  |r|inf=4.138571e-08  r/r0=3.2103e-06
[mg]   it 491  |r|inf=4.141173e-08  r/r0=3.2123e-06
[mg]   it 492  |r|inf=4.143247e-08  r/r0=3.2139e-06
[mg]   it 493  |r|inf=4.144795e-08  r/r0=3.2151e-06
[mg]   it 494  |r|inf=4.145820e-08  r/r0=3.2159e-06
[mg]   it 495  |r|inf=4.147048e-08  r/r0=3.2169e-06
[mg]   it 496  |r|inf=4.169125e-08  r/r0=3.2340e-06
[mg]   it 497  |r|inf=4.190657e-08  r/r0=3.2507e-06
[mg]   it 498  |r|inf=4.211643e-08  r/r0=3.2670e-06
[mg]   it 499  |r|inf=4.232084e-08  r/r0=3.2828e-06
[mg]   it 500  |r|inf=4.251980e-08  r/r0=3.2983e-06
[mg]   it 501  |r|inf=4.271331e-08  r/r0=3.3133e-06
[mg]   it 502  |r|inf=4.290137e-08  r/r0=3.3279e-06
[mg]   it 503  |r|inf=4.308397e-08  r/r0=3.3420e-06
[mg]   it 504  |r|inf=4.326113e-08  r/r0=3.3558e-06
[mg]   it 505  |r|inf=4.343283e-08  r/r0=3.3691e-06
[mg]   it 506  |r|inf=4.359908e-08  r/r0=3.3820e-06
[mg]   it 507  |r|inf=4.375988e-08  r/r0=3.3945e-06
[mg]   it 508  |r|inf=4.391522e-08  r/r0=3.4065e-06
[mg]   it 509  |r|inf=4.406511e-08  r/r0=3.4181e-06
[mg]   it 510  |r|inf=4.420953e-08  r/r0=3.4293e-06
[mg]   it 511  |r|inf=4.434850e-08  r/r0=3.4401e-06
[mg]   it 512  |r|inf=4.448201e-08  r/r0=3.4505e-06
[mg]   it 513  |r|inf=4.461005e-08  r/r0=3.4604e-06
[mg]   it 514  |r|inf=4.473263e-08  r/r0=3.4699e-06
[mg]   it 515  |r|inf=4.484974e-08  r/r0=3.4790e-06
[mg]   it 516  |r|inf=4.496138e-08  r/r0=3.4877e-06
[mg]   it 517  |r|inf=4.506755e-08  r/r0=3.4959e-06
[mg]   it 518  |r|inf=4.516825e-08  r/r0=3.5037e-06
[mg]   it 519  |r|inf=4.526348e-08  r/r0=3.5111e-06
[mg]   it 520  |r|inf=4.535323e-08  r/r0=3.5181e-06
[mg]   it 521  |r|inf=4.543750e-08  r/r0=3.5246e-06
[mg]   it 522  |r|inf=4.551629e-08  r/r0=3.5307e-06
[mg]   it 523  |r|inf=4.558960e-08  r/r0=3.5364e-06
[mg]   it 524  |r|inf=4.565743e-08  r/r0=3.5417e-06
[mg]   it 525  |r|inf=4.571978e-08  r/r0=3.5465e-06
[mg]   it 526  |r|inf=4.577665e-08  r/r0=3.5509e-06
[mg]   it 527  |r|inf=4.582803e-08  r/r0=3.5549e-06
[mg]   it 528  |r|inf=4.587393e-08  r/r0=3.5585e-06
[mg]   it 529  |r|inf=4.591435e-08  r/r0=3.5616e-06
[mg]   it 530  |r|inf=4.594929e-08  r/r0=3.5643e-06
[mg]   it 531  |r|inf=4.597875e-08  r/r0=3.5666e-06
[mg]   it 532  |r|inf=4.600273e-08  r/r0=3.5684e-06
[mg]   it 533  |r|inf=4.602123e-08  r/r0=3.5699e-06
[mg]   it 534  |r|inf=4.603426e-08  r/r0=3.5709e-06
[mg]   it 535  |r|inf=4.604182e-08  r/r0=3.5715e-06
[mg]   it 536  |r|inf=4.604391e-08  r/r0=3.5716e-06
[mg]   it 537  |r|inf=4.604054e-08  r/r0=3.5714e-06
[mg]   it 538  |r|inf=4.603171e-08  r/r0=3.5707e-06
[mg]   it 539  |r|inf=4.601742e-08  r/r0=3.5696e-06
[mg]   it 540  |r|inf=4.599769e-08  r/r0=3.5681e-06
[mg]   it 541  |r|inf=4.597252e-08  r/r0=3.5661e-06
[mg]   it 542  |r|inf=4.594191e-08  r/r0=3.5637e-06
[mg]   it 543  |r|inf=4.590587e-08  r/r0=3.5609e-06
[mg]   it 544  |r|inf=4.586442e-08  r/r0=3.5577e-06
[mg]   it 545  |r|inf=4.581756e-08  r/r0=3.5541e-06
[mg]   it 546  |r|inf=4.576530e-08  r/r0=3.5500e-06
[mg]   it 547  |r|inf=4.570766e-08  r/r0=3.5456e-06
[mg]   it 548  |r|inf=4.564463e-08  r/r0=3.5407e-06
[mg]   it 549  |r|inf=4.557624e-08  r/r0=3.5354e-06
[mg]   it 550  |r|inf=4.550250e-08  r/r0=3.5296e-06
[mg]   it 551  |r|inf=4.542343e-08  r/r0=3.5235e-06
[mg]   it 552  |r|inf=4.533903e-08  r/r0=3.5170e-06
[mg]   it 553  |r|inf=4.524932e-08  r/r0=3.5100e-06
[mg]   it 554  |r|inf=4.515432e-08  r/r0=3.5026e-06
[mg]   it 555  |r|inf=4.505405e-08  r/r0=3.4949e-06
[mg]   it 556  |r|inf=4.494853e-08  r/r0=3.4867e-06
[mg]   it 557  |r|inf=4.483777e-08  r/r0=3.4781e-06
[mg]   it 558  |r|inf=4.472179e-08  r/r0=3.4691e-06
[mg]   it 559  |r|inf=4.460062e-08  r/r0=3.4597e-06
[mg]   it 560  |r|inf=4.447427e-08  r/r0=3.4499e-06
[mg]   it 561  |r|inf=4.434278e-08  r/r0=3.4397e-06
[mg]   it 562  |r|inf=4.420616e-08  r/r0=3.4291e-06
[mg]   it 563  |r|inf=4.406444e-08  r/r0=3.4181e-06
[mg]   it 564  |r|inf=4.391764e-08  r/r0=3.4067e-06
[mg]   it 565  |r|inf=4.376579e-08  r/r0=3.3949e-06
[mg]   it 566  |r|inf=4.360893e-08  r/r0=3.3828e-06
[mg]   it 567  |r|inf=4.344707e-08  r/r0=3.3702e-06
[mg]   it 568  |r|inf=4.328024e-08  r/r0=3.3573e-06
[mg]   it 569  |r|inf=4.310849e-08  r/r0=3.3439e-06
[mg]   it 570  |r|inf=4.293184e-08  r/r0=3.3302e-06
[mg]   it 571  |r|inf=4.275032e-08  r/r0=3.3162e-06
[mg]   it 572  |r|inf=4.256396e-08  r/r0=3.3017e-06
[mg]   it 573  |r|inf=4.237280e-08  r/r0=3.2869e-06
[mg]   it 574  |r|inf=4.217689e-08  r/r0=3.2717e-06
[mg]   it 575  |r|inf=4.197624e-08  r/r0=3.2561e-06
[mg]   it 576  |r|inf=4.177090e-08  r/r0=3.2402e-06
[mg]   it 577  |r|inf=4.156092e-08  r/r0=3.2239e-06
[mg]   it 578  |r|inf=4.134632e-08  r/r0=3.2072e-06
[mg]   it 579  |r|inf=4.112715e-08  r/r0=3.1902e-06
[mg]   it 580  |r|inf=4.090344e-08  r/r0=3.1729e-06
[mg]   it 581  |r|inf=4.067525e-08  r/r0=3.1552e-06
[mg]   it 582  |r|inf=4.044262e-08  r/r0=3.1371e-06
[mg]   it 583  |r|inf=4.020558e-08  r/r0=3.1188e-06
[mg]   it 584  |r|inf=3.996419e-08  r/r0=3.1000e-06
[mg]   it 585  |r|inf=3.971849e-08  r/r0=3.0810e-06
[mg]   it 586  |r|inf=3.946852e-08  r/r0=3.0616e-06
[mg]   it 587  |r|inf=3.921434e-08  r/r0=3.0419e-06
[mg]   it 588  |r|inf=3.895599e-08  r/r0=3.0218e-06
[mg]   it 589  |r|inf=3.869352e-08  r/r0=3.0015e-06
[mg]   it 590  |r|inf=3.842698e-08  r/r0=2.9808e-06
[mg]   it 591  |r|inf=3.815642e-08  r/r0=2.9598e-06
[mg]   it 592  |r|inf=3.788189e-08  r/r0=2.9385e-06
[mg]   it 593  |r|inf=3.760345e-08  r/r0=2.9169e-06
[mg]   it 594  |r|inf=3.732115e-08  r/r0=2.8950e-06
[mg]   it 595  |r|inf=3.703504e-08  r/r0=2.8728e-06
[mg]   it 596  |r|inf=3.674517e-08  r/r0=2.8503e-06
[mg]   it 597  |r|inf=3.645161e-08  r/r0=2.8276e-06
[mg]   it 598  |r|inf=3.615440e-08  r/r0=2.8045e-06
[mg]   it 599  |r|inf=3.585360e-08  r/r0=2.7812e-06
[mg]   it 600  |r|inf=3.554927e-08  r/r0=2.7576e-06
[mg]   it 601  |r|inf=3.524147e-08  r/r0=2.7337e-06
[mg]   it 602  |r|inf=3.499255e-08  r/r0=2.7144e-06
[mg]   it 603  |r|inf=3.510587e-08  r/r0=2.7232e-06
[mg]   it 604  |r|inf=3.521526e-08  r/r0=2.7317e-06
[mg]   it 605  |r|inf=3.532071e-08  r/r0=2.7398e-06
[mg]   it 606  |r|inf=3.542224e-08  r/r0=2.7477e-06
[mg]   it 607  |r|inf=3.551983e-08  r/r0=2.7553e-06
[mg]   it 608  |r|inf=3.561351e-08  r/r0=2.7626e-06
[mg]   it 609  |r|inf=3.570327e-08  r/r0=2.7695e-06
[mg]   it 610  |r|inf=3.578912e-08  r/r0=2.7762e-06
[mg]   it 611  |r|inf=3.587107e-08  r/r0=2.7825e-06
[mg]   it 612  |r|inf=3.594912e-08  r/r0=2.7886e-06
[mg]   it 613  |r|inf=3.602328e-08  r/r0=2.7943e-06
[mg]   it 614  |r|inf=3.609356e-08  r/r0=2.7998e-06
[mg]   it 615  |r|inf=3.615998e-08  r/r0=2.8049e-06
[mg]   it 616  |r|inf=3.622253e-08  r/r0=2.8098e-06
[mg]   it 617  |r|inf=3.628124e-08  r/r0=2.8143e-06
[mg]   it 618  |r|inf=3.633612e-08  r/r0=2.8186e-06
[mg]   it 619  |r|inf=3.638717e-08  r/r0=2.8226e-06
[mg]   it 620  |r|inf=3.643442e-08  r/r0=2.8262e-06
[mg]   it 621  |r|inf=3.647788e-08  r/r0=2.8296e-06
[mg]   it 622  |r|inf=3.651756e-08  r/r0=2.8327e-06
[mg]   it 623  |r|inf=3.655348e-08  r/r0=2.8355e-06
[mg]   it 624  |r|inf=3.658566e-08  r/r0=2.8380e-06
[mg]   it 625  |r|inf=3.661412e-08  r/r0=2.8402e-06
[mg]   it 626  |r|inf=3.663887e-08  r/r0=2.8421e-06
[mg]   it 627  |r|inf=3.665993e-08  r/r0=2.8437e-06
[mg]   it 628  |r|inf=3.667733e-08  r/r0=2.8451e-06
[mg]   it 629  |r|inf=3.669108e-08  r/r0=2.8461e-06
[mg]   it 630  |r|inf=3.670120e-08  r/r0=2.8469e-06
[mg]   it 631  |r|inf=3.670773e-08  r/r0=2.8474e-06
[mg]   it 632  |r|inf=3.671067e-08  r/r0=2.8477e-06
[mg]   it 633  |r|inf=3.671005e-08  r/r0=2.8476e-06
[mg]   it 634  |r|inf=3.670590e-08  r/r0=2.8473e-06
[mg]   it 635  |r|inf=3.669824e-08  r/r0=2.8467e-06
[mg]   it 636  |r|inf=3.668710e-08  r/r0=2.8458e-06
[mg]   it 637  |r|inf=3.667249e-08  r/r0=2.8447e-06
[mg]   it 638  |r|inf=3.665445e-08  r/r0=2.8433e-06
[mg]   it 639  |r|inf=3.663301e-08  r/r0=2.8416e-06
[mg]   it 640  |r|inf=3.660818e-08  r/r0=2.8397e-06
[mg]   it 641  |r|inf=3.658000e-08  r/r0=2.8375e-06
[mg]   it 642  |r|inf=3.654849e-08  r/r0=2.8351e-06
[mg]   it 643  |r|inf=3.651368e-08  r/r0=2.8324e-06
[mg]   it 644  |r|inf=3.647560e-08  r/r0=2.8294e-06
[mg]   it 645  |r|inf=3.643428e-08  r/r0=2.8262e-06
[mg]   it 646  |r|inf=3.638975e-08  r/r0=2.8228e-06
[mg]   it 647  |r|inf=3.634204e-08  r/r0=2.8191e-06
[mg]   it 648  |r|inf=3.629118e-08  r/r0=2.8151e-06
[mg]   it 649  |r|inf=3.623719e-08  r/r0=2.8109e-06
[mg]   it 650  |r|inf=3.618011e-08  r/r0=2.8065e-06
[mg]   it 651  |r|inf=3.611997e-08  r/r0=2.8018e-06
[mg]   it 652  |r|inf=3.605680e-08  r/r0=2.7969e-06
[mg]   it 653  |r|inf=3.599063e-08  r/r0=2.7918e-06
[mg]   it 654  |r|inf=3.592150e-08  r/r0=2.7864e-06
[mg]   it 655  |r|inf=3.584943e-08  r/r0=2.7809e-06
[mg]   it 656  |r|inf=3.577445e-08  r/r0=2.7750e-06
[mg]   it 657  |r|inf=3.569661e-08  r/r0=2.7690e-06
[mg]   it 658  |r|inf=3.561592e-08  r/r0=2.7627e-06
[mg]   it 659  |r|inf=3.553243e-08  r/r0=2.7563e-06
[mg]   it 660  |r|inf=3.544617e-08  r/r0=2.7496e-06
[mg]   it 661  |r|inf=3.535716e-08  r/r0=2.7427e-06
[mg]   it 662  |r|inf=3.526545e-08  r/r0=2.7356e-06
[mg]   it 663  |r|inf=3.517106e-08  r/r0=2.7282e-06
[mg]   it 664  |r|inf=3.507402e-08  r/r0=2.7207e-06
[mg]   it 665  |r|inf=3.497438e-08  r/r0=2.7130e-06
[mg]   it 666  |r|inf=3.487216e-08  r/r0=2.7050e-06
[mg]   it 667  |r|inf=3.476740e-08  r/r0=2.6969e-06
[mg]   it 668  |r|inf=3.466013e-08  r/r0=2.6886e-06
[mg]   it 669  |r|inf=3.455038e-08  r/r0=2.6801e-06
[mg]   it 670  |r|inf=3.443819e-08  r/r0=2.6714e-06
[mg]   it 671  |r|inf=3.432359e-08  r/r0=2.6625e-06
[mg]   it 672  |r|inf=3.420661e-08  r/r0=2.6534e-06
[mg]   it 673  |r|inf=3.408728e-08  r/r0=2.6442e-06
[mg]   it 674  |r|inf=3.396564e-08  r/r0=2.6347e-06
[mg]   it 675  |r|inf=3.384173e-08  r/r0=2.6251e-06
[mg]   it 676  |r|inf=3.371557e-08  r/r0=2.6153e-06
[mg]   it 677  |r|inf=3.358719e-08  r/r0=2.6054e-06
[mg]   it 678  |r|inf=3.345663e-08  r/r0=2.5952e-06
[mg]   it 679  |r|inf=3.332393e-08  r/r0=2.5849e-06
[mg]   it 680  |r|inf=3.318911e-08  r/r0=2.5745e-06
[mg]   it 681  |r|inf=3.305220e-08  r/r0=2.5639e-06
[mg]   it 682  |r|inf=3.291325e-08  r/r0=2.5531e-06
[mg]   it 683  |r|inf=3.277227e-08  r/r0=2.5422e-06
[mg]   it 684  |r|inf=3.262931e-08  r/r0=2.5311e-06
[mg]   it 685  |r|inf=3.248439e-08  r/r0=2.5198e-06
[mg]   it 686  |r|inf=3.233754e-08  r/r0=2.5084e-06
[mg]   it 687  |r|inf=3.218880e-08  r/r0=2.4969e-06
[mg]   it 688  |r|inf=3.203820e-08  r/r0=2.4852e-06
[mg]   it 689  |r|inf=3.188576e-08  r/r0=2.4734e-06
[mg]   it 690  |r|inf=3.173153e-08  r/r0=2.4614e-06
[mg]   it 691  |r|inf=3.157552e-08  r/r0=2.4493e-06
[mg]   it 692  |r|inf=3.141777e-08  r/r0=2.4371e-06
[mg]   it 693  |r|inf=3.125831e-08  r/r0=2.4247e-06
[mg]   it 694  |r|inf=3.109717e-08  r/r0=2.4122e-06
[mg]   it 695  |r|inf=3.093438e-08  r/r0=2.3996e-06
[mg]   it 696  |r|inf=3.076997e-08  r/r0=2.3868e-06
[mg]   it 697  |r|inf=3.060396e-08  r/r0=2.3740e-06
[mg]   it 698  |r|inf=3.043638e-08  r/r0=2.3610e-06
[mg]   it 699  |r|inf=3.026727e-08  r/r0=2.3478e-06
[mg]   it 700  |r|inf=3.009666e-08  r/r0=2.3346e-06
[mg]   it 701  |r|inf=2.992456e-08  r/r0=2.3213e-06
[mg]   it 702  |r|inf=2.975101e-08  r/r0=2.3078e-06
[mg]   it 703  |r|inf=2.957603e-08  r/r0=2.2942e-06
[mg]   it 704  |r|inf=2.939965e-08  r/r0=2.2805e-06
[mg]   it 705  |r|inf=2.922190e-08  r/r0=2.2668e-06
[mg]   it 706  |r|inf=2.904281e-08  r/r0=2.2529e-06
[mg]   it 707  |r|inf=2.886240e-08  r/r0=2.2389e-06
[mg]   it 708  |r|inf=2.868070e-08  r/r0=2.2248e-06
[mg]   it 709  |r|inf=2.849772e-08  r/r0=2.2106e-06
[mg]   it 710  |r|inf=2.831351e-08  r/r0=2.1963e-06
[mg]   it 711  |r|inf=2.812808e-08  r/r0=2.1819e-06
[mg]   it 712  |r|inf=2.794146e-08  r/r0=2.1674e-06
[mg]   it 713  |r|inf=2.775366e-08  r/r0=2.1529e-06
[mg]   it 714  |r|inf=2.756473e-08  r/r0=2.1382e-06
[mg]   it 715  |r|inf=2.737467e-08  r/r0=2.1235e-06
[mg]   it 716  |r|inf=2.718352e-08  r/r0=2.1086e-06
[mg]   it 717  |r|inf=2.699130e-08  r/r0=2.0937e-06
[mg]   it 718  |r|inf=2.679802e-08  r/r0=2.0787e-06
[mg]   it 719  |r|inf=2.660372e-08  r/r0=2.0637e-06
[mg]   it 720  |r|inf=2.640842e-08  r/r0=2.0485e-06
[mg]   it 721  |r|inf=2.621213e-08  r/r0=2.0333e-06
[mg]   it 722  |r|inf=2.622137e-08  r/r0=2.0340e-06
[mg]   it 723  |r|inf=2.646679e-08  r/r0=2.0530e-06
[mg]   it 724  |r|inf=2.670994e-08  r/r0=2.0719e-06
[mg]   it 725  |r|inf=2.695083e-08  r/r0=2.0906e-06
[mg]   it 726  |r|inf=2.718945e-08  r/r0=2.1091e-06
[mg]   it 727  |r|inf=2.742582e-08  r/r0=2.1274e-06
[mg]   it 728  |r|inf=2.765994e-08  r/r0=2.1456e-06
[mg]   it 729  |r|inf=2.789180e-08  r/r0=2.1636e-06
[mg]   it 730  |r|inf=2.812143e-08  r/r0=2.1814e-06
[mg]   it 731  |r|inf=2.834881e-08  r/r0=2.1990e-06
[mg]   it 732  |r|inf=2.857396e-08  r/r0=2.2165e-06
[mg]   it 733  |r|inf=2.879688e-08  r/r0=2.2338e-06
[mg]   it 734  |r|inf=2.901758e-08  r/r0=2.2509e-06
[mg]   it 735  |r|inf=2.923607e-08  r/r0=2.2679e-06
[mg]   it 736  |r|inf=2.945234e-08  r/r0=2.2846e-06
[mg]   it 737  |r|inf=2.966640e-08  r/r0=2.3012e-06
[mg]   it 738  |r|inf=2.987827e-08  r/r0=2.3177e-06
[mg]   it 739  |r|inf=3.008794e-08  r/r0=2.3339e-06
[mg]   it 740  |r|inf=3.029543e-08  r/r0=2.3500e-06
[mg]   it 741  |r|inf=3.050074e-08  r/r0=2.3660e-06
[mg]   it 742  |r|inf=3.070387e-08  r/r0=2.3817e-06
[mg]   it 743  |r|inf=3.090484e-08  r/r0=2.3973e-06
[mg]   it 744  |r|inf=3.110365e-08  r/r0=2.4127e-06
[mg]   it 745  |r|inf=3.130030e-08  r/r0=2.4280e-06
[mg]   it 746  |r|inf=3.149481e-08  r/r0=2.4431e-06
[mg]   it 747  |r|inf=3.168718e-08  r/r0=2.4580e-06
[mg]   it 748  |r|inf=3.187742e-08  r/r0=2.4727e-06
[mg]   it 749  |r|inf=3.206553e-08  r/r0=2.4873e-06
[mg]   it 750  |r|inf=3.225153e-08  r/r0=2.5018e-06
[mg]   it 751  |r|inf=3.243541e-08  r/r0=2.5160e-06
[mg]   it 752  |r|inf=3.261719e-08  r/r0=2.5301e-06
[mg]   it 753  |r|inf=3.279688e-08  r/r0=2.5441e-06
[mg]   it 754  |r|inf=3.297448e-08  r/r0=2.5578e-06
[mg]   it 755  |r|inf=3.315000e-08  r/r0=2.5715e-06
[mg]   it 756  |r|inf=3.332345e-08  r/r0=2.5849e-06
[mg]   it 757  |r|inf=3.349484e-08  r/r0=2.5982e-06
[mg]   it 758  |r|inf=3.366416e-08  r/r0=2.6113e-06
[mg]   it 759  |r|inf=3.383144e-08  r/r0=2.6243e-06
[mg]   it 760  |r|inf=3.399667e-08  r/r0=2.6371e-06
[mg]   it 761  |r|inf=3.415987e-08  r/r0=2.6498e-06
[mg]   it 762  |r|inf=3.432105e-08  r/r0=2.6623e-06
[mg]   it 763  |r|inf=3.448020e-08  r/r0=2.6746e-06
[mg]   it 764  |r|inf=3.463735e-08  r/r0=2.6868e-06
[mg]   it 765  |r|inf=3.479249e-08  r/r0=2.6989e-06
[mg]   it 766  |r|inf=3.494564e-08  r/r0=2.7107e-06
[mg]   it 767  |r|inf=3.509679e-08  r/r0=2.7225e-06
[mg]   it 768  |r|inf=3.524597e-08  r/r0=2.7340e-06
[mg]   it 769  |r|inf=3.539318e-08  r/r0=2.7455e-06
[mg]   it 770  |r|inf=3.553842e-08  r/r0=2.7567e-06
[mg]   it 771  |r|inf=3.568170e-08  r/r0=2.7678e-06
[mg]   it 772  |r|inf=3.582304e-08  r/r0=2.7788e-06
[mg]   it 773  |r|inf=3.596243e-08  r/r0=2.7896e-06
[mg]   it 774  |r|inf=3.609989e-08  r/r0=2.8003e-06
[mg]   it 775  |r|inf=3.623542e-08  r/r0=2.8108e-06
[mg]   it 776  |r|inf=3.636903e-08  r/r0=2.8212e-06
[mg]   it 777  |r|inf=3.650073e-08  r/r0=2.8314e-06
[mg]   it 778  |r|inf=3.663053e-08  r/r0=2.8414e-06
[mg]   it 779  |r|inf=3.675843e-08  r/r0=2.8514e-06
[mg]   it 780  |r|inf=3.688444e-08  r/r0=2.8611e-06
[mg]   it 781  |r|inf=3.700857e-08  r/r0=2.8708e-06
[mg]   it 782  |r|inf=3.713083e-08  r/r0=2.8802e-06
[mg]   it 783  |r|inf=3.725121e-08  r/r0=2.8896e-06
[mg]   it 784  |r|inf=3.736974e-08  r/r0=2.8988e-06
[mg]   it 785  |r|inf=3.748641e-08  r/r0=2.9078e-06
[mg]   it 786  |r|inf=3.760124e-08  r/r0=2.9167e-06
[mg]   it 787  |r|inf=3.771423e-08  r/r0=2.9255e-06
[mg]   it 788  |r|inf=3.782539e-08  r/r0=2.9341e-06
[mg]   it 789  |r|inf=3.793473e-08  r/r0=2.9426e-06
[mg]   it 790  |r|inf=3.804224e-08  r/r0=2.9509e-06
[mg]   it 791  |r|inf=3.814795e-08  r/r0=2.9591e-06
[mg]   it 792  |r|inf=3.825185e-08  r/r0=2.9672e-06
[mg]   it 793  |r|inf=3.835395e-08  r/r0=2.9751e-06
[mg]   it 794  |r|inf=3.845426e-08  r/r0=2.9829e-06
[mg]   it 795  |r|inf=3.855279e-08  r/r0=2.9906e-06
[mg]   it 796  |r|inf=3.864954e-08  r/r0=2.9981e-06
[mg]   it 797  |r|inf=3.874452e-08  r/r0=3.0054e-06
[mg]   it 798  |r|inf=3.883774e-08  r/r0=3.0127e-06
[mg]   it 799  |r|inf=3.892919e-08  r/r0=3.0197e-06
[mg]   it 800  |r|inf=3.901890e-08  r/r0=3.0267e-06
[mg]   it 801  |r|inf=3.910686e-08  r/r0=3.0335e-06
[mg]   it 802  |r|inf=3.919308e-08  r/r0=3.0402e-06
[mg]   it 803  |r|inf=3.927757e-08  r/r0=3.0468e-06
[mg]   it 804  |r|inf=3.936033e-08  r/r0=3.0532e-06
[mg]   it 805  |r|inf=3.944136e-08  r/r0=3.0595e-06
[mg]   it 806  |r|inf=3.952069e-08  r/r0=3.0656e-06
[mg]   it 807  |r|inf=3.959830e-08  r/r0=3.0717e-06
[mg]   it 808  |r|inf=3.967421e-08  r/r0=3.0775e-06
[mg]   it 809  |r|inf=3.974843e-08  r/r0=3.0833e-06
[mg]   it 810  |r|inf=3.982095e-08  r/r0=3.0889e-06
[mg]   it 811  |r|inf=3.989178e-08  r/r0=3.0944e-06
[mg]   it 812  |r|inf=3.996093e-08  r/r0=3.0998e-06
[mg]   it 813  |r|inf=4.002841e-08  r/r0=3.1050e-06
[mg]   it 814  |r|inf=4.009422e-08  r/r0=3.1101e-06
[mg]   it 815  |r|inf=4.015836e-08  r/r0=3.1151e-06
[mg]   it 816  |r|inf=4.022084e-08  r/r0=3.1199e-06
[mg]   it 817  |r|inf=4.028167e-08  r/r0=3.1247e-06
[mg]   it 818  |r|inf=4.034085e-08  r/r0=3.1293e-06
[mg]   it 819  |r|inf=4.039839e-08  r/r0=3.1337e-06
[mg]   it 820  |r|inf=4.045428e-08  r/r0=3.1381e-06
[mg]   it 821  |r|inf=4.050855e-08  r/r0=3.1423e-06
[mg]   it 822  |r|inf=4.056118e-08  r/r0=3.1463e-06
[mg]   it 823  |r|inf=4.061219e-08  r/r0=3.1503e-06
[mg]   it 824  |r|inf=4.066158e-08  r/r0=3.1541e-06
[mg]   it 825  |r|inf=4.070935e-08  r/r0=3.1578e-06
[mg]   it 826  |r|inf=4.075552e-08  r/r0=3.1614e-06
[mg]   it 827  |r|inf=4.080008e-08  r/r0=3.1649e-06
[mg]   it 828  |r|inf=4.084304e-08  r/r0=3.1682e-06
[mg]   it 829  |r|inf=4.088440e-08  r/r0=3.1714e-06
[mg]   it 830  |r|inf=4.092417e-08  r/r0=3.1745e-06
[mg]   it 831  |r|inf=4.096235e-08  r/r0=3.1775e-06
[mg]   it 832  |r|inf=4.099895e-08  r/r0=3.1803e-06
[mg]   it 833  |r|inf=4.103397e-08  r/r0=3.1830e-06
[mg]   it 834  |r|inf=4.106741e-08  r/r0=3.1856e-06
[mg]   it 835  |r|inf=4.109928e-08  r/r0=3.1881e-06
[mg]   it 836  |r|inf=4.112959e-08  r/r0=3.1904e-06
[mg]   it 837  |r|inf=4.115833e-08  r/r0=3.1927e-06
[mg]   it 838  |r|inf=4.118552e-08  r/r0=3.1948e-06
[mg]   it 839  |r|inf=4.121115e-08  r/r0=3.1968e-06
[mg]   it 840  |r|inf=4.123523e-08  r/r0=3.1986e-06
[mg]   it 841  |r|inf=4.125776e-08  r/r0=3.2004e-06
[mg]   it 842  |r|inf=4.127875e-08  r/r0=3.2020e-06
[mg]   it 843  |r|inf=4.129820e-08  r/r0=3.2035e-06
[mg]   it 844  |r|inf=4.131611e-08  r/r0=3.2049e-06
[mg]   it 845  |r|inf=4.133249e-08  r/r0=3.2062e-06
[mg]   it 846  |r|inf=4.134734e-08  r/r0=3.2073e-06
[mg]   it 847  |r|inf=4.136067e-08  r/r0=3.2084e-06
[mg]   it 848  |r|inf=4.137247e-08  r/r0=3.2093e-06
[mg]   it 849  |r|inf=4.138276e-08  r/r0=3.2101e-06
[mg]   it 850  |r|inf=4.139153e-08  r/r0=3.2108e-06
[mg]   it 851  |r|inf=4.139879e-08  r/r0=3.2113e-06
[mg]   it 852  |r|inf=4.140454e-08  r/r0=3.2118e-06
[mg]   it 853  |r|inf=4.140879e-08  r/r0=3.2121e-06
[mg]   it 854  |r|inf=4.141153e-08  r/r0=3.2123e-06
[mg]   it 855  |r|inf=4.141278e-08  r/r0=3.2124e-06
[mg]   it 856  |r|inf=4.141253e-08  r/r0=3.2124e-06
[mg]   it 857  |r|inf=4.141079e-08  r/r0=3.2122e-06
[mg]   it 858  |r|inf=4.140757e-08  r/r0=3.2120e-06
[mg]   it 859  |r|inf=4.144772e-08  r/r0=3.2151e-06
[mg]   it 860  |r|inf=4.156096e-08  r/r0=3.2239e-06
[mg]   it 861  |r|inf=4.167265e-08  r/r0=3.2326e-06
[mg]   it 862  |r|inf=4.178278e-08  r/r0=3.2411e-06
[mg]   it 863  |r|inf=4.189135e-08  r/r0=3.2495e-06
[mg]   it 864  |r|inf=4.199837e-08  r/r0=3.2578e-06
[mg]   it 865  |r|inf=4.210383e-08  r/r0=3.2660e-06
[mg]   it 866  |r|inf=4.220773e-08  r/r0=3.2741e-06
[mg]   it 867  |r|inf=4.231008e-08  r/r0=3.2820e-06
[mg]   it 868  |r|inf=4.241087e-08  r/r0=3.2898e-06
[mg]   it 869  |r|inf=4.251011e-08  r/r0=3.2975e-06
[mg]   it 870  |r|inf=4.260780e-08  r/r0=3.3051e-06
[mg]   it 871  |r|inf=4.270393e-08  r/r0=3.3126e-06
[mg]   it 872  |r|inf=4.279850e-08  r/r0=3.3199e-06
[mg]   it 873  |r|inf=4.289152e-08  r/r0=3.3271e-06
[mg]   it 874  |r|inf=4.298299e-08  r/r0=3.3342e-06
[mg]   it 875  |r|inf=4.307290e-08  r/r0=3.3412e-06
[mg]   it 876  |r|inf=4.316126e-08  r/r0=3.3480e-06
[mg]   it 877  |r|inf=4.324807e-08  r/r0=3.3548e-06
[mg]   it 878  |r|inf=4.333332e-08  r/r0=3.3614e-06
[mg]   it 879  |r|inf=4.341701e-08  r/r0=3.3679e-06
[mg]   it 880  |r|inf=4.349915e-08  r/r0=3.3742e-06
[mg]   it 881  |r|inf=4.357974e-08  r/r0=3.3805e-06
[mg]   it 882  |r|inf=4.365877e-08  r/r0=3.3866e-06
[mg]   it 883  |r|inf=4.373625e-08  r/r0=3.3926e-06
[mg]   it 884  |r|inf=4.381217e-08  r/r0=3.3985e-06
[mg]   it 885  |r|inf=4.388654e-08  r/r0=3.4043e-06
[mg]   it 886  |r|inf=4.395935e-08  r/r0=3.4099e-06
[mg]   it 887  |r|inf=4.403061e-08  r/r0=3.4155e-06
[mg]   it 888  |r|inf=4.410031e-08  r/r0=3.4209e-06
[mg]   it 889  |r|inf=4.416846e-08  r/r0=3.4262e-06
[mg]   it 890  |r|inf=4.423505e-08  r/r0=3.4313e-06
[mg]   it 891  |r|inf=4.430008e-08  r/r0=3.4364e-06
[mg]   it 892  |r|inf=4.436356e-08  r/r0=3.4413e-06
[mg]   it 893  |r|inf=4.442549e-08  r/r0=3.4461e-06
[mg]   it 894  |r|inf=4.448585e-08  r/r0=3.4508e-06
[mg]   it 895  |r|inf=4.454466e-08  r/r0=3.4553e-06
[mg]   it 896  |r|inf=4.460191e-08  r/r0=3.4598e-06
[mg]   it 897  |r|inf=4.465761e-08  r/r0=3.4641e-06
[mg]   it 898  |r|inf=4.471175e-08  r/r0=3.4683e-06
[mg]   it 899  |r|inf=4.476433e-08  r/r0=3.4724e-06
[mg]   it 900  |r|inf=4.481535e-08  r/r0=3.4763e-06
[mg]   it 901  |r|inf=4.486482e-08  r/r0=3.4802e-06
[mg]   it 902  |r|inf=4.491272e-08  r/r0=3.4839e-06
[mg]   it 903  |r|inf=4.495907e-08  r/r0=3.4875e-06
[mg]   it 904  |r|inf=4.500386e-08  r/r0=3.4910e-06
[mg]   it 905  |r|inf=4.504710e-08  r/r0=3.4943e-06
[mg]   it 906  |r|inf=4.508877e-08  r/r0=3.4975e-06
[mg]   it 907  |r|inf=4.512889e-08  r/r0=3.5007e-06
[mg]   it 908  |r|inf=4.516744e-08  r/r0=3.5037e-06
[mg]   it 909  |r|inf=4.520444e-08  r/r0=3.5065e-06
[mg]   it 910  |r|inf=4.523988e-08  r/r0=3.5093e-06
[mg]   it 911  |r|inf=4.527376e-08  r/r0=3.5119e-06
[mg]   it 912  |r|inf=4.530608e-08  r/r0=3.5144e-06
[mg]   it 913  |r|inf=4.533684e-08  r/r0=3.5168e-06
[mg]   it 914  |r|inf=4.536604e-08  r/r0=3.5191e-06
[mg]   it 915  |r|inf=4.539369e-08  r/r0=3.5212e-06
[mg]   it 916  |r|inf=4.541977e-08  r/r0=3.5232e-06
[mg]   it 917  |r|inf=4.544430e-08  r/r0=3.5251e-06
[mg]   it 918  |r|inf=4.546726e-08  r/r0=3.5269e-06
[mg]   it 919  |r|inf=4.548867e-08  r/r0=3.5286e-06
[mg]   it 920  |r|inf=4.550852e-08  r/r0=3.5301e-06
[mg]   it 921  |r|inf=4.552681e-08  r/r0=3.5315e-06
[mg]   it 922  |r|inf=4.554355e-08  r/r0=3.5328e-06
[mg]   it 923  |r|inf=4.555872e-08  r/r0=3.5340e-06
[mg]   it 924  |r|inf=4.557234e-08  r/r0=3.5351e-06
[mg]   it 925  |r|inf=4.558440e-08  r/r0=3.5360e-06
[mg]   it 926  |r|inf=4.559490e-08  r/r0=3.5368e-06
[mg]   it 927  |r|inf=4.560385e-08  r/r0=3.5375e-06
[mg]   it 928  |r|inf=4.561124e-08  r/r0=3.5381e-06
[mg]   it 929  |r|inf=4.561708e-08  r/r0=3.5385e-06
[mg]   it 930  |r|inf=4.562136e-08  r/r0=3.5389e-06
[mg]   it 931  |r|inf=4.562408e-08  r/r0=3.5391e-06
[mg]   it 932  |r|inf=4.562525e-08  r/r0=3.5392e-06
[mg]   it 933  |r|inf=4.562487e-08  r/r0=3.5391e-06
[mg]   it 934  |r|inf=4.562294e-08  r/r0=3.5390e-06
[mg]   it 935  |r|inf=4.561945e-08  r/r0=3.5387e-06
[mg]   it 936  |r|inf=4.561441e-08  r/r0=3.5383e-06
[mg]   it 937  |r|inf=4.560783e-08  r/r0=3.5378e-06
[mg]   it 938  |r|inf=4.559969e-08  r/r0=3.5372e-06
[mg]   it 939  |r|inf=4.559000e-08  r/r0=3.5364e-06
[mg]   it 940  |r|inf=4.557877e-08  r/r0=3.5356e-06
[mg]   it 941  |r|inf=4.556599e-08  r/r0=3.5346e-06
[mg]   it 942  |r|inf=4.555166e-08  r/r0=3.5335e-06
[mg]   it 943  |r|inf=4.553579e-08  r/r0=3.5322e-06
[mg]   it 944  |r|inf=4.551838e-08  r/r0=3.5309e-06
[mg]   it 945  |r|inf=4.549942e-08  r/r0=3.5294e-06
[mg]   it 946  |r|inf=4.547893e-08  r/r0=3.5278e-06
[mg]   it 947  |r|inf=4.545689e-08  r/r0=3.5261e-06
[mg]   it 948  |r|inf=4.543332e-08  r/r0=3.5243e-06
[mg]   it 949  |r|inf=4.540821e-08  r/r0=3.5223e-06
[mg]   it 950  |r|inf=4.538156e-08  r/r0=3.5203e-06
[mg]   it 951  |r|inf=4.535338e-08  r/r0=3.5181e-06
[mg]   it 952  |r|inf=4.532367e-08  r/r0=3.5158e-06
[mg]   it 953  |r|inf=4.529243e-08  r/r0=3.5133e-06
[mg]   it 954  |r|inf=4.525966e-08  r/r0=3.5108e-06
[mg]   it 955  |r|inf=4.522537e-08  r/r0=3.5081e-06
[mg]   it 956  |r|inf=4.518955e-08  r/r0=3.5054e-06
[mg]   it 957  |r|inf=4.515221e-08  r/r0=3.5025e-06
[mg]   it 958  |r|inf=4.511334e-08  r/r0=3.4995e-06
[mg]   it 959  |r|inf=4.507296e-08  r/r0=3.4963e-06
[mg]   it 960  |r|inf=4.503106e-08  r/r0=3.4931e-06
[mg]   it 961  |r|inf=4.498765e-08  r/r0=3.4897e-06
[mg]   it 962  |r|inf=4.494272e-08  r/r0=3.4862e-06
[mg]   it 963  |r|inf=4.489629e-08  r/r0=3.4826e-06
[mg]   it 964  |r|inf=4.484835e-08  r/r0=3.4789e-06
[mg]   it 965  |r|inf=4.479890e-08  r/r0=3.4751e-06
[mg]   it 966  |r|inf=4.474796e-08  r/r0=3.4711e-06
[mg]   it 967  |r|inf=4.469551e-08  r/r0=3.4670e-06
[mg]   it 968  |r|inf=4.464157e-08  r/r0=3.4629e-06
[mg]   it 969  |r|inf=4.458613e-08  r/r0=3.4586e-06
[mg]   it 970  |r|inf=4.452920e-08  r/r0=3.4541e-06
[mg]   it 971  |r|inf=4.447079e-08  r/r0=3.4496e-06
[mg]   it 972  |r|inf=4.441089e-08  r/r0=3.4450e-06
[mg]   it 973  |r|inf=4.434950e-08  r/r0=3.4402e-06
[mg]   it 974  |r|inf=4.428664e-08  r/r0=3.4353e-06
[mg]   it 975  |r|inf=4.422231e-08  r/r0=3.4303e-06
[mg]   it 976  |r|inf=4.415650e-08  r/r0=3.4252e-06
[mg]   it 977  |r|inf=4.408922e-08  r/r0=3.4200e-06
[mg]   it 978  |r|inf=4.402048e-08  r/r0=3.4147e-06
[mg]   it 979  |r|inf=4.395028e-08  r/r0=3.4092e-06
[mg]   it 980  |r|inf=4.387861e-08  r/r0=3.4037e-06
[mg]   it 981  |r|inf=4.380550e-08  r/r0=3.3980e-06
[mg]   it 982  |r|inf=4.373093e-08  r/r0=3.3922e-06
[mg]   it 983  |r|inf=4.365492e-08  r/r0=3.3863e-06
[mg]   it 984  |r|inf=4.357746e-08  r/r0=3.3803e-06
[mg]   it 985  |r|inf=4.349857e-08  r/r0=3.3742e-06
[mg]   it 986  |r|inf=4.341824e-08  r/r0=3.3680e-06
[mg]   it 987  |r|inf=4.333648e-08  r/r0=3.3616e-06
[mg]   it 988  |r|inf=4.325330e-08  r/r0=3.3552e-06
[mg]   it 989  |r|inf=4.316869e-08  r/r0=3.3486e-06
[mg]   it 990  |r|inf=4.308267e-08  r/r0=3.3419e-06
[mg]   it 991  |r|inf=4.299523e-08  r/r0=3.3352e-06
[mg]   it 992  |r|inf=4.290639e-08  r/r0=3.3283e-06
[mg]   it 993  |r|inf=4.281614e-08  r/r0=3.3213e-06
[mg]   it 994  |r|inf=4.272450e-08  r/r0=3.3142e-06
[mg]   it 995  |r|inf=4.263146e-08  r/r0=3.3069e-06
[mg]   it 996  |r|inf=4.253703e-08  r/r0=3.2996e-06
[mg]   it 997  |r|inf=4.244121e-08  r/r0=3.2922e-06
[mg]   it 998  |r|inf=4.234402e-08  r/r0=3.2846e-06
[mg]   it 999  |r|inf=4.224546e-08  r/r0=3.2770e-06
[mg]   it 1000  |r|inf=4.214553e-08  r/r0=3.2692e-06
[mg]   it 1001  |r|inf=4.204423e-08  r/r0=3.2614e-06
[mg]   it 1002  |r|inf=4.194158e-08  r/r0=3.2534e-06
[mg]   it 1003  |r|inf=4.183757e-08  r/r0=3.2454e-06
[mg]   it 1004  |r|inf=4.173222e-08  r/r0=3.2372e-06
[mg]   it 1005  |r|inf=4.162552e-08  r/r0=3.2289e-06
[mg]   it 1006  |r|inf=4.151749e-08  r/r0=3.2205e-06
[mg]   it 1007  |r|inf=4.140814e-08  r/r0=3.2120e-06
[mg]   it 1008  |r|inf=4.129745e-08  r/r0=3.2035e-06
[mg]   it 1009  |r|inf=4.118545e-08  r/r0=3.1948e-06
[mg]   it 1010  |r|inf=4.107214e-08  r/r0=3.1860e-06
[mg]   it 1011  |r|inf=4.095753e-08  r/r0=3.1771e-06
[mg]   it 1012  |r|inf=4.084161e-08  r/r0=3.1681e-06
[mg]   it 1013  |r|inf=4.072440e-08  r/r0=3.1590e-06
[mg]   it 1014  |r|inf=4.060590e-08  r/r0=3.1498e-06
[mg]   it 1015  |r|inf=4.048613e-08  r/r0=3.1405e-06
[mg]   it 1016  |r|inf=4.036508e-08  r/r0=3.1311e-06
[mg]   it 1017  |r|inf=4.024276e-08  r/r0=3.1216e-06
[mg]   it 1018  |r|inf=4.011918e-08  r/r0=3.1121e-06
[mg]   it 1019  |r|inf=3.999435e-08  r/r0=3.1024e-06
[mg]   it 1020  |r|inf=3.986827e-08  r/r0=3.0926e-06
[mg]   it 1021  |r|inf=3.974095e-08  r/r0=3.0827e-06
[mg]   it 1022  |r|inf=3.961240e-08  r/r0=3.0727e-06
[mg]   it 1023  |r|inf=3.948262e-08  r/r0=3.0627e-06
[mg]   it 1024  |r|inf=3.935162e-08  r/r0=3.0525e-06
[mg]   it 1025  |r|inf=3.921941e-08  r/r0=3.0423e-06
[mg]   it 1026  |r|inf=3.908599e-08  r/r0=3.0319e-06
[mg]   it 1027  |r|inf=3.895138e-08  r/r0=3.0215e-06
[mg]   it 1028  |r|inf=3.881558e-08  r/r0=3.0109e-06
[mg]   it 1029  |r|inf=3.867859e-08  r/r0=3.0003e-06
[mg]   it 1030  |r|inf=3.854043e-08  r/r0=2.9896e-06
[mg]   it 1031  |r|inf=3.840110e-08  r/r0=2.9788e-06
[mg]   it 1032  |r|inf=3.826061e-08  r/r0=2.9679e-06
[mg]   it 1033  |r|inf=3.811896e-08  r/r0=2.9569e-06
[mg]   it 1034  |r|inf=3.797618e-08  r/r0=2.9458e-06
[mg]   it 1035  |r|inf=3.783225e-08  r/r0=2.9347e-06
[mg]   it 1036  |r|inf=3.768719e-08  r/r0=2.9234e-06
[mg]   it 1037  |r|inf=3.754102e-08  r/r0=2.9121e-06
[mg]   it 1038  |r|inf=3.739373e-08  r/r0=2.9006e-06
[mg]   it 1039  |r|inf=3.724533e-08  r/r0=2.8891e-06
[mg]   it 1040  |r|inf=3.709584e-08  r/r0=2.8775e-06
[mg]   it 1041  |r|inf=3.694526e-08  r/r0=2.8659e-06
[mg]   it 1042  |r|inf=3.679360e-08  r/r0=2.8541e-06
[mg]   it 1043  |r|inf=3.664086e-08  r/r0=2.8422e-06
[mg]   it 1044  |r|inf=3.648706e-08  r/r0=2.8303e-06
[mg]   it 1045  |r|inf=3.633221e-08  r/r0=2.8183e-06
[mg]   it 1046  |r|inf=3.617630e-08  r/r0=2.8062e-06
[mg]   it 1047  |r|inf=3.601936e-08  r/r0=2.7940e-06
[mg]   it 1048  |r|inf=3.586139e-08  r/r0=2.7818e-06
[mg]   it 1049  |r|inf=3.570239e-08  r/r0=2.7694e-06
[mg]   it 1050  |r|inf=3.554238e-08  r/r0=2.7570e-06
[mg]   it 1051  |r|inf=3.538137e-08  r/r0=2.7445e-06
[mg]   it 1052  |r|inf=3.521936e-08  r/r0=2.7320e-06
[mg]   it 1053  |r|inf=3.505636e-08  r/r0=2.7193e-06
[mg]   it 1054  |r|inf=3.493430e-08  r/r0=2.7099e-06
[mg]   it 1055  |r|inf=3.500129e-08  r/r0=2.7151e-06
[mg]   it 1056  |r|inf=3.506714e-08  r/r0=2.7202e-06
[mg]   it 1057  |r|inf=3.513185e-08  r/r0=2.7252e-06
[mg]   it 1058  |r|inf=3.519544e-08  r/r0=2.7301e-06
[mg]   it 1059  |r|inf=3.525789e-08  r/r0=2.7350e-06
[mg]   it 1060  |r|inf=3.531921e-08  r/r0=2.7397e-06
[mg]   it 1061  |r|inf=3.537940e-08  r/r0=2.7444e-06
[mg]   it 1062  |r|inf=3.543846e-08  r/r0=2.7490e-06
[mg]   it 1063  |r|inf=3.549638e-08  r/r0=2.7535e-06
[mg]   it 1064  |r|inf=3.555317e-08  r/r0=2.7579e-06
[mg]   it 1065  |r|inf=3.560883e-08  r/r0=2.7622e-06
[mg]   it 1066  |r|inf=3.566336e-08  r/r0=2.7664e-06
[mg]   it 1067  |r|inf=3.571677e-08  r/r0=2.7706e-06
[mg]   it 1068  |r|inf=3.576904e-08  r/r0=2.7746e-06
[mg]   it 1069  |r|inf=3.582018e-08  r/r0=2.7786e-06
[mg]   it 1070  |r|inf=3.587020e-08  r/r0=2.7825e-06
[mg]   it 1071  |r|inf=3.591909e-08  r/r0=2.7863e-06
[mg]   it 1072  |r|inf=3.596685e-08  r/r0=2.7900e-06
[mg]   it 1073  |r|inf=3.601349e-08  r/r0=2.7936e-06
[mg]   it 1074  |r|inf=3.605901e-08  r/r0=2.7971e-06
[mg]   it 1075  |r|inf=3.610340e-08  r/r0=2.8006e-06
[mg]   it 1076  |r|inf=3.614667e-08  r/r0=2.8039e-06
[mg]   it 1077  |r|inf=3.618882e-08  r/r0=2.8072e-06
[mg]   it 1078  |r|inf=3.622986e-08  r/r0=2.8104e-06
[mg]   it 1079  |r|inf=3.626977e-08  r/r0=2.8135e-06
[mg]   it 1080  |r|inf=3.630858e-08  r/r0=2.8165e-06
[mg]   it 1081  |r|inf=3.634626e-08  r/r0=2.8194e-06
[mg]   it 1082  |r|inf=3.638284e-08  r/r0=2.8222e-06
[mg]   it 1083  |r|inf=3.641830e-08  r/r0=2.8250e-06
[mg]   it 1084  |r|inf=3.645266e-08  r/r0=2.8276e-06
[mg]   it 1085  |r|inf=3.648591e-08  r/r0=2.8302e-06
[mg]   it 1086  |r|inf=3.651805e-08  r/r0=2.8327e-06
[mg]   it 1087  |r|inf=3.654910e-08  r/r0=2.8351e-06
[mg]   it 1088  |r|inf=3.657904e-08  r/r0=2.8374e-06
[mg]   it 1089  |r|inf=3.660788e-08  r/r0=2.8397e-06
[mg]   it 1090  |r|inf=3.663563e-08  r/r0=2.8418e-06
[mg]   it 1091  |r|inf=3.666228e-08  r/r0=2.8439e-06
[mg]   it 1092  |r|inf=3.668784e-08  r/r0=2.8459e-06
[mg]   it 1093  |r|inf=3.671231e-08  r/r0=2.8478e-06
[mg]   it 1094  |r|inf=3.673569e-08  r/r0=2.8496e-06
[mg]   it 1095  |r|inf=3.675799e-08  r/r0=2.8513e-06
[mg]   it 1096  |r|inf=3.677921e-08  r/r0=2.8530e-06
[mg]   it 1097  |r|inf=3.679935e-08  r/r0=2.8545e-06
[mg]   it 1098  |r|inf=3.681841e-08  r/r0=2.8560e-06
[mg]   it 1099  |r|inf=3.683640e-08  r/r0=2.8574e-06
[mg]   it 1100  |r|inf=3.685332e-08  r/r0=2.8587e-06
[mg]   it 1101  |r|inf=3.686917e-08  r/r0=2.8600e-06
[mg]   it 1102  |r|inf=3.688395e-08  r/r0=2.8611e-06
[mg]   it 1103  |r|inf=3.689767e-08  r/r0=2.8622e-06
[mg]   it 1104  |r|inf=3.691033e-08  r/r0=2.8631e-06
[mg]   it 1105  |r|inf=3.692194e-08  r/r0=2.8640e-06
[mg]   it 1106  |r|inf=3.693249e-08  r/r0=2.8649e-06
[mg]   it 1107  |r|inf=3.694200e-08  r/r0=2.8656e-06
[mg]   it 1108  |r|inf=3.695046e-08  r/r0=2.8663e-06
[mg]   it 1109  |r|inf=3.695787e-08  r/r0=2.8668e-06
[mg]   it 1110  |r|inf=3.696424e-08  r/r0=2.8673e-06
[mg]   it 1111  |r|inf=3.696958e-08  r/r0=2.8677e-06
[mg]   it 1112  |r|inf=3.697389e-08  r/r0=2.8681e-06
[mg]   it 1113  |r|inf=3.697717e-08  r/r0=2.8683e-06
[mg]   it 1114  |r|inf=3.697942e-08  r/r0=2.8685e-06
[mg]   it 1115  |r|inf=3.698064e-08  r/r0=2.8686e-06
[mg]   it 1116  |r|inf=3.698085e-08  r/r0=2.8686e-06
[mg]   it 1117  |r|inf=3.698005e-08  r/r0=2.8686e-06
[mg]   it 1118  |r|inf=3.697823e-08  r/r0=2.8684e-06
[mg]   it 1119  |r|inf=3.697541e-08  r/r0=2.8682e-06
[mg]   it 1120  |r|inf=3.697158e-08  r/r0=2.8679e-06
[mg]   it 1121  |r|inf=3.696676e-08  r/r0=2.8675e-06
[mg]   it 1122  |r|inf=3.696093e-08  r/r0=2.8671e-06
[mg]   it 1123  |r|inf=3.695412e-08  r/r0=2.8665e-06
[mg]   it 1124  |r|inf=3.694632e-08  r/r0=2.8659e-06
[mg]   it 1125  |r|inf=3.693753e-08  r/r0=2.8653e-06
[mg]   it 1126  |r|inf=3.692777e-08  r/r0=2.8645e-06
[mg]   it 1127  |r|inf=3.691703e-08  r/r0=2.8637e-06
[mg]   it 1128  |r|inf=3.690532e-08  r/r0=2.8628e-06
[mg]   it 1129  |r|inf=3.689264e-08  r/r0=2.8618e-06
[mg]   it 1130  |r|inf=3.687900e-08  r/r0=2.8607e-06
[mg]   it 1131  |r|inf=3.686440e-08  r/r0=2.8596e-06
[mg]   it 1132  |r|inf=3.684885e-08  r/r0=2.8584e-06
[mg]   it 1133  |r|inf=3.683235e-08  r/r0=2.8571e-06
[mg]   it 1134  |r|inf=3.681490e-08  r/r0=2.8557e-06
[mg]   it 1135  |r|inf=3.679651e-08  r/r0=2.8543e-06
[mg]   it 1136  |r|inf=3.677718e-08  r/r0=2.8528e-06
[mg]   it 1137  |r|inf=3.675692e-08  r/r0=2.8512e-06
[mg]   it 1138  |r|inf=3.673574e-08  r/r0=2.8496e-06
[mg]   it 1139  |r|inf=3.671363e-08  r/r0=2.8479e-06
[mg]   it 1140  |r|inf=3.669060e-08  r/r0=2.8461e-06
[mg]   it 1141  |r|inf=3.666666e-08  r/r0=2.8442e-06
[mg]   it 1142  |r|inf=3.664181e-08  r/r0=2.8423e-06
[mg]   it 1143  |r|inf=3.661606e-08  r/r0=2.8403e-06
[mg]   it 1144  |r|inf=3.658940e-08  r/r0=2.8383e-06
[mg]   it 1145  |r|inf=3.656185e-08  r/r0=2.8361e-06
[mg]   it 1146  |r|inf=3.653341e-08  r/r0=2.8339e-06
[mg]   it 1147  |r|inf=3.650408e-08  r/r0=2.8316e-06
[mg]   it 1148  |r|inf=3.647388e-08  r/r0=2.8293e-06
[mg]   it 1149  |r|inf=3.644279e-08  r/r0=2.8269e-06
[mg]   it 1150  |r|inf=3.641084e-08  r/r0=2.8244e-06
[mg]   it 1151  |r|inf=3.637802e-08  r/r0=2.8219e-06
[mg]   it 1152  |r|inf=3.634433e-08  r/r0=2.8192e-06
[mg]   it 1153  |r|inf=3.630979e-08  r/r0=2.8166e-06
[mg]   it 1154  |r|inf=3.627440e-08  r/r0=2.8138e-06
[mg]   it 1155  |r|inf=3.623816e-08  r/r0=2.8110e-06
[mg]   it 1156  |r|inf=3.620108e-08  r/r0=2.8081e-06
[mg]   it 1157  |r|inf=3.616316e-08  r/r0=2.8052e-06
[mg]   it 1158  |r|inf=3.612441e-08  r/r0=2.8022e-06
[mg]   it 1159  |r|inf=3.608483e-08  r/r0=2.7991e-06
[mg]   it 1160  |r|inf=3.604443e-08  r/r0=2.7960e-06
[mg]   it 1161  |r|inf=3.600321e-08  r/r0=2.7928e-06
[mg]   it 1162  |r|inf=3.596118e-08  r/r0=2.7895e-06
[mg]   it 1163  |r|inf=3.591834e-08  r/r0=2.7862e-06
[mg]   it 1164  |r|inf=3.587470e-08  r/r0=2.7828e-06
[mg]   it 1165  |r|inf=3.583026e-08  r/r0=2.7794e-06
[mg]   it 1166  |r|inf=3.578503e-08  r/r0=2.7759e-06
[mg]   it 1167  |r|inf=3.573902e-08  r/r0=2.7723e-06
[mg]   it 1168  |r|inf=3.569222e-08  r/r0=2.7687e-06
[mg]   it 1169  |r|inf=3.564464e-08  r/r0=2.7650e-06
[mg]   it 1170  |r|inf=3.559629e-08  r/r0=2.7612e-06
[mg]   it 1171  |r|inf=3.554718e-08  r/r0=2.7574e-06
[mg]   it 1172  |r|inf=3.549730e-08  r/r0=2.7535e-06
[mg]   it 1173  |r|inf=3.544667e-08  r/r0=2.7496e-06
[mg]   it 1174  |r|inf=3.539528e-08  r/r0=2.7456e-06
[mg]   it 1175  |r|inf=3.534315e-08  r/r0=2.7416e-06
[mg]   it 1176  |r|inf=3.529028e-08  r/r0=2.7375e-06
[mg]   it 1177  |r|inf=3.523667e-08  r/r0=2.7333e-06
[mg]   it 1178  |r|inf=3.518233e-08  r/r0=2.7291e-06
[mg]   it 1179  |r|inf=3.512726e-08  r/r0=2.7248e-06
[mg]   it 1180  |r|inf=3.507148e-08  r/r0=2.7205e-06
[mg]   it 1181  |r|inf=3.501497e-08  r/r0=2.7161e-06
[mg]   it 1182  |r|inf=3.495776e-08  r/r0=2.7117e-06
[mg]   it 1183  |r|inf=3.489984e-08  r/r0=2.7072e-06
[mg]   it 1184  |r|inf=3.484122e-08  r/r0=2.7026e-06
[mg]   it 1185  |r|inf=3.478190e-08  r/r0=2.6980e-06
[mg]   it 1186  |r|inf=3.472190e-08  r/r0=2.6934e-06
[mg]   it 1187  |r|inf=3.466121e-08  r/r0=2.6887e-06
[mg]   it 1188  |r|inf=3.459983e-08  r/r0=2.6839e-06
[mg]   it 1189  |r|inf=3.453779e-08  r/r0=2.6791e-06
[mg]   it 1190  |r|inf=3.447507e-08  r/r0=2.6742e-06
[mg]   it 1191  |r|inf=3.441169e-08  r/r0=2.6693e-06
[mg]   it 1192  |r|inf=3.434765e-08  r/r0=2.6644e-06
[mg]   it 1193  |r|inf=3.428295e-08  r/r0=2.6593e-06
[mg]   it 1194  |r|inf=3.421761e-08  r/r0=2.6543e-06
[mg]   it 1195  |r|inf=3.415162e-08  r/r0=2.6492e-06
[mg]   it 1196  |r|inf=3.408499e-08  r/r0=2.6440e-06
[mg]   it 1197  |r|inf=3.401772e-08  r/r0=2.6388e-06
[mg]   it 1198  |r|inf=3.394983e-08  r/r0=2.6335e-06
[mg]   it 1199  |r|inf=3.388131e-08  r/r0=2.6282e-06
[mg]   it 1200  |r|inf=3.381217e-08  r/r0=2.6228e-06
[mg]   it 1201  |r|inf=3.374242e-08  r/r0=2.6174e-06
[mg]   it 1202  |r|inf=3.367206e-08  r/r0=2.6120e-06
[mg]   it 1203  |r|inf=3.360109e-08  r/r0=2.6064e-06
[mg]   it 1204  |r|inf=3.352953e-08  r/r0=2.6009e-06
[mg]   it 1205  |r|inf=3.345736e-08  r/r0=2.5953e-06
[mg]   it 1206  |r|inf=3.338461e-08  r/r0=2.5897e-06
[mg]   it 1207  |r|inf=3.331128e-08  r/r0=2.5840e-06
[mg]   it 1208  |r|inf=3.323736e-08  r/r0=2.5782e-06
[mg]   it 1209  |r|inf=3.316287e-08  r/r0=2.5725e-06
[mg]   it 1210  |r|inf=3.308781e-08  r/r0=2.5666e-06
[mg]   it 1211  |r|inf=3.301218e-08  r/r0=2.5608e-06
[mg]   it 1212  |r|inf=3.293600e-08  r/r0=2.5549e-06
[mg]   it 1213  |r|inf=3.285926e-08  r/r0=2.5489e-06
[mg]   it 1214  |r|inf=3.278196e-08  r/r0=2.5429e-06
[mg]   it 1215  |r|inf=3.270412e-08  r/r0=2.5369e-06
[mg]   it 1216  |r|inf=3.262574e-08  r/r0=2.5308e-06
[mg]   it 1217  |r|inf=3.254683e-08  r/r0=2.5247e-06
[mg]   it 1218  |r|inf=3.246738e-08  r/r0=2.5185e-06
[mg]   it 1219  |r|inf=3.238740e-08  r/r0=2.5123e-06
[mg]   it 1220  |r|inf=3.230690e-08  r/r0=2.5061e-06
[mg]   it 1221  |r|inf=3.222589e-08  r/r0=2.4998e-06
[mg]   it 1222  |r|inf=3.214436e-08  r/r0=2.4934e-06
[mg]   it 1223  |r|inf=3.206232e-08  r/r0=2.4871e-06
[mg]   it 1224  |r|inf=3.197978e-08  r/r0=2.4807e-06
[mg]   it 1225  |r|inf=3.189674e-08  r/r0=2.4742e-06
[mg]   it 1226  |r|inf=3.181321e-08  r/r0=2.4678e-06
[mg]   it 1227  |r|inf=3.172919e-08  r/r0=2.4612e-06
[mg]   it 1228  |r|inf=3.164468e-08  r/r0=2.4547e-06
[mg]   it 1229  |r|inf=3.155969e-08  r/r0=2.4481e-06
[mg]   it 1230  |r|inf=3.147423e-08  r/r0=2.4415e-06
[mg]   it 1231  |r|inf=3.138829e-08  r/r0=2.4348e-06
[mg]   it 1232  |r|inf=3.130188e-08  r/r0=2.4281e-06
[mg]   it 1233  |r|inf=3.121502e-08  r/r0=2.4214e-06
[mg]   it 1234  |r|inf=3.112769e-08  r/r0=2.4146e-06
[mg]   it 1235  |r|inf=3.103991e-08  r/r0=2.4078e-06
[mg]   it 1236  |r|inf=3.095169e-08  r/r0=2.4009e-06
[mg]   it 1237  |r|inf=3.086301e-08  r/r0=2.3941e-06
[mg]   it 1238  |r|inf=3.077390e-08  r/r0=2.3871e-06
[mg]   it 1239  |r|inf=3.068435e-08  r/r0=2.3802e-06
[mg]   it 1240  |r|inf=3.059437e-08  r/r0=2.3732e-06
[mg]   it 1241  |r|inf=3.050396e-08  r/r0=2.3662e-06
[mg]   it 1242  |r|inf=3.041312e-08  r/r0=2.3592e-06
[mg]   it 1243  |r|inf=3.032187e-08  r/r0=2.3521e-06
[mg]   it 1244  |r|inf=3.023020e-08  r/r0=2.3450e-06
[mg]   it 1245  |r|inf=3.013812e-08  r/r0=2.3378e-06
[mg]   it 1246  |r|inf=3.004564e-08  r/r0=2.3306e-06
[mg]   it 1247  |r|inf=2.995275e-08  r/r0=2.3234e-06
[mg]   it 1248  |r|inf=2.985946e-08  r/r0=2.3162e-06
[mg]   it 1249  |r|inf=2.976578e-08  r/r0=2.3089e-06
[mg]   it 1250  |r|inf=2.967171e-08  r/r0=2.3016e-06
[mg]   it 1251  |r|inf=2.957726e-08  r/r0=2.2943e-06
[mg]   it 1252  |r|inf=2.948242e-08  r/r0=2.2870e-06
[mg]   it 1253  |r|inf=2.938720e-08  r/r0=2.2796e-06
[mg]   it 1254  |r|inf=2.929161e-08  r/r0=2.2722e-06
[mg]   it 1255  |r|inf=2.919565e-08  r/r0=2.2647e-06
[mg]   it 1256  |r|inf=2.909932e-08  r/r0=2.2572e-06
[mg]   it 1257  |r|inf=2.900263e-08  r/r0=2.2497e-06
[mg]   it 1258  |r|inf=2.890558e-08  r/r0=2.2422e-06
[mg]   it 1259  |r|inf=2.880818e-08  r/r0=2.2347e-06
[mg]   it 1260  |r|inf=2.871042e-08  r/r0=2.2271e-06
[mg]   it 1261  |r|inf=2.861232e-08  r/r0=2.2195e-06
[mg]   it 1262  |r|inf=2.851388e-08  r/r0=2.2118e-06
[mg]   it 1263  |r|inf=2.841509e-08  r/r0=2.2042e-06
[mg]   it 1264  |r|inf=2.831597e-08  r/r0=2.1965e-06
[mg]   it 1265  |r|inf=2.821652e-08  r/r0=2.1888e-06
[mg]   it 1266  |r|inf=2.811674e-08  r/r0=2.1810e-06
[mg]   it 1267  |r|inf=2.801664e-08  r/r0=2.1733e-06
[mg]   it 1268  |r|inf=2.791621e-08  r/r0=2.1655e-06
[mg]   it 1269  |r|inf=2.781547e-08  r/r0=2.1577e-06
[mg]   it 1270  |r|inf=2.771441e-08  r/r0=2.1498e-06
[mg]   it 1271  |r|inf=2.761305e-08  r/r0=2.1420e-06
[mg]   it 1272  |r|inf=2.751137e-08  r/r0=2.1341e-06
[mg]   it 1273  |r|inf=2.740940e-08  r/r0=2.1262e-06
[mg]   it 1274  |r|inf=2.730712e-08  r/r0=2.1182e-06
[mg]   it 1275  |r|inf=2.720455e-08  r/r0=2.1103e-06
[mg]   it 1276  |r|inf=2.710168e-08  r/r0=2.1023e-06
[mg]   it 1277  |r|inf=2.699853e-08  r/r0=2.0943e-06
[mg]   it 1278  |r|inf=2.689509e-08  r/r0=2.0863e-06
[mg]   it 1279  |r|inf=2.679137e-08  r/r0=2.0782e-06
[mg]   it 1280  |r|inf=2.668736e-08  r/r0=2.0701e-06
[mg]   it 1281  |r|inf=2.664502e-08  r/r0=2.0669e-06
[mg]   it 1282  |r|inf=2.677480e-08  r/r0=2.0769e-06
[mg]   it 1283  |r|inf=2.690393e-08  r/r0=2.0869e-06
[mg]   it 1284  |r|inf=2.703242e-08  r/r0=2.0969e-06
[mg]   it 1285  |r|inf=2.716025e-08  r/r0=2.1068e-06
[mg]   it 1286  |r|inf=2.728743e-08  r/r0=2.1167e-06
[mg]   it 1287  |r|inf=2.741397e-08  r/r0=2.1265e-06
[mg]   it 1288  |r|inf=2.753986e-08  r/r0=2.1363e-06
[mg]   it 1289  |r|inf=2.766510e-08  r/r0=2.1460e-06
[mg]   it 1290  |r|inf=2.778970e-08  r/r0=2.1557e-06
[mg]   it 1291  |r|inf=2.791365e-08  r/r0=2.1653e-06
[mg]   it 1292  |r|inf=2.803696e-08  r/r0=2.1748e-06
[mg]   it 1293  |r|inf=2.815962e-08  r/r0=2.1844e-06
[mg]   it 1294  |r|inf=2.828165e-08  r/r0=2.1938e-06
[mg]   it 1295  |r|inf=2.840302e-08  r/r0=2.2032e-06
[mg]   it 1296  |r|inf=2.852376e-08  r/r0=2.2126e-06
[mg]   it 1297  |r|inf=2.864386e-08  r/r0=2.2219e-06
[mg]   it 1298  |r|inf=2.876332e-08  r/r0=2.2312e-06
[mg]   it 1299  |r|inf=2.888214e-08  r/r0=2.2404e-06
[mg]   it 1300  |r|inf=2.900032e-08  r/r0=2.2496e-06
[mg]   it 1301  |r|inf=2.911787e-08  r/r0=2.2587e-06
[mg]   it 1302  |r|inf=2.923478e-08  r/r0=2.2678e-06
[mg]   it 1303  |r|inf=2.935106e-08  r/r0=2.2768e-06
[mg]   it 1304  |r|inf=2.946670e-08  r/r0=2.2857e-06
[mg]   it 1305  |r|inf=2.958171e-08  r/r0=2.2947e-06
[mg]   it 1306  |r|inf=2.969609e-08  r/r0=2.3035e-06
[mg]   it 1307  |r|inf=2.980984e-08  r/r0=2.3124e-06
[mg]   it 1308  |r|inf=2.992295e-08  r/r0=2.3211e-06
[mg]   it 1309  |r|inf=3.003544e-08  r/r0=2.3299e-06
[mg]   it 1310  |r|inf=3.014730e-08  r/r0=2.3385e-06
[mg]   it 1311  |r|inf=3.025854e-08  r/r0=2.3472e-06
[mg]   it 1312  |r|inf=3.036915e-08  r/r0=2.3557e-06
[mg]   it 1313  |r|inf=3.047913e-08  r/r0=2.3643e-06
[mg]   it 1314  |r|inf=3.058849e-08  r/r0=2.3728e-06
[mg]   it 1315  |r|inf=3.069723e-08  r/r0=2.3812e-06
[mg]   it 1316  |r|inf=3.080535e-08  r/r0=2.3896e-06
[mg]   it 1317  |r|inf=3.091285e-08  r/r0=2.3979e-06
[mg]   it 1318  |r|inf=3.101972e-08  r/r0=2.4062e-06
[mg]   it 1319  |r|inf=3.112598e-08  r/r0=2.4145e-06
[mg]   it 1320  |r|inf=3.123163e-08  r/r0=2.4226e-06
[mg]   it 1321  |r|inf=3.133665e-08  r/r0=2.4308e-06
[mg]   it 1322  |r|inf=3.144107e-08  r/r0=2.4389e-06
[mg]   it 1323  |r|inf=3.154487e-08  r/r0=2.4469e-06
[mg]   it 1324  |r|inf=3.164805e-08  r/r0=2.4549e-06
[mg]   it 1325  |r|inf=3.175063e-08  r/r0=2.4629e-06
[mg]   it 1326  |r|inf=3.185259e-08  r/r0=2.4708e-06
[mg]   it 1327  |r|inf=3.195395e-08  r/r0=2.4787e-06
[mg]   it 1328  |r|inf=3.205470e-08  r/r0=2.4865e-06
[mg]   it 1329  |r|inf=3.215484e-08  r/r0=2.4943e-06
[mg]   it 1330  |r|inf=3.225438e-08  r/r0=2.5020e-06
[mg]   it 1331  |r|inf=3.235331e-08  r/r0=2.5097e-06
[mg]   it 1332  |r|inf=3.245164e-08  r/r0=2.5173e-06
[mg]   it 1333  |r|inf=3.254937e-08  r/r0=2.5249e-06
[mg]   it 1334  |r|inf=3.264649e-08  r/r0=2.5324e-06
[mg]   it 1335  |r|inf=3.274302e-08  r/r0=2.5399e-06
[mg]   it 1336  |r|inf=3.283895e-08  r/r0=2.5473e-06
[mg]   it 1337  |r|inf=3.293428e-08  r/r0=2.5547e-06
[mg]   it 1338  |r|inf=3.302902e-08  r/r0=2.5621e-06
[mg]   it 1339  |r|inf=3.312316e-08  r/r0=2.5694e-06
[mg]   it 1340  |r|inf=3.321671e-08  r/r0=2.5766e-06
[mg]   it 1341  |r|inf=3.330966e-08  r/r0=2.5838e-06
[mg]   it 1342  |r|inf=3.340203e-08  r/r0=2.5910e-06
[mg]   it 1343  |r|inf=3.349381e-08  r/r0=2.5981e-06
[mg]   it 1344  |r|inf=3.358499e-08  r/r0=2.6052e-06
[mg]   it 1345  |r|inf=3.367559e-08  r/r0=2.6122e-06
[mg]   it 1346  |r|inf=3.376561e-08  r/r0=2.6192e-06
[mg]   it 1347  |r|inf=3.385504e-08  r/r0=2.6261e-06
[mg]   it 1348  |r|inf=3.394388e-08  r/r0=2.6330e-06
[mg]   it 1349  |r|inf=3.403215e-08  r/r0=2.6399e-06
[mg]   it 1350  |r|inf=3.411983e-08  r/r0=2.6467e-06
[mg]   it 1351  |r|inf=3.420693e-08  r/r0=2.6534e-06
[mg]   it 1352  |r|inf=3.429346e-08  r/r0=2.6602e-06
[mg]   it 1353  |r|inf=3.437940e-08  r/r0=2.6668e-06
[mg]   it 1354  |r|inf=3.446477e-08  r/r0=2.6734e-06
[mg]   it 1355  |r|inf=3.454957e-08  r/r0=2.6800e-06
[mg]   it 1356  |r|inf=3.463379e-08  r/r0=2.6866e-06
[mg]   it 1357  |r|inf=3.471744e-08  r/r0=2.6930e-06
[mg]   it 1358  |r|inf=3.480052e-08  r/r0=2.6995e-06
[mg]   it 1359  |r|inf=3.488303e-08  r/r0=2.7059e-06
[mg]   it 1360  |r|inf=3.496497e-08  r/r0=2.7122e-06
[mg]   it 1361  |r|inf=3.504635e-08  r/r0=2.7186e-06
[mg]   it 1362  |r|inf=3.512715e-08  r/r0=2.7248e-06
[mg]   it 1363  |r|inf=3.520740e-08  r/r0=2.7310e-06
[mg]   it 1364  |r|inf=3.528707e-08  r/r0=2.7372e-06
[mg]   it 1365  |r|inf=3.536619e-08  r/r0=2.7434e-06
[mg]   it 1366  |r|inf=3.544475e-08  r/r0=2.7495e-06
[mg]   it 1367  |r|inf=3.552274e-08  r/r0=2.7555e-06
[mg]   it 1368  |r|inf=3.560018e-08  r/r0=2.7615e-06
[mg]   it 1369  |r|inf=3.567706e-08  r/r0=2.7675e-06
[mg]   it 1370  |r|inf=3.575338e-08  r/r0=2.7734e-06
[mg]   it 1371  |r|inf=3.582915e-08  r/r0=2.7793e-06
[mg]   it 1372  |r|inf=3.590436e-08  r/r0=2.7851e-06
[mg]   it 1373  |r|inf=3.597902e-08  r/r0=2.7909e-06
[mg]   it 1374  |r|inf=3.605313e-08  r/r0=2.7967e-06
[mg]   it 1375  |r|inf=3.612669e-08  r/r0=2.8024e-06
[mg]   it 1376  |r|inf=3.619971e-08  r/r0=2.8080e-06
[mg]   it 1377  |r|inf=3.627217e-08  r/r0=2.8136e-06
[mg]   it 1378  |r|inf=3.634409e-08  r/r0=2.8192e-06
[mg]   it 1379  |r|inf=3.641546e-08  r/r0=2.8248e-06
[mg]   it 1380  |r|inf=3.648629e-08  r/r0=2.8303e-06
[mg]   it 1381  |r|inf=3.655657e-08  r/r0=2.8357e-06
[mg]   it 1382  |r|inf=3.662631e-08  r/r0=2.8411e-06
[mg]   it 1383  |r|inf=3.669552e-08  r/r0=2.8465e-06
[mg]   it 1384  |r|inf=3.676418e-08  r/r0=2.8518e-06
[mg]   it 1385  |r|inf=3.683231e-08  r/r0=2.8571e-06
[mg]   it 1386  |r|inf=3.689990e-08  r/r0=2.8623e-06
[mg]   it 1387  |r|inf=3.696695e-08  r/r0=2.8675e-06
[mg]   it 1388  |r|inf=3.703347e-08  r/r0=2.8727e-06
[mg]   it 1389  |r|inf=3.709945e-08  r/r0=2.8778e-06
[mg]   it 1390  |r|inf=3.716491e-08  r/r0=2.8829e-06
[mg]   it 1391  |r|inf=3.722983e-08  r/r0=2.8879e-06
[mg]   it 1392  |r|inf=3.729422e-08  r/r0=2.8929e-06
[mg]   it 1393  |r|inf=3.735809e-08  r/r0=2.8979e-06
[mg]   it 1394  |r|inf=3.742142e-08  r/r0=2.9028e-06
[mg]   it 1395  |r|inf=3.748423e-08  r/r0=2.9077e-06
[mg]   it 1396  |r|inf=3.754652e-08  r/r0=2.9125e-06
[mg]   it 1397  |r|inf=3.760828e-08  r/r0=2.9173e-06
[mg]   it 1398  |r|inf=3.766952e-08  r/r0=2.9220e-06
[mg]   it 1399  |r|inf=3.773023e-08  r/r0=2.9267e-06
[mg]   it 1400  |r|inf=3.779043e-08  r/r0=2.9314e-06
[mg]   it 1401  |r|inf=3.785010e-08  r/r0=2.9360e-06
[mg]   it 1402  |r|inf=3.790926e-08  r/r0=2.9406e-06
[mg]   it 1403  |r|inf=3.796790e-08  r/r0=2.9452e-06
[mg]   it 1404  |r|inf=3.802603e-08  r/r0=2.9497e-06
[mg]   it 1405  |r|inf=3.808364e-08  r/r0=2.9542e-06
[mg]   it 1406  |r|inf=3.814073e-08  r/r0=2.9586e-06
[mg]   it 1407  |r|inf=3.819732e-08  r/r0=2.9630e-06
[mg]   it 1408  |r|inf=3.825339e-08  r/r0=2.9673e-06
[mg]   it 1409  |r|inf=3.830895e-08  r/r0=2.9716e-06
[mg]   it 1410  |r|inf=3.836400e-08  r/r0=2.9759e-06
[mg]   it 1411  |r|inf=3.841854e-08  r/r0=2.9801e-06
[mg]   it 1412  |r|inf=3.847258e-08  r/r0=2.9843e-06
[mg]   it 1413  |r|inf=3.852610e-08  r/r0=2.9885e-06
[mg]   it 1414  |r|inf=3.857913e-08  r/r0=2.9926e-06
[mg]   it 1415  |r|inf=3.863165e-08  r/r0=2.9967e-06
[mg]   it 1416  |r|inf=3.868366e-08  r/r0=3.0007e-06
[mg]   it 1417  |r|inf=3.873518e-08  r/r0=3.0047e-06
[mg]   it 1418  |r|inf=3.878619e-08  r/r0=3.0087e-06
[mg]   it 1419  |r|inf=3.883670e-08  r/r0=3.0126e-06
[mg]   it 1420  |r|inf=3.888672e-08  r/r0=3.0165e-06
[mg]   it 1421  |r|inf=3.893623e-08  r/r0=3.0203e-06
[mg]   it 1422  |r|inf=3.898525e-08  r/r0=3.0241e-06
[mg]   it 1423  |r|inf=3.903378e-08  r/r0=3.0279e-06
[mg]   it 1424  |r|inf=3.908181e-08  r/r0=3.0316e-06
[mg]   it 1425  |r|inf=3.912934e-08  r/r0=3.0353e-06
[mg]   it 1426  |r|inf=3.917638e-08  r/r0=3.0389e-06
[mg]   it 1427  |r|inf=3.922293e-08  r/r0=3.0425e-06
[mg]   it 1428  |r|inf=3.926899e-08  r/r0=3.0461e-06
[mg]   it 1429  |r|inf=3.931456e-08  r/r0=3.0496e-06
[mg]   it 1430  |r|inf=3.935964e-08  r/r0=3.0531e-06
[mg]   it 1431  |r|inf=3.940423e-08  r/r0=3.0566e-06
[mg]   it 1432  |r|inf=3.944834e-08  r/r0=3.0600e-06
[mg]   it 1433  |r|inf=3.949196e-08  r/r0=3.0634e-06
[mg]   it 1434  |r|inf=3.953509e-08  r/r0=3.0667e-06
[mg]   it 1435  |r|inf=3.957774e-08  r/r0=3.0701e-06
[mg]   it 1436  |r|inf=3.961991e-08  r/r0=3.0733e-06
[mg]   it 1437  |r|inf=3.966160e-08  r/r0=3.0766e-06
[mg]   it 1438  |r|inf=3.970280e-08  r/r0=3.0798e-06
[mg]   it 1439  |r|inf=3.974352e-08  r/r0=3.0829e-06
[mg]   it 1440  |r|inf=3.978377e-08  r/r0=3.0860e-06
[mg]   it 1441  |r|inf=3.982353e-08  r/r0=3.0891e-06
[mg]   it 1442  |r|inf=3.986282e-08  r/r0=3.0922e-06
[mg]   it 1443  |r|inf=3.990163e-08  r/r0=3.0952e-06
[mg]   it 1444  |r|inf=3.993997e-08  r/r0=3.0982e-06
[mg]   it 1445  |r|inf=3.997783e-08  r/r0=3.1011e-06
[mg]   it 1446  |r|inf=4.001522e-08  r/r0=3.1040e-06
[mg]   it 1447  |r|inf=4.005213e-08  r/r0=3.1069e-06
[mg]   it 1448  |r|inf=4.008857e-08  r/r0=3.1097e-06
[mg]   it 1449  |r|inf=4.012454e-08  r/r0=3.1125e-06
[mg]   it 1450  |r|inf=4.016004e-08  r/r0=3.1152e-06
[mg]   it 1451  |r|inf=4.019507e-08  r/r0=3.1179e-06
[mg]   it 1452  |r|inf=4.022963e-08  r/r0=3.1206e-06
[mg]   it 1453  |r|inf=4.026373e-08  r/r0=3.1233e-06
[mg]   it 1454  |r|inf=4.029735e-08  r/r0=3.1259e-06
[mg]   it 1455  |r|inf=4.033051e-08  r/r0=3.1285e-06
[mg]   it 1456  |r|inf=4.036321e-08  r/r0=3.1310e-06
[mg]   it 1457  |r|inf=4.039544e-08  r/r0=3.1335e-06
[mg]   it 1458  |r|inf=4.042720e-08  r/r0=3.1360e-06
[mg]   it 1459  |r|inf=4.045851e-08  r/r0=3.1384e-06
[mg]   it 1460  |r|inf=4.048935e-08  r/r0=3.1408e-06
[mg]   it 1461  |r|inf=4.051973e-08  r/r0=3.1431e-06
[mg]   it 1462  |r|inf=4.054965e-08  r/r0=3.1454e-06
[mg]   it 1463  |r|inf=4.057911e-08  r/r0=3.1477e-06
[mg]   it 1464  |r|inf=4.060811e-08  r/r0=3.1500e-06
[mg]   it 1465  |r|inf=4.063666e-08  r/r0=3.1522e-06
[mg]   it 1466  |r|inf=4.066474e-08  r/r0=3.1544e-06
[mg]   it 1467  |r|inf=4.069237e-08  r/r0=3.1565e-06
[mg]   it 1468  |r|inf=4.071955e-08  r/r0=3.1586e-06
[mg]   it 1469  |r|inf=4.074626e-08  r/r0=3.1607e-06
[mg]   it 1470  |r|inf=4.077253e-08  r/r0=3.1627e-06
[mg]   it 1471  |r|inf=4.079834e-08  r/r0=3.1647e-06
[mg]   it 1472  |r|inf=4.082370e-08  r/r0=3.166[run] step 2/3
7e-06
[mg]   it 1473  |r|inf=4.084860e-08  r/r0=3.1686e-06
[mg]   it 1474  |r|inf=4.087306e-08  r/r0=3.1705e-06
[mg]   it 1475  |r|inf=4.089706e-08  r/r0=3.1724e-06
[mg]   it 1476  |r|inf=4.092062e-08  r/r0=3.1742e-06
[mg]   it 1477  |r|inf=4.094373e-08  r/r0=3.1760e-06
[mg]   it 1478  |r|inf=4.096638e-08  r/r0=3.1778e-06
[mg]   it 1479  |r|inf=4.098859e-08  r/r0=3.1795e-06
[mg]   it 1480  |r|inf=4.101036e-08  r/r0=3.1812e-06
[mg]   it 1481  |r|inf=4.103167e-08  r/r0=3.1828e-06
[mg]   it 1482  |r|inf=4.105254e-08  r/r0=3.1845e-06
[mg]   it 1483  |r|inf=4.107297e-08  r/r0=3.1860e-06
[mg]   it 1484  |r|inf=4.109295e-08  r/r0=3.1876e-06
[mg]   it 1485  |r|inf=4.111249e-08  r/r0=3.1891e-06
[mg]   it 1486  |r|inf=4.113159e-08  r/r0=3.1906e-06
[mg]   it 1487  |r|inf=4.115024e-08  r/r0=3.1920e-06
[mg]   it 1488  |r|inf=4.116846e-08  r/r0=3.1934e-06
[mg]   it 1489  |r|inf=4.118623e-08  r/r0=3.1948e-06
[mg]   it 1490  |r|inf=4.120356e-08  r/r0=3.1962e-06
[mg]   it 1491  |r|inf=4.122045e-08  r/r0=3.1975e-06
[mg]   it 1492  |r|inf=4.123691e-08  r/r0=3.1988e-06
[mg]   it 1493  |r|inf=4.125292e-08  r/r0=3.2000e-06
[mg]   it 1494  |r|inf=4.126850e-08  r/r0=3.2012e-06
[mg]   it 1495  |r|inf=4.128364e-08  r/r0=3.2024e-06
[mg]   it 1496  |r|inf=4.129834e-08  r/r0=3.2035e-06
[mg]   it 1497  |r|inf=4.131261e-08  r/r0=3.2046e-06
[mg]   it 1498  |r|inf=4.132645e-08  r/r0=3.2057e-06
[mg]   it 1499  |r|inf=4.133985e-08  r/r0=3.2067e-06
[mg]   it 1500  |r|inf=4.135281e-08  r/r0=3.2078e-06
[mg] solve 2: r0=1.127436e-02 rtol=1.0e-09 (pre=2 post=2 bottom=12)
[mg]   it   1  |r|inf=1.725895e-02  r/r0=1.5308e+00
[mg]   it   2  |r|inf=4.234398e-03  r/r0=3.7558e-01
[mg]   it   3  |r|inf=1.079206e-03  r/r0=9.5722e-02
[mg]   it   4  |r|inf=6.206482e-04  r/r0=5.5050e-02
[mg]   it   5  |r|inf=2.920114e-04  r/r0=2.5900e-02
[mg]   it   6  |r|inf=1.418908e-04  r/r0=1.2585e-02
[mg]   it   7  |r|inf=1.050838e-04  r/r0=9.3206e-03
[mg]   it   8  |r|inf=4.794978e-05  r/r0=4.2530e-03
[mg]   it   9  |r|inf=3.801941e-05  r/r0=3.3722e-03
[mg]   it  10  |r|inf=2.780139e-05  r/r0=2.4659e-03
[mg]   it  11  |r|inf=2.494910e-05  r/r0=2.2129e-03
[mg]   it  12  |r|inf=1.504199e-05  r/r0=1.3342e-03
[mg]   it  13  |r|inf=1.188701e-05  r/r0=1.0543e-03
[mg]   it  14  |r|inf=1.256734e-05  r/r0=1.1147e-03
[mg]   it  15  |r|inf=6.475419e-06  r/r0=5.7435e-04
[mg]   it  16  |r|inf=5.424784e-06  r/r0=4.8116e-04
[mg]   it  17  |r|inf=7.284600e-06  r/r0=6.4612e-04
[mg]   it  18  |r|inf=3.128774e-06  r/r0=2.7751e-04
[mg]   it  19  |r|inf=3.530532e-06  r/r0=3.1315e-04
[mg]   it  20  |r|inf=3.443207e-06  r/r0=3.0540e-04
[mg]   it  21  |r|inf=6.636279e-07  r/r0=5.8862e-05
[mg]   it  22  |r|inf=2.281176e-06  r/r0=2.0233e-04
[mg]   it  23  |r|inf=8.087219e-07  r/r0=7.1731e-05
[mg]   it  24  |r|inf=8.634083e-07  r/r0=7.6582e-05
[mg]   it  25  |r|inf=6.999255e-07  r/r0=6.2081e-05
[mg]   it  26  |r|inf=4.181354e-07  r/r0=3.7087e-05
[mg]   it  27  |r|inf=5.026285e-07  r/r0=4.4582e-05
[mg]   it  28  |r|inf=3.316457e-07  r/r0=2.9416e-05
[mg]   it  29  |r|inf=2.347670e-07  r/r0=2.0823e-05
[mg]   it  30  |r|inf=3.123342e-07  r/r0=2.7703e-05
[mg]   it  31  |r|inf=9.527875e-08  r/r0=8.4509e-06
[mg]   it  32  |r|inf=1.943602e-07  r/r0=1.7239e-05
[mg]   it  33  |r|inf=1.615926e-07  r/r0=1.4333e-05
[mg]   it  34  |r|inf=6.358502e-08  r/r0=5.6398e-06
[mg]   it  35  |r|inf=1.096088e-07  r/r0=9.7220e-06
[mg]   it  36  |r|inf=1.238883e-07  r/r0=1.0988e-05
[mg]   it  37  |r|inf=6.810377e-08  r/r0=6.0406e-06
[mg]   it  38  |r|inf=4.108510e-08  r/r0=3.6441e-06
[mg]   it  39  |r|inf=7.491714e-08  r/r0=6.6449e-06
[mg]   it  40  |r|inf=9.297095e-08  r/r0=8.2462e-06
[mg]   it  41  |r|inf=7.371245e-08  r/r0=6.5381e-06
[mg]   it  42  |r|inf=4.991643e-08  r/r0=4.4274e-06
[mg]   it  43  |r|inf=2.997749e-08  r/r0=2.6589e-06
[mg]   it  44  |r|inf=4.981369e-08  r/r0=4.4183e-06
[mg]   it  45  |r|inf=6.131752e-08  r/r0=5.4387e-06
[mg]   it  46  |r|inf=6.493890e-08  r/r0=5.7599e-06
[mg]   it  47  |r|inf=5.547831e-08  r/r0=4.9207e-06
[mg]   it  48  |r|inf=3.986403e-08  r/r0=3.5358e-06
[mg]   it  49  |r|inf=3.353836e-08  r/r0=2.9747e-06
[mg]   it  50  |r|inf=2.347017e-08  r/r0=2.0817e-06
[mg]   it  51  |r|inf=3.170704e-08  r/r0=2.8123e-06
[mg]   it  52  |r|inf=3.817433e-08  r/r0=3.3859e-06
[mg]   it  53  |r|inf=4.324170e-08  r/r0=3.8354e-06
[mg]   it  54  |r|inf=4.639411e-08  r/r0=4.1150e-06
[mg]   it  55  |r|inf=4.510383e-08  r/r0=4.0006e-06
[mg]   it  56  |r|inf=3.976159e-08  r/r0=3.5267e-06
[mg]   it  57  |r|inf=3.125105e-08  r/r0=2.7719e-06
[mg]   it  58  |r|inf=2.899021e-08  r/r0=2.5713e-06
[mg]   it  59  |r|inf=2.573897e-08  r/r0=2.2830e-06
[mg]   it  60  |r|inf=2.112806e-08  r/r0=1.8740e-06
[mg]   it  61  |r|inf=1.991827e-08  r/r0=1.7667e-06
[mg]   it  62  |r|inf=2.516960e-08  r/r0=2.2325e-06
[mg]   it  63  |r|inf=2.884819e-08  r/r0=2.5587e-06
[mg]   it  64  |r|inf=3.105877e-08  r/r0=2.7548e-06
[mg]   it  65  |r|inf=3.370982e-08  r/r0=2.9900e-06
[mg]   it  66  |r|inf=3.592614e-08  r/r0=3.1865e-06
[mg]   it  67  |r|inf=3.667709e-08  r/r0=3.2531e-06
[mg]   it  68  |r|inf=3.598355e-08  r/r0=3.1916e-06
[mg]   it  69  |r|inf=3.391820e-08  r/r0=3.0084e-06
[mg]   it  70  |r|inf=3.062539e-08  r/r0=2.7164e-06
[mg]   it  71  |r|inf=2.632199e-08  r/r0=2.3347e-06
[mg]   it  72  |r|inf=2.479787e-08  r/r0=2.1995e-06
[mg]   it  73  |r|inf=2.401207e-08  r/r0=2.1298e-06
[mg]   it  74  |r|inf=2.253585e-08  r/r0=1.9989e-06
[mg]   it  75  |r|inf=2.051239e-08  r/r0=1.8194e-06
[mg]   it  76  |r|inf=1.808224e-08  r/r0=1.6038e-06
[mg]   it  77  |r|inf=1.536988e-08  r/r0=1.3633e-06
[mg]   it  78  |r|inf=1.845698e-08  r/r0=1.6371e-06
[mg]   it  79  |r|inf=2.114047e-08  r/r0=1.8751e-06
[mg]   it  80  |r|inf=2.330388e-08  r/r0=2.0670e-06
[mg]   it  81  |r|inf=2.497046e-08  r/r0=2.2148e-06
[mg]   it  82  |r|inf=2.616258e-08  r/r0=2.3205e-06
[mg]   it  83  |r|inf=2.689937e-08  r/r0=2.3859e-06
[mg]   it  84  |r|inf=2.863577e-08  r/r0=2.5399e-06
[mg]   it  85  |r|inf=3.000264e-08  r/r0=2.6611e-06
[mg]   it  86  |r|inf=3.089654e-08  r/r0=2.7404e-06
[mg]   it  87  |r|inf=3.131428e-08  r/r0=2.7775e-06
[mg]   it  88  |r|inf=3.125591e-08  r/r0=2.7723e-06
[mg]   it  89  |r|inf=3.072739e-08  r/r0=2.7254e-06
[mg]   it  90  |r|inf=2.974297e-08  r/r0=2.6381e-06
[mg]   it  91  |r|inf=2.832677e-08  r/r0=2.5125e-06
[mg]   it  92  |r|inf=2.651335e-08  r/r0=2.3516e-06
[mg]   it  93  |r|inf=2.434710e-08  r/r0=2.1595e-06
[mg]   it  94  |r|inf=2.248560e-08  r/r0=1.9944e-06
[mg]   it  95  |r|inf=2.262040e-08  r/r0=2.0064e-06
[mg]   it  96  |r|inf=2.246060e-08  r/r0=1.9922e-06
[mg]   it  97  |r|inf=2.202841e-08  r/r0=1.9538e-06
[mg]   it  98  |r|inf=2.135076e-08  r/r0=1.8937e-06
[mg]   it  99  |r|inf=2.045738e-08  r/r0=1.8145e-06
[mg]   it 100  |r|inf=1.937898e-08  r/r0=1.7189e-06
[mg]   it 101  |r|inf=1.814572e-08  r/r0=1.6095e-06
[mg]   it 102  |r|inf=1.678599e-08  r/r0=1.4889e-06
[mg]   it 103  |r|inf=1.532567e-08  r/r0=1.3593e-06
[mg]   it 104  |r|inf=1.570086e-08  r/r0=1.3926e-06
[mg]   it 105  |r|inf=1.741797e-08  r/r0=1.5449e-06
[mg]   it 106  |r|inf=1.894982e-08  r/r0=1.6808e-06
[mg]   it 107  |r|inf=2.030058e-08  r/r0=1.8006e-06
[mg]   it 108  |r|inf=2.147536e-08  r/r0=1.9048e-06
[mg]   it 109  |r|inf=2.247967e-08  r/r0=1.9939e-06
[mg]   it 110  |r|inf=2.331896e-08  r/r0=2.0683e-06
[mg]   it 111  |r|inf=2.399842e-08  r/r0=2.1286e-06
[mg]   it 112  |r|inf=2.452278e-08  r/r0=2.1751e-06
[mg]   it 113  |r|inf=2.489622e-08  r/r0=2.2082e-06
[mg]   it 114  |r|inf=2.524631e-08  r/r0=2.2393e-06
[mg]   it 115  |r|inf=2.618863e-08  r/r0=2.3228e-06
[mg]   it 116  |r|inf=2.697716e-08  r/r0=2.3928e-06
[mg]   it 117  |r|inf=2.761159e-08  r/r0=2.4491e-06
[mg]   it 118  |r|inf=2.809152e-08  r/r0=2.4916e-06
[mg]   it 119  |r|inf=2.841666e-08  r/r0=2.5205e-06
[mg]   it 120  |r|inf=2.858694e-08  r/r0=2.5356e-06
[mg]   it 121  |r|inf=2.860280e-08  r/r0=2.5370e-06
[mg]   it 122  |r|inf=2.846530e-08  r/r0=2.5248e-06
[mg]   it 123  |r|inf=2.817631e-08  r/r0=2.4991e-06
[mg]   it 124  |r|inf=2.773871e-08  r/r0=2.4603e-06
[mg]   it 125  |r|inf=2.715643e-08  r/r0=2.4087e-06
[mg]   it 126  |r|inf=2.643459e-08  r/r0=2.3447e-06
[mg]   it 127  |r|inf=2.557948e-08  r/r0=2.2688e-06
[mg]   it 128  |r|inf=2.459857e-08  r/r0=2.1818e-06
[mg]   it 129  |r|inf=2.350043e-08  r/r0=2.0844e-06
[mg]   it 130  |r|inf=2.229460e-08  r/r0=1.9775e-06
[mg]   it 131  |r|inf=2.099145e-08  r/r0=1.8619e-06
[mg]   it 132  |r|inf=2.083697e-08  r/r0=1.8482e-06
[mg]   it 133  |r|inf=2.096621e-08  r/r0=1.8596e-06
[mg]   it 134  |r|inf=2.099651e-08  r/r0=1.8623e-06
[mg]   it 135  |r|inf=2.093153e-08  r/r0=1.8566e-06
[mg]   it 136  |r|inf=2.077562e-08  r/r0=1.8427e-06
[mg]   it 137  |r|inf=2.053373e-08  r/r0=1.8213e-06
[mg]   it 138  |r|inf=2.021125e-08  r/r0=1.7927e-06
[mg]   it 139  |r|inf=1.981389e-08  r/r0=1.7574e-06
[mg]   it 140  |r|inf=1.934755e-08  r/r0=1.7161e-06
[mg]   it 141  |r|inf=1.881818e-08  r/r0=1.6691e-06
[mg]   it 142  |r|inf=1.823172e-08  r/r0=1.6171e-06
[mg]   it 143  |r|inf=1.759396e-08  r/r0=1.5605e-06
[mg]   it 144  |r|inf=1.691046e-08  r/r0=1.4999e-06
[mg]   it 145  |r|inf=1.618656e-08  r/r0=1.4357e-06
[mg]   it 146  |r|inf=1.542725e-08  r/r0=1.3683e-06
[mg]   it 147  |r|inf=1.463719e-08  r/r0=1.2983e-06
[mg]   it 148  |r|inf=1.416942e-08  r/r0=1.2568e-06
[mg]   it 149  |r|inf=1.516130e-08  r/r0=1.3448e-06
[mg]   it 150  |r|inf=1.609238e-08  r/r0=1.4273e-06
[mg]   it 151  |r|inf=1.696329e-08  r/r0=1.5046e-06
[mg]   it 152  |r|inf=1.777489e-08  r/r0=1.5766e-06
[mg]   it 153  |r|inf=1.852815e-08  r/r0=1.6434e-06
[mg]   it 154  |r|inf=1.922417e-08  r/r0=1.7051e-06
[mg]   it 155  |r|inf=1.986409e-08  r/r0=1.7619e-06
[mg]   it 156  |r|inf=2.044906e-08  r/r0=1.8138e-06
[mg]   it 157  |r|inf=2.098025e-08  r/r0=1.8609e-06
[mg]   it 158  |r|inf=2.145880e-08  r/r0=1.9033e-06
[mg]   it 159  |r|inf=2.188580e-08  r/r0=1.9412e-06
[mg]   it 160  |r|inf=2.226227e-08  r/r0=1.9746e-06
[mg]   it 161  |r|inf=2.258920e-08  r/r0=2.0036e-06
[mg]   it 162  |r|inf=2.286749e-08  r/r0=2.0283e-06
[mg]   it 163  |r|inf=2.309798e-08  r/r0=2.0487e-06
[mg]   it 164  |r|inf=2.328144e-08  r/r0=2.0650e-06
[mg]   it 165  |r|inf=2.341860e-08  r/r0=2.0772e-06
[mg]   it 166  |r|inf=2.351009e-08  r/r0=2.0853e-06
[mg]   it 167  |r|inf=2.401033e-08  r/r0=2.1296e-06
[mg]   it 168  |r|inf=2.448387e-08  r/r0=2.1716e-06
[mg]   it 169  |r|inf=2.490981e-08  r/r0=2.2094e-06
[mg]   it 170  |r|inf=2.528809e-08  r/r0=2.2430e-06
[mg]   it 171  |r|inf=2.561865e-08  r/r0=2.2723e-06
[mg]   it 172  |r|inf=2.590139e-08  r/r0=2.2974e-06
[mg]   it 173  |r|inf=2.613624e-08  r/r0=2.3182e-06
[mg]   it 174  |r|inf=2.632313e-08  r/r0=2.3348e-06
[mg]   it 175  |r|inf=2.646201e-08  r/r0=2.3471e-06
[mg]   it 176  |r|inf=2.655287e-08  r/r0=2.3552e-06
[mg]   it 177  |r|inf=2.659576e-08  r/r0=2.3590e-06
[mg]   it 178  |r|inf=2.659076e-08  r/r0=2.3585e-06
[mg]   it 179  |r|inf=2.653806e-08  r/r0=2.3538e-06
[mg]   it 180  |r|inf=2.643791e-08  r/r0=2.3450e-06
[mg]   it 181  |r|inf=2.629067e-08  r/r0=2.3319e-06
[mg]   it 182  |r|inf=2.609679e-08  r/r0=2.3147e-06
[mg]   it 183  |r|inf=2.585684e-08  r/r0=2.2934e-06
[mg]   it 184  |r|inf=2.557149e-08  r/r0=2.2681e-06
[mg]   it 185  |r|inf=2.524156e-08  r/r0=2.2388e-06
[mg]   it 186  |r|inf=2.486797e-08  r/r0=2.2057e-06
[mg]   it 187  |r|inf=2.445178e-08  r/r0=2.1688e-06
[mg]   it 188  |r|inf=2.399419e-08  r/r0=2.1282e-06
[mg]   it 189  |r|inf=2.349649e-08  r/r0=2.0841e-06
[mg]   it 190  |r|inf=2.296011e-08  r/r0=2.0365e-06
[mg]   it 191  |r|inf=2.238660e-08  r/r0=1.9856e-06
[mg]   it 192  |r|inf=2.177762e-08  r/r0=1.9316e-06
[mg]   it 193  |r|inf=2.113490e-08  r/r0=1.8746e-06
[mg]   it 194  |r|inf=2.046029e-08  r/r0=1.8148e-06
[mg]   it 195  |r|inf=1.975570e-08  r/r0=1.7523e-06
[mg]   it 196  |r|inf=1.979505e-08  r/r0=1.7558e-06
[mg]   it 197  |r|inf=1.993573e-08  r/r0=1.7682e-06
[mg]   it 198  |r|inf=2.004384e-08  r/r0=1.7778e-06
[mg]   it 199  |r|inf=2.011981e-08  r/r0=1.7846e-06
[mg]   it 200  |r|inf=2.016415e-08  r/r0=1.7885e-06
[mg]   it 201  |r|inf=2.017746e-08  r/r0=1.7897e-06
[mg]   it 202  |r|inf=2.016046e-08  r/r0=1.7882e-06
[mg]   it 203  |r|inf=2.011389e-08  r/r0=1.7840e-06
[mg]   it 204  |r|inf=2.003859e-08  r/r0=1.7774e-06
[mg]   it 205  |r|inf=1.993548e-08  r/r0=1.7682e-06
[mg]   it 206  |r|inf=1.980548e-08  r/r0=1.7567e-06
[mg]   it 207  |r|inf=1.964960e-08  r/r0=1.7429e-06
[mg]   it 208  |r|inf=1.946887e-08  r/r0=1.7268e-06
[mg]   it 209  |r|inf=1.926434e-08  r/r0=1.7087e-06
[mg]   it 210  |r|inf=1.903708e-08  r/r0=1.6885e-06
[mg]   it 211  |r|inf=1.878818e-08  r/r0=1.6665e-06
[mg]   it 212  |r|inf=1.851873e-08  r/r0=1.6426e-06
[mg]   it 213  |r|inf=1.822982e-08  r/r0=1.6169e-06
[mg]   it 214  |r|inf=1.792252e-08  r/r0=1.5897e-06
[mg]   it 215  |r|inf=1.759791e-08  r/r0=1.5609e-06
[mg]   it 216  |r|inf=1.725702e-08  r/r0=1.5306e-06
[mg]   it 217  |r|inf=1.690089e-08  r/r0=1.4991e-06
[mg]   it 218  |r|inf=1.653052e-08  r/r0=1.4662e-06
[mg]   it 219  |r|inf=1.614685e-08  r/r0=1.4322e-06
[mg]   it 220  |r|inf=1.575085e-08  r/r0=1.3970e-06
[mg]   it 221  |r|inf=1.534339e-08  r/r0=1.3609e-06
[mg]   it 222  |r|inf=1.492536e-08  r/r0=1.3238e-06
[mg]   it 223  |r|inf=1.449757e-08  r/r0=1.2859e-06
[mg]   it 224  |r|inf=1.406082e-08  r/r0=1.2471e-06
[mg]   it 225  |r|inf=1.408775e-08  r/r0=1.2495e-06
[mg]   it 226  |r|inf=1.463260e-08  r/r0=1.2979e-06
[mg]   it 227  |r|inf=1.515815e-08  r/r0=1.3445e-06
[mg]   it 228  |r|inf=1.566450e-08  r/r0=1.3894e-06
[mg]   it 229  |r|inf=1.615178e-08  r/r0=1.4326e-06
[mg]   it 230  |r|inf=1.662016e-08  r/r0=1.4742e-06
[mg]   it 231  |r|inf=1.706980e-08  r/r0=1.5140e-06
[mg]   it 232  |r|inf=1.750090e-08  r/r0=1.5523e-06
[mg]   it 233  |r|inf=1.791366e-08  r/r0=1.5889e-06
[mg]   it 234  |r|inf=1.830829e-08  r/r0=1.6239e-06
[mg]   it 235  |r|inf=1.868500e-08  r/r0=1.6573e-06
[mg]   it 236  |r|inf=1.904402e-08  r/r0=1.6891e-06
[mg]   it 237  |r|inf=1.938557e-08  r/r0=1.7194e-06
[mg]   it 238  |r|inf=1.970988e-08  r/r0=1.7482e-06
[mg]   it 239  |r|inf=2.001718e-08  r/r0=1.7755e-06
[mg]   it 240  |r|inf=2.030768e-08  r/r0=1.8012e-06
[mg]   it 241  |r|inf=2.058160e-08  r/r0=1.8255e-06
[mg]   it 242  |r|inf=2.083916e-08  r/r0=1.8484e-06
[mg]   it 243  |r|inf=2.108056e-08  r/r0=1.8698e-06
[mg]   it 244  |r|inf=2.130601e-08  r/r0=1.8898e-06
[mg]   it 245  |r|inf=2.151571e-08  r/r0=1.9084e-06
[mg]   it 246  |r|inf=2.170983e-08  r/r0=1.9256e-06
[mg]   it 247  |r|inf=2.188858e-08  r/r0=1.9414e-06
[mg]   it 248  |r|inf=2.205211e-08  r/r0=1.9560e-06
[mg]   it 249  |r|inf=2.220059e-08  r/r0=1.9691e-06
[mg]   it 250  |r|inf=2.233419e-08  r/r0=1.9810e-06
[mg]   it 251  |r|inf=2.245305e-08  r/r0=1.9915e-06
[mg]   it 252  |r|inf=2.255732e-08  r/r0=2.0008e-06
[mg]   it 253  |r|inf=2.264714e-08  r/r0=2.0087e-06
[mg]   it 254  |r|inf=2.272264e-08  r/r0=2.0154e-06
[mg]   it 255  |r|inf=2.278394e-08  r/r0=2.0209e-06
[mg]   it 256  |r|inf=2.283116e-08  r/r0=2.0251e-06
[mg]   it 257  |r|inf=2.286441e-08  r/r0=2.0280e-06
[mg]   it 258  |r|inf=2.305280e-08  r/r0=2.0447e-06
[mg]   it 259  |r|inf=2.332094e-08  r/r0=2.0685e-06
[mg]   it 260  |r|inf=2.357455e-08  r/r0=2.0910e-06
[mg]   it 261  |r|inf=2.381363e-08  r/r0=2.1122e-06
[mg]   it 262  |r|inf=2.403818e-08  r/r0=2.1321e-06
[mg]   it 263  |r|inf=2.424818e-08  r/r0=2.1507e-06
[mg]   it 264  |r|inf=2.444363e-08  r/r0=2.1681e-06
[mg]   it 265  |r|inf=2.462452e-08  r/r0=2.1841e-06
[mg]   it 266  |r|inf=2.479082e-08  r/r0=2.1989e-06
[mg]   it 267  |r|inf=2.494254e-08  r/r0=2.2123e-06
[mg]   it 268  |r|inf=2.507965e-08  r/r0=2.2245e-06
[mg]   it 269  |r|inf=2.520213e-08  r/r0=2.2353e-06
[mg]   it 270  |r|inf=2.530999e-08  r/r0=2.2449e-06
[mg]   it 271  |r|inf=2.540320e-08  r/r0=2.2532e-06
[mg]   it 272  |r|inf=2.548176e-08  r/r0=2.2602e-06
[mg]   it 273  |r|inf=2.554567e-08  r/r0=2.2658e-06
[mg]   it 274  |r|inf=2.559492e-08  r/r0=2.2702e-06
[mg]   it 275  |r|inf=2.562952e-08  r/r0=2.2733e-06
[mg]   it 276  |r|inf=2.564947e-08  r/r0=2.2750e-06
[mg]   it 277  |r|inf=2.565481e-08  r/r0=2.2755e-06
[mg]   it 278  |r|inf=2.564554e-08  r/r0=2.2747e-06
[mg]   it 279  |r|inf=2.562170e-08  r/r0=2.2726e-06
[mg]   it 280  |r|inf=2.558333e-08  r/r0=2.2692e-06
[mg]   it 281  |r|inf=2.553047e-08  r/r0=2.2645e-06
[mg]   it 282  |r|inf=2.546318e-08  r/r0=2.2585e-06
[mg]   it 283  |r|inf=2.538153e-08  r/r0=2.2513e-06
[mg]   it 284  |r|inf=2.528559e-08  r/r0=2.2428e-06
[mg]   it 285  |r|inf=2.517545e-08  r/r0=2.2330e-06
[mg]   it 286  |r|inf=2.505121e-08  r/r0=2.2220e-06
[mg]   it 287  |r|inf=2.491298e-08  r/r0=2.2097e-06
[mg]   it 288  |r|inf=2.476087e-08  r/r0=2.1962e-06
[mg]   it 289  |r|inf=2.459503e-08  r/r0=2.1815e-06
[mg]   it 290  |r|inf=2.441560e-08  r/r0=2.1656e-06
[mg]   it 291  |r|inf=2.422273e-08  r/r0=2.1485e-06
[mg]   it 292  |r|inf=2.401660e-08  r/r0=2.1302e-06
[mg]   it 293  |r|inf=2.379738e-08  r/r0=2.1108e-06
[mg]   it 294  |r|inf=2.356528e-08  r/r0=2.0902e-06
[mg]   it 295  |r|inf=2.332050e-08  r/r0=2.0685e-06
[mg]   it 296  |r|inf=2.306326e-08  r/r0=2.0456e-06
[mg]   it 297  |r|inf=2.279380e-08  r/r0=2.0217e-06
[mg]   it 298  |r|inf=2.251234e-08  r/r0=1.9968e-06
[mg]   it 299  |r|inf=2.221916e-08  r/r0=1.9708e-06
[mg]   it 300  |r|inf=2.191452e-08  r/r0=1.9437e-06
[mg]   it 301  |r|inf=2.159869e-08  r/r0=1.9157e-06
[mg]   it 302  |r|inf=2.127196e-08  r/r0=1.8868e-06
[mg]   it 303  |r|inf=2.093464e-08  r/r0=1.8568e-06
[mg]   it 304  |r|inf=2.058701e-08  r/r0=1.8260e-06
[mg]   it 305  |r|inf=2.022940e-08  r/r0=1.7943e-06
[mg]   it 306  |r|inf=1.986214e-08  r/r0=1.7617e-06
[mg]   it 307  |r|inf=1.948555e-08  r/r0=1.7283e-06
[mg]   it 308  |r|inf=1.926944e-08  r/r0=1.7091e-06
[mg]   it 309  |r|inf=1.938140e-08  r/r0=1.7191e-06
[mg]   it 310  |r|inf=1.948307e-08  r/r0=1.7281e-06
[mg]   it 311  |r|inf=1.957450e-08  r/r0=1.7362e-06
[mg]   it 312  |r|inf=1.965574e-08  r/r0=1.7434e-06
[mg]   it 313  |r|inf=1.972683e-08  r/r0=1.7497e-06
[mg]   it 314  |r|inf=1.978784e-08  r/r0=1.7551e-06
[mg]   it 315  |r|inf=1.983885e-08  r/r0=1.7596e-06
[mg]   it 316  |r|inf=1.987995e-08  r/r0=1.7633e-06
[mg]   it 317  |r|inf=1.991123e-08  r/r0=1.7661e-06
[mg]   it 318  |r|inf=1.993279e-08  r/r0=1.7680e-06
[mg]   it 319  |r|inf=1.994475e-08  r/r0=1.7690e-06
[mg]   it 320  |r|inf=1.994722e-08  r/r0=1.7693e-06
[mg]   it 321  |r|inf=1.994034e-08  r/r0=1.7686e-06
[mg]   it 322  |r|inf=1.992424e-08  r/r0=1.7672e-06
[mg]   it 323  |r|inf=1.989906e-08  r/r0=1.7650e-06
[mg]   it 324  |r|inf=1.986496e-08  r/r0=1.7620e-06
[mg]   it 325  |r|inf=1.982208e-08  r/r0=1.7582e-06
[mg]   it 326  |r|inf=1.977060e-08  r/r0=1.7536e-06
[mg]   it 327  |r|inf=1.971066e-08  r/r0=1.7483e-06
[mg]   it 328  |r|inf=1.964245e-08  r/r0=1.7422e-06
[mg]   it 329  |r|inf=1.956613e-08  r/r0=1.7355e-06
[mg]   it 330  |r|inf=1.948189e-08  r/r0=1.7280e-06
[mg]   it 331  |r|inf=1.938991e-08  r/r0=1.7198e-06
[mg]   it 332  |r|inf=1.929036e-08  r/r0=1.7110e-06
[mg]   it 333  |r|inf=1.918344e-08  r/r0=1.7015e-06
[mg]   it 334  |r|inf=1.906933e-08  r/r0=1.6914e-06
[mg]   it 335  |r|inf=1.894822e-08  r/r0=1.6806e-06
[mg]   it 336  |r|inf=1.882030e-08  r/r0=1.6693e-06
[mg]   it 337  |r|inf=1.868576e-08  r/r0=1.6574e-06
[mg]   it 338  |r|inf=1.854479e-08  r/r0=1.6449e-06
[mg]   it 339  |r|inf=1.839759e-08  r/r0=1.6318e-06
[mg]   it 340  |r|inf=1.824433e-08  r/r0=1.6182e-06
[mg]   it 341  |r|inf=1.808521e-08  r/r0=1.6041e-06
[mg]   it 342  |r|inf=1.792041e-08  r/r0=1.5895e-06
[mg]   it 343  |r|inf=1.775013e-08  r/r0=1.5744e-06
[mg]   it 344  |r|inf=1.757455e-08  r/r0=1.5588e-06
[mg]   it 345  |r|inf=1.739384e-08  r/r0=1.5428e-06
[mg]   it 346  |r|inf=1.720820e-08  r/r0=1.5263e-06
[mg]   it 347  |r|inf=1.701779e-08  r/r0=1.5094e-06
[mg]   it 348  |r|inf=1.682279e-08  r/r0=1.4921e-06
[mg]   it 349  |r|inf=1.662337e-08  r/r0=1.4744e-06
[mg]   it 350  |r|inf=1.641971e-08  r/r0=1.4564e-06
[mg]   it 351  |r|inf=1.621197e-08  r/r0=1.4379e-06
[mg]   it 352  |r|inf=1.600030e-08  r/r0=1.4192e-06
[mg]   it 353  |r|inf=1.578488e-08  r/r0=1.4001e-06
[mg]   it 354  |r|inf=1.556586e-08  r/r0=1.3806e-06
[mg]   it 355  |r|inf=1.534338e-08  r/r0=1.3609e-06
[mg]   it 356  |r|inf=1.511760e-08  r/r0=1.3409e-06
[mg]   it 357  |r|inf=1.488867e-08  r/r0=1.3206e-06
[mg]   it 358  |r|inf=1.465671e-08  r/r0=1.3000e-06
[mg]   it 359  |r|inf=1.442188e-08  r/r0=1.2792e-06
[mg]   it 360  |r|inf=1.418431e-08  r/r0=1.2581e-06
[mg]   it 361  |r|inf=1.394412e-08  r/r0=1.2368e-06
[mg]   it 362  |r|inf=1.424631e-08  r/r0=1.2636e-06
[mg]   it 363  |r|inf=1.454299e-08  r/r0=1.2899e-06
[mg]   it 364  |r|inf=1.483370e-08  r/r0=1.3157e-06
[mg]   it 365  |r|inf=1.511845e-08  r/r0=1.3410e-06
[mg]   it 366  |r|inf=1.539725e-08  r/r0=1.3657e-06
[mg]   it 367  |r|inf=1.567015e-08  r/r0=1.3899e-06
[mg]   it 368  |r|inf=1.593716e-08  r/r0=1.4136e-06
[mg]   it 369  |r|inf=1.619832e-08  r/r0=1.4367e-06
[mg]   it 370  |r|inf=1.645366e-08  r/r0=1.4594e-06
[mg]   it 371  |r|inf=1.670320e-08  r/r0=1.4815e-06
[mg]   it 372  |r|inf=1.694699e-08  r/r0=1.5031e-06
[mg]   it 373  |r|inf=1.718507e-08  r/r0=1.5243e-06
[mg]   it 374  |r|inf=1.741746e-08  r/r0=1.5449e-06
[mg]   it 375  |r|inf=1.764421e-08  r/r0=1.5650e-06
[mg]   it 376  |r|inf=1.786536e-08  r/r0=1.5846e-06
[mg]   it 377  |r|inf=1.808094e-08  r/r0=1.6037e-06
[mg]   it 378  |r|inf=1.829100e-08  r/r0=1.6224e-06
[mg]   it 379  |r|inf=1.849558e-08  r/r0=1.6405e-06
[mg]   it 380  |r|inf=1.869472e-08  r/r0=1.6582e-06
[mg]   it 381  |r|inf=1.888846e-08  r/r0=1.6753e-06
[mg]   it 382  |r|inf=1.907684e-08  r/r0=1.6921e-06
[mg]   it 383  |r|inf=1.925990e-08  r/r0=1.7083e-06
[mg]   it 384  |r|inf=1.943769e-08  r/r0=1.7241e-06
[mg]   it 385  |r|inf=1.961025e-08  r/r0=1.7394e-06
[mg]   it 386  |r|inf=1.977762e-08  r/r0=1.7542e-06
[mg]   it 387  |r|inf=1.993984e-08  r/r0=1.7686e-06
[mg]   it 388  |r|inf=2.009694e-08  r/r0=1.7825e-06
[mg]   it 389  |r|inf=2.024898e-08  r/r0=1.7960e-06
[mg]   it 390  |r|inf=2.039599e-08  r/r0=1.8091e-06
[mg]   it 391  |r|inf=2.053801e-08  r/r0=1.8217e-06
[mg]   it 392  |r|inf=2.067507e-08  r/r0=1.8338e-06
[mg]   it 393  |r|inf=2.080722e-08  r/r0=1.8455e-06
[mg]   it 394  |r|inf=2.093449e-08  r/r0=1.8568e-06
[mg]   it 395  |r|inf=2.105693e-08  r/r0=1.8677e-06
[mg]   it 396  |r|inf=2.117455e-08  r/r0=1.8781e-06
[mg]   it 397  |r|inf=2.128741e-08  r/r0=1.8881e-06
[mg]   it 398  |r|inf=2.139554e-08  r/r0=1.8977e-06
[mg]   it 399  |r|inf=2.149896e-08  r/r0=1.9069e-06
[mg]   it 400  |r|inf=2.159772e-08  r/r0=1.9156e-06
[mg]   it 401  |r|inf=2.169184e-08  r/r0=1.9240e-06
[mg]   it 402  |r|inf=2.178136e-08  r/r0=1.9319e-06
[mg]   it 403  |r|inf=2.186630e-08  r/r0=1.9395e-06
[mg]   it 404  |r|inf=2.194670e-08  r/r0=1.9466e-06
[mg]   it 405  |r|inf=2.202259e-08  r/r0=1.9533e-06
[mg]   it 406  |r|inf=2.209399e-08  r/r0=1.9597e-06
[mg]   it 407  |r|inf=2.216093e-08  r/r0=1.9656e-06
[mg]   it 408  |r|inf=2.222344e-08  r/r0=1.9711e-06
[mg]   it 409  |r|inf=2.228154e-08  r/r0=1.9763e-06
[mg]   it 410  |r|inf=2.233526e-08  r/r0=1.9811e-06
[mg]   it 411  |r|inf=2.238463e-08  r/r0=1.9854e-06
[mg]   it 412  |r|inf=2.242967e-08  r/r0=1.9894e-06
[mg]   it 413  |r|inf=2.247039e-08  r/r0=1.9931e-06
[mg]   it 414  |r|inf=2.250684e-08  r/r0=1.9963e-06
[mg]   it 415  |r|inf=2.253901e-08  r/r0=1.9991e-06
[mg]   it 416  |r|inf=2.256695e-08  r/r0=2.0016e-06
[mg]   it 417  |r|inf=2.259066e-08  r/r0=2.0037e-06
[mg]   it 418  |r|inf=2.261017e-08  r/r0=2.0054e-06
[mg]   it 419  |r|inf=2.262550e-08  r/r0=2.0068e-06
[mg]   it 420  |r|inf=2.263667e-08  r/r0=2.0078e-06
[mg]   it 421  |r|inf=2.264369e-08  r/r0=2.0084e-06
[mg]   it 422  |r|inf=2.273627e-08  r/r0=2.0166e-06
[mg]   it 423  |r|inf=2.287971e-08  r/r0=2.0294e-06
[mg]   it 424  |r|inf=2.301882e-08  r/r0=2.0417e-06
[mg]   it 425  |r|inf=2.315362e-08  r/r0=2.0537e-06
[mg]   it 426  |r|inf=2.328410e-08  r/r0=2.0652e-06
[mg]   it 427  |r|inf=2.341026e-08  r/r0=2.0764e-06
[mg]   it 428  |r|inf=2.353210e-08  r/r0=2.0872e-06
[mg]   it 429  |r|inf=2.364962e-08  r/r0=2.0976e-06
[mg]   it 430  |r|inf=2.376281e-08  r/r0=2.1077e-06
[mg]   it 431  |r|inf=2.387169e-08  r/r0=2.1173e-06
[mg]   it 432  |r|inf=2.397625e-08  r/r0=2.1266e-06
[mg]   it 433  |r|inf=2.407648e-08  r/r0=2.1355e-06
[mg]   it 434  |r|inf=2.417239e-08  r/r0=2.1440e-06
[mg]   it 435  |r|inf=2.426397e-08  r/r0=2.1521e-06
[mg]   it 436  |r|inf=2.435122e-08  r/r0=2.1599e-06
[mg]   it 437  |r|inf=2.443414e-08  r/r0=2.1672e-06
[mg]   it 438  |r|inf=2.451273e-08  r/r0=2.1742e-06
[mg]   it 439  |r|inf=2.458698e-08  r/r0=2.1808e-06
[mg]   it 440  |r|inf=2.465690e-08  r/r0=2.1870e-06
[mg]   it 441  |r|inf=2.472248e-08  r/r0=2.1928e-06
[mg]   it 442  |r|inf=2.478372e-08  r/r0=2.1982e-06
[mg]   it 443  |r|inf=2.484062e-08  r/r0=2.2033e-06
[mg]   it 444  |r|inf=2.489317e-08  r/r0=2.2079e-06
[mg]   it 445  |r|inf=2.494139e-08  r/r0=2.2122e-06
[mg]   it 446  |r|inf=2.498525e-08  r/r0=2.2161e-06
[mg]   it 447  |r|inf=2.502477e-08  r/r0=2.2196e-06
[mg]   it 448  |r|inf=2.505995e-08  r/r0=2.2227e-06
[mg]   it 449  |r|inf=2.509078e-08  r/r0=2.2255e-06
[mg]   it 450  |r|inf=2.511726e-08  r/r0=2.2278e-06
[mg]   it 451  |r|inf=2.513940e-08  r/r0=2.2298e-06
[mg]   it 452  |r|inf=2.515719e-08  r/r0=2.2314e-06
[mg]   it 453  |r|inf=2.517065e-08  r/r0=2.2326e-06
[mg]   it 454  |r|inf=2.517976e-08  r/r0=2.2334e-06
[mg]   it 455  |r|inf=2.518453e-08  r/r0=2.2338e-06
[mg]   it 456  |r|inf=2.518498e-08  r/r0=2.2338e-06
[mg]   it 457  |r|inf=2.518109e-08  r/r0=2.2335e-06
[mg]   it 458  |r|inf=2.517287e-08  r/r0=2.2328e-06
[mg]   it 459  |r|inf=2.516034e-08  r/r0=2.2316e-06
[mg]   it 460  |r|inf=2.514349e-08  r/r0=2.2301e-06
[mg]   it 461  |r|inf=2.512234e-08  r/r0=2.2283e-06
[mg]   it 462  |r|inf=2.509689e-08  r/r0=2.2260e-06
[mg]   it 463  |r|inf=2.506714e-08  r/r0=2.2234e-06
[mg]   it 464  |r|inf=2.503312e-08  r/r0=2.2204e-06
[mg]   it 465  |r|inf=2.499482e-08  r/r0=2.2170e-06
[mg]   it 466  |r|inf=2.495227e-08  r/r0=2.2132e-06
[mg]   it 467  |r|inf=2.490546e-08  r/r0=2.2090e-06
[mg]   it 468  |r|inf=2.485442e-08  r/r0=2.2045e-06
[mg]   it 469  |r|inf=2.479916e-08  r/r0=2.1996e-06
[mg]   it 470  |r|inf=2.473969e-08  r/r0=2.1943e-06
[mg]   it 471  |r|inf=2.467603e-08  r/r0=2.1887e-06
[mg]   it 472  |r|inf=2.460819e-08  r/r0=2.1827e-06
[mg]   it 473  |r|inf=2.453620e-08  r/r0=2.1763e-06
[mg]   it 474  |r|inf=2.446007e-08  r/r0=2.1695e-06
[mg]   it 475  |r|inf=2.437983e-08  r/r0=2.1624e-06
[mg]   it 476  |r|inf=2.429548e-08  r/r0=2.1549e-06
[mg]   it 477  |r|inf=2.420706e-08  r/r0=2.1471e-06
[mg]   it 478  |r|inf=2.411460e-08  r/r0=2.1389e-06
[mg]   it 479  |r|inf=2.401810e-08  r/r0=2.1303e-06
[mg]   it 480  |r|inf=2.391760e-08  r/r0=2.1214e-06
[mg]   it 481  |r|inf=2.381313e-08  r/r0=2.1121e-06
[mg]   it 482  |r|inf=2.370471e-08  r/r0=2.1025e-06
[mg]   it 483  |r|inf=2.359237e-08  r/r0=2.0926e-06
[mg]   it 484  |r|inf=2.347615e-08  r/r0=2.0823e-06
[mg]   it 485  |r|inf=2.335606e-08  r/r0=2.0716e-06
[mg]   it 486  |r|inf=2.323215e-08  r/r0=2.0606e-06
[mg]   it 487  |r|inf=2.310445e-08  r/r0=2.0493e-06
[mg]   it 488  |r|inf=2.297300e-08  r/r0=2.0376e-06
[mg]   it 489  |r|inf=2.283782e-08  r/r0=2.0256e-06
[mg]   it 490  |r|inf=2.269895e-08  r/r0=2.0133e-06
[mg]   it 491  |r|inf=2.255644e-08  r/r0=2.0007e-06
[mg]   it 492  |r|inf=2.241032e-08  r/r0=1.9877e-06
[mg]   it 493  |r|inf=2.226063e-08  r/r0=1.9744e-06
[mg]   it 494  |r|inf=2.210741e-08  r/r0=1.9609e-06
[mg]   it 495  |r|inf=2.195071e-08  r/r0=1.9470e-06
[mg]   it 496  |r|inf=2.179056e-08  r/r0=1.9328e-06
[mg]   it 497  |r|inf=2.162701e-08  r/r0=1.9182e-06
[mg]   it 498  |r|inf=2.146011e-08  r/r0=1.9034e-06
[mg]   it 499  |r|inf=2.128991e-08  r/r0=1.8883e-06
[mg]   it 500  |r|inf=2.111644e-08  r/r0=1.8730e-06
[mg]   it 501  |r|inf=2.093975e-08  r/r0=1.8573e-06
[mg]   it 502  |r|inf=2.075990e-08  r/r0=1.8413e-06
[mg]   it 503  |r|inf=2.057694e-08  r/r0=1.8251e-06
[mg]   it 504  |r|inf=2.039091e-08  r/r0=1.8086e-06
[mg]   it 505  |r|inf=2.020186e-08  r/r0=1.7918e-06
[mg]   it 506  |r|inf=2.000985e-08  r/r0=1.7748e-06
[mg]   it 507  |r|inf=1.981493e-08  r/r0=1.7575e-06
[mg]   it 508  |r|inf=1.961716e-08  r/r0=1.7400e-06
[mg]   it 509  |r|inf=1.941658e-08  r/r0=1.7222e-06
[mg]   it 510  |r|inf=1.921325e-08  r/r0=1.7042e-06
[mg]   it 511  |r|inf=1.910123e-08  r/r0=1.6942e-06
[mg]   it 512  |r|inf=1.917278e-08  r/r0=1.7006e-06
[mg]   it 513  |r|inf=1.924122e-08  r/r0=1.7066e-06
[mg]   it 514  |r|inf=1.930657e-08  r/r0=1.7124e-06
[mg]   it 515  |r|inf=1.936882e-08  r/r0=1.7180e-06
[mg]   it 516  |r|inf=1.942797e-08  r/r0=1.7232e-06
[mg]   it 517  |r|inf=1.948404e-08  r/r0=1.7282e-06
[mg]   it 518  |r|inf=1.953702e-08  r/r0=1.7329e-06
[mg]   it 519  |r|inf=1.958693e-08  r/r0=1.7373e-06
[mg]   it 520  |r|inf=1.963377e-08  r/r0=1.7415e-06
[mg]   it 521  |r|inf=1.967755e-08  r/r0=1.7453e-06
[mg]   it 522  |r|inf=1.971828e-08  r/r0=1.7489e-06
[mg]   it 523  |r|inf=1.975598e-08  r/r0=1.7523e-06
[mg]   it 524  |r|inf=1.979066e-08  r/r0=1.7554e-06
[mg]   it 525  |r|inf=1.982232e-08  r/r0=1.7582e-06
[mg]   it 526  |r|inf=1.985098e-08  r/r0=1.7607e-06
[mg]   it 527  |r|inf=1.987666e-08  r/r0=1.7630e-06
[mg]   it 528  |r|inf=1.989938e-08  r/r0=1.7650e-06
[mg]   it 529  |r|inf=1.991914e-08  r/r0=1.7668e-06
[mg]   it 530  |r|inf=1.993597e-08  r/r0=1.7683e-06
[mg]   it 531  |r|inf=1.994988e-08  r/r0=1.7695e-06
[mg]   it 532  |r|inf=1.996089e-08  r/r0=1.7705e-06
[mg]   it 533  |r|inf=1.996902e-08  r/r0=1.7712e-06
[mg]   it 534  |r|inf=1.997430e-08  r/r0=1.7717e-06
[mg]   it 535  |r|inf=1.997674e-08  r/r0=1.7719e-06
[mg]   it 536  |r|inf=1.997636e-08  r/r0=1.7718e-06
[mg]   it 537  |r|inf=1.997319e-08  r/r0=1.7716e-06
[mg]   it 538  |r|inf=1.996725e-08  r/r0=1.7710e-06
[mg]   it 539  |r|inf=1.995856e-08  r/r0=1.7703e-06
[mg]   it 540  |r|inf=1.994715e-08  r/r0=1.7692e-06
[mg]   it 541  |r|inf=1.993304e-08  r/r0=1.7680e-06
[mg]   it 542  |r|inf=1.991625e-08  r/r0=1.7665e-06
[mg]   it 543  |r|inf=1.989682e-08  r/r0=1.7648e-06
[mg]   it 544  |r|inf=1.987477e-08  r/r0=1.7628e-06
[mg]   it 545  |r|inf=1.985013e-08  r/r0=1.7606e-06
[mg]   it 546  |r|inf=1.982292e-08  r/r0=1.7582e-06
[mg]   it 547  |r|inf=1.979316e-08  r/r0=1.7556e-06
[mg]   it 548  |r|inf=1.976090e-08  r/r0=1.7527e-06
[mg]   it 549  |r|inf=1.972616e-08  r/r0=1.7496e-06
[mg]   it 550  |r|inf=1.968896e-08  r/r0=1.7463e-06
[mg]   it 551  |r|inf=1.964933e-08  r/r0=1.7428e-06
[mg]   it 552  |r|inf=1.960731e-08  r/r0=1.7391e-06
[mg]   it 553  |r|inf=1.956293e-08  r/r0=1.7352e-06
[mg]   it 554  |r|inf=1.951621e-08  r/r0=1.7310e-06
[mg]   it 555  |r|inf=1.946718e-08  r/r0=1.7267e-06
[mg]   it 556  |r|inf=1.941588e-08  r/r0=1.7221e-06
[mg]   it 557  |r|inf=1.936233e-08  r/r0=1.7174e-06
[mg]   it 558  |r|inf=1.930657e-08  r/r0=1.7124e-06
[mg]   it 559  |r|inf=1.924863e-08  r/r0=1.7073e-06
[mg]   it 560  |r|inf=1.918854e-08  r/r0=1.7020e-06
[mg]   it 561  |r|inf=1.912632e-08  r/r0=1.6964e-06
[mg]   it 562  |r|inf=1.906202e-08  r/r0=1.6907e-06
[mg]   it 563  |r|inf=1.899566e-08  r/r0=1.6849e-06
[mg]   it 564  |r|inf=1.892728e-08  r/r0=1.6788e-06
[mg]   it 565  |r|inf=1.885689e-08  r/r0=1.6725e-06
[mg]   it 566  |r|inf=1.878455e-08  r/r0=1.6661e-06
[mg]   it 567  |r|inf=1.871028e-08  r/r0=1.6595e-06
[mg]   it 568  |r|inf=1.863410e-08  r/r0=1.6528e-06
[mg]   it 569  |r|inf=1.855605e-08  r/r0=1.6459e-06
[mg]   it 570  |r|inf=1.847617e-08  r/r0=1.6388e-06
[mg]   it 571  |r|inf=1.839448e-08  r/r0=1.6315e-06
[mg]   it 572  |r|inf=1.831102e-08  r/r0=1.6241e-06
[mg]   it 573  |r|inf=1.822581e-08  r/r0=1.6166e-06
[mg]   it 574  |r|inf=1.813889e-08  r/r0=1.6089e-06
[mg]   it 575  |r|inf=1.805029e-08  r/r0=1.6010e-06
[mg]   it 576  |r|inf=1.796004e-08  r/r0=1.5930e-06
[mg]   it 577  |r|inf=1.786816e-08  r/r0=1.5848e-06
[mg]   it 578  |r|inf=1.777470e-08  r/r0=1.5766e-06
[mg]   it 579  |r|inf=1.767967e-08  r/r0=1.5681e-06
[mg]   it 580  |r|inf=1.758311e-08  r/r0=1.5596e-06
[mg]   it 581  |r|inf=1.748506e-08  r/r0=1.5509e-06
[mg]   it 582  |r|inf=1.738553e-08  r/r0=1.5420e-06
[mg]   it 583  |r|inf=1.728456e-08  r/r0=1.5331e-06
[mg]   it 584  |r|inf=1.718217e-08  r/r0=1.5240e-06
[mg]   it 585  |r|inf=1.707840e-08  r/r0=1.5148e-06
[mg]   it 586  |r|inf=1.697328e-08  r/r0=1.5055e-06
[mg]   it 587  |r|inf=1.686683e-08  r/r0=1.4960e-06
[mg]   it 588  |r|inf=1.675908e-08  r/r0=1.4865e-06
[mg]   it 589  |r|inf=1.665006e-08  r/r0=1.4768e-06
[mg]   it 590  |r|inf=1.653979e-08  r/r0=1.4670e-06
[mg]   it 591  |r|inf=1.642831e-08  r/r0=1.4571e-06
[mg]   it 592  |r|inf=1.631563e-08  r/r0=1.4471e-06
[mg]   it 593  |r|inf=1.620179e-08  r/r0=1.4370e-06
[mg]   it 594  |r|inf=1.608682e-08  r/r0=1.4268e-06
[mg]   it 595  |r|inf=1.597073e-08  r/r0=1.4166e-06
[mg]   it 596  |r|inf=1.585355e-08  r/r0=1.4062e-06
[mg]   it 597  |r|inf=1.573532e-08  r/r0=1.3957e-06
[mg]   it 598  |r|inf=1.561605e-08  r/r0=1.3851e-06
[mg]   it 599  |r|inf=1.549577e-08  r/r0=1.3744e-06
[mg]   it 600  |r|inf=1.537449e-08  r/r0=1.3637e-06
[mg]   it 601  |r|inf=1.525226e-08  r/r0=1.3528e-06
[mg]   it 602  |r|inf=1.512909e-08  r/r0=1.3419e-06
[mg]   it 603  |r|inf=1.500500e-08  r/r0=1.3309e-06
[mg]   it 604  |r|inf=1.488001e-08  r/r0=1.3198e-06
[mg]   it 605  |r|inf=1.475416e-08  r/r0=1.3086e-06
[mg]   it 606  |r|inf=1.462745e-08  r/r0=1.2974e-06
[mg]   it 607  |r|inf=1.449992e-08  r/r0=1.2861e-06
[mg]   it 608  |r|inf=1.437158e-08  r/r0=1.2747e-06
[mg]   it 609  |r|inf=1.424246e-08  r/r0=1.2633e-06
[mg]   it 610  |r|inf=1.425470e-08  r/r0=1.2643e-06
[mg]   it 611  |r|inf=1.441669e-08  r/r0=1.2787e-06
[mg]   it 612  |r|inf=1.457687e-08  r/r0=1.2929e-06
[mg]   it 613  |r|inf=1.473527e-08  r/r0=1.3070e-06
[mg]   it 614  |r|inf=1.489187e-08  r/r0=1.3209e-06
[mg]   it 615  |r|inf=1.504668e-08  r/r0=1.3346e-06
[mg]   it 616  |r|inf=1.519972e-08  r/r0=1.3482e-06
[mg]   it 617  |r|inf=1.535097e-08  r/r0=1.3616e-06
[mg]   it 618  |r|inf=1.550046e-08  r/r0=1.3748e-06
[mg]   it 619  |r|inf=1.564817e-08  r/r0=1.3879e-06
[mg]   it 620  |r|inf=1.579413e-08  r/r0=1.4009e-06
[mg]   it 621  |r|inf=1.593832e-08  r/r0=1.4137e-06
[mg]   it 622  |r|inf=1.608076e-08  r/r0=1.4263e-06
[mg]   it 623  |r|inf=1.622146e-08  r/r0=1.4388e-06
[mg]   it 624  |r|inf=1.636041e-08  r/r0=1.4511e-06
[mg]   it 625  |r|inf=1.649763e-08  r/r0=1.4633e-06
[mg]   it 626  |r|inf=1.663312e-08  r/r0=1.4753e-06
[mg]   it 627  |r|inf=1.676689e-08  r/r0=1.4872e-06
[mg]   it 628  |r|inf=1.689894e-08  r/r0=1.4989e-06
[mg]   it 629  |r|inf=1.702927e-08  r/r0=1.5104e-06
[mg]   it 630  |r|inf=1.715791e-08  r/r0=1.5219e-06
[mg]   it 631  |r|inf=1.728485e-08  r/r0=1.5331e-06
[mg]   it 632  |r|inf=1.741010e-08  r/r0=1.5442e-06
[mg]   it 633  |r|inf=1.753366e-08  r/r0=1.5552e-06
[mg]   it 634  |r|inf=1.765555e-08  r/r0=1.5660e-06
[mg]   it 635  |r|inf=1.777576e-08  r/r0=1.5767e-06
[mg]   it 636  |r|inf=1.789432e-08  r/r0=1.5872e-06
[mg]   it 637  |r|inf=1.801122e-08  r/r0=1.5975e-06
[mg]   it 638  |r|inf=1.812647e-08  r/r0=1.6078e-06
[mg]   it 639  |r|inf=1.824007e-08  r/r0=1.6178e-06
[mg]   it 640  |r|inf=1.835205e-08  r/r0=1.6278e-06
[mg]   it 641  |r|inf=1.846239e-08  r/r0=1.6376e-06
[mg]   it 642  |r|inf=1.857112e-08  r/r0=1.6472e-06
[mg]   it 643  |r|inf=1.867823e-08  r/r0=1.6567e-06
[mg]   it 644  |r|inf=1.878374e-08  r/r0=1.6661e-06
[mg]   it 645  |r|inf=1.888764e-08  r/r0=1.6753e-06
[mg]   it 646  |r|inf=1.898996e-08  r/r0=1.6843e-06
[mg]   it 647  |r|inf=1.909069e-08  r/r0=1.6933e-06
[mg]   it 648  |r|inf=1.918985e-08  r/r0=1.7021e-06
[mg]   it 649  |r|inf=1.928744e-08  r/r0=1.7107e-06
[mg]   it 650  |r|inf=1.938346e-08  r/r0=1.7193e-06
[mg]   it 651  |r|inf=1.947793e-08  r/r0=1.7276e-06
[mg]   it 652  |r|inf=1.957086e-08  r/r0=1.7359e-06
[mg]   it 653  |r|inf=1.966224e-08  r/r0=1.7440e-06
[mg]   it 654  |r|inf=1.975209e-08  r/r0=1.7519e-06
[mg]   it 655  |r|inf=1.984041e-08  r/r0=1.7598e-06
[mg]   it 656  |r|inf=1.992721e-08  r/r0=1.7675e-06
[mg]   it 657  |r|inf=2.001251e-08  r/r0=1.7750e-06
[mg]   it 658  |r|inf=2.009629e-08  r/r0=1.7825e-06
[mg]   it 659  |r|inf=2.017858e-08  r/r0=1.7898e-06
[mg]   it 660  |r|inf=2.025938e-08  r/r0=1.7969e-06
[mg]   it 661  |r|inf=2.033869e-08  r/r0=1.8040e-06
[mg]   it 662  |r|inf=2.041652e-08  r/r0=1.8109e-06
[mg]   it 663  |r|inf=2.049289e-08  r/r0=1.8177e-06
[mg]   it 664  |r|inf=2.056779e-08  r/r0=1.8243e-06
[mg]   it 665  |r|inf=2.064123e-08  r/r0=1.8308e-06
[mg]   it 666  |r|inf=2.071322e-08  r/r0=1.8372e-06
[mg]   it 667  |r|inf=2.078377e-08  r/r0=1.8435e-06
[mg]   it 668  |r|inf=2.085287e-08  r/r0=1.8496e-06
[mg]   it 669  |r|inf=2.092055e-08  r/r0=1.8556e-06
[mg]   it 670  |r|inf=2.098680e-08  r/r0=1.8615e-06
[mg]   it 671  |r|inf=2.105164e-08  r/r0=1.8672e-06
[mg]   it 672  |r|inf=2.111506e-08  r/r0=1.8728e-06
[mg]   it 673  |r|inf=2.117707e-08  r/r0=1.8783e-06
[mg]   it 674  |r|inf=2.123768e-08  r/r0=1.8837e-06
[mg]   it 675  |r|inf=2.129690e-08  r/r0=1.8890e-06
[mg]   it 676  |r|inf=2.135473e-08  r/r0=1.8941e-06
[mg]   it 677  |r|inf=2.141117e-08  r/r0=1.8991e-06
[mg]   it 678  |r|inf=2.146624e-08  r/r0=1.9040e-06
[mg]   it 679  |r|inf=2.151994e-08  r/r0=1.9087e-06
[mg]   it 680  |r|inf=2.157227e-08  r/r0=1.9134e-06
[mg]   it 681  |r|inf=2.162324e-08  r/r0=1.9179e-06
[mg]   it 682  |r|inf=2.167286e-08  r/r0=1.9223e-06
[mg]   it 683  |r|inf=2.172113e-08  r/r0=1.9266e-06
[mg]   it 684  |r|inf=2.176805e-08  r/r0=1.9308e-06
[mg]   it 685  |r|inf=2.181363e-08  r/r0=1.9348e-06
[mg]   it 686  |r|inf=2.185788e-08  r/r0=1.9387e-06
[mg]   it 687  |r|inf=2.190080e-08  r/r0=1.9425e-06
[mg]   it 688  |r|inf=2.194240e-08  r/r0=1.9462e-06
[mg]   it 689  |r|inf=2.198268e-08  r/r0=1.9498e-06
[mg]   it 690  |r|inf=2.202164e-08  r/r0=1.9532e-06
[mg]   it 691  |r|inf=2.205930e-08  r/r0=1.9566e-06
[mg]   it 692  |r|inf=2.209565e-08  r/r0=1.9598e-06
[mg]   it 693  |r|inf=2.213070e-08  r/r0=1.9629e-06
[mg]   it 694  |r|inf=2.216446e-08  r/r0=1.9659e-06
[mg]   it 695  |r|inf=2.219692e-08  r/r0=1.9688e-06
[mg]   it 696  |r|inf=2.222810e-08  r/r0=1.9716e-06
[mg]   it 697  |r|inf=2.225800e-08  r/r0=1.9742e-06
[mg]   it 698  |r|inf=2.228662e-08  r/r0=1.9768e-06
[mg]   it 699  |r|inf=2.231397e-08  r/r0=1.9792e-06
[mg]   it 700  |r|inf=2.234005e-08  r/r0=1.9815e-06
[mg]   it 701  |r|inf=2.236487e-08  r/r0=1.9837e-06
[mg]   it 702  |r|inf=2.238842e-08  r/r0=1.9858e-06
[mg]   it 703  |r|inf=2.241071e-08  r/r0=1.9878e-06
[mg]   it 704  |r|inf=2.243176e-08  r/r0=1.9896e-06
[mg]   it 705  |r|inf=2.245155e-08  r/r0=1.9914e-06
[mg]   it 706  |r|inf=2.247010e-08  r/r0=1.9930e-06
[mg]   it 707  |r|inf=2.248741e-08  r/r0=1.9946e-06
[mg]   it 708  |r|inf=2.250348e-08  r/r0=1.9960e-06
[mg]   it 709  |r|inf=2.251831e-08  r/r0=1.9973e-06
[mg]   it 710  |r|inf=2.253192e-08  r/r0=1.9985e-06
[mg]   it 711  |r|inf=2.254430e-08  r/r0=1.9996e-06
[mg]   it 712  |r|inf=2.255545e-08  r/r0=2.0006e-06
[mg]   it 713  |r|inf=2.256539e-08  r/r0=2.0015e-06
[mg]   it 714  |r|inf=2.257410e-08  r/r0=2.0023e-06
[mg]   it 715  |r|inf=2.258161e-08  r/r0=2.0029e-06
[mg]   it 716  |r|inf=2.258790e-08  r/r0=2.0035e-06
[mg]   it 717  |r|inf=2.259299e-08  r/r0=2.0039e-06
[mg]   it 718  |r|inf=2.259687e-08  r/r0=2.0043e-06
[mg]   it 719  |r|inf=2.259955e-08  r/r0=2.0045e-06
[mg]   it 720  |r|inf=2.260103e-08  r/r0=2.0046e-06
[mg]   it 721  |r|inf=2.260132e-08  r/r0=2.0047e-06
[mg]   it 722  |r|inf=2.260042e-08  r/r0=2.0046e-06
[mg]   it 723  |r|inf=2.261971e-08  r/r0=2.0063e-06
[mg]   it 724  |r|inf=2.269504e-08  r/r0=2.0130e-06
[mg]   it 725  |r|inf=2.276912e-08  r/r0=2.0195e-06
[mg]   it 726  |r|inf=2.284196e-08  r/r0=2.0260e-06
[mg]   it 727  |r|inf=2.291356e-08  r/r0=2.0324e-06
[mg]   it 728  |r|inf=2.298391e-08  r/r0=2.0386e-06
[mg]   it 729  |r|inf=2.305301e-08  r/r0=2.0447e-06
[mg]   it 730  |r|inf=2.312088e-08  r/r0=2.0507e-06
[mg]   it 731  |r|inf=2.318750e-08  r/r0=2.0567e-06
[mg]   it 732  |r|inf=2.325287e-08  r/r0=2.0625e-06
[mg]   it 733  |r|inf=2.331701e-08  r/r0=2.0681e-06
[mg]   it 734  |r|inf=2.337990e-08  r/r0=2.0737e-06
[mg]   it 735  |r|inf=2.344155e-08  r/r0=2.0792e-06
[mg]   it 736  |r|inf=2.350195e-08  r/r0=2.0845e-06
[mg]   it 737  |r|inf=2.356111e-08  r/r0=2.0898e-06
[mg]   it 738  |r|inf=2.361903e-08  r/r0=2.0949e-06
[mg]   it 739  |r|inf=2.367571e-08  r/r0=2.1000e-06
[mg]   it 740  |r|inf=2.373114e-08  r/r0=2.1049e-06
[mg]   it 741  |r|inf=2.378533e-08  r/r0=2.1097e-06
[mg]   it 742  |r|inf=2.383828e-08  r/r0=2.1144e-06
[mg]   it 743  |r|inf=2.388998e-08  r/r0=2.1190e-06
[mg]   it 744  |r|inf=2.394044e-08  r/r0=2.1234e-06
[mg]   it 745  |r|inf=2.398966e-08  r/r0=2.1278e-06
[mg]   it 746  |r|inf=2.403763e-08  r/r0=2.1321e-06
[mg]   it 747  |r|inf=2.408436e-08  r/r0=2.1362e-06
[mg]   it 748  |r|inf=2.412984e-08  r/r0=2.1402e-06
[mg]   it 749  |r|inf=2.417408e-08  r/r0=2.1442e-06
[mg]   it 750  |r|inf=2.421708e-08  r/r0=2.1480e-06
[mg]   it 751  |r|inf=2.425883e-08  r/r0=2.1517e-06
[mg]   it 752  |r|inf=2.429933e-08  r/r0=2.1553e-06
[mg]   it 753  |r|inf=2.433859e-08  r/r0=2.1588e-06
[mg]   it 754  |r|inf=2.437661e-08  r/r0=2.1621e-06
[mg]   it 755  |r|inf=2.441338e-08  r/r0=2.1654e-06
[mg]   it 756  |r|inf=2.444890e-08  r/r0=2.1685e-06
[mg]   it 757  |r|inf=2.448318e-08  r/r0=2.1716e-06
[mg]   it 758  |r|inf=2.451621e-08  r/r0=2.1745e-06
[mg]   it 759  |r|inf=2.454800e-08  r/r0=2.1773e-06
[mg]   it 760  |r|inf=2.457854e-08  r/r0=2.1800e-06
[mg]   it 761  |r|inf=2.460783e-08  r/r0=2.1826e-06
[mg]   it 762  |r|inf=2.463588e-08  r/r0=2.1851e-06
[mg]   it 763  |r|inf=2.466268e-08  r/r0=2.1875e-06
[mg]   it 764  |r|inf=2.468823e-08  r/r0=2.1898e-06
[mg]   it 765  |r|inf=2.471253e-08  r/r0=2.1919e-06
[mg]   it 766  |r|inf=2.473559e-08  r/r0=2.1940e-06
[mg]   it 767  |r|inf=2.475740e-08  r/r0=2.1959e-06
[mg]   it 768  |r|inf=2.477797e-08  r/r0=2.1977e-06
[mg]   it 769  |r|inf=2.479728e-08  r/r0=2.1994e-06
[mg]   it 770  |r|inf=2.481535e-08  r/r0=2.2010e-06
[mg]   it 771  |r|inf=2.483217e-08  r/r0=2.2025e-06
[mg]   it 772  |r|inf=2.484775e-08  r/r0=2.2039e-06
[mg]   it 773  |r|inf=2.486208e-08  r/r0=2.2052e-06
[mg]   it 774  |r|inf=2.487516e-08  r/r0=2.2063e-06
[mg]   it 775  |r|inf=2.488699e-08  r/r0=2.2074e-06
[mg]   it 776  |r|inf=2.489758e-08  r/r0=2.2083e-06
[mg]   it 777  |r|inf=2.490692e-08  r/r0=2.2092e-06
[mg]   it 778  |r|inf=2.491502e-08  r/r0=2.2099e-06
[mg]   it 779  |r|inf=2.492187e-08  r/r0=2.2105e-06
[mg]   it 780  |r|inf=2.492747e-08  r/r0=2.2110e-06
[mg]   it 781  |r|inf=2.493183e-08  r/r0=2.2114e-06
[mg]   it 782  |r|inf=2.493495e-08  r/r0=2.2116e-06
[mg]   it 783  |r|inf=2.493682e-08  r/r0=2.2118e-06
[mg]   it 784  |r|inf=2.493745e-08  r/r0=2.2119e-06
[mg]   it 785  |r|inf=2.493683e-08  r/r0=2.2118e-06
[mg]   it 786  |r|inf=2.493498e-08  r/r0=2.2117e-06
[mg]   it 787  |r|inf=2.493188e-08  r/r0=2.2114e-06
[mg]   it 788  |r|inf=2.492754e-08  r/r0=2.2110e-06
[mg]   it 789  |r|inf=2.492197e-08  r/r0=2.2105e-06
[mg]   it 790  |r|inf=2.491515e-08  r/r0=2.2099e-06
[mg]   it 791  |r|inf=2.490710e-08  r/r0=2.2092e-06
[mg]   it 792  |r|inf=2.489781e-08  r/r0=2.2084e-06
[mg]   it 793  |r|inf=2.488728e-08  r/r0=2.2074e-06
[mg]   it 794  |r|inf=2.487552e-08  r/r0=2.2064e-06
[mg]   it 795  |r|inf=2.486252e-08  r/r0=2.2052e-06
[mg]   it 796  |r|inf=2.484830e-08  r/r0=2.2040e-06
[mg]   it 797  |r|inf=2.483284e-08  r/r0=2.2026e-06
[mg]   it 798  |r|inf=2.481615e-08  r/r0=2.2011e-06
[mg]   it 799  |r|inf=2.479824e-08  r/r0=2.1995e-06
[mg]   it 800  |r|inf=2.477910e-08  r/r0=2.1978e-06
[mg]   it 801  |r|inf=2.475873e-08  r/r0=2.1960e-06
[mg]   it 802  |r|inf=2.473714e-08  r/r0=2.1941e-06
[mg]   it 803  |r|inf=2.471433e-08  r/r0=2.1921e-06
[mg]   it 804  |r|inf=2.469030e-08  r/r0=2.1900e-06
[mg]   it 805  |r|inf=2.466506e-08  r/r0=2.1877e-06
[mg]   it 806  |r|inf=2.463860e-08  r/r0=2.1854e-06
[mg]   it 807  |r|inf=2.461092e-08  r/r0=2.1829e-06
[mg]   it 808  |r|inf=2.458203e-08  r/r0=2.1803e-06
[mg]   it 809  |r|inf=2.455194e-08  r/r0=2.1777e-06
[mg]   it 810  |r|inf=2.452063e-08  r/r0=2.1749e-06
[mg]   it 811  |r|inf=2.448813e-08  r/r0=2.1720e-06
[mg]   it 812  |r|inf=2.445442e-08  r/r0=2.1690e-06
[mg]   it 813  |r|inf=2.441951e-08  r/r0=2.1659e-06
[mg]   it 814  |r|inf=2.438340e-08  r/r0=2.1627e-06
[mg]   it 815  |r|inf=2.434610e-08  r/r0=2.1594e-06
[mg]   it 816  |r|inf=2.430761e-08  r/r0=2.1560e-06
[mg]   it 817  |r|inf=2.426794e-08  r/r0=2.1525e-06
[mg]   it 818  |r|inf=2.422707e-08  r/r0=2.1489e-06
[mg]   it 819  |r|inf=2.418503e-08  r/r0=2.1451e-06
[mg]   it 820  |r|inf=2.414180e-08  r/r0=2.1413e-06
[mg]   it 821  |r|inf=2.409740e-08  r/r0=2.1374e-06
[mg]   it 822  |r|inf=2.405183e-08  r/r0=2.1333e-06
[mg]   it 823  |r|inf=2.400509e-08  r/r0=2.1292e-06
[mg]   it 824  |r|inf=2.395719e-08  r/r0=2.1249e-06
[mg]   it 825  |r|inf=2.390812e-08  r/r0=2.1206e-06
[mg]   it 826  |r|inf=2.385789e-08  r/r0=2.1161e-06
[mg]   it 827  |r|inf=2.380651e-08  r/r0=2.1116e-06
[mg]   it 828  |r|inf=2.375399e-08  r/r0=2.1069e-06
[mg]   it 829  |r|inf=2.370031e-08  r/r0=2.1021e-06
[mg]   it 830  |r|inf=2.364549e-08  r/r0=2.0973e-06
[mg]   it 831  |r|inf=2.358954e-08  r/r0=2.0923e-06
[mg]   it 832  |r|inf=2.353245e-08  r/r0=2.0873e-06
[mg]   it 833  |r|inf=2.347423e-08  r/r0=2.0821e-06
[mg]   it 834  |r|inf=2.341489e-08  r/r0=2.0768e-06
[mg]   it 835  |r|inf=2.335443e-08  r/r0=2.0715e-06
[mg]   it 836  |r|inf=2.329285e-08  r/r0=2.0660e-06
[mg]   it 837  |r|inf=2.323016e-08  r/r0=2.0604e-06
[mg]   it 838  |r|inf=2.316637e-08  r/r0=2.0548e-06
[mg]   it 839  |r|inf=2.310147e-08  r/r0=2.0490e-06
[mg]   it 840  |r|inf=2.303548e-08  r/r0=2.0432e-06
[mg]   it 841  |r|inf=2.296840e-08  r/r0=2.0372e-06
[mg]   it 842  |r|inf=2.290023e-08  r/r0=2.0312e-06
[mg]   it 843  |r|inf=2.283098e-08  r/r0=2.0250e-06
[mg]   it 844  |r|inf=2.276066e-08  r/r0=2.0188e-06
[mg]   it 845  |r|inf=2.268927e-08  r/r0=2.0125e-06
[mg]   it 846  |r|inf=2.261682e-08  r/r0=2.0060e-06
[mg]   it 847  |r|inf=2.254331e-08  r/r0=1.9995e-06
[mg]   it 848  |r|inf=2.246874e-08  r/r0=1.9929e-06
[mg]   it 849  |r|inf=2.239313e-08  r/r0=1.9862e-06
[mg]   it 850  |r|inf=2.231648e-08  r/r0=1.9794e-06
[mg]   it 851  |r|inf=2.223879e-08  r/r0=1.9725e-06
[mg]   it 852  |r|inf=2.216008e-08  r/r0=1.9655e-06
[mg]   it 853  |r|inf=2.208035e-08  r/r0=1.9585e-06
[mg]   it 854  |r|inf=2.199959e-08  r/r0=1.9513e-06
[mg]   it 855  |r|inf=2.191783e-08  r/r0=1.9440e-06
[mg]   it 856  |r|inf=2.183507e-08  r/r0=1.9367e-06
[mg]   it 857  |r|inf=2.175131e-08  r/r0=1.9293e-06
[mg]   it 858  |r|inf=2.166657e-08  r/r0=1.9218e-06
[mg]   it 859  |r|inf=2.158084e-08  r/r0=1.9142e-06
[mg]   it 860  |r|inf=2.149413e-08  r/r0=1.9065e-06
[mg]   it 861  |r|inf=2.140645e-08  r/r0=1.8987e-06
[mg]   it 862  |r|inf=2.131782e-08  r/r0=1.8908e-06
[mg]   it 863  |r|inf=2.122822e-08  r/r0=1.8829e-06
[mg]   it 864  |r|inf=2.113768e-08  r/r0=1.8748e-06
[mg]   it 865  |r|inf=2.104620e-08  r/r0=1.8667e-06
[mg]   it 866  |r|inf=2.095379e-08  r/r0=1.8585e-06
[mg]   it 867  |r|inf=2.086045e-08  r/r0=1.8503e-06
[mg]   it 868  |r|inf=2.076619e-08  r/r0=1.8419e-06
[mg]   it 869  |r|inf=2.067102e-08  r/r0=1.8335e-06
[mg]   it 870  |r|inf=2.057495e-08  r/r0=1.8249e-06
[mg]   it 871  |r|inf=2.047798e-08  r/r0=1.8163e-06
[mg]   it 872  |r|inf=2.038012e-08  r/r0=1.8077e-06
[mg]   it 873  |r|inf=2.028139e-08  r/r0=1.7989e-06
[mg]   it 874  |r|inf=2.018178e-08  r/r0=1.7901e-06
[mg]   it 875  |r|inf=2.008131e-08  r/r0=1.7811e-06
[mg]   it 876  |r|inf=1.997998e-08  r/r0=1.7722e-06
[mg]   it 877  |r|inf=1.987780e-08  r/r0=1.7631e-06
[mg]   it 878  |r|inf=1.977478e-08  r/r0=1.7540e-06
[mg]   it 879  |r|inf=1.967093e-08  r/r0=1.7447e-06
[mg]   it 880  |r|inf=1.956626e-08  r/r0=1.7355e-06
[mg]   it 881  |r|inf=1.946077e-08  r/r0=1.7261e-06
[mg]   it 882  |r|inf=1.935447e-08  r/r0=1.7167e-06
[mg]   it 883  |r|inf=1.924738e-08  r/r0=1.7072e-06
[mg]   it 884  |r|inf=1.913949e-08  r/r0=1.6976e-06
[mg]   it 885  |r|inf=1.904261e-08  r/r0=1.6890e-06
[mg]   it 886  |r|inf=1.908581e-08  r/r0=1.6929e-06
[mg]   it 887  |r|inf=1.912811e-08  r/r0=1.6966e-06
[mg]   it 888  |r|inf=1.916951e-08  r/r0=1.7003e-06
[mg]   it 889  |r|inf=1.921001e-08  r/r0=1.7039e-06
[mg]   it 890  |r|inf=1.924960e-08  r/r0=1.7074e-06
[mg]   it 891  |r|inf=1.928829e-08  r/r0=1.7108e-06
[mg]   it 892  |r|inf=1.932608e-08  r/r0=1.7142e-06
[mg]   it 893  |r|inf=1.936297e-08  r/r0=1.7174e-06
[mg]   it 894  |r|inf=1.939896e-08  r/r0=1.7206e-06
[mg]   it 895  |r|inf=1.943404e-08  r/r0=1.7237e-06
[mg]   it 896  |r|inf=1.946823e-08  r/r0=1.7268e-06
[mg]   it 897  |r|inf=1.950152e-08  r/r0=1.7297e-06
[mg]   it 898  |r|inf=1.953390e-08  r/r0=1.7326e-06
[mg]   it 899  |r|inf=1.956540e-08  r/r0=1.7354e-06
[mg]   it 900  |r|inf=1.959599e-08  r/r0=1.7381e-06
[mg]   it 901  |r|inf=1.962569e-08  r/r0=1.7407e-06
[mg]   it 902  |r|inf=1.965450e-08  r/r0=1.7433e-06
[mg]   it 903  |r|inf=1.968241e-08  r/r0=1.7458e-06
[mg]   it 904  |r|inf=1.970943e-08  r/r0=1.7482e-06
[mg]   it 905  |r|inf=1.973556e-08  r/r0=1.7505e-06
[mg]   it 906  |r|inf=1.976080e-08  r/r0=1.7527e-06
[mg]   it 907  |r|inf=1.978515e-08  r/r0=1.7549e-06
[mg]   it 908  |r|inf=1.980862e-08  r/r0=1.7570e-06
[mg]   it 909  |r|inf=1.983120e-08  r/r0=1.7590e-06
[mg]   it 910  |r|inf=1.985291e-08  r/r0=1.7609e-06
[mg]   it 911  |r|inf=1.987373e-08  r/r0=1.7627e-06
[mg]   it 912  |r|inf=1.989367e-08  r/r0=1.7645e-06
[mg]   it 913  |r|inf=1.991274e-08  r/r0=1.7662e-06
[mg]   it 914  |r|inf=1.993093e-08  r/r0=1.7678e-06
[mg]   it 915  |r|inf=1.994825e-08  r/r0=1.7693e-06
[mg]   it 916  |r|inf=1.996470e-08  r/r0=1.7708e-06
[mg]   it 917  |r|inf=1.998028e-08  r/r0=1.7722e-06
[mg]   it 918  |r|inf=1.999499e-08  r/r0=1.7735e-06
[mg]   it 919  |r|inf=2.000885e-08  r/r0=1.7747e-06
[mg]   it 920  |r|inf=2.002184e-08  r/r0=1.7759e-06
[mg]   it 921  |r|inf=2.003397e-08  r/r0=1.7769e-06
[mg]   it 922  |r|inf=2.004525e-08  r/r0=1.7779e-06
[mg]   it 923  |r|inf=2.005568e-08  r/r0=1.7789e-06
[mg]   it 924  |r|inf=2.006526e-08  r/r0=1.7797e-06
[mg]   it 925  |r|inf=2.007399e-08  r/r0=1.7805e-06
[mg]   it 926  |r|inf=2.008188e-08  r/r0=1.7812e-06
[mg]   it 927  |r|inf=2.008893e-08  r/r0=1.7818e-06
[mg]   it 928  |r|inf=2.009514e-08  r/r0=1.7824e-06
[mg]   it 929  |r|inf=2.010051e-08  r/r0=1.7829e-06
[mg]   it 930  |r|inf=2.010505e-08  r/r0=1.7833e-06
[mg]   it 931  |r|inf=2.010877e-08  r/r0=1.7836e-06
[mg]   it 932  |r|inf=2.011166e-08  r/r0=1.7838e-06
[mg]   it 933  |r|inf=2.011373e-08  r/r0=1.7840e-06
[mg]   it 934  |r|inf=2.011498e-08  r/r0=1.7841e-06
[mg]   it 935  |r|inf=2.011541e-08  r/r0=1.7842e-06
[mg]   it 936  |r|inf=2.011504e-08  r/r0=1.7841e-06
[mg]   it 937  |r|inf=2.011386e-08  r/r0=1.7840e-06
[mg]   it 938  |r|inf=2.011187e-08  r/r0=1.7839e-06
[mg]   it 939  |r|inf=2.010908e-08  r/r0=1.7836e-06
[mg]   it 940  |r|inf=2.010550e-08  r/r0=1.7833e-06
[mg]   it 941  |r|inf=2.010112e-08  r/r0=1.7829e-06
[mg]   it 942  |r|inf=2.009596e-08  r/r0=1.7824e-06
[mg]   it 943  |r|inf=2.009001e-08  r/r0=1.7819e-06
[mg]   it 944  |r|inf=2.008328e-08  r/r0=1.7813e-06
[mg]   it 945  |r|inf=2.007577e-08  r/r0=1.7807e-06
[mg]   it 946  |r|inf=2.006749e-08  r/r0=1.7799e-06
[mg]   it 947  |r|inf=2.005844e-08  r/r0=1.7791e-06
[mg]   it 948  |r|inf=2.004863e-08  r/r0=1.7782e-06
[mg]   it 949  |r|inf=2.003805e-08  r/r0=1.7773e-06
[mg]   it 950  |r|inf=2.002672e-08  r/r0=1.7763e-06
[mg]   it 951  |r|inf=2.001464e-08  r/r0=1.7752e-06
[mg]   it 952  |r|inf=2.000181e-08  r/r0=1.7741e-06
[mg]   it 953  |r|inf=1.998823e-08  r/r0=1.7729e-06
[mg]   it 954  |r|inf=1.997391e-08  r/r0=1.7716e-06
[mg]   it 955  |r|inf=1.995886e-08  r/r0=1.7703e-06
[mg]   it 956  |r|inf=1.994308e-08  r/r0=1.7689e-06
[mg]   it 957  |r|inf=1.992658e-08  r/r0=1.7674e-06
[mg]   it 958  |r|inf=1.990935e-08  r/r0=1.7659e-06
[mg]   it 959  |r|inf=1.989140e-08  r/r0=1.7643e-06
[mg]   it 960  |r|inf=1.987274e-08  r/r0=1.7626e-06
[mg]   it 961  |r|inf=1.985338e-08  r/r0=1.7609e-06
[mg]   it 962  |r|inf=1.983331e-08  r/r0=1.7592e-06
[mg]   it 963  |r|inf=1.981254e-08  r/r0=1.7573e-06
[mg]   it 964  |r|inf=1.979108e-08  r/r0=1.7554e-06
[mg]   it 965  |r|inf=1.976892e-08  r/r0=1.7534e-06
[mg]   it 966  |r|inf=1.974609e-08  r/r0=1.7514e-06
[mg]   it 967  |r|inf=1.972257e-08  r/r0=1.7493e-06
[mg]   it 968  |r|inf=1.969837e-08  r/r0=1.7472e-06
[mg]   it 969  |r|inf=1.967351e-08  r/r0=1.7450e-06
[mg]   it 970  |r|inf=1.964798e-08  r/r0=1.7427e-06
[mg]   it 971  |r|inf=1.962179e-08  r/r0=1.7404e-06
[mg]   it 972  |r|inf=1.959494e-08  r/r0=1.7380e-06
[mg]   it 973  |r|inf=1.956744e-08  r/r0=1.7356e-06
[mg]   it 974  |r|inf=1.953929e-08  r/r0=1.7331e-06
[mg]   it 975  |r|inf=1.951051e-08  r/r0=1.7305e-06
[mg]   it 976  |r|inf=1.948108e-08  r/r0=1.7279e-06
[mg]   it 977  |r|inf=1.945102e-08  r/r0=1.7252e-06
[mg]   it 978  |r|inf=1.942034e-08  r/r0=1.7225e-06
[mg]   it 979  |r|inf=1.938903e-08  r/r0=1.7197e-06
[mg]   it 980  |r|inf=1.935710e-08  r/r0=1.7169e-06
[mg]   it 981  |r|inf=1.932457e-08  r/r0=1.7140e-06
[mg]   it 982  |r|inf=1.929142e-08  r/r0=1.7111e-06
[mg]   it 983  |r|inf=1.925767e-08  r/r0=1.7081e-06
[mg]   it 984  |r|inf=1.922332e-08  r/r0=1.7050e-06
[mg]   it 985  |r|inf=1.918838e-08  r/r0=1.7019e-06
[mg]   it 986  |r|inf=1.915286e-08  r/r0=1.6988e-06
[mg]   it 987  |r|inf=1.911675e-08  r/r0=1.6956e-06
[mg]   it 988  |r|inf=1.908006e-08  r/r0=1.6923e-06
[mg]   it 989  |r|inf=1.904279e-08  r/r0=1.6890e-06
[mg]   it 990  |r|inf=1.900496e-08  r/r0=1.6857e-06
[mg]   it 991  |r|inf=1.896657e-08  r/r0=1.6823e-06
[mg]   it 992  |r|inf=1.892761e-08  r/r0=1.6788e-06
[mg]   it 993  |r|inf=1.888810e-08  r/r0=1.6753e-06
[mg]   it 994  |r|inf=1.884805e-08  r/r0=1.6718e-06
[mg]   it 995  |r|inf=1.880745e-08  r/r0=1.6682e-06
[mg]   it 996  |r|inf=1.876631e-08  r/r0=1.6645e-06
[mg]   it 997  |r|inf=1.872464e-08  r/r0=1.6608e-06
[mg]   it 998  |r|inf=1.868243e-08  r/r0=1.6571e-06
[mg]   it 999  |r|inf=1.863971e-08  r/r0=1.6533e-06
[mg]   it 1000  |r|inf=1.859646e-08  r/r0=1.6494e-06
[mg]   it 1001  |r|inf=1.855270e-08  r/r0=1.6456e-06
[mg]   it 1002  |r|inf=1.850843e-08  r/r0=1.6416e-06
[mg]   it 1003  |r|inf=1.846365e-08  r/r0=1.6377e-06
[mg]   it 1004  |r|inf=1.841838e-08  r/r0=1.6337e-06
[mg]   it 1005  |r|inf=1.837261e-08  r/r0=1.6296e-06
[mg]   it 1006  |r|inf=1.832635e-08  r/r0=1.6255e-06
[mg]   it 1007  |r|inf=1.827960e-08  r/r0=1.6213e-06
[mg]   it 1008  |r|inf=1.823238e-08  r/r0=1.6172e-06
[mg]   it 1009  |r|inf=1.818467e-08  r/r0=1.6129e-06
[mg]   it 1010  |r|inf=1.813650e-08  r/r0=1.6086e-06
[mg]   it 1011  |r|inf=1.808786e-08  r/r0=1.6043e-06
[mg]   it 1012  |r|inf=1.803876e-08  r/r0=1.6000e-06
[mg]   it 1013  |r|inf=1.798920e-08  r/r0=1.5956e-06
[mg]   it 1014  |r|inf=1.793918e-08  r/r0=1.5911e-06
[mg]   it 1015  |r|inf=1.788873e-08  r/r0=1.5867e-06
[mg]   it 1016  |r|inf=1.783782e-08  r/r0=1.5822e-06
[mg]   it 1017  |r|inf=1.778648e-08  r/r0=1.5776e-06
[mg]   it 1018  |r|inf=1.773471e-08  r/r0=1.5730e-06
[mg]   it 1019  |r|inf=1.768250e-08  r/r0=1.5684e-06
[mg]   it 1020  |r|inf=1.762988e-08  r/r0=1.5637e-06
[mg]   it 1021  |r|inf=1.757683e-08  r/r0=1.5590e-06
[mg]   it 1022  |r|inf=1.752337e-08  r/r0=1.5543e-06
[mg]   it 1023  |r|inf=1.746949e-08  r/r0=1.5495e-06
[mg]   it 1024  |r|inf=1.741521e-08  r/r0=1.5447e-06
[mg]   it 1025  |r|inf=1.736053e-08  r/r0=1.5398e-06
[mg]   it 1026  |r|inf=1.730545e-08  r/r0=1.5349e-06
[mg]   it 1027  |r|inf=1.724998e-08  r/r0=1.5300e-06
[mg]   it 1028  |r|inf=1.719411e-08  r/r0=1.5251e-06
[mg]   it 1029  |r|inf=1.713787e-08  r/r0=1.5201e-06
[mg]   it 1030  |r|inf=1.708124e-08  r/r0=1.5151e-06
[mg]   it 1031  |r|inf=1.702424e-08  r/r0=1.5100e-06
[mg]   it 1032  |r|inf=1.696687e-08  r/r0=1.5049e-06
[mg]   it 1033  |r|inf=1.690913e-08  r/r0=1.4998e-06
[mg]   it 1034  |r|inf=1.685103e-08  r/r0=1.4946e-06
[mg]   it 1035  |r|inf=1.679257e-08  r/r0=1.4894e-06
[mg]   it 1036  |r|inf=1.673376e-08  r/r0=1.4842e-06
[mg]   it 1037  |r|inf=1.667459e-08  r/r0=1.4790e-06
[mg]   it 1038  |r|inf=1.661508e-08  r/r0=1.4737e-06
[mg]   it 1039  |r|inf=1.655523e-08  r/r0=1.4684e-06
[mg]   it 1040  |r|inf=1.649504e-08  r/r0=1.4631e-06
[mg]   it 1041  |r|inf=1.643452e-08  r/r0=1.4577e-06
[mg]   it 1042  |r|inf=1.637367e-08  r/r0=1.4523e-06
[mg]   it 1043  |r|inf=1.631249e-08  r/r0=1.4469e-06
[mg]   it 1044  |r|inf=1.625099e-08  r/r0=1.4414e-06
[mg]   it 1045  |r|inf=1.618918e-08  r/r0=1.4359e-06
[mg]   it 1046  |r|inf=1.612705e-08  r/r0=1.4304e-06
[mg]   it 1047  |r|inf=1.606461e-08  r/r0=1.4249e-06
[mg]   it 1048  |r|inf=1.600187e-08  r/r0=1.4193e-06
[mg]   it 1049  |r|inf=1.593882e-08  r/r0=1.4137e-06
[mg]   it 1050  |r|inf=1.587548e-08  r/r0=1.4081e-06
[mg]   it 1051  |r|inf=1.581184e-08  r/r0=1.4025e-06
[mg]   it 1052  |r|inf=1.574791e-08  r/r0=1.3968e-06
[mg]   it 1053  |r|inf=1.568370e-08  r/r0=1.3911e-06
[mg]   it 1054  |r|inf=1.561920e-08  r/r0=1.3854e-06
[mg]   it 1055  |r|inf=1.555443e-08  r/r0=1.3796e-06
[mg]   it 1056  |r|inf=1.548938e-08  r/r0=1.3739e-06
[mg]   it 1057  |r|inf=1.542405e-08  r/r0=1.3681e-06
[mg]   it 1058  |r|inf=1.535846e-08  r/r0=1.3622e-06
[mg]   it 1059  |r|inf=1.529261e-08  r/r0=1.3564e-06
[mg]   it 1060  |r|inf=1.522649e-08  r/r0=1.3505e-06
[mg]   it 1061  |r|inf=1.516012e-08  r/r0=1.3447e-06
[mg]   it 1062  |r|inf=1.509349e-08  r/r0=1.3387e-06
[mg]   it 1063  |r|inf=1.502661e-08  r/r0=1.3328e-06
[mg]   it 1064  |r|inf=1.495949e-08  r/r0=1.3269e-06
[mg]   it 1065  |r|inf=1.489212e-08  r/r0=1.3209e-06
[mg]   it 1066  |r|inf=1.482451e-08  r/r0=1.3149e-06
[mg]   it 1067  |r|inf=1.475666e-08  r/r0=1.3089e-06
[mg]   it 1068  |r|inf=1.468858e-08  r/r0=1.3028e-06
[mg]   it 1069  |r|inf=1.462027e-08  r/r0=1.2968e-06
[mg]   it 1070  |r|inf=1.455174e-08  r/r0=1.2907e-06
[mg]   it 1071  |r|inf=1.448298e-08  r/r0=1.2846e-06
[mg]   it 1072  |r|inf=1.448889e-08  r/r0=1.2851e-06
[mg]   it 1073  |r|inf=1.457488e-08  r/r0=1.2927e-06
[mg]   it 1074  |r|inf=1.466035e-08  r/r0=1.3003e-06
[mg]   it 1075  |r|inf=1.474529e-08  r/r0=1.3079e-06
[mg]   it 1076  |r|inf=1.482972e-08  r/r0=1.3153e-06
[mg]   it 1077  |r|inf=1.491363e-08  r/r0=1.3228e-06
[mg]   it 1078  |r|inf=1.499703e-08  r/r0=1.3302e-06
[mg]   it 1079  |r|inf=1.507990e-08  r/r0=1.3375e-06
[mg]   it 1080  |r|inf=1.516226e-08  r/r0=1.3448e-06
[mg]   it 1081  |r|inf=1.524411e-08  r/r0=1.3521e-06
[mg]   it 1082  |r|inf=1.532544e-08  r/r0=1.3593e-06
[mg]   it 1083  |r|inf=1.540625e-08  r/r0=1.3665e-06
[mg]   it 1084  |r|inf=1.548655e-08  r/r0=1.3736e-06
[mg]   it 1085  |r|inf=1.556634e-08  r/r0=1.3807e-06
[mg]   it 1086  |r|inf=1.564562e-08  r/r0=1.3877e-06
[mg]   it 1087  |r|inf=1.572439e-08  r/r0=1.3947e-06
[mg]   it 1088  |r|inf=1.580265e-08  r/r0=1.4016e-06
[mg]   it 1089  |r|inf=1.588040e-08  r/r0=1.4085e-06
[mg]   it 1090  |r|inf=1.595764e-08  r/r0=1.4154e-06
[mg]   it 1091  |r|inf=1.603437e-08  r/r0=1.4222e-06
[mg]   it 1092  |r|inf=1.611060e-08  r/r0=1.4290e-06
[mg]   it 1093  |r|inf=1.618632e-08  r/r0=1.4357e-06
[mg]   it 1094  |r|inf=1.626154e-08  r/r0=1.4423e-06
[mg]   it 1095  |r|inf=1.633625e-08  r/r0=1.4490e-06
[mg]   it 1096  |r|inf=1.641047e-08  r/r0=1.4556e-06
[mg]   it 1097  |r|inf=1.648418e-08  r/r0=1.4621e-06
[mg]   it 1098  |r|inf=1.655739e-08  r/r0=1.4686e-06
[mg]   it 1099  |r|inf=1.663010e-08  r/r0=1.4750e-06
[mg]   it 1100  |r|inf=1.670231e-08  r/r0=1.4814e-06
[mg]   it 1101  |r|inf=1.677402e-08  r/r0=1.4878e-06
[mg]   it 1102  |r|inf=1.684524e-08  r/r0=1.4941e-06
[mg]   it 1103  |r|inf=1.691596e-08  r/r0=1.5004e-06
[mg]   it 1104  |r|inf=1.698619e-08  r/r0=1.5066e-06
[mg]   it 1105  |r|inf=1.705592e-08  r/r0=1.5128e-06
[mg]   it 1106  |r|inf=1.712517e-08  r/r0=1.5189e-06
[mg]   it 1107  |r|inf=1.719392e-08  r/r0=1.5250e-06
[mg]   it 1108  |r|inf=1.726218e-08  r/r0=1.5311e-06
[mg]   it 1109  |r|inf=1.732995e-08  r/r0=1.5371e-06
[mg]   it 1110  |r|inf=1.739724e-08  r/r0=1.5431e-06
[mg]   it 1111  |r|inf=1.746404e-08  r/r0=1.5490e-06
[mg]   it 1112  |r|inf=1.753035e-08  r/r0=1.5549e-06
[mg]   it 1113  |r|inf=1.759618e-08  r/r0=1.5607e-06
[mg]   it 1114  |r|inf=1.766152e-08  r/r0=1.5665e-06
[mg]   it 1115  |r|inf=1.772638e-08  r/r0=1.5723e-06
[mg]   it 1116  |r|inf=1.779076e-08  r/r0=1.5780e-06
[mg]   it 1117  |r|inf=1.785467e-08  r/r0=1.5837e-06
[mg]   it 1118  |r|inf=1.791809e-08  r/r0=1.5893e-06
[mg]   it 1119  |r|inf=1.798103e-08  r/r0=1.5949e-06
[mg]   it 1120  |r|inf=1.804350e-08  r/r0=1.6004e-06
[mg]   it 1121  |r|inf=1.810550e-08  r/r0=1.6059e-06
[mg]   it 1122  |r|inf=1.816702e-08  r/r0=1.6114e-06
[mg]   it 1123  |r|inf=1.822806e-08  r/r0=1.6168e-06
[mg]   it 1124  |r|inf=1.828864e-08  r/r0=1.6221e-06
[mg]   it 1125  |r|inf=1.834874e-08  r/r0=1.6275e-06
[mg]   it 1126  |r|inf=1.840838e-08  r/r0=1.6328e-06
[mg]   it 1127  |r|inf=1.846754e-08  r/r0=1.6380e-06
[mg]   it 1128  |r|inf=1.852624e-08  r/r0=1.6432e-06
[mg]   it 1129  |r|inf=1.858447e-08  r/r0=1.6484e-06
[mg]   it 1130  |r|inf=1.864224e-08  r/r0=1.6535e-06
[mg]   it 1131  |r|inf=1.869955e-08  r/r0=1.6586e-06
[mg]   it 1132  |r|inf=1.875639e-08  r/r0=1.6636e-06
[mg]   it 1133  |r|inf=1.881277e-08  r/r0=1.6686e-06
[mg]   it 1134  |r|inf=1.886870e-08  r/r0=1.6736e-06
[mg]   it 1135  |r|inf=1.892416e-08  r/r0=1.6785e-06
[mg]   it 1136  |r|inf=1.897916e-08  r/r0=1.6834e-06
[mg]   it 1137  |r|inf=1.903371e-08  r/r0=1.6882e-06
[mg]   it 1138  |r|inf=1.908781e-08  r/r0=1.6930e-06
[mg]   it 1139  |r|inf=1.914145e-08  r/r0=1.6978e-06
[mg]   it 1140  |r|inf=1.919464e-08  r/r0=1.7025e-06
[mg]   it 1141  |r|inf=1.924737e-08  r/r0=1.7072e-06
[mg]   it 1142  |r|inf=1.929966e-08  r/r0=1.7118e-06
[mg]   it 1143  |r|inf=1.935149e-08  r/r0=1.7164e-06
[mg]   it 1144  |r|inf=1.940288e-08  r/r0=1.7210e-06
[mg]   it 1145  |r|inf=1.945382e-08  r/r0=1.7255e-06
[mg]   it 1146  |r|inf=1.950432e-08  r/r0=1.7300e-06
[mg]   it 1147  |r|inf=1.955437e-08  r/r0=1.7344e-06
[mg]   it 1148  |r|inf=1.960398e-08  r/r0=1.7388e-06
[mg]   it 1149  |r|inf=1.965314e-08  r/r0=1.7432e-06
[mg]   it 1150  |r|inf=1.970187e-08  r/r0=1.7475e-06
[mg]   it 1151  |r|inf=1.975015e-08  r/r0=1.7518e-06
[mg]   it 1152  |r|inf=1.979800e-08  r/r0=1.7560e-06
[mg]   it 1153  |r|inf=1.984540e-08  r/r0=1.7602e-06
[mg]   it 1154  |r|inf=1.989238e-08  r/r0=1.7644e-06
[mg]   it 1155  |r|inf=1.993891e-08  r/r0=1.7685e-06
[mg]   it 1156  |r|inf=1.998502e-08  r/r0=1.7726e-06
[mg]   it 1157  |r|inf=2.003068e-08  r/r0=1.7767e-06
[mg]   it 1158  |r|inf=2.007592e-08  r/r0=1.7807e-06
[mg]   it 1159  |r|inf=2.012073e-08  r/r0=1.7846e-06
[mg]   it 1160  |r|inf=2.016511e-08  r/r0=1.7886e-06
[mg]   it 1161  |r|inf=2.020906e-08  r/r0=1.7925e-06
[mg]   it 1162  |r|inf=2.025258e-08  r/r0=1.7963e-06
[mg]   it 1163  |r|inf=2.029568e-08  r/r0=1.8002e-06
[mg]   it 1164  |r|inf=2.033835e-08  r/r0=1.8039e-06
[mg]   it 1165  |r|inf=2.038059e-08  r/r0=1.8077e-06
[mg]   it 1166  |r|inf=2.042242e-08  r/r0=1.8114e-06
[mg]   it 1167  |r|inf=2.046382e-08  r/r0=1.8151e-06
[mg]   it 1168  |r|inf=2.050480e-08  r/r0=1.8187e-06
[mg]   it 1169  |r|inf=2.054537e-08  r/r0=1.8223e-06
[mg]   it 1170  |r|inf=2.058551e-08  r/r0=1.8259e-06
[mg]   it 1171  |r|inf=2.062524e-08  r/r0=1.8294e-06
[mg]   it 1172  |r|inf=2.066455e-08  r/r0=1.8329e-06
[mg]   it 1173  |r|inf=2.070344e-08  r/r0=1.8363e-06
[mg]   it 1174  |r|inf=2.074193e-08  r/r0=1.8397e-06
[mg]   it 1175  |r|inf=2.077999e-08  r/r0=1.8431e-06
[mg]   it 1176  |r|inf=2.081765e-08  r/r0=1.8465e-06
[mg]   it 1177  |r|inf=2.085490e-08  r/r0=1.8498e-06
[mg]   it 1178  |r|inf=2.089173e-08  r/r0=1.8530e-06
[mg]   it 1179  |r|inf=2.092816e-08  r/r0=1.8563e-06
[mg]   it 1180  |r|inf=2.096418e-08  r/r0=1.8595e-06
[mg]   it 1181  |r|inf=2.099979e-08  r/r0=1.8626e-06
[mg]   it 1182  |r|inf=2.103500e-08  r/r0=1.8657e-06
[mg]   it 1183  |r|inf=2.106980e-08  r/r0=1.8688e-06
[mg]   it 1184  |r|inf=2.110420e-08  r/r0=1.8719e-06
[mg]   it 1185  |r|inf=2.113819e-08  r/r0=1.8749e-06
[mg]   it 1186  |r|inf=2.117179e-08  r/r0=1.8779e-06
[mg]   it 1187  |r|inf=2.120498e-08  r/r0=1.8808e-06
[mg]   it 1188  |r|inf=2.123777e-08  r/r0=1.8837e-06
[mg]   it 1189  |r|inf=2.127017e-08  r/r0=1.8866e-06
[mg]   it 1190  |r|inf=2.130217e-08  r/r0=1.8894e-06
[mg]   it 1191  |r|inf=2.133377e-08  r/r0=1.8922e-06
[mg]   it 1192  |r|inf=2.136497e-08  r/r0=1.8950e-06
[mg]   it 1193  |r|inf=2.139578e-08  r/r0=1.8977e-06
[mg]   it 1194  |r|inf=2.142620e-08  r/r0=1.9004e-06
[mg]   it 1195  |r|inf=2.145622e-08  r/r0=1.9031e-06
[mg]   it 1196  |r|inf=2.148585e-08  r/r0=1.9057e-06
[mg]   it 1197  |r|inf=2.151509e-08  r/r0=1.9083e-06
[mg]   it 1198  |r|inf=2.154394e-08  r/r0=1.9109e-06
[mg]   it 1199  |r|inf=2.157240e-08  r/r0=1.9134e-06
[mg]   it 1200  |r|inf=2.160047e-08  r/r0=1.9159e-06
[mg]   it 1201  |r|inf=2.162815e-08  r/r0=1.9183e-06
[mg]   it 1202  |r|inf=2.165545e-08  r/r0=1.9208e-06
[mg]   it 1203  |r|inf=2.168236e-08  r/r0=1.9232e-06
[mg]   it 1204  |r|inf=2.170889e-08  r/r0=1.9255e-06
[mg]   it 1205  |r|inf=2.173503e-08  r/r0=1.9278e-06
[mg]   it 1206  |r|inf=2.176079e-08  r/r0=1.9301e-06
[mg]   it 1207  |r|inf=2.178617e-08  r/r0=1.9324e-06
[mg]   it 1208  |r|inf=2.181117e-08  r/r0=1.9346e-06
[mg]   it 1209  |r|inf=2.183579e-08  r/r0=1.9368e-06
[mg]   it 1210  |r|inf=2.186002e-08  r/r0=1.9389e-06
[mg]   it 1211  |r|inf=2.188388e-08  r/r0=1.9410e-06
[mg]   it 1212  |r|inf=2.190736e-08  r/r0=1.9431e-06
[mg]   it 1213  |r|inf=2.193046e-08  r/r0=1.9452e-06
[mg]   it 1214  |r|inf=2.195319e-08  r/r0=1.9472e-06
[mg]   it 1215  |r|inf=2.197554e-08  r/r0=1.9492e-06
[mg]   it 1216  |r|inf=2.199752e-08  r/r0=1.9511e-06
[mg]   it 1217  |r|inf=2.201912e-08  r/r0=1.9530e-06
[mg]   it 1218  |r|inf=2.204035e-08  r/r0=1.9549e-06
[mg]   it 1219  |r|inf=2.206121e-08  r/r0=1.9568e-06
[mg]   it 1220  |r|inf=2.208170e-08  r/r0=1.9586e-06
[mg]   it 1221  |r|inf=2.210181e-08  r/r0=1.9604e-06
[mg]   it 1222  |r|inf=2.212156e-08  r/r0=1.9621e-06
[mg]   it 1223  |r|inf=2.214093e-08  r/r0=1.9638e-06
[mg]   it 1224  |r|inf=2.215994e-08  r/r0=1.9655e-06
[mg]   it 1225  |r|inf=2.217858e-08  r/r0=1.9672e-06
[mg]   it 1226  |r|inf=2.219686e-08  r/r0=1.9688e-06
[mg]   it 1227  |r|inf=2.221476e-08  r/r0=1.9704e-06
[mg]   it 1228  |r|inf=2.223231e-08  r/r0=1.9719e-06
[mg]   it 1229  |r|inf=2.224948e-08  r/r0=1.9735e-06
[mg]   it 1230  |r|inf=2.226630e-08  r/r0=1.9749e-06
[mg]   it 1231  |r|inf=2.228275e-08  r/r0=1.9764e-06
[mg]   it 1232  |r|inf=2.229883e-08  r/r0=1.9778e-06
[mg]   it 1233  |r|inf=2.231456e-08  r/r0=1.9792e-06
[mg]   it 1234  |r|inf=2.232992e-08  r/r0=1.9806e-06
[mg]   it 1235  |r|inf=2.234493e-08  r/r0=1.9819e-06
[mg]   it 1236  |r|inf=2.235957e-08  r/r0=1.9832e-06
[mg]   it 1237  |r|inf=2.237386e-08  r/r0=1.9845e-06
[mg]   it 1238  |r|inf=2.238778e-08  r/r0=1.9857e-06
[mg]   it 1239  |r|inf=2.240135e-08  r/r0=1.9869e-06
[mg]   it 1240  |r|inf=2.241456e-08  r/r0=1.9881e-06
[mg]   it 1241  |r|inf=2.242742e-08  r/r0=1.9892e-06
[mg]   it 1242  |r|inf=2.243992e-08  r/r0=1.9903e-06
[mg]   it 1243  |r|inf=2.245206e-08  r/r0=1.9914e-06
[mg]   it 1244  |r|inf=2.246385e-08  r/r0=1.9925e-06
[mg]   it 1245  |r|inf=2.247529e-08  r/r0=1.9935e-06
[mg]   it 1246  |r|inf=2.248637e-08  r/r0=1.9945e-06
[mg]   it 1247  |r|inf=2.249710e-08  r/r0=1.9954e-06
[mg]   it 1248  |r|inf=2.250748e-08  r/r0=1.9963e-06
[mg]   it 1249  |r|inf=2.251751e-08  r/r0=1.9972e-06
[mg]   it 1250  |r|inf=2.252718e-08  r/r0=1.9981e-06
[mg]   it 1251  |r|inf=2.253651e-08  r/r0=1.9989e-06
[mg]   it 1252  |r|inf=2.254548e-08  r/r0=1.9997e-06
[mg]   it 1253  |r|inf=2.255411e-08  r/r0=2.0005e-06
[mg]   it 1254  |r|inf=2.256239e-08  r/r0=2.0012e-06
[mg]   it 1255  |r|inf=2.257032e-08  r/r0=2.0019e-06
[mg]   it 1256  |r|inf=2.257790e-08  r/r0=2.0026e-06
[mg]   it 1257  |r|inf=2.258514e-08  r/r0=2.0032e-06
[mg]   it 1258  |r|inf=2.259203e-08  r/r0=2.0038e-06
[mg]   it 1259  |r|inf=2.259858e-08  r/r0=2.0044e-06
[mg]   it 1260  |r|inf=2.260478e-08  r/r0=2.0050e-06
[mg]   it 1261  |r|inf=2.261063e-08  r/r0=2.0055e-06
[mg]   it 1262  |r|inf=2.261615e-08  r/r0=2.0060e-06
[mg]   it 1263  |r|inf=2.262132e-08  r/r0=2.0064e-06
[mg]   it 1264  |r|inf=2.262614e-08  r/r0=2.0069e-06
[mg]   it 1265  |r|inf=2.263062e-08  r/r0=2.0073e-06
[mg]   it 1266  |r|inf=2.263477e-08  r/r0=2.0076e-06
[mg]   it 1267  |r|inf=2.263857e-08  r/r0=2.0080e-06
[mg]   it 1268  |r|inf=2.264203e-08  r/r0=2.0083e-06
[mg]   it 1269  |r|inf=2.264515e-08  r/r0=2.0086e-06
[mg]   it 1270  |r|inf=2.264793e-08  r/r0=2.0088e-06
[mg]   it 1271  |r|inf=2.265037e-08  r/r0=2.0090e-06
[mg]   it 1272  |r|inf=2.265247e-08  r/r0=2.0092e-06
[mg]   it 1273  |r|inf=2.265424e-08  r/r0=2.0094e-06
[mg]   it 1274  |r|inf=2.265566e-08  r/r0=2.0095e-06
[mg]   it 1275  |r|inf=2.265675e-08  r/r0=2.0096e-06
[mg]   it 1276  |r|inf=2.265751e-08  r/r0=2.0096e-06
[mg]   it 1277  |r|inf=2.265792e-08  r/r0=2.0097e-06
[mg]   it 1278  |r|inf=2.265800e-08  r/r0=2.0097e-06
[mg]   it 1279  |r|inf=2.265775e-08  r/r0=2.0097e-06
[mg]   it 1280  |r|inf=2.265716e-08  r/r0=2.0096e-06
[mg]   it 1281  |r|inf=2.265624e-08  r/r0=2.0095e-06
[mg]   it 1282  |r|inf=2.265498e-08  r/r0=2.0094e-06
[mg]   it 1283  |r|inf=2.265339e-08  r/r0=2.0093e-06
[mg]   it 1284  |r|inf=2.265147e-08  r/r0=2.0091e-06
[mg]   it 1285  |r|inf=2.264922e-08  r/r0=2.0089e-06
[mg]   it 1286  |r|inf=2.264663e-08  r/r0=2.0087e-06
[mg]   it 1287  |r|inf=2.264371e-08  r/r0=2.0084e-06
[mg]   it 1288  |r|inf=2.266483e-08  r/r0=2.0103e-06
[mg]   it 1289  |r|inf=2.270329e-08  r/r0=2.0137e-06
[mg]   it 1290  |r|inf=2.274141e-08  r/r0=2.0171e-06
[mg]   it 1291  |r|inf=2.277918e-08  r/r0=2.0204e-06
[mg]   it 1292  |r|inf=2.281660e-08  r/r0=2.0238e-06
[mg]   it 1293  |r|inf=2.285367e-08  r/r0=2.0270e-06
[mg]   it 1294  |r|inf=2.289040e-08  r/r0=2.0303e-06
[mg]   it 1295  |r|inf=2.292678e-08  r/r0=2.0335e-06
[mg]   it 1296  |r|inf=2.296281e-08  r/r0=2.0367e-06
[mg]   it 1297  |r|inf=2.299850e-08  r/r0=2.0399e-06
[mg]   it 1298  |r|inf=2.303384e-08  r/r0=2.0430e-06
[mg]   it 1299  |r|inf=2.306883e-08  r/r0=2.0461e-06
[mg]   it 1300  |r|inf=2.310348e-08  r/r0=2.0492e-06
[mg]   it 1301  |r|inf=2.313778e-08  r/r0=2.0522e-06
[mg]   it 1302  |r|inf=2.317174e-08  r/r0=2.0553e-06
[mg]   it 1303  |r|inf=2.320534e-08  r/r0=2.0582e-06
[mg]   it 1304  |r|inf=2.323860e-08  r/r0=2.0612e-06
[mg]   it 1305  |r|inf=2.327152e-08  r/r0=2.0641e-06
[mg]   it 1306  |r|inf=2.330409e-08  r/r0=2.0670e-06
[mg]   it 1307  |r|inf=2.333631e-08  r/r0=2.0699e-06
[mg]   it 1308  |r|inf=2.336819e-08  r/r0=2.0727e-06
[mg]   it 1309  |r|inf=2.339971e-08  r/r0=2.0755e-06
[mg]   it 1310  |r|inf=2.343090e-08  r/r0=2.0782e-06
[mg]   it 1311  |r|inf=2.346173e-08  r/r0=2.0810e-06
[mg]   it 1312  |r|inf=2.349223e-08  r/r0=2.0837e-06
[mg]   it 1313  |r|inf=2.352237e-08  r/r0=2.0864e-06
[mg]   it 1314  |r|inf=2.355217e-08  r/r0=2.0890e-06
[mg]   it 1315  |r|inf=2.358162e-08  r/r0=2.0916e-06
[mg]   it 1316  |r|inf=2.361073e-08  r/r0=2.0942e-06
[mg]   it 1317  |r|inf=2.363948e-08  r/r0=2.0967e-06
[mg]   it 1318  |r|inf=2.366790e-08  r/r0=2.0993e-06
[mg]   it 1319  |r|inf=2.369597e-08  r/r0=2.1018e-06
[mg]   it 1320  |r|inf=2.372369e-08  r/r0=2.1042e-06
[mg]   it 1321  |r|inf=2.375106e-08  r/r0=2.1066e-06
[mg]   it 1322  |r|inf=2.377809e-08  r/r0=2.1090e-06
[mg]   it 1323  |r|inf=2.380477e-08  r/r0=2.1114e-06
[mg]   it 1324  |r|inf=2.383111e-08  r/r0=2.1137e-06
[mg]   it 1325  |r|inf=2.385710e-08  r/r0=2.1160e-06
[mg]   it 1326  |r|inf=2.388274e-08  r/r0=2.1183e-06
[mg]   it 1327  |r|inf=2.390804e-08  r/r0=2.1206e-06
[mg]   it 1328  |r|inf=2.393299e-08  r/r0=2.1228e-06
[mg]   it 1329  |r|inf=2.395760e-08  r/r0=2.1250e-06
[mg]   it 1330  |r|inf=2.398186e-08  r/r0=2.1271e-06
[mg]   it 1331  |r|inf=2.400577e-08  r/r0=2.1292e-06
[mg]   it 1332  |r|inf=2.402933e-08  r/r0=2.1313e-06
[mg]   it 1333  |r|inf=2.405255e-08  r/r0=2.1334e-06
[mg]   it 1334  |r|inf=2.407543e-08  r/r0=2.1354e-06
[mg]   it 1335  |r|inf=2.409796e-08  r/r0=2.1374e-06
[mg]   it 1336  |r|inf=2.412014e-08  r/r0=2.1394e-06
[mg]   it 1337  |r|inf=2.414197e-08  r/r0=2.1413e-06
[mg]   it 1338  |r|inf=2.416346e-08  r/r0=2.1432e-06
[mg]   it 1339  |r|inf=2.418460e-08  r/r0=2.1451e-06
[mg]   it 1340  |r|inf=2.420540e-08  r/r0=2.1469e-06
[mg]   it 1341  |r|inf=2.422585e-08  r/r0=2.1488e-06
[mg]   it 1342  |r|inf=2.424595e-08  r/r0=2.1505e-06
[mg]   it 1343  |r|inf=2.426571e-08  r/r0=2.1523e-06
[mg]   it 1344  |r|inf=2.428512e-08  r/r0=2.1540e-06
[mg]   it 1345  |r|inf=2.430418e-08  r/r0=2.1557e-06
[mg]   it 1346  |r|inf=2.432290e-08  r/r0=2.1574e-06
[mg]   it 1347  |r|inf=2.434127e-08  r/r0=2.1590e-06
[mg]   it 1348  |r|inf=2.435929e-08  r/r0=2.1606e-06
[mg]   it 1349  |r|inf=2.437697e-08  r/r0=2.1622e-06
[mg]   it 1350  |r|inf=2.439430e-08  r/r0=2.1637e-06
[mg]   it 1351  |r|inf=2.441128e-08  r/r0=2.1652e-06
[mg]   it 1352  |r|inf=2.442792e-08  r/r0=2.1667e-06
[mg]   it 1353  |r|inf=2.444421e-08  r/r0=2.1681e-06
[mg]   it 1354  |r|inf=2.446016e-08  r/r0=2.1695e-06
[mg]   it 1355  |r|inf=2.447575e-08  r/r0=2.1709e-06
[mg]   it 1356  |r|inf=2.449100e-08  r/r0=2.1723e-06
[mg]   it 1357  |r|inf=2.450591e-08  r/r0=2.1736e-06
[mg]   it 1358  |r|inf=2.452047e-08  r/r0=2.1749e-06
[mg]   it 1359  |r|inf=2.453468e-08  r/r0=2.1761e-06
[mg]   it 1360  |r|inf=2.454854e-08  r/r0=2.1774e-06
[mg]   it 1361  |r|inf=2.456206e-08  r/r0=2.1786e-06
[mg]   it 1362  |r|inf=2.457523e-08  r/r0=2.1797e-06
[mg]   it 1363  |r|inf=2.458805e-08  r/r0=2.1809e-06
[mg]   it 1364  |r|inf=2.460053e-08  r/r0=2.1820e-06
[mg]   it 1365  |r|inf=2.461266e-08  r/r0=2.1831e-06
[mg]   it 1366  |r|inf=2.462445e-08  r/r0=2.1841e-06
[mg]   it 1367  |r|inf=2.463588e-08  r/r0=2.1851e-06
[mg]   it 1368  |r|inf=2.464697e-08  r/r0=2.1861e-06
[mg]   it 1369  |r|inf=2.465772e-08  r/r0=2.1871e-06
[mg]   it 1370  |r|inf=2.466811e-08  r/r0=2.1880e-06
[mg]   it 1371  |r|inf=2.467816e-08  r/r0=2.1889e-06
[mg]   it 1372  |r|inf=2.468787e-08  r/r0=2.1897e-06
[mg]   it 1373  |r|inf=2.469722e-08  r/r0=2.1906e-06
[mg]   it 1374  |r|inf=2.470623e-08  r/r0=2.1914e-06
[mg]   it 1375  |r|inf=2.471490e-08  r/r0=2.1921e-06
[mg]   it 1376  |r|inf=2.472321e-08  r/r0=2.1929e-06
[mg]   it 1377  |r|inf=2.473118e-08  r/r0=2.1936e-06
[mg]   it 1378  |r|inf=2.473881e-08  r/r0=2.1943e-06
[mg]   it 1379  |r|inf=2.474608e-08  r/r0=2.1949e-06
[mg]   it 1380  |r|inf=2.475301e-08  r/r0=2.1955e-06
[mg]   it 1381  |r|inf=2.475960e-08  r/r0=2.1961e-06
[mg]   it 1382  |r|inf=2.476584e-08  r/r0=2.1967e-06
[mg]   it 1383  |r|inf=2.477173e-08  r/r0=2.1972e-06
[mg]   it 1384  |r|inf=2.477727e-08  r/r0=2.1977e-06
[mg]   it 1385  |r|inf=2.478247e-08  r/r0=2.1981e-06
[mg]   it 1386  |r|inf=2.478732e-08  r/r0=2.1986e-06
[mg]   it 1387  |r|inf=2.479183e-08  r/r0=2.1990e-06
[mg]   it 1388  |r|inf=2.479599e-08  r/r0=2.1993e-06
[mg]   it 1389  |r|inf=2.479980e-08  r/r0=2.1997e-06
[mg]   it 1390  |r|inf=2.480327e-08  r/r0=2.2000e-06
[mg]   it 1391  |r|inf=2.480639e-08  r/r0=2.2002e-06
[mg]   it 1392  |r|inf=2.480916e-08  r/r0=2.2005e-06
[mg]   it 1393  |r|inf=2.481159e-08  r/r0=2.2007e-06
[mg]   it 1394  |r|inf=2.481367e-08  r/r0=2.2009e-06
[mg]   it 1395  |r|inf=2.481541e-08  r/r0=2.2010e-06
[mg]   it 1396  |r|inf=2.481680e-08  r/r0=2.2012e-06
[mg]   it 1397  |r|inf=2.481785e-08  r/r0=2.2013e-06
[mg]   it 1398  |r|inf=2.481855e-08  r/r0=2.2013e-06
[mg]   it 1399  |r|inf=2.481890e-08  r/r0=2.2014e-06
[mg]   it 1400  |r|inf=2.481891e-08  r/r0=2.2014e-06
[mg]   it 1401  |r|inf=2.481858e-08  r/r0=2.2013e-06
[mg]   it 1402  |r|inf=2.481790e-08  r/r0=2.2013e-06
[mg]   it 1403  |r|inf=2.481687e-08  r/r0=2.2012e-06
[mg]   it 1404  |r|inf=2.481550e-08  r/r0=2.2011e-06
[mg]   it 1405  |r|inf=2.481378e-08  r/r0=2.2009e-06
[mg]   it 1406  |r|inf=2.481172e-08  r/r0=2.2007e-06
[mg]   it 1407  |r|inf=2.480932e-08  r/r0=2.2005e-06
[mg]   it 1408  |r|inf=2.480657e-08  r/r0=2.2003e-06
[mg]   it 1409  |r|inf=2.480347e-08  r/r0=2.2000e-06
[mg]   it 1410  |r|inf=2.480004e-08  r/r0=2.1997e-06
[mg]   it 1411  |r|inf=2.479625e-08  r/r0=2.1993e-06
[mg]   it 1412  |r|inf=2.479213e-08  r/r0=2.1990e-06
[mg]   it 1413  |r|inf=2.478766e-08  r/r0=2.1986e-06
[mg]   it 1414  |r|inf=2.478284e-08  r/r0=2.1982e-06
[mg]   it 1415  |r|inf=2.477769e-08  r/r0=2.1977e-06
[mg]   it 1416  |r|inf=2.477219e-08  r/r0=2.1972e-06
[mg]   it 1417  |r|inf=2.476634e-08  r/r0=2.1967e-06
[mg]   it 1418  |r|inf=2.476016e-08  r/r0=2.1961e-06
[mg]   it 1419  |r|inf=2.475363e-08  r/r0=2.1956e-06
[mg]   it 1420  |r|inf=2.474675e-08  r/r0=2.1950e-06
[mg]   it 1421  |r|inf=2.473954e-08  r/r0=2.1943e-06
[mg]   it 1422  |r|inf=2.473198e-08  r/r0=2.1936e-06
[mg]   it 1423  |r|inf=2.472408e-08  r/r0=2.1929e-06
[mg]   it 1424  |r|inf=2.471584e-08  r/r0=2.1922e-06
[mg]   it 1425  |r|inf=2.470726e-08  r/r0=2.1915e-06
[mg]   it 1426  |r|inf=2.469834e-08  r/r0=2.1907e-06
[mg]   it 1427  |r|inf=2.468907e-08  r/r0=2.1898e-06
[mg]   it 1428  |r|inf=2.467947e-08  r/r0=2.1890e-06
[mg]   it 1429  |r|inf=2.466952e-08  r/r0=2.1881e-06
[mg]   it 1430  |r|inf=2.465923e-08  r/r0=2.1872e-06
[mg]   it 1431  |r|inf=2.464861e-08  r/r0=2.1863e-06
[mg]   it 1432  |r|inf=2.463764e-08  r/r0=2.1853e-06
[mg]   it 1433  |r|inf=2.462633e-08  r/r0=2.1843e-06
[mg]   it 1434  |r|inf=2.461468e-08  r/r0=2.1832e-06
[mg]   it 1435  |r|inf=2.460270e-08  r/r0=2.1822e-06
[mg]   it 1436  |r|inf=2.459037e-08  r/r0=2.1811e-06
[mg]   it 1437  |r|inf=2.457771e-08  r/r0=2.1800e-06
[mg]   it 1438  |r|inf=2.456471e-08  r/r0=2.1788e-06
[mg]   it 1439  |r|inf=2.455137e-08  r/r0=2.1776e-06
[mg]   it 1440  |r|inf=2.453769e-08  r/r0=2.1764e-06
[mg]   it 1441  |r|inf=2.452367e-08  r/r0=2.1752e-06
[mg]   it 1442  |r|inf=2.450932e-08  r/r0=2.1739e-06
[mg]   it 1443  |r|inf=2.449463e-08  r/r0=2.1726e-06
[mg]   it 1444  |r|inf=2.447960e-08  r/r0=2.1713e-06
[mg]   it 1445  |r|inf=2.446424e-08  r/r0=2.1699e-06
[mg]   it 1446  |r|inf=2.444854e-08  r/r0=2.1685e-06
[mg]   it 1447  |r|inf=2.443251e-08  r/r0=2.1671e-06
[mg]   it 1448  |r|inf=2.441614e-08  r/r0=2.1656e-06
[mg]   it 1449  |r|inf=2.439943e-08  r/r0=2.1642e-06
[mg]   it 1450  |r|inf=2.438239e-08  r/r0=2.1626e-06
[mg]   it 1451  |r|inf=2.436502e-08  r/r0=2.1611e-06
[mg]   it 1452  |r|inf=2.434731e-08  r/r0=2.1595e-06
[mg]   it 1453  |r|inf=2.432927e-08  r/r0=2.1579e-06
[mg]   it 1454  |r|inf=2.431090e-08  r/r0=2.1563e-06
[mg]   it 1455  |r|inf=2.429219e-08  r/r0=2.1546e-06
[mg]   it 1456  |r|inf=2.427315e-08  r/r0=2.1530e-06
[mg]   it 1457  |r|inf=2.425378e-08  r/r0=2.1512e-06
[mg]   it 1458  |r|inf=2.423408e-08  r/r0=2.[run] step 3/3
[perf] 29431.6 ms/step  4.6 Mcell/s (0.6/rank)  pressure iters/step 1500.0
[phases, rank-max ms/step] step=29431.5  predictor=1.3  momentum=555.4  projection=28872.0  pressure_allreduce=260.3  allreduce_count=7505
[out] spheres_bench_np8.json
